Datetime,OPEN,HIGH,LOW,Adj Close,Volume,Price_Moving_Avg,Vol_Moving_Avg,ADX,RSI,Price Lower than MAVG,Volume Higher than MAVG
1992-03-31 20:00:00,1.875,1.9375,1.875,1.875,0,1.875,0.0,,,False,False
1992-04-01 20:00:00,1.875,1.9375,1.875,1.875,0,1.875,0.0,,,False,False
1992-04-02 20:00:00,1.875,1.9375,1.875,1.875,0,1.875,0.0,,,False,False
1992-04-03 20:00:00,1.875,1.9375,1.875,1.875,0,1.875,0.0,,,False,False
1992-04-05 20:00:00,1.875,1.9375,1.875,1.875,0,1.875,0.0,,,False,False
1992-04-06 20:00:00,1.875,1.9375,1.875,1.875,0,1.875,0.0,,,False,False
1992-04-07 20:00:00,1.875,1.9375,1.875,1.875,0,1.875,0.0,,,False,False
1992-04-08 20:00:00,1.875,1.9375,1.875,1.875,0,1.875,0.0,,,False,False
1992-04-09 20:00:00,1.875,1.9375,1.875,1.875,0,1.875,0.0,,,False,False
1992-04-12 20:00:00,1.875,1.9375,1.875,1.875,0,1.875,0.0,,,False,False
1992-04-13 20:00:00,1.875,1.9375,1.875,1.875,0,1.875,0.0,,,False,False
1992-04-14 20:00:00,1.875,1.9375,1.875,1.875,0,1.875,0.0,,,False,False
1992-04-15 20:00:00,1.875,1.9375,1.875,1.875,0,1.875,0.0,,,False,False
1992-04-19 20:00:00,1.875,1.9375,1.875,1.875,0,1.875,0.0,,,False,False
1992-04-20 20:00:00,1.875,1.9375,1.875,1.875,0,1.875,0.0,,0.0,False,False
1992-04-21 20:00:00,1.875,1.9375,1.875,1.875,0,1.875,0.0,,0.0,False,False
1992-04-22 20:00:00,1.875,1.9375,1.875,1.875,0,1.875,0.0,,0.0,False,False
1992-04-23 20:00:00,1.875,1.9375,1.875,1.875,0,1.875,0.0,,0.0,False,False
1992-04-26 20:00:00,1.875,1.9375,1.875,1.875,0,1.875,0.0,,0.0,False,False
1992-04-27 20:00:00,1.875,1.9375,1.875,1.875,0,1.875,0.0,,0.0,False,False
1992-04-28 20:00:00,1.875,1.9375,1.875,1.875,0,1.875,0.0,,0.0,False,False
1992-04-29 20:00:00,1.875,1.9375,1.875,1.875,0,1.875,0.0,,0.0,False,False
1992-04-30 20:00:00,1.875,1.9375,1.875,1.875,0,1.875,0.0,,0.0,False,False
1992-05-03 20:00:00,1.875,1.9375,1.875,1.875,0,1.875,0.0,,0.0,False,False
1992-05-04 20:00:00,1.875,1.9375,1.875,1.875,0,1.875,0.0,,0.0,False,False
1992-05-05 20:00:00,1.875,1.9375,1.875,1.875,0,1.875,0.0,,0.0,False,False
1992-05-06 20:00:00,1.875,1.9375,1.875,1.875,0,1.875,0.0,,0.0,False,False
1992-05-07 20:00:00,1.875,1.9375,1.875,1.875,0,1.875,0.0,0.0,0.0,False,False
1992-05-10 20:00:00,1.875,1.9375,1.875,1.875,0,1.875,0.0,0.0,0.0,False,False
1992-05-11 20:00:00,1.875,1.9375,1.875,1.875,0,1.875,0.0,0.0,0.0,False,False
1992-05-12 20:00:00,1.875,1.9375,1.875,1.875,0,1.875,0.0,0.0,0.0,False,False
1992-05-13 20:00:00,1.875,1.9375,1.875,1.875,0,1.875,0.0,0.0,0.0,False,False
1992-05-14 20:00:00,1.875,1.9375,1.875,1.875,0,1.875,0.0,0.0,0.0,False,False
1992-05-17 20:00:00,1.875,1.9375,1.875,1.875,0,1.875,0.0,0.0,0.0,False,False
1992-05-18 20:00:00,1.875,1.9375,1.875,1.875,0,1.875,0.0,0.0,0.0,False,False
1992-05-19 20:00:00,1.875,1.9375,1.875,1.875,0,1.875,0.0,0.0,0.0,False,False
1992-05-20 20:00:00,1.875,1.9375,1.875,1.875,0,1.875,0.0,0.0,0.0,False,False
1992-05-21 20:00:00,1.875,1.9375,1.875,1.875,0,1.875,0.0,0.0,0.0,False,False
1992-05-25 20:00:00,1.875,1.9375,1.875,1.875,0,1.875,0.0,0.0,0.0,False,False
1992-05-26 20:00:00,1.875,1.9375,1.875,1.875,0,1.875,0.0,0.0,0.0,False,False
1992-05-27 20:00:00,1.875,1.9375,1.875,1.875,0,1.875,0.0,0.0,0.0,False,False
1992-05-28 20:00:00,1.875,1.9375,1.875,1.875,0,1.875,0.0,0.0,0.0,False,False
1992-05-31 20:00:00,1.875,1.9375,1.875,1.875,0,1.875,0.0,0.0,0.0,False,False
1992-06-01 20:00:00,1.875,1.9375,1.875,1.875,0,1.875,0.0,0.0,0.0,False,False
1992-06-02 20:00:00,1.875,1.9375,1.875,1.875,0,1.875,0.0,0.0,0.0,False,False
1992-06-03 20:00:00,1.875,1.9375,1.875,1.875,0,1.875,0.0,0.0,0.0,False,False
1992-06-04 20:00:00,1.875,1.9375,1.875,1.875,0,1.875,0.0,0.0,0.0,False,False
1992-06-07 20:00:00,1.875,1.9375,1.875,1.875,0,1.875,0.0,0.0,0.0,False,False
1992-06-08 20:00:00,1.875,1.9375,1.875,1.875,0,1.875,0.0,0.0,0.0,False,False
1992-06-09 20:00:00,1.875,1.9375,1.875,1.875,0,1.875,0.0,0.0,0.0,False,False
1992-06-10 20:00:00,1.875,1.9375,1.875,1.875,0,1.875,0.0,0.0,0.0,False,False
1992-06-11 20:00:00,1.875,1.9375,1.875,1.875,0,1.875,0.0,0.0,0.0,False,False
1992-06-14 20:00:00,1.875,1.9375,1.875,1.875,0,1.875,0.0,0.0,0.0,False,False
1992-06-15 20:00:00,1.875,1.9375,1.875,1.875,0,1.875,0.0,0.0,0.0,False,False
1992-06-16 20:00:00,1.875,1.9375,1.875,1.875,0,1.875,0.0,0.0,0.0,False,False
1992-06-17 20:00:00,1.875,1.9375,1.875,1.875,0,1.875,0.0,0.0,0.0,False,False
1992-06-18 20:00:00,1.875,1.9375,1.875,1.875,0,1.875,0.0,0.0,0.0,False,False
1992-06-21 20:00:00,1.875,1.9375,1.875,1.875,0,1.875,0.0,0.0,0.0,False,False
1992-06-22 20:00:00,1.875,1.9375,1.875,1.875,0,1.875,0.0,0.0,0.0,False,False
1992-06-23 20:00:00,1.875,1.9375,1.875,1.875,0,1.875,0.0,0.0,0.0,False,False
1992-06-24 20:00:00,1.875,1.9375,1.875,1.875,0,1.875,0.0,0.0,0.0,False,False
1992-06-25 20:00:00,1.875,1.9375,1.875,1.875,0,1.875,0.0,0.0,0.0,False,False
1992-06-28 20:00:00,1.875,1.9375,1.875,1.875,0,1.875,0.0,0.0,0.0,False,False
1992-06-29 20:00:00,1.875,1.9375,1.875,1.875,0,1.875,0.0,0.0,0.0,False,False
1992-06-30 20:00:00,1.875,1.9375,1.875,1.875,0,1.875,0.0,0.0,0.0,False,False
1992-07-01 20:00:00,1.875,1.9375,1.875,1.875,0,1.875,0.0,0.0,0.0,False,False
1992-07-05 20:00:00,1.875,1.9375,1.875,1.875,0,1.875,0.0,0.0,0.0,False,False
1992-07-06 20:00:00,1.875,1.9375,1.875,1.875,0,1.875,0.0,0.0,0.0,False,False
1992-07-07 20:00:00,1.875,1.9375,1.875,1.875,0,1.875,0.0,0.0,0.0,False,False
1992-07-08 20:00:00,1.875,1.9375,1.875,1.875,0,1.875,0.0,0.0,0.0,False,False
1992-07-09 20:00:00,1.875,1.9375,1.875,1.875,0,1.875,0.0,0.0,0.0,False,False
1992-07-12 20:00:00,1.875,1.9375,1.875,1.875,0,1.875,0.0,0.0,0.0,False,False
1992-07-13 20:00:00,1.875,1.9375,1.875,1.875,0,1.875,0.0,0.0,0.0,False,False
1992-07-14 20:00:00,1.875,1.9375,1.875,1.875,0,1.875,0.0,0.0,0.0,False,False
1992-07-15 20:00:00,1.875,1.9375,1.875,1.875,0,1.875,0.0,0.0,0.0,False,False
1992-07-16 20:00:00,1.875,1.9375,1.875,1.875,0,1.875,0.0,0.0,0.0,False,False
1992-07-19 20:00:00,1.875,1.9375,1.875,1.875,0,1.875,0.0,0.0,0.0,False,False
1992-07-20 20:00:00,1.875,1.9375,1.875,1.875,0,1.875,0.0,0.0,0.0,False,False
1992-07-21 20:00:00,1.875,1.9375,1.875,1.875,0,1.875,0.0,0.0,0.0,False,False
1992-07-22 20:00:00,1.875,1.9375,1.875,1.875,0,1.875,0.0,0.0,0.0,False,False
1992-07-23 20:00:00,1.875,1.9375,1.875,1.875,0,1.875,0.0,0.0,0.0,False,False
1992-07-26 20:00:00,1.875,1.9375,1.875,1.875,0,1.875,0.0,0.0,0.0,False,False
1992-07-27 20:00:00,1.875,1.9375,1.875,1.875,0,1.875,0.0,0.0,0.0,False,False
1992-07-28 20:00:00,1.875,1.9375,1.875,1.875,0,1.875,0.0,0.0,0.0,False,False
1992-07-29 20:00:00,1.875,1.9375,1.875,1.875,0,1.875,0.0,0.0,0.0,False,False
1992-07-30 20:00:00,1.875,1.9375,1.875,1.875,0,1.875,0.0,0.0,0.0,False,False
1992-08-02 20:00:00,1.875,1.9375,1.875,1.875,0,1.875,0.0,0.0,0.0,False,False
1992-08-03 20:00:00,1.875,1.9375,1.875,1.875,0,1.875,0.0,0.0,0.0,False,False
1992-08-04 20:00:00,1.875,1.9375,1.875,1.875,0,1.875,0.0,0.0,0.0,False,False
1992-08-05 20:00:00,1.875,1.9375,1.875,1.875,0,1.875,0.0,0.0,0.0,False,False
1992-08-06 20:00:00,1.875,1.9375,1.875,1.875,0,1.875,0.0,0.0,0.0,False,False
1992-08-09 20:00:00,1.875,1.9375,1.875,1.875,0,1.875,0.0,0.0,0.0,False,False
1992-08-10 20:00:00,1.875,1.9375,1.875,1.875,0,1.875,0.0,0.0,0.0,False,False
1992-08-11 20:00:00,1.875,1.9375,1.875,1.875,0,1.875,0.0,0.0,0.0,False,False
1992-08-12 20:00:00,1.875,1.9375,1.875,1.875,0,1.875,0.0,0.0,0.0,False,False
1992-08-13 20:00:00,1.875,1.9375,1.875,1.875,0,1.875,0.0,0.0,0.0,False,False
1992-08-16 20:00:00,1.875,1.9375,1.875,1.875,0,1.875,0.0,0.0,0.0,False,False
1992-08-17 20:00:00,1.875,1.9375,1.875,1.875,0,1.875,0.0,0.0,0.0,False,False
1992-08-18 20:00:00,1.875,1.9375,1.875,1.875,0,1.875,0.0,0.0,0.0,False,False
1992-08-19 20:00:00,1.875,1.9375,1.875,1.875,0,1.875,0.0,0.0,0.0,False,False
1992-08-20 20:00:00,1.875,1.9375,1.875,1.875,0,1.875,0.0,0.0,0.0,False,False
1992-08-23 20:00:00,1.875,1.9375,1.875,1.875,0,1.875,0.0,0.0,0.0,False,False
1992-08-24 20:00:00,1.875,1.9375,1.875,1.875,0,1.875,0.0,0.0,0.0,False,False
1992-08-25 20:00:00,1.875,1.9375,1.875,1.875,0,1.875,0.0,0.0,0.0,False,False
1992-08-26 20:00:00,1.875,1.9375,1.875,1.875,0,1.875,0.0,0.0,0.0,False,False
1992-08-27 20:00:00,1.875,1.9375,1.875,1.875,0,1.875,0.0,0.0,0.0,False,False
1992-08-30 20:00:00,1.875,1.9375,1.875,1.875,0,1.875,0.0,0.0,0.0,False,False
1992-08-31 20:00:00,1.875,1.9375,1.875,1.875,0,1.875,0.0,0.0,0.0,False,False
1992-09-01 20:00:00,1.875,1.9375,1.875,1.875,0,1.875,0.0,0.0,0.0,False,False
1992-09-02 20:00:00,1.875,1.9375,1.875,1.875,0,1.875,0.0,0.0,0.0,False,False
1992-09-03 20:00:00,1.875,1.9375,1.875,1.875,0,1.875,0.0,0.0,0.0,False,False
1992-09-07 20:00:00,1.875,1.9375,1.875,1.875,0,1.875,0.0,0.0,0.0,False,False
1992-09-08 20:00:00,1.875,1.9375,1.875,1.875,0,1.875,0.0,0.0,0.0,False,False
1992-09-09 20:00:00,1.875,1.9375,1.875,1.875,0,1.875,0.0,0.0,0.0,False,False
1992-09-10 20:00:00,1.875,1.9375,1.875,1.875,0,1.875,0.0,0.0,0.0,False,False
1992-09-13 20:00:00,1.875,1.9375,1.875,1.875,0,1.875,0.0,0.0,0.0,False,False
1992-09-14 20:00:00,1.875,1.9375,1.875,1.875,0,1.875,0.0,0.0,0.0,False,False
1992-09-15 20:00:00,1.875,1.9375,1.875,1.875,0,1.875,0.0,0.0,0.0,False,False
1992-09-16 20:00:00,1.875,1.9375,1.875,1.875,0,1.875,0.0,0.0,0.0,False,False
1992-09-17 20:00:00,1.875,1.9375,1.875,1.875,0,1.875,0.0,0.0,0.0,False,False
1992-09-20 20:00:00,1.875,1.9375,1.875,1.875,0,1.875,0.0,0.0,0.0,False,False
1992-09-21 20:00:00,1.875,1.9375,1.875,1.875,0,1.875,0.0,0.0,0.0,False,False
1992-09-22 20:00:00,1.875,1.9375,1.875,1.875,0,1.875,0.0,0.0,0.0,False,False
1992-09-23 20:00:00,1.875,1.9375,1.875,1.875,0,1.875,0.0,0.0,0.0,False,False
1992-09-24 20:00:00,1.875,1.9375,1.875,1.875,0,1.875,0.0,0.0,0.0,False,False
1992-09-27 20:00:00,1.875,1.9375,1.875,1.875,0,1.875,0.0,0.0,0.0,False,False
1992-09-28 20:00:00,1.875,1.9375,1.875,1.875,0,1.875,0.0,0.0,0.0,False,False
1992-09-29 20:00:00,1.875,1.9375,1.875,1.875,0,1.875,0.0,0.0,0.0,False,False
1992-09-30 20:00:00,1.875,1.9375,1.875,1.875,0,1.875,0.0,0.0,0.0,False,False
1992-10-01 20:00:00,1.875,1.9375,1.875,1.875,0,1.875,0.0,0.0,0.0,False,False
1992-10-04 20:00:00,1.875,1.9375,1.875,1.875,0,1.875,0.0,0.0,0.0,False,False
1992-10-05 20:00:00,1.875,1.9375,1.875,1.875,0,1.875,0.0,0.0,0.0,False,False
1992-10-06 20:00:00,1.875,1.9375,1.875,1.875,0,1.875,0.0,0.0,0.0,False,False
1992-10-07 20:00:00,1.875,1.9375,1.875,1.875,0,1.875,0.0,0.0,0.0,False,False
1992-10-08 20:00:00,1.875,1.9375,1.875,1.875,0,1.875,0.0,0.0,0.0,False,False
1992-10-11 20:00:00,1.875,1.9375,1.875,1.875,0,1.875,0.0,0.0,0.0,False,False
1992-10-12 20:00:00,1.875,1.9375,1.875,1.875,0,1.875,0.0,0.0,0.0,False,False
1992-10-13 20:00:00,1.875,1.9375,1.875,1.875,0,1.875,0.0,0.0,0.0,False,False
1992-10-14 20:00:00,1.875,1.9375,1.875,1.875,0,1.875,0.0,0.0,0.0,False,False
1992-10-15 20:00:00,1.875,1.9375,1.875,1.875,0,1.875,0.0,0.0,0.0,False,False
1992-10-18 20:00:00,1.875,1.9375,1.875,1.875,0,1.875,0.0,0.0,0.0,False,False
1992-10-19 20:00:00,1.875,1.9375,1.875,1.875,0,1.875,0.0,0.0,0.0,False,False
1992-10-20 20:00:00,1.875,1.9375,1.875,1.875,0,1.875,0.0,0.0,0.0,False,False
1992-10-21 20:00:00,1.875,1.9375,1.875,1.875,0,1.875,0.0,0.0,0.0,False,False
1992-10-22 20:00:00,1.875,1.9375,1.875,1.875,0,1.875,0.0,0.0,0.0,False,False
1992-10-26 20:00:00,1.875,1.9375,1.875,1.875,0,1.875,0.0,0.0,0.0,False,False
1992-10-27 20:00:00,1.875,1.9375,1.875,1.875,0,1.875,0.0,0.0,0.0,False,False
1992-10-28 20:00:00,1.875,1.9375,1.875,1.875,0,1.875,0.0,0.0,0.0,False,False
1992-10-29 20:00:00,1.875,1.9375,1.875,1.875,0,1.875,0.0,0.0,0.0,False,False
1992-10-30 20:00:00,1.875,1.9375,1.875,1.875,0,1.875,0.0,0.0,0.0,False,False
1992-11-02 20:00:00,1.875,1.9375,1.875,1.875,0,1.875,0.0,0.0,0.0,False,False
1992-11-03 20:00:00,1.875,1.9375,1.875,1.875,0,1.875,0.0,0.0,0.0,False,False
1992-11-04 20:00:00,1.875,1.9375,1.875,1.875,0,1.875,0.0,0.0,0.0,False,False
1992-11-05 20:00:00,1.875,1.9375,1.875,1.875,0,1.875,0.0,0.0,0.0,False,False
1992-11-06 20:00:00,1.875,1.9375,1.875,1.875,0,1.875,0.0,0.0,0.0,False,False
1992-11-09 20:00:00,1.875,1.9375,1.875,1.875,0,1.875,0.0,0.0,0.0,False,False
1992-11-10 20:00:00,1.875,1.9375,1.875,1.875,0,1.875,0.0,0.0,0.0,False,False
1992-11-11 20:00:00,1.875,1.9375,1.875,1.875,0,1.875,0.0,0.0,0.0,False,False
1992-11-12 20:00:00,1.875,1.9375,1.875,1.875,0,1.875,0.0,0.0,0.0,False,False
1992-11-13 20:00:00,1.875,1.9375,1.875,1.875,0,1.875,0.0,0.0,0.0,False,False
1992-11-16 20:00:00,1.875,1.9375,1.875,1.875,0,1.875,0.0,0.0,0.0,False,False
1992-11-17 20:00:00,1.875,1.9375,1.875,1.875,0,1.875,0.0,0.0,0.0,False,False
1992-11-18 20:00:00,1.875,1.9375,1.875,1.875,0,1.875,0.0,0.0,0.0,False,False
1992-11-19 20:00:00,1.875,1.9375,1.875,1.875,0,1.875,0.0,0.0,0.0,False,False
1992-11-20 20:00:00,1.875,1.9375,1.875,1.875,0,1.875,0.0,0.0,0.0,False,False
1992-11-23 20:00:00,1.875,1.9375,1.875,1.875,0,1.875,0.0,0.0,0.0,False,False
1992-11-24 20:00:00,1.875,1.9375,1.875,1.875,0,1.875,0.0,0.0,0.0,False,False
1992-11-25 20:00:00,1.875,1.9375,1.875,1.875,0,1.875,0.0,0.0,0.0,False,False
1992-11-27 20:00:00,1.875,1.9375,1.875,1.875,0,1.875,0.0,0.0,0.0,False,False
1992-11-30 20:00:00,1.875,1.9375,1.875,1.875,0,1.875,0.0,0.0,0.0,False,False
1992-12-01 20:00:00,1.875,1.9375,1.875,1.875,0,1.875,0.0,0.0,0.0,False,False
1992-12-02 20:00:00,1.875,1.9375,1.875,1.875,0,1.875,0.0,0.0,0.0,False,False
1992-12-03 20:00:00,1.875,1.9375,1.875,1.875,0,1.875,0.0,0.0,0.0,False,False
1992-12-04 20:00:00,1.875,1.9375,1.875,1.875,0,1.875,0.0,0.0,0.0,False,False
1992-12-07 20:00:00,1.875,1.9375,1.875,1.875,0,1.875,0.0,0.0,0.0,False,False
1992-12-08 20:00:00,1.875,1.9375,1.875,1.875,0,1.875,0.0,0.0,0.0,False,False
1992-12-09 20:00:00,1.875,1.9375,1.875,1.875,0,1.875,0.0,0.0,0.0,False,False
1992-12-10 20:00:00,1.875,1.9375,1.875,1.875,0,1.875,0.0,0.0,0.0,False,False
1992-12-11 20:00:00,1.875,1.9375,1.875,1.875,0,1.875,0.0,0.0,0.0,False,False
1992-12-14 20:00:00,1.875,1.9375,1.875,1.875,0,1.875,0.0,0.0,0.0,False,False
1992-12-15 20:00:00,1.875,1.9375,1.875,1.875,0,1.875,0.0,0.0,0.0,False,False
1992-12-16 20:00:00,1.875,1.9375,1.875,1.875,0,1.875,0.0,0.0,0.0,False,False
1992-12-17 20:00:00,1.875,1.9375,1.875,1.875,0,1.875,0.0,0.0,0.0,False,False
1992-12-18 20:00:00,1.875,1.9375,1.875,1.875,0,1.875,0.0,0.0,0.0,False,False
1992-12-21 20:00:00,1.875,1.9375,1.875,1.875,0,1.875,0.0,0.0,0.0,False,False
1992-12-22 20:00:00,1.875,1.9375,1.875,1.875,0,1.875,0.0,0.0,0.0,False,False
1992-12-23 20:00:00,1.875,1.9375,1.875,1.875,0,1.875,0.0,0.0,0.0,False,False
1992-12-24 20:00:00,1.875,1.9375,1.875,1.875,0,1.875,0.0,0.0,0.0,False,False
1992-12-28 20:00:00,1.875,1.9375,1.875,1.875,0,1.875,0.0,0.0,0.0,False,False
1992-12-29 20:00:00,1.875,1.9375,1.875,1.875,0,1.875,0.0,0.0,0.0,False,False
1992-12-30 20:00:00,1.875,1.9375,1.875,1.875,0,1.875,0.0,0.0,0.0,False,False
1992-12-31 20:00:00,1.875,1.9375,1.875,1.875,0,1.875,0.0,0.0,0.0,False,False
1993-01-04 20:00:00,1.875,1.9375,1.875,1.875,0,1.875,0.0,0.0,0.0,False,False
1993-01-05 20:00:00,1.875,1.9375,1.875,1.875,0,1.875,0.0,0.0,0.0,False,False
1993-01-06 20:00:00,1.875,1.9375,1.875,1.875,0,1.875,0.0,0.0,0.0,False,False
1993-01-07 20:00:00,1.875,1.9375,1.875,1.875,0,1.875,0.0,0.0,0.0,False,False
1993-01-08 20:00:00,1.875,1.9375,1.875,1.875,0,1.875,0.0,0.0,0.0,False,False
1993-01-11 20:00:00,1.875,1.9375,1.875,1.875,0,1.875,0.0,0.0,0.0,False,False
1993-01-12 20:00:00,1.875,1.9375,1.875,1.875,0,1.875,0.0,0.0,0.0,False,False
1993-01-13 20:00:00,1.875,1.9375,1.875,1.875,0,1.875,0.0,0.0,0.0,False,False
1993-01-14 20:00:00,1.875,1.9375,1.875,1.875,0,1.875,0.0,0.0,0.0,False,False
1993-01-15 20:00:00,1.875,1.9375,1.875,1.875,0,1.875,0.0,0.0,0.0,False,False
1993-01-18 20:00:00,1.875,1.9375,1.875,1.875,0,1.875,0.0,0.0,0.0,False,False
1993-01-19 20:00:00,1.875,1.9375,1.875,1.875,0,1.875,0.0,0.0,0.0,False,False
1993-01-20 20:00:00,1.875,1.9375,1.875,1.875,0,1.875,0.0,0.0,0.0,False,False
1993-01-21 20:00:00,1.875,1.9375,1.875,1.875,0,1.875,0.0,0.0,0.0,False,False
1993-01-22 20:00:00,1.875,1.9375,1.875,1.875,0,1.875,0.0,0.0,0.0,False,False
1993-01-25 20:00:00,1.875,1.9375,1.875,1.875,0,1.875,0.0,0.0,0.0,False,False
1993-01-26 20:00:00,1.875,1.9375,1.875,1.875,0,1.875,0.0,0.0,0.0,False,False
1993-01-27 20:00:00,1.875,1.9375,1.875,1.875,0,1.875,0.0,0.0,0.0,False,False
1993-01-28 20:00:00,1.875,1.9375,1.875,1.875,0,1.875,0.0,0.0,0.0,False,False
1993-01-29 20:00:00,1.875,1.9375,1.875,1.875,0,1.875,0.0,0.0,0.0,False,False
1993-02-01 20:00:00,1.875,1.9375,1.875,1.875,0,1.875,0.0,0.0,0.0,False,False
1993-02-02 20:00:00,1.875,1.9375,1.875,1.875,0,1.875,0.0,0.0,0.0,False,False
1993-02-03 20:00:00,1.875,1.9375,1.875,1.875,0,1.875,0.0,0.0,0.0,False,False
1993-02-04 20:00:00,1.875,1.9375,1.875,1.875,0,1.875,0.0,0.0,0.0,False,False
1993-02-05 20:00:00,1.875,1.9375,1.875,1.875,0,1.875,0.0,0.0,0.0,False,False
1993-02-08 20:00:00,1.875,1.9375,1.875,1.875,0,1.875,0.0,0.0,0.0,False,False
1993-02-09 20:00:00,1.875,1.9375,1.875,1.875,0,1.875,0.0,0.0,0.0,False,False
1993-02-10 20:00:00,1.875,1.9375,1.875,1.875,0,1.875,0.0,0.0,0.0,False,False
1993-02-11 20:00:00,1.875,1.9375,1.875,1.875,0,1.875,0.0,0.0,0.0,False,False
1993-02-12 20:00:00,1.875,1.9375,1.875,1.875,0,1.875,0.0,0.0,0.0,False,False
1993-02-16 20:00:00,1.875,1.9375,1.875,1.875,0,1.875,0.0,0.0,0.0,False,False
1993-02-17 20:00:00,1.875,1.9375,1.875,1.875,0,1.875,0.0,0.0,0.0,False,False
1993-02-18 20:00:00,1.875,1.9375,1.875,1.875,0,1.875,0.0,0.0,0.0,False,False
1993-02-19 20:00:00,1.875,1.9375,1.875,1.875,0,1.875,0.0,0.0,0.0,False,False
1993-02-22 20:00:00,1.875,1.9375,1.875,1.875,0,1.875,0.0,0.0,0.0,False,False
1993-02-23 20:00:00,1.875,1.9375,1.875,1.875,0,1.875,0.0,0.0,0.0,False,False
1993-02-24 20:00:00,1.875,1.9375,1.875,1.875,0,1.875,0.0,0.0,0.0,False,False
1993-02-25 20:00:00,1.875,1.9375,1.875,1.875,0,1.875,0.0,0.0,0.0,False,False
1993-02-26 20:00:00,1.875,1.9375,1.875,1.875,0,1.875,0.0,0.0,0.0,False,False
1993-03-01 20:00:00,1.875,1.9375,1.875,1.875,0,1.875,0.0,0.0,0.0,False,False
1993-03-02 20:00:00,1.875,1.9375,1.875,1.875,0,1.875,0.0,0.0,0.0,False,False
1993-03-03 20:00:00,1.875,1.9375,1.875,1.875,0,1.875,0.0,0.0,0.0,False,False
1993-03-04 20:00:00,1.875,1.9375,1.875,1.875,0,1.875,0.0,0.0,0.0,False,False
1993-03-05 20:00:00,1.875,1.9375,1.875,1.875,0,1.875,0.0,0.0,0.0,False,False
1993-03-08 20:00:00,1.875,1.9375,1.875,1.875,0,1.875,0.0,0.0,0.0,False,False
1993-03-09 20:00:00,1.875,1.9375,1.875,1.875,0,1.875,0.0,0.0,0.0,False,False
1993-03-10 20:00:00,1.875,1.9375,1.875,1.875,0,1.875,0.0,0.0,0.0,False,False
1993-03-11 20:00:00,1.875,1.9375,1.875,1.875,0,1.875,0.0,0.0,0.0,False,False
1993-03-12 20:00:00,1.875,1.9375,1.875,1.875,0,1.875,0.0,0.0,0.0,False,False
1993-03-15 20:00:00,1.875,1.9375,1.875,1.875,0,1.875,0.0,0.0,0.0,False,False
1993-03-16 20:00:00,1.875,1.9375,1.875,1.875,0,1.875,0.0,0.0,0.0,False,False
1993-03-17 20:00:00,1.875,1.9375,1.875,1.875,0,1.875,0.0,0.0,0.0,False,False
1993-03-18 20:00:00,1.875,1.9375,1.875,1.875,0,1.875,0.0,0.0,0.0,False,False
1993-03-19 20:00:00,1.875,1.9375,1.875,1.875,0,1.875,0.0,0.0,0.0,False,False
1993-03-22 20:00:00,1.875,1.9375,1.875,1.875,0,1.875,0.0,0.0,0.0,False,False
1993-03-23 20:00:00,1.875,1.9375,1.875,1.875,0,1.875,0.0,0.0,0.0,False,False
1993-03-24 20:00:00,1.875,1.9375,1.875,1.875,0,1.875,0.0,0.0,0.0,False,False
1993-03-25 20:00:00,1.875,1.9375,1.875,1.875,0,1.875,0.0,0.0,0.0,False,False
1993-03-26 20:00:00,1.875,1.9375,1.875,1.875,0,1.875,0.0,0.0,0.0,False,False
1993-03-29 20:00:00,1.875,1.9375,1.875,1.875,0,1.875,0.0,0.0,0.0,False,False
1993-03-30 20:00:00,1.875,1.9375,1.875,1.875,0,1.875,0.0,0.0,0.0,False,False
1993-03-31 20:00:00,1.875,1.9375,1.875,1.875,0,1.875,0.0,0.0,0.0,False,False
1993-04-01 20:00:00,1.875,1.9375,1.875,1.875,0,1.875,0.0,0.0,0.0,False,False
1993-04-02 20:00:00,1.875,1.9375,1.875,1.875,0,1.875,0.0,0.0,0.0,False,False
1993-04-04 20:00:00,1.875,1.9375,1.875,1.875,0,1.875,0.0,0.0,0.0,False,False
1993-04-05 20:00:00,1.875,1.9375,1.875,1.875,0,1.875,0.0,0.0,0.0,False,False
1993-04-06 20:00:00,1.875,1.9375,1.875,1.875,0,1.875,0.0,0.0,0.0,False,False
1993-04-07 20:00:00,1.875,1.9375,1.875,1.875,0,1.875,0.0,0.0,0.0,False,False
1993-04-11 20:00:00,1.875,1.9375,1.875,1.875,0,1.875,0.0,0.0,0.0,False,False
1993-04-12 20:00:00,1.875,1.9375,1.875,1.875,0,1.875,0.0,0.0,0.0,False,False
1993-04-13 20:00:00,1.875,1.9375,1.875,1.875,0,1.875,0.0,0.0,0.0,False,False
1993-04-14 20:00:00,1.875,1.9375,1.875,1.875,0,1.875,0.0,0.0,0.0,False,False
1993-04-15 20:00:00,1.875,1.9375,1.875,1.875,0,1.875,0.0,0.0,0.0,False,False
1993-04-18 20:00:00,1.875,1.9375,1.875,1.875,0,1.875,0.0,0.0,0.0,False,False
1993-04-19 20:00:00,1.875,1.9375,1.875,1.875,0,1.875,0.0,0.0,0.0,False,False
1993-04-20 20:00:00,1.875,1.9375,1.875,1.875,0,1.875,0.0,0.0,0.0,False,False
1993-04-21 20:00:00,1.875,1.9375,1.875,1.875,0,1.875,0.0,0.0,0.0,False,False
1993-04-22 20:00:00,1.875,1.9375,1.875,1.875,0,1.875,0.0,0.0,0.0,False,False
1993-04-25 20:00:00,1.875,1.9375,1.875,1.875,0,1.875,0.0,0.0,0.0,False,False
1993-04-26 20:00:00,1.875,1.9375,1.875,1.875,0,1.875,0.0,0.0,0.0,False,False
1993-04-27 20:00:00,1.875,1.9375,1.875,1.875,0,1.875,0.0,0.0,0.0,False,False
1993-04-28 20:00:00,1.875,1.9375,1.875,1.875,0,1.875,0.0,0.0,0.0,False,False
1993-04-29 20:00:00,1.875,1.9375,1.875,1.875,0,1.875,0.0,0.0,0.0,False,False
1993-05-02 20:00:00,1.875,1.9375,1.875,1.875,0,1.875,0.0,0.0,0.0,False,False
1993-05-03 20:00:00,1.875,1.9375,1.875,1.875,0,1.875,0.0,0.0,0.0,False,False
1993-05-04 20:00:00,1.875,1.9375,1.875,1.875,0,1.875,0.0,0.0,0.0,False,False
1993-05-05 20:00:00,1.875,1.9375,1.875,1.875,0,1.875,0.0,0.0,0.0,False,False
1993-05-06 20:00:00,1.875,1.9375,1.875,1.875,0,1.875,0.0,0.0,0.0,False,False
1993-05-09 20:00:00,1.875,1.9375,1.875,1.875,0,1.875,0.0,0.0,0.0,False,False
1993-05-10 20:00:00,1.875,1.9375,1.875,1.875,0,1.875,0.0,0.0,0.0,False,False
1993-05-11 20:00:00,1.875,1.9375,1.875,1.875,0,1.875,0.0,0.0,0.0,False,False
1993-05-12 20:00:00,1.875,1.9375,1.875,1.875,0,1.875,0.0,0.0,0.0,False,False
1993-05-13 20:00:00,1.875,1.9375,1.875,1.875,0,1.875,0.0,0.0,0.0,False,False
1993-05-16 20:00:00,1.875,1.9375,1.875,1.875,0,1.875,0.0,0.0,0.0,False,False
1993-05-17 20:00:00,1.875,1.9375,1.875,1.875,0,1.875,0.0,0.0,0.0,False,False
1993-05-18 20:00:00,1.875,1.9375,1.875,1.875,0,1.875,0.0,0.0,0.0,False,False
1993-05-19 20:00:00,1.875,1.9375,1.875,1.875,0,1.875,0.0,0.0,0.0,False,False
1993-05-20 20:00:00,1.875,1.9375,1.875,1.875,0,1.875,0.0,0.0,0.0,False,False
1993-05-23 20:00:00,1.875,1.9375,1.875,1.875,0,1.875,0.0,0.0,0.0,False,False
1993-05-24 20:00:00,1.875,1.9375,1.875,1.875,0,1.875,0.0,0.0,0.0,False,False
1993-05-25 20:00:00,1.875,1.9375,1.875,1.875,0,1.875,0.0,0.0,0.0,False,False
1993-05-26 20:00:00,1.875,1.9375,1.875,1.875,0,1.875,0.0,0.0,0.0,False,False
1993-05-27 20:00:00,1.875,1.9375,1.875,1.875,0,1.875,0.0,0.0,0.0,False,False
1993-05-31 20:00:00,1.875,1.9375,1.875,1.875,0,1.875,0.0,0.0,0.0,False,False
1993-06-01 20:00:00,1.875,1.9375,1.875,1.875,0,1.875,0.0,0.0,0.0,False,False
1993-06-02 20:00:00,1.875,1.9375,1.875,1.875,0,1.875,0.0,0.0,0.0,False,False
1993-06-03 20:00:00,1.875,1.9375,1.875,1.875,0,1.875,0.0,0.0,0.0,False,False
1993-06-06 20:00:00,1.875,1.9375,1.875,1.875,0,1.875,0.0,0.0,0.0,False,False
1993-06-07 20:00:00,1.875,1.9375,1.875,1.875,0,1.875,0.0,0.0,0.0,False,False
1993-06-08 20:00:00,1.875,1.9375,1.875,1.875,0,1.875,0.0,0.0,0.0,False,False
1993-06-09 20:00:00,1.875,1.9375,1.875,1.875,0,1.875,0.0,0.0,0.0,False,False
1993-06-10 20:00:00,1.875,1.9375,1.875,1.875,0,1.875,0.0,0.0,0.0,False,False
1993-06-13 20:00:00,1.875,1.9375,1.875,1.875,0,1.875,0.0,0.0,0.0,False,False
1993-06-14 20:00:00,1.875,1.9375,1.875,1.875,0,1.875,0.0,0.0,0.0,False,False
1993-06-15 20:00:00,1.875,1.9375,1.875,1.875,0,1.875,0.0,0.0,0.0,False,False
1993-06-16 20:00:00,1.875,1.9375,1.875,1.875,0,1.875,0.0,0.0,0.0,False,False
1993-06-17 20:00:00,1.875,1.9375,1.875,1.875,0,1.875,0.0,0.0,0.0,False,False
1993-06-20 20:00:00,1.875,1.9375,1.875,1.875,0,1.875,0.0,0.0,0.0,False,False
1993-06-21 20:00:00,1.875,1.9375,1.875,1.875,0,1.875,0.0,0.0,0.0,False,False
1993-06-22 20:00:00,1.875,1.9375,1.875,1.875,0,1.875,0.0,0.0,0.0,False,False
1993-06-23 20:00:00,1.875,1.9375,1.875,1.875,0,1.875,0.0,0.0,0.0,False,False
1993-06-24 20:00:00,1.875,1.9375,1.875,1.875,0,1.875,0.0,0.0,0.0,False,False
1993-06-27 20:00:00,1.875,1.9375,1.875,1.875,0,1.875,0.0,0.0,0.0,False,False
1993-06-28 20:00:00,1.875,1.9375,1.875,1.875,0,1.875,0.0,0.0,0.0,False,False
1993-06-29 20:00:00,1.875,1.9375,1.875,1.875,0,1.875,0.0,0.0,0.0,False,False
1993-06-30 20:00:00,1.875,1.9375,1.875,1.875,0,1.875,0.0,0.0,0.0,False,False
1993-07-01 20:00:00,1.875,1.9375,1.875,1.875,0,1.875,0.0,0.0,0.0,False,False
1993-07-05 20:00:00,1.875,1.9375,1.875,1.875,0,1.875,0.0,0.0,0.0,False,False
1993-07-06 20:00:00,1.875,1.9375,1.875,1.875,0,1.875,0.0,0.0,0.0,False,False
1993-07-07 20:00:00,1.875,1.9375,1.875,1.875,0,1.875,0.0,0.0,0.0,False,False
1993-07-08 20:00:00,1.875,1.9375,1.875,1.875,0,1.875,0.0,0.0,0.0,False,False
1993-07-11 20:00:00,1.875,1.9375,1.875,1.875,0,1.875,0.0,0.0,0.0,False,False
1993-07-12 20:00:00,1.875,1.9375,1.875,1.875,0,1.875,0.0,0.0,0.0,False,False
1993-07-13 20:00:00,1.875,1.9375,1.875,1.875,0,1.875,0.0,0.0,0.0,False,False
1993-07-14 20:00:00,1.875,1.9375,1.875,1.875,0,1.875,0.0,0.0,0.0,False,False
1993-07-15 20:00:00,1.875,1.9375,1.875,1.875,0,1.875,0.0,0.0,0.0,False,False
1993-07-18 20:00:00,1.875,1.9375,1.875,1.875,0,1.875,0.0,0.0,0.0,False,False
1993-07-19 20:00:00,1.875,1.9375,1.875,1.875,0,1.875,0.0,0.0,0.0,False,False
1993-07-20 20:00:00,1.875,1.9375,1.875,1.875,0,1.875,0.0,0.0,0.0,False,False
1993-07-21 20:00:00,1.875,1.9375,1.875,1.875,0,1.875,0.0,0.0,0.0,False,False
1993-07-22 20:00:00,1.875,1.9375,1.875,1.875,0,1.875,0.0,0.0,0.0,False,False
1993-07-25 20:00:00,1.875,1.9375,1.875,1.875,0,1.875,0.0,0.0,0.0,False,False
1993-07-26 20:00:00,1.875,1.9375,1.875,1.875,0,1.875,0.0,0.0,0.0,False,False
1993-07-27 20:00:00,1.875,1.9375,1.875,1.875,0,1.875,0.0,0.0,0.0,False,False
1993-07-28 20:00:00,1.875,1.9375,1.875,1.875,0,1.875,0.0,0.0,0.0,False,False
1993-07-29 20:00:00,1.875,1.9375,1.875,1.875,0,1.875,0.0,0.0,0.0,False,False
1993-08-01 20:00:00,1.875,1.9375,1.875,1.875,0,1.875,0.0,0.0,0.0,False,False
1993-08-02 20:00:00,1.875,1.9375,1.875,1.875,0,1.875,0.0,0.0,0.0,False,False
1993-08-03 20:00:00,1.875,1.9375,1.875,1.875,0,1.875,0.0,0.0,0.0,False,False
1993-08-04 20:00:00,1.875,1.9375,1.875,1.875,0,1.875,0.0,0.0,0.0,False,False
1993-08-05 20:00:00,1.875,1.9375,1.875,1.875,0,1.875,0.0,0.0,0.0,False,False
1993-08-08 20:00:00,1.875,1.9375,1.875,1.875,0,1.875,0.0,0.0,0.0,False,False
1993-08-09 20:00:00,1.875,1.9375,1.875,1.875,0,1.875,0.0,0.0,0.0,False,False
1993-08-10 20:00:00,1.875,1.9375,1.875,1.875,0,1.875,0.0,0.0,0.0,False,False
1993-08-11 20:00:00,1.875,1.9375,1.875,1.875,0,1.875,0.0,0.0,0.0,False,False
1993-08-12 20:00:00,1.875,1.9375,1.875,1.875,0,1.875,0.0,0.0,0.0,False,False
1993-08-15 20:00:00,1.875,1.9375,1.875,1.875,0,1.875,0.0,0.0,0.0,False,False
1993-08-16 20:00:00,1.875,1.9375,1.875,1.875,0,1.875,0.0,0.0,0.0,False,False
1993-08-17 20:00:00,1.875,1.9375,1.875,1.875,0,1.875,0.0,0.0,0.0,False,False
1993-08-18 20:00:00,1.875,1.9375,1.875,1.875,0,1.875,0.0,0.0,0.0,False,False
1993-08-19 20:00:00,1.875,1.9375,1.875,1.875,0,1.875,0.0,0.0,0.0,False,False
1993-08-22 20:00:00,1.875,1.9375,1.875,1.875,0,1.875,0.0,0.0,0.0,False,False
1993-08-23 20:00:00,1.875,1.9375,1.875,1.875,0,1.875,0.0,0.0,0.0,False,False
1993-08-24 20:00:00,1.875,1.9375,1.875,1.875,0,1.875,0.0,0.0,0.0,False,False
1993-08-25 20:00:00,1.875,1.9375,1.875,1.875,0,1.875,0.0,0.0,0.0,False,False
1993-08-26 20:00:00,1.875,1.9375,1.875,1.875,0,1.875,0.0,0.0,0.0,False,False
1993-08-29 20:00:00,1.875,1.9375,1.875,1.875,0,1.875,0.0,0.0,0.0,False,False
1993-08-30 20:00:00,1.875,1.9375,1.875,1.875,0,1.875,0.0,0.0,0.0,False,False
1993-08-31 20:00:00,1.875,1.9375,1.875,1.875,0,1.875,0.0,0.0,0.0,False,False
1993-09-01 20:00:00,1.875,1.9375,1.875,1.875,0,1.875,0.0,0.0,0.0,False,False
1993-09-02 20:00:00,1.875,1.9375,1.875,1.875,0,1.875,0.0,0.0,0.0,False,False
1993-09-06 20:00:00,1.875,1.9375,1.875,1.875,0,1.875,0.0,0.0,0.0,False,False
1993-09-07 20:00:00,1.875,1.9375,1.875,1.875,0,1.875,0.0,0.0,0.0,False,False
1993-09-08 20:00:00,1.875,1.9375,1.875,1.875,0,1.875,0.0,0.0,0.0,False,False
1993-09-09 20:00:00,1.875,1.9375,1.875,1.875,0,1.875,0.0,0.0,0.0,False,False
1993-09-12 20:00:00,1.875,1.9375,1.875,1.875,0,1.875,0.0,0.0,0.0,False,False
1993-09-13 20:00:00,1.875,1.9375,1.875,1.875,0,1.875,0.0,0.0,0.0,False,False
1993-09-14 20:00:00,1.875,1.9375,1.875,1.875,0,1.875,0.0,0.0,0.0,False,False
1993-09-15 20:00:00,1.875,1.9375,1.875,1.875,0,1.875,0.0,0.0,0.0,False,False
1993-09-16 20:00:00,1.875,1.9375,1.875,1.875,0,1.875,0.0,0.0,0.0,False,False
1993-09-19 20:00:00,1.875,1.9375,1.875,1.875,0,1.875,0.0,0.0,0.0,False,False
1993-09-20 20:00:00,1.875,1.9375,1.875,1.875,0,1.875,0.0,0.0,0.0,False,False
1993-09-21 20:00:00,1.875,1.9375,1.875,1.875,0,1.875,0.0,0.0,0.0,False,False
1993-09-22 20:00:00,1.875,1.9375,1.875,1.875,0,1.875,0.0,0.0,0.0,False,False
1993-09-23 20:00:00,1.875,1.9375,1.875,1.875,0,1.875,0.0,0.0,0.0,False,False
1993-09-26 20:00:00,1.875,1.9375,1.875,1.875,0,1.875,0.0,0.0,0.0,False,False
1993-09-27 20:00:00,1.875,1.9375,1.875,1.875,0,1.875,0.0,0.0,0.0,False,False
1993-09-28 20:00:00,1.875,1.9375,1.875,1.875,0,1.875,0.0,0.0,0.0,False,False
1993-09-29 20:00:00,1.875,1.9375,1.875,1.875,0,1.875,0.0,0.0,0.0,False,False
1993-09-30 20:00:00,1.875,1.9375,1.875,1.875,0,1.875,0.0,0.0,0.0,False,False
1993-10-03 20:00:00,1.875,1.9375,1.875,1.875,0,1.875,0.0,0.0,0.0,False,False
1993-10-04 20:00:00,1.875,1.9375,1.875,1.875,0,1.875,0.0,0.0,0.0,False,False
1993-10-05 20:00:00,1.875,1.9375,1.875,1.875,0,1.875,0.0,0.0,0.0,False,False
1993-10-06 20:00:00,1.875,1.9375,1.875,1.875,0,1.875,0.0,0.0,0.0,False,False
1993-10-07 20:00:00,1.875,1.9375,1.875,1.875,0,1.875,0.0,0.0,0.0,False,False
1993-10-10 20:00:00,1.875,1.9375,1.875,1.875,0,1.875,0.0,0.0,0.0,False,False
1993-10-11 20:00:00,1.875,1.9375,1.875,1.875,0,1.875,0.0,0.0,0.0,False,False
1993-10-12 20:00:00,1.875,1.9375,1.875,1.875,0,1.875,0.0,0.0,0.0,False,False
1993-10-13 20:00:00,1.875,1.9375,1.875,1.875,0,1.875,0.0,0.0,0.0,False,False
1993-10-14 20:00:00,1.875,1.9375,1.875,1.875,0,1.875,0.0,0.0,0.0,False,False
1993-10-17 20:00:00,1.875,1.9375,1.875,1.875,0,1.875,0.0,0.0,0.0,False,False
1993-10-18 20:00:00,1.875,1.9375,1.875,1.875,0,1.875,0.0,0.0,0.0,False,False
1993-10-19 20:00:00,1.875,1.9375,1.875,1.875,0,1.875,0.0,0.0,0.0,False,False
1993-10-20 20:00:00,1.875,1.9375,1.875,1.875,0,1.875,0.0,0.0,0.0,False,False
1993-10-21 20:00:00,1.875,1.9375,1.875,1.875,0,1.875,0.0,0.0,0.0,False,False
1993-10-24 20:00:00,1.875,1.9375,1.875,1.875,0,1.875,0.0,0.0,0.0,False,False
1993-10-25 20:00:00,1.875,1.9375,1.875,1.875,0,1.875,0.0,0.0,0.0,False,False
1993-10-26 20:00:00,1.875,1.9375,1.875,1.875,0,1.875,0.0,0.0,0.0,False,False
1993-10-27 20:00:00,1.875,1.9375,1.875,1.875,0,1.875,0.0,0.0,0.0,False,False
1993-10-28 20:00:00,1.875,1.9375,1.875,1.875,0,1.875,0.0,0.0,0.0,False,False
1993-11-01 20:00:00,1.875,1.9375,1.875,1.875,0,1.875,0.0,0.0,0.0,False,False
1993-11-02 20:00:00,1.875,1.9375,1.875,1.875,0,1.875,0.0,0.0,0.0,False,False
1993-11-03 20:00:00,1.875,1.9375,1.875,1.875,0,1.875,0.0,0.0,0.0,False,False
1993-11-04 20:00:00,1.875,1.9375,1.875,1.875,1406400,1.875,46880.0,0.0,0.0,False,False
1993-11-05 20:00:00,1.875,2.0,1.875,1.96875,802000,1.878125,73613.33333333333,7.142857142857143,100.0,False,False
1993-11-08 20:00:00,2.0,2.0625,1.96875,1.96875,430400,1.88125,87960.0,13.775510204081632,100.0,False,False
1993-11-09 20:00:00,1.96875,2.0,1.96875,1.96875,142000,1.884375,92693.33333333333,19.934402332361515,100.0,False,False
1993-11-10 20:00:00,1.96875,2.0,1.96875,2.0,90800,1.8885416666666666,95720.0,25.653373594335694,100.0,False,True
1993-11-11 20:00:00,2.0,2.125,2.0,2.03125,408800,1.89375,109346.66666666667,30.963846909026,100.0,False,False
1993-11-12 20:00:00,2.03125,2.15625,2.03125,2.09375,393200,1.9010416666666667,122453.33333333333,35.89500070123843,100.0,False,False
1993-11-15 20:00:00,2.15625,2.375,2.09375,2.3125,602800,1.915625,142546.66666666666,40.47392922257854,100.0,False,False
1993-11-16 20:00:00,2.3125,2.5,2.3125,2.4375,455200,1.934375,157720.0,44.725791420965784,100.0,False,False
1993-11-17 20:00:00,2.46875,2.5,2.375,2.375,165600,1.9510416666666666,163240.0,48.67394917661108,87.8370401819925,False,False
1993-11-18 20:00:00,2.375,2.375,2.3125,2.3125,299200,1.965625,173213.33333333334,50.62825674998688,77.66414601171213,False,False
1993-11-19 20:00:00,2.3125,2.34375,2.3125,2.34375,58800,1.98125,175173.33333333334,52.44297092526442,78.97529326038709,False,True
1993-11-22 20:00:00,2.28125,2.28125,2.09375,2.25,244400,1.99375,183320.0,50.01343788627296,66.38526908388687,False,False
1993-11-23 20:00:00,2.21875,2.4375,2.21875,2.40625,259200,2.011458333333333,191960.0,48.929140637876685,73.86373173360079,False,False
1993-11-24 20:00:00,2.40625,2.46875,2.34375,2.34375,48400,2.027083333333333,193573.33333333334,48.115538146554755,67.40401965483233,False,True
1993-11-26 20:00:00,2.375,2.40625,2.375,2.375,16800,2.04375,194133.33333333334,47.360050118898684,68.86995995096285,False,True
1993-11-29 20:00:00,2.375,2.375,2.25,2.25,92000,2.05625,197200.0,45.07200956451103,57.6930789442344,False,True
1993-11-30 20:00:00,2.21875,2.3125,2.21875,2.25,89200,2.06875,200173.33333333334,42.604163866816045,57.6930789442344,False,True
1993-12-01 20:00:00,2.28125,2.28125,2.1875,2.1875,98400,2.0791666666666666,203453.33333333334,39.97356774735327,52.73066053236,False,True
1993-12-02 20:00:00,2.21875,2.59375,2.21875,2.59375,612400,2.103125,223866.66666666666,39.65920095419431,70.4953640311035,False,False
1993-12-03 20:00:00,2.75,2.96875,2.4375,2.5625,494800,2.1260416666666666,240360.0,40.70236364503266,68.36690316922605,False,False
1993-12-06 20:00:00,2.53125,2.5625,2.40625,2.40625,74400,2.14375,242840.0,41.391414164290246,58.806331021503134,False,True
1993-12-07 20:00:00,2.40625,2.40625,2.34375,2.34375,88000,2.159375,245773.33333333334,41.474727078910085,55.46512942238737,False,True
1993-12-08 20:00:00,2.40625,2.4375,2.375,2.375,64800,2.176041666666667,247933.33333333334,41.66347059176463,56.787173567953296,False,True
1993-12-09 20:00:00,2.40625,2.40625,2.34375,2.34375,10800,2.191666666666667,248293.33333333334,41.54633870700053,55.02797847536485,False,True
1993-12-10 20:00:00,2.375,2.375,2.3125,2.3125,16000,2.20625,248826.66666666666,41.14071254447124,53.25141952036015,False,True
1993-12-13 20:00:00,2.3125,2.3125,2.1875,2.21875,96400,2.2177083333333334,252040.0,39.66389404923662,48.221692105111586,False,True
1993-12-14 20:00:00,2.21875,2.21875,2.15625,2.1875,236000,2.228125,259906.66666666666,38.037719997105164,46.64030543227036,True,True
1993-12-15 20:00:00,2.15625,2.25,2.125,2.21875,60800,2.2395833333333335,261933.33333333334,36.52770123441167,48.460510926811615,True,True
1993-12-16 20:00:00,2.25,2.28125,2.21875,2.21875,52000,2.2510416666666666,263666.6666666667,35.322659284222105,48.460510926811615,True,True
1993-12-17 20:00:00,2.25,2.25,2.15625,2.15625,23200,2.2604166666666665,217560.0,33.633181108732906,44.907281774912356,True,True
1993-12-20 20:00:00,2.15625,2.25,2.15625,2.21875,29600,2.26875,191813.33333333334,32.06437994577865,48.939163955599334,True,True
1993-12-21 20:00:00,2.1875,2.1875,2.1875,2.1875,20800,2.2760416666666665,178160.0,30.607636008749694,47.083755976172284,True,True
1993-12-22 20:00:00,2.21875,2.21875,2.1875,2.1875,40800,2.283333333333333,174786.66666666666,29.50742195320429,47.08375597617228,True,True
1993-12-23 20:00:00,2.25,2.3125,2.25,2.28125,42800,2.292708333333333,173186.66666666666,29.179200596276974,53.25043156029875,True,True
1993-12-27 20:00:00,2.34375,2.34375,2.3125,2.3125,22000,2.3020833333333335,160293.33333333334,29.08614100552744,55.12760653133277,False,True
1993-12-28 20:00:00,2.34375,2.34375,2.25,2.28125,58800,2.308333333333333,149146.66666666666,28.2839901083264,52.84255680633123,True,True
1993-12-29 20:00:00,2.25,2.25,2.25,2.25,12000,2.30625,129453.33333333333,27.53913570378257,50.584530860208254,True,True
1993-12-30 20:00:00,2.25,2.25,2.21875,2.21875,17600,2.298958333333333,114866.66666666667,26.48159024645009,48.35912992211468,True,True
1993-12-31 20:00:00,2.25,2.25,2.25,2.25,7200,2.294791666666667,109586.66666666667,25.499583750355644,50.695089885457904,True,True
1994-01-03 20:00:00,2.21875,2.25,2.1875,2.1875,22400,2.290625,100360.0,23.850254605023842,46.19443055523246,True,True
1994-01-04 20:00:00,2.1875,2.1875,2.15625,2.15625,57600,2.284375,100320.0,22.318371783913797,44.08689715782196,True,True
1994-01-05 20:00:00,2.1875,2.21875,2.1875,2.21875,23200,2.283333333333333,92946.66666666667,20.90486407656926,49.08961394051351,True,True
1994-01-06 20:00:00,2.21875,2.21875,2.1875,2.21875,27200,2.277083333333333,85213.33333333333,19.592321205463616,49.08961394051351,True,True
1994-01-07 20:00:00,2.1875,2.1875,2.15625,2.1875,25200,2.271875,84440.0,18.39972197997423,46.668286362570925,True,True
1994-01-10 20:00:00,2.15625,2.15625,2.15625,2.15625,5200,2.2645833333333334,84053.33333333333,17.292308413448374,44.31435884749412,True,True
1994-01-11 20:00:00,2.1875,2.21875,2.15625,2.15625,39600,2.261458333333333,82306.66666666667,16.653743392706826,44.31435884749411,True,True
1994-01-12 20:00:00,2.1875,2.1875,2.1875,2.1875,4000,2.259375,79466.66666666667,16.060790159161105,47.39182867669671,True,True
1994-01-13 20:00:00,2.1875,2.1875,2.0,2.125,466400,2.2572916666666667,91733.33333333333,16.44955736919145,42.35072003567158,True,False
1994-01-14 20:00:00,2.09375,2.125,2.0625,2.0625,157200,2.2395833333333335,76560.0,16.810555492791057,37.99793455761372,True,False
1994-01-17 20:00:00,2.09375,2.125,2.09375,2.09375,39600,2.2239583333333335,61386.666666666664,17.145768036133546,41.24935968362079,True,True
1994-01-18 20:00:00,2.125,2.125,2.09375,2.125,30000,2.214583333333333,59906.666666666664,17.457036826380143,44.389910861092936,True,True
1994-01-19 20:00:00,2.1875,2.3125,2.1875,2.25,271200,2.2114583333333333,66013.33333333333,17.02092826322679,54.79847908707447,False,False
1994-01-20 20:00:00,2.3125,2.3125,2.25,2.28125,78000,2.2083333333333335,66453.33333333333,16.615970311727246,56.96700048878518,False,False
1994-01-21 20:00:00,2.25,2.28125,2.25,2.28125,26400,2.20625,66973.33333333333,16.239937928191956,56.96700048878517,False,True
1994-01-24 20:00:00,2.3125,2.375,2.28125,2.34375,90400,2.207291666666667,69453.33333333333,16.805544712159698,61.27612315708849,False,False
1994-01-25 20:00:00,2.34375,2.34375,2.3125,2.3125,12000,2.2104166666666667,66640.0,17.330751011558316,58.1412067279486,False,True
1994-01-26 20:00:00,2.34375,2.625,2.34375,2.625,144000,2.225,63573.333333333336,19.630558205640654,73.0110272288846,False,False
1994-01-27 20:00:00,2.65625,2.875,2.65625,2.6875,247200,2.240625,69786.66666666667,22.64050699155438,74.92925814437028,False,False
1994-01-28 20:00:00,2.71875,2.78125,2.65625,2.71875,69200,2.2572916666666667,70360.0,25.435459435617126,75.85337246779214,False,True
1994-01-31 20:00:00,2.78125,2.8125,2.625,2.78125,438400,2.278125,84200.0,28.030772419389674,77.62940429650689,False,False
1994-02-01 20:00:00,2.78125,2.78125,2.65625,2.71875,33200,2.294791666666667,84320.0,30.440705904321323,71.93170774259477,False,True
1994-02-02 20:00:00,2.65625,2.71875,2.65625,2.65625,65200,2.310416666666667,85800.0,32.67850128318643,66.66256722520356,False,True
1994-02-03 20:00:00,2.6875,2.6875,2.625,2.65625,35200,2.326041666666667,85613.33333333333,34.27034698860101,66.66256722520355,False,True
1994-02-04 20:00:00,2.625,2.625,2.53125,2.53125,60000,2.334375,86186.66666666667,34.424067994221225,56.980939535526,False,True
1994-02-07 20:00:00,2.5625,2.59375,2.4375,2.5625,97200,2.3427083333333334,88693.33333333333,33.45449827810244,58.59974280986633,False,False
1994-02-08 20:00:00,2.5625,2.5625,2.5,2.5,51200,2.35,88440.0,32.55418354170642,54.20636907086206,False,True
1994-02-09 20:00:00,2.5,2.78125,2.5,2.78125,150000,2.3677083333333333,93040.0,33.052408502241505,66.41042410433946,False,False
1994-02-10 20:00:00,2.8125,2.8125,2.75,2.8125,21600,2.3875,93173.33333333333,33.666375455445625,67.44846097176787,False,True
1994-02-11 20:00:00,2.78125,2.78125,2.6875,2.75,44400,2.404166666666667,94413.33333333333,33.526568012117735,63.23916863312179,False,True
1994-02-14 20:00:00,2.8125,2.8125,2.75,2.8125,34400,2.425,94813.33333333333,33.57433357674846,65.55420561273625,False,True
1994-02-15 20:00:00,2.78125,2.78125,2.71875,2.75,14400,2.4447916666666667,93373.33333333333,33.257054714442624,61.39069351473599,False,True
1994-02-16 20:00:00,2.71875,2.8125,2.71875,2.75,30800,2.4625,93626.66666666667,33.160074761430664,61.39069351473599,False,True
1994-02-17 20:00:00,2.71875,2.75,2.71875,2.71875,25600,2.4791666666666665,93573.33333333333,33.07002194791956,59.21000449361278,False,True
1994-02-18 20:00:00,2.6875,2.6875,2.65625,2.65625,4000,2.4947916666666665,92866.66666666667,32.204034707252966,55.001926523091626,False,True
1994-02-22 20:00:00,2.625,2.625,2.5625,2.5625,18000,2.5083333333333333,93293.33333333333,30.378099456127075,49.33766591805858,False,True
1994-02-23 20:00:00,2.53125,2.53125,2.53125,2.53125,14800,2.5208333333333335,92466.66666666667,28.372343715592738,47.57876287987305,False,True
1994-02-24 20:00:00,2.5,2.5,2.5,2.5,4000,2.53125,92466.66666666667,26.4886732836254,45.81962643327013,True,True
1994-02-25 20:00:00,2.53125,2.59375,2.5,2.5,401200,2.54375,90293.33333333333,25.32455700139327,45.81962643327013,True,False
1994-02-28 20:00:00,2.53125,2.59375,2.53125,2.59375,170000,2.5614583333333334,90720.0,24.24359188217772,51.99500304988518,False,False
1994-03-01 20:00:00,2.5625,2.59375,2.53125,2.59375,32000,2.578125,90466.66666666667,23.239838557191856,51.99500304988518,False,True
1994-03-02 20:00:00,2.53125,2.5625,2.53125,2.53125,31200,2.591666666666667,90506.66666666667,22.30778189827641,47.784031122768944,True,True
1994-03-03 20:00:00,2.5625,2.5625,2.5625,2.5625,800,2.6020833333333333,81493.33333333333,21.44230071499778,49.96596196018835,True,True
1994-03-04 20:00:00,2.53125,2.5625,2.53125,2.53125,16000,2.6104166666666666,79426.66666666667,20.20917890814371,47.814271160212094,True,True
1994-03-07 20:00:00,2.5,2.59375,2.5,2.59375,50000,2.620833333333333,80213.33333333333,19.064137230350642,52.24373016313679,True,True
1994-03-08 20:00:00,2.59375,2.59375,2.53125,2.53125,14800,2.627083333333333,77693.33333333333,18.000884243828512,47.86819971083683,True,True
1994-03-09 20:00:00,2.5,2.53125,2.5,2.5,91200,2.6333333333333333,80333.33333333333,16.89139978327434,45.80262189818789,True,False
1994-03-10 20:00:00,2.5,2.5,2.4375,2.4375,16400,2.627083333333333,76080.0,16.70283219709395,41.90766539194154,True,True
1994-03-11 20:00:00,2.4375,2.4375,2.40625,2.40625,6400,2.6177083333333333,68053.33333333333,16.901847571795138,40.072749740660576,True,True
1994-03-14 20:00:00,2.40625,2.40625,2.34375,2.40625,65200,2.607291666666667,67920.0,17.755252461568116,40.07274974066057,True,True
1994-03-15 20:00:00,2.375,2.375,2.3125,2.34375,34400,2.5927083333333334,54453.333333333336,18.84711652528494,36.37818696278879,True,True
1994-03-16 20:00:00,2.34375,2.46875,2.34375,2.4375,240000,2.5833333333333335,61346.666666666664,18.341425095736945,44.625288230982925,True,False
1994-03-17 20:00:00,2.40625,2.40625,2.375,2.375,7200,2.573958333333333,59413.333333333336,17.87185448258524,40.825813520591836,True,True
1994-03-18 20:00:00,2.40625,2.625,2.40625,2.5625,120800,2.5708333333333333,62266.666666666664,18.165960088806067,53.59154194385833,True,False
1994-03-21 20:00:00,2.53125,2.59375,2.53125,2.59375,5600,2.5729166666666665,60453.333333333336,18.43905815172541,55.32153738496747,False,True
1994-03-22 20:00:00,2.5625,2.59375,2.5,2.5,27600,2.5708333333333333,58133.333333333336,18.277403733128242,49.375040171210976,True,True
1994-03-23 20:00:00,2.46875,2.53125,2.46875,2.46875,50400,2.5697916666666667,58106.666666666664,17.72220897361647,47.540634511836075,True,True
1994-03-24 20:00:00,2.5,2.5,2.5,2.5,6000,2.560416666666667,53306.666666666664,17.206670982641256,49.55880553029173,True,True
1994-03-25 20:00:00,2.46875,2.5625,2.4375,2.4375,42000,2.5479166666666666,53986.666666666664,16.727957133878554,45.766548443362446,True,True
1994-03-28 20:00:00,2.4375,2.4375,2.375,2.375,16800,2.535416666666667,53066.666666666664,15.64065111886538,42.28221762850273,True,True
1994-03-29 20:00:00,2.375,2.375,2.375,2.375,12400,2.5208333333333335,52333.333333333336,14.63100981921029,42.28221762850273,True,True
1994-03-30 20:00:00,2.34375,2.34375,2.28125,2.3125,28800,2.50625,52813.333333333336,14.812174637255335,38.85176562016422,True,True
1994-03-31 20:00:00,2.34375,2.34375,2.1875,2.1875,79600,2.4875,54440.0,15.845442317612711,33.072470101071524,True,False
1994-04-03 20:00:00,2.21875,2.21875,2.21875,2.21875,1200,2.470833333333333,53626.666666666664,16.80490516365885,35.64962154162261,True,True
1994-04-04 20:00:00,2.25,2.25,2.1875,2.1875,8000,2.455208333333333,53760.0,17.69583494927312,34.23014391615324,True,True
1994-04-05 20:00:00,2.15625,2.1875,2.15625,2.1875,9200,2.4427083333333335,53466.666666666664,18.81296940084426,34.23014391615324,True,True
1994-04-06 20:00:00,2.15625,2.1875,2.15625,2.15625,11200,2.4302083333333333,53346.666666666664,19.850308534446036,32.71920889079473,True,True
1994-04-07 20:00:00,2.15625,2.15625,2.15625,2.15625,20800,2.41875,53906.666666666664,20.813552015647684,32.71920889079473,True,True
1994-04-10 20:00:00,2.1875,2.1875,2.09375,2.09375,20400,2.4052083333333334,41213.333333333336,22.30491080259163,29.68038230789357,True,True
1994-04-11 20:00:00,2.0625,2.0625,1.9375,1.96875,83600,2.384375,38333.333333333336,24.740680150486845,24.732818424227112,True,False
1994-04-12 20:00:00,1.96875,2.0,1.8125,1.875,125600,2.3604166666666666,41453.333333333336,27.55852964853428,21.797980476518568,True,False
1994-04-13 20:00:00,1.875,2.0625,1.875,2.0625,152000,2.3447916666666666,45480.0,29.146318075825167,37.71636953848658,True,False
1994-04-14 20:00:00,2.03125,2.03125,1.96875,1.96875,51200,2.325,47160.0,30.62069304402385,33.990764851633124,True,False
1994-04-17 20:00:00,1.90625,1.9375,1.90625,1.9375,32400,2.3052083333333333,47706.666666666664,32.32094763307154,32.826750818233215,True,True
1994-04-18 20:00:00,1.9375,1.9375,1.875,1.875,24800,2.28125,46866.666666666664,34.05395488600005,30.571819855431652,True,True
1994-04-19 20:00:00,1.90625,1.90625,1.71875,1.71875,60800,2.254166666666667,48400.0,36.29340822281368,25.800317950342116,True,False
1994-04-20 20:00:00,1.71875,1.71875,1.71875,1.71875,2000,2.228125,45426.666666666664,38.37290060699776,25.800317950342116,True,True
1994-04-21 20:00:00,1.75,1.78125,1.75,1.75,56400,2.205208333333333,46760.0,39.28597896937096,28.392650834550548,True,False
1994-04-24 20:00:00,1.78125,2.03125,1.78125,2.03125,76000,2.1927083333333335,49080.0,37.21144870864521,46.506692698295375,True,False
1994-04-25 20:00:00,2.0625,2.15625,2.0625,2.125,216400,2.183333333333333,54120.0,34.82355555370136,50.959896554955506,True,False
1994-04-27 20:00:00,2.15625,2.1875,2.15625,2.15625,52400,2.1770833333333335,54720.0,32.83380945393243,52.382879467672424,True,True
1994-04-28 20:00:00,2.1875,2.21875,2.15625,2.21875,51600,2.169791666666667,48440.0,31.215002210115752,55.18378317945574,False,False
1994-05-01 20:00:00,2.25,2.375,2.25,2.3125,31600,2.167708333333333,49253.333333333336,30.71540411102138,59.07266265108827,False,True
1994-05-02 20:00:00,2.34375,2.34375,2.25,2.25,35600,2.1572916666666666,46413.333333333336,30.251491590433748,55.60830761767826,False,True
1994-05-03 20:00:00,2.1875,2.28125,2.1875,2.28125,64400,2.146875,48373.333333333336,29.220461732462613,56.96721539309162,False,False
1994-05-04 20:00:00,2.25,2.28125,2.25,2.25,13600,2.138541666666667,47906.666666666664,28.263076864346562,55.149140728660754,False,True
1994-05-05 20:00:00,2.28125,2.28125,2.21875,2.25,11600,2.13125,46613.333333333336,27.061798229501985,55.149140728660754,False,True
1994-05-08 20:00:00,2.1875,2.1875,2.1875,2.1875,11600,2.120833333333333,46800.0,25.63536144577261,51.34803528766761,False,True
1994-05-09 20:00:00,2.1875,2.59375,2.1875,2.59375,90800,2.1260416666666666,48426.666666666664,26.657040289880772,67.18179451667287,False,False
1994-05-10 20:00:00,2.5625,2.59375,2.46875,2.53125,342000,2.13125,59266.666666666664,27.605742073695495,63.744643026945056,False,False
1994-05-11 20:00:00,2.59375,2.75,2.59375,2.6875,88800,2.1416666666666666,61813.333333333336,29.071076391536423,68.13398592189088,False,False
1994-05-12 20:00:00,2.65625,2.71875,2.625,2.625,48800,2.152083333333333,62480.0,30.43174397238871,64.75678220453196,False,True
1994-05-15 20:00:00,2.65625,2.6875,2.59375,2.59375,35600,2.165625,61013.333333333336,31.37116598430443,63.07335597659407,False,True
1994-05-16 20:00:00,2.5625,2.59375,2.5625,2.5625,21200,2.1770833333333335,61680.0,31.915995337817233,61.35565289741412,False,True
1994-05-17 20:00:00,2.59375,2.6875,2.59375,2.59375,54800,2.190625,63240.0,32.82938133138564,62.45673296457159,False,True
1994-05-18 20:00:00,2.5625,2.75,2.5625,2.65625,90400,2.20625,65946.66666666667,33.926027961478496,64.62750067247363,False,False
1994-05-19 20:00:00,2.6875,2.75,2.65625,2.6875,52800,2.2239583333333335,67333.33333333333,34.944342689421866,65.69553837901289,False,True
1994-05-22 20:00:00,2.625,2.65625,2.59375,2.59375,18400,2.238541666666667,67253.33333333333,35.17012068420133,59.856539622609205,False,True
1994-05-23 20:00:00,2.59375,2.625,2.59375,2.59375,8000,2.2552083333333335,66840.0,35.37977167935369,59.856539622609205,False,True
1994-05-24 20:00:00,2.625,2.625,2.625,2.625,4000,2.277083333333333,64186.666666666664,35.574447603423735,61.19004199161577,False,True
1994-05-25 20:00:00,2.625,2.65625,2.625,2.65625,24400,2.303125,60813.333333333336,35.935324909113454,62.53046529340401,False,True
1994-05-26 20:00:00,2.625,2.65625,2.59375,2.65625,16000,2.3229166666666665,56280.0,35.84826101693125,62.53046529340401,False,True
1994-05-30 20:00:00,2.65625,2.65625,2.625,2.625,15600,2.3447916666666666,55093.333333333336,35.76741597419063,60.12220693153276,False,True
1994-05-31 20:00:00,2.5625,2.59375,2.5625,2.59375,11200,2.3666666666666667,54386.666666666664,34.83760439968324,57.72788922038927,False,True
1994-06-01 20:00:00,2.59375,2.65625,2.59375,2.59375,129200,2.390625,57866.666666666664,34.45595761842439,57.72788922038927,False,False
1994-06-02 20:00:00,2.625,2.625,2.5625,2.5625,13200,2.41875,56280.0,33.68625605870208,55.17934164468905,False,True
1994-06-05 20:00:00,2.53125,2.6875,2.53125,2.65625,43600,2.45,57666.666666666664,33.4522475102817,60.77415173347171,False,True
1994-06-06 20:00:00,2.65625,2.65625,2.65625,2.65625,11600,2.480208333333333,56173.333333333336,33.234953858177064,60.774151733471726,False,True
1994-06-07 20:00:00,2.6875,2.6875,2.59375,2.59375,202000,2.4989583333333334,60373.333333333336,32.1689253190538,55.42493248889902,False,False
1994-06-08 20:00:00,2.625,2.6875,2.59375,2.6875,15200,2.517708333333333,53666.666666666664,31.179041675582198,60.97379267821819,False,True
1994-06-09 20:00:00,2.6875,2.6875,2.65625,2.6875,58800,2.535416666666667,53880.0,30.259864006644282,60.973792678218175,False,False
1994-06-12 20:00:00,2.65625,2.65625,2.65625,2.65625,7200,2.55,52400.0,29.406341885487645,58.174227950641,False,True
1994-06-13 20:00:00,2.6875,2.6875,2.625,2.65625,20000,2.5614583333333334,52013.333333333336,28.613785630127914,58.174227950641,False,True
1994-06-14 20:00:00,2.65625,2.65625,2.5,2.59375,61200,2.5729166666666665,52866.666666666664,27.05231602478359,52.57502564959843,False,False
1994-06-15 20:00:00,2.625,2.625,2.53125,2.53125,15600,2.58125,51240.0,25.602379962678146,47.63729591520541,True,True
1994-06-16 20:00:00,2.59375,2.71875,2.5625,2.71875,365600,2.596875,62973.333333333336,24.477733755962362,59.82688935868738,False,False
1994-06-19 20:00:00,2.6875,2.78125,2.6875,2.71875,58000,2.6125,64520.0,24.080423118880752,59.82688935868738,False,True
1994-06-20 20:00:00,2.6875,2.71875,2.65625,2.6875,62000,2.629166666666667,66200.0,23.275494204596225,57.25076646827837,False,True
1994-06-21 20:00:00,2.6875,2.78125,2.6875,2.71875,295600,2.6333333333333333,73026.66666666667,23.148042450827827,59.14527734874052,False,False
1994-06-22 20:00:00,2.78125,2.9375,2.78125,2.78125,138000,2.6416666666666666,66226.66666666667,24.215014468281417,62.70513393530194,False,False
1994-06-23 20:00:00,2.8125,2.8125,2.75,2.78125,49600,2.644791666666667,64920.0,24.7762916619441,62.70513393530194,False,True
1994-06-26 20:00:00,2.8125,2.8125,2.71875,2.71875,58800,2.6479166666666667,65253.333333333336,24.874913165108477,56.95002532639718,False,True
1994-06-27 20:00:00,2.6875,2.71875,2.625,2.6875,66000,2.6510416666666665,66266.66666666667,23.82729230479625,54.268082070142384,False,True
1994-06-28 20:00:00,2.6875,2.6875,2.65625,2.65625,4000,2.654166666666667,65693.33333333333,22.854501505934895,51.64869488469,False,True
1994-06-29 20:00:00,2.6875,2.6875,2.625,2.65625,70400,2.65625,66213.33333333333,21.584397471838436,51.64869488469,False,False
1994-06-30 20:00:00,2.6875,2.6875,2.65625,2.65625,12000,2.65625,63600.0,20.405015154463154,51.648694884690016,False,True
1994-07-04 20:00:00,2.65625,2.6875,2.625,2.625,28400,2.654166666666667,62786.666666666664,18.969937834621568,48.71208667025714,True,True
1994-07-05 20:00:00,2.59375,2.625,2.53125,2.53125,52000,2.652083333333333,63906.666666666664,18.64918439354181,41.152635748806425,True,True
1994-07-06 20:00:00,2.5,2.5,2.40625,2.40625,75200,2.6458333333333335,66146.66666666667,19.386533347960924,33.65355703696313,True,False
1994-07-07 20:00:00,2.4375,2.46875,2.375,2.46875,50400,2.640625,67693.33333333333,20.292589116948385,39.58188367847477,True,True
1994-07-10 20:00:00,2.46875,2.46875,2.4375,2.4375,21600,2.6333333333333333,67600.0,21.13392661672245,37.764874128780725,True,True
1994-07-11 20:00:00,2.40625,2.4375,2.40625,2.4375,24000,2.6260416666666666,67866.66666666667,22.148880905584008,37.764874128780725,True,True
1994-07-12 20:00:00,2.375,2.46875,2.3125,2.4375,131200,2.6197916666666665,71720.0,23.713256742560066,37.764874128780725,True,False
1994-07-13 20:00:00,2.46875,2.46875,2.375,2.375,29200,2.6125,72320.0,25.165891448323546,33.8799097411015,True,True
1994-07-14 20:00:00,2.375,2.40625,2.25,2.40625,77600,2.60625,70600.0,27.203537782027443,37.350257360453696,True,False
1994-07-17 20:00:00,2.34375,2.34375,2.3125,2.3125,19600,2.597916666666667,70813.33333333333,29.0956379490382,31.935071439663144,True,True
1994-07-18 20:00:00,2.3125,2.34375,2.3125,2.34375,10400,2.5875,69706.66666666667,30.852588104119615,35.30229592722478,True,True
1994-07-19 20:00:00,2.3125,2.3125,2.28125,2.28125,10800,2.575,69680.0,32.652950972576704,31.90295821642351,True,True
1994-07-20 20:00:00,2.28125,2.3125,2.28125,2.3125,7200,2.565625,63186.666666666664,34.32471649328686,35.25972073447506,True,True
1994-07-21 20:00:00,2.28125,2.3125,2.28125,2.3125,10800,2.553125,63040.0,35.877070191089146,35.25972073447506,True,True
1994-07-24 20:00:00,2.3125,2.4375,2.3125,2.40625,44800,2.54375,62573.333333333336,35.05275406557245,44.73762910726424,True,True
1994-07-25 20:00:00,2.375,2.5625,2.375,2.53125,53200,2.5395833333333333,64106.666666666664,32.69235832606373,54.3366899952762,True,True
1994-07-26 20:00:00,2.5625,2.5625,2.5,2.5,10000,2.534375,63773.333333333336,30.50056228223421,51.90914226371374,True,True
1994-07-27 20:00:00,2.46875,2.5,2.46875,2.5,19200,2.53125,62373.333333333336,28.811748160159166,51.90914226371374,True,True
1994-07-28 20:00:00,2.46875,2.46875,2.46875,2.46875,6000,2.529166666666667,62053.333333333336,27.24356361823234,49.35203452475503,True,True
1994-07-31 20:00:00,2.46875,2.46875,2.46875,2.46875,0,2.5208333333333335,49866.666666666664,25.787392257871716,49.352034524755034,True,True
1994-08-01 20:00:00,2.46875,2.46875,2.46875,2.46875,12000,2.5125,48333.333333333336,24.435233137536848,49.35203452475503,True,True
1994-08-02 20:00:00,2.53125,2.59375,2.5,2.5,46800,2.50625,47826.666666666664,23.80510646546921,52.28759181960171,True,True
1994-08-03 20:00:00,2.53125,2.53125,2.375,2.46875,303200,2.497916666666667,48080.0,22.51432760884931,49.21562683642009,True,False
1994-08-04 20:00:00,2.4375,2.4375,2.25,2.25,2771200,2.480208333333333,135853.33333333334,22.432578865722025,34.108955890112284,True,False
1994-08-07 20:00:00,2.3125,2.34375,2.25,2.25,51600,2.4625,135920.0,22.3566693185324,34.10895589011228,True,True
1994-08-08 20:00:00,2.25,2.25,2.21875,2.25,74800,2.446875,136453.33333333334,22.54389275501973,34.10895589011228,True,True
1994-08-09 20:00:00,2.25,2.375,2.21875,2.25,809200,2.4322916666666665,161226.66666666666,21.24445385442691,34.10895589011228,True,False
1994-08-10 20:00:00,2.21875,2.21875,2.1875,2.21875,33200,2.417708333333333,162200.0,20.32848594658456,32.20924717008881,True,True
1994-08-11 20:00:00,2.21875,2.21875,2.15625,2.15625,41600,2.4010416666666665,161240.0,19.76451063996811,28.75930612605887,True,True
1994-08-14 20:00:00,2.1875,2.28125,2.1875,2.21875,51200,2.386458333333333,162546.66666666666,18.54838617335418,36.12702319069329,True,True
1994-08-15 20:00:00,2.1875,2.21875,2.125,2.21875,148400,2.372916666666667,166546.66666666666,18.009393042336946,36.12702319069329,True,True
1994-08-16 20:00:00,2.21875,2.25,2.1875,2.1875,216000,2.361458333333333,172013.33333333334,17.162029186940696,34.08301702495008,True,False
1994-08-17 20:00:00,2.1875,2.1875,2.15625,2.15625,102400,2.353125,172920.0,16.676822751342165,32.12558898304413,True,True
1994-08-18 20:00:00,2.1875,2.21875,2.1875,2.21875,544400,2.3447916666666666,189386.66666666666,15.861933153703461,39.59728069176723,True,False
1994-08-21 20:00:00,2.21875,2.21875,2.1875,2.1875,18000,2.3364583333333333,189266.66666666666,15.105249955896094,37.381512000915954,True,True
1994-08-22 20:00:00,2.15625,2.25,2.15625,2.25,170400,2.330208333333333,194146.66666666666,14.402615557932107,44.116783867393764,True,True
1994-08-23 20:00:00,2.25,2.25,2.125,2.125,136400,2.3197916666666667,194320.0,14.119433863192123,35.81871190725687,True,True
1994-08-24 20:00:00,2.125,2.15625,2.09375,2.09375,1458800,2.310416666666667,241973.33333333334,14.21157813933859,34.09226245580894,True,False
1994-08-25 20:00:00,2.0625,2.15625,2.03125,2.15625,778000,2.3020833333333335,265320.0,14.942373819371292,40.29093704589835,True,False
1994-08-28 20:00:00,2.15625,2.1875,2.15625,2.15625,35200,2.296875,265840.0,15.137646093273434,40.29093704589835,True,True
1994-08-29 20:00:00,2.125,2.15625,2.0625,2.0625,148000,2.2875,270426.6666666667,16.197616190262128,34.62566036337347,True,True
1994-08-30 20:00:00,2.09375,2.125,2.0,2.03125,132000,2.279166666666667,274466.6666666667,17.666453049471947,32.96190492505992,True,True
1994-08-31 20:00:00,2.03125,2.0625,1.96875,2.03125,222400,2.269791666666667,281640.0,19.25433653507786,32.96190492505992,True,True
1994-09-01 20:00:00,2.0625,2.0625,2.03125,2.03125,129600,2.2604166666666665,285600.0,20.728799771711923,32.96190492505992,True,True
1994-09-05 20:00:00,2.0625,2.125,2.0625,2.125,270000,2.2510416666666666,293106.6666666667,21.067262730870585,43.1899353573129,True,True
1994-09-06 20:00:00,2.09375,2.09375,2.09375,2.09375,42000,2.236458333333333,292733.3333333333,21.381549764375055,40.947298137025626,True,True
1994-09-07 20:00:00,2.125,2.1875,2.0625,2.0625,408400,2.221875,306013.3333333333,20.309954072570925,38.77881670420174,True,False
1994-09-08 20:00:00,2.0625,2.0625,2.0,2.0,104000,2.205208333333333,308840.0,19.973391120360155,34.808456556308165,True,True
1994-09-11 20:00:00,2.03125,2.03125,2.0,2.0,39600,2.189583333333333,309960.0,19.660868379021583,34.80845655630816,True,True
1994-09-12 20:00:00,2.0,2.0,1.9375,1.9375,239600,2.171875,317946.6666666667,19.9885922206064,31.113923958185318,True,True
1994-09-13 20:00:00,1.96875,1.96875,1.90625,1.90625,192000,2.153125,323946.6666666667,20.5759124732445,29.431843045443944,True,True
1994-09-14 20:00:00,1.90625,2.09375,1.90625,2.09375,102400,2.1395833333333334,325800.0,19.43732550214137,47.70109067390544,True,True
1994-09-15 20:00:00,2.0625,2.0625,2.03125,2.0625,98400,2.1260416666666666,318973.3333333333,18.38006617183132,45.582982863848166,True,True
1994-09-18 20:00:00,2.03125,2.0625,2.0,2.0,497200,2.1177083333333333,243173.33333333334,17.74310566302413,41.60402132063145,True,False
1994-09-19 20:00:00,1.96875,1.96875,1.96875,1.96875,113200,2.1083333333333334,245226.66666666666,17.485928846466383,39.736312167979996,True,True
1994-09-20 20:00:00,2.0,2.0,1.8125,1.84375,172800,2.0947916666666666,248493.33333333334,18.582416874730846,33.29719582911012,True,True
1994-09-21 20:00:00,1.8125,1.875,1.65625,1.734375,376400,2.0776041666666667,234066.66666666666,20.51181991699186,28.886330262274473,True,False
1994-09-22 20:00:00,1.78125,1.84375,1.78125,1.84375,183200,2.0651041666666665,239066.66666666666,22.30340845623423,37.76477880858348,True,True
1994-09-25 20:00:00,1.84375,1.84375,1.78125,1.78125,112400,2.052604166666667,241426.66666666666,23.967026385530716,35.070326877794564,True,True
1994-09-26 20:00:00,1.8125,1.8125,1.75,1.7578129768371582,106000,2.037239599227905,243253.33333333334,25.68784874166482,34.08814046745929,True,True
1994-09-27 20:00:00,1.78125,1.8125,1.75,1.7578129768371582,112800,2.021875031789144,242066.66666666666,27.28575521521791,34.08814046745929,True,True
1994-09-28 20:00:00,1.75,1.78125,1.75,1.7578129768371582,131600,2.007552131017049,239253.33333333334,28.76952551208864,34.08814046745929,True,True
1994-09-29 20:00:00,1.78125,1.84375,1.78125,1.8125,32000,1.9960937976837159,236906.66666666666,29.072298809776278,39.061837700968276,True,True
1994-10-02 20:00:00,1.78125,1.8125,1.78125,1.78125,76400,1.9815104643503825,221306.66666666666,29.35344544334338,37.3284101490455,True,True
1994-10-03 20:00:00,1.78125,1.78125,1.75,1.7734379768371582,123600,1.9677083969116211,224826.66666666666,29.880868945805236,36.887720322903235,True,True
1994-10-04 20:00:00,1.71875,1.78125,1.71875,1.7265629768371582,73200,1.9502604961395265,221586.66666666666,30.626180329500325,34.27309592521275,True,True
1994-10-05 20:00:00,1.8125,1.84375,1.8125,1.8125,22000,1.9398438294728597,217773.33333333334,30.22995988574845,42.34193843458045,True,True
1994-10-06 20:00:00,1.78125,1.8125,1.78125,1.8125,5200,1.9304688294728598,169320.0,30.157652566101795,42.34193843458045,True,True
1994-10-09 20:00:00,1.84375,1.84375,1.78125,1.8125,20000,1.9190104961395265,144053.33333333334,29.572272425515134,42.341938434580456,True,True
1994-10-10 20:00:00,1.8125,1.84375,1.8125,1.84375,32800,1.9085938294728597,143973.33333333334,29.028705152113236,45.386945441448866,True,True
1994-10-11 20:00:00,1.875,1.90625,1.8125,1.90625,68800,1.9033854961395265,141333.33333333334,27.520128436218283,50.96461206891361,False,True
1994-10-12 20:00:00,1.9375,2.0,1.9375,2.0,45200,1.9023438294728596,138440.0,26.1990780269212,57.90882566321164,False,True
1994-10-13 20:00:00,2.03125,2.0625,1.96875,1.96875,16800,1.9002604961395264,131586.66666666666,25.63038675503117,55.10735271937707,False,True
1994-10-16 20:00:00,2.0,2.0,1.90625,1.9375,15200,1.8971354961395264,127773.33333333333,24.271903518283544,52.378504071522656,False,True
1994-10-17 20:00:00,1.9375,1.9375,1.9375,1.9375,10000,1.8908854961395263,119106.66666666667,23.01045479844646,52.378504071522656,False,True
1994-10-18 20:00:00,1.90625,1.90625,1.90625,1.90625,42000,1.8846354961395264,119106.66666666667,21.428337422530582,49.53377634464363,False,True
1994-10-19 20:00:00,1.90625,1.90625,1.875,1.875,24000,1.8783854961395263,106293.33333333333,20.23178635926266,46.79669633404605,True,True
1994-10-20 20:00:00,1.875,1.875,1.84375,1.84375,46000,1.873177162806193,104360.0,19.500800700522312,44.1683538734083,True,True
1994-10-23 20:00:00,1.8125,1.90625,1.8125,1.875,28000,1.8690104961395264,103973.33333333333,18.822028303120558,47.35275030300809,False,True
1994-10-24 20:00:00,1.84375,1.875,1.8125,1.859375,56400,1.8664063294728597,97866.66666666667,18.191739648390357,45.9418073346012,True,True
1994-10-25 20:00:00,1.875,1.875,1.875,1.875,4800,1.865364662806193,91626.66666666667,17.606471611855174,47.622520230175866,False,True
1994-10-26 20:00:00,1.84375,1.90625,1.84375,1.875,32400,1.8580729961395264,89293.33333333333,17.0630084350725,47.622520230175866,False,True
1994-10-27 20:00:00,1.9375,1.9375,1.875,1.90625,21600,1.852864662806193,86733.33333333333,15.970559057037969,51.145695189809196,False,True
1994-10-31 20:00:00,1.90625,1.96875,1.90625,1.96875,20400,1.8518229961395263,70840.0,15.245463196440214,57.32796116498113,False,True
1994-11-01 20:00:00,1.96875,1.96875,1.84375,1.8515629768371584,102400,1.8479167620340984,70480.0,14.78672078818677,45.66064261706661,False,False
1994-11-02 20:00:00,1.875,1.875,1.84375,1.875,25200,1.848958428700765,65560.0,14.360745694808571,47.94253513218952,False,True
1994-11-03 20:00:00,1.84375,1.84375,1.84375,1.84375,6000,1.8526042620340983,53213.333333333336,13.965197393814531,45.21603562319552,True,True
1994-11-04 20:00:00,1.84375,1.90625,1.84375,1.90625,22800,1.8546875953674316,47866.666666666664,13.482869718371992,51.194233003407895,False,True
1994-11-07 20:00:00,2.3125,2.4375,2.15625,2.40625,519200,1.875520928700765,61426.666666666664,16.841022190412687,74.84417356590575,False,False
1994-11-08 20:00:00,2.4375,2.59375,2.4375,2.46875,222400,1.8992188294728598,65306.666666666664,20.39355734638258,76.38462647594963,False,False
1994-11-09 20:00:00,2.46875,2.59375,2.46875,2.5,258800,1.9239583969116212,70173.33333333333,23.692339991211764,77.13845085862437,False,False
1994-11-10 20:00:00,2.46875,2.53125,2.46875,2.5,108800,1.9486979643503826,69413.33333333333,26.75549530426744,77.13845085862437,False,False
1994-11-11 20:00:00,2.53125,2.53125,2.46875,2.5,44400,1.9716146310170493,69826.66666666667,29.599853809247715,77.13845085862437,False,True
1994-11-14 20:00:00,2.5,2.53125,2.4375,2.4375,42400,1.9934896310170491,68693.33333333333,31.768028576436155,71.44189484531982,False,True
1994-11-15 20:00:00,2.46875,2.5,2.46875,2.5,224000,2.0177083651224774,72040.0,33.78133371739685,73.54577584614887,False,False
1994-11-16 20:00:00,2.5,2.53125,2.4375,2.4375,34000,2.041406265894572,70733.33333333333,35.65083134828892,68.13976286121778,False,True
1994-11-17 20:00:00,2.46875,2.53125,2.46875,2.5,195600,2.0643229325612387,76520.0,37.38679343411727,70.47680921864328,False,False
1994-11-18 20:00:00,2.5,2.53125,2.4375,2.53125,178800,2.088281265894572,82306.66666666667,38.41883171660351,71.59860221773013,False,False
1994-11-21 20:00:00,2.53125,2.5625,2.53125,2.53125,84400,2.1122395992279053,84453.33333333333,39.555463431198795,71.59860221773013,False,True
1994-11-22 20:00:00,2.5625,2.5625,2.46875,2.5,48000,2.1341145992279054,84960.0,39.503884035951565,68.57660020301175,False,True
1994-11-23 20:00:00,2.46875,2.46875,2.40625,2.4375,24400,2.1518229325612386,83480.0,38.48819526516048,62.86191283201858,False,True
1994-11-25 20:00:00,2.46875,2.46875,2.46875,2.46875,400,2.1674479325612386,81986.66666666667,37.54505569228304,64.45679218164625,False,True
1994-11-28 20:00:00,2.46875,2.625,2.46875,2.625,192800,2.1893229325612387,87853.33333333333,37.8463392344681,71.1321859691108,False,False
1994-11-29 20:00:00,2.625,2.6875,2.5625,2.625,106800,2.2122395992279054,90906.66666666667,38.487022836723476,71.13218596911081,False,False
1994-11-30 20:00:00,2.6875,2.6875,2.625,2.679687976837158,49200,2.2369791984558107,92213.33333333333,39.08194332453203,73.17706562501027,False,True
1994-12-01 20:00:00,2.8125,2.9375,2.71875,2.90625,293600,2.270312531789144,100600.0,40.72460315262871,79.6183574626402,False,False
1994-12-02 20:00:00,2.9375,3.3125,2.9375,3.28125,268000,2.317187531789144,108733.33333333333,43.1078952088693,85.72765090731451,False,False
1994-12-05 20:00:00,3.375,3.875,3.375,3.84375,476800,2.3838541984558104,123093.33333333333,45.947370736375376,90.3838314725243,False,False
1994-12-06 20:00:00,3.875,4.0625,3.65625,3.71875,328400,2.4453125317891438,133106.66666666666,48.716664351494316,83.83824307641102,False,False
1994-12-07 20:00:00,3.65625,3.6875,3.53125,3.65625,142000,2.5052083651224772,135960.0,50.3359254309784,80.69164549723119,False,False
1994-12-08 20:00:00,3.625,3.65625,3.28125,3.3125,75600,2.553125031789144,138320.0,50.19260008433071,66.0160441702048,False,True
1994-12-09 20:00:00,3.25,3.53125,3.125,3.53125,220000,2.608333365122477,144573.33333333334,49.179793689746305,69.78236909139764,False,False
1994-12-12 20:00:00,3.5625,3.5625,3.4375,3.5,38000,2.6614583651224772,145120.0,48.31963193811076,68.61250933972303,False,True
1994-12-13 20:00:00,3.40625,3.46875,3.34375,3.34375,73200,2.7072916984558106,146880.0,46.99475051751279,62.93167567152942,False,True
1994-12-14 20:00:00,3.34375,3.375,3.25,3.25,48800,2.753906265894572,145093.33333333334,45.257626977226735,59.735873251907954,False,True
1994-12-15 20:00:00,3.28125,3.3125,3.25,3.3125,24400,2.8018229325612385,145066.66666666666,43.644583689818255,61.152222094332764,False,True
1994-12-16 20:00:00,3.34375,3.65625,3.3125,3.625,186800,2.8611979325612387,151093.33333333334,43.18879713143407,67.33865970715995,False,False
1994-12-19 20:00:00,3.65625,3.6875,3.5625,3.6875,46000,2.9205729325612384,151866.66666666666,42.846836246544854,68.42178021195596,False,True
1994-12-20 20:00:00,3.71875,3.75,3.6875,3.710937976837158,103600,2.964062531789144,138013.33333333334,42.69470755400361,68.83910813233636,False,True
1994-12-21 20:00:00,3.75,3.875,3.65625,3.875,217600,3.010937531789144,137853.33333333334,42.870629800010725,71.66222094669959,False,False
1994-12-22 20:00:00,3.875,3.90625,3.78125,3.90625,78400,3.057812531789144,131840.0,43.11142379670847,72.1792486932071,False,True
1994-12-23 20:00:00,3.9375,3.9375,3.875,3.875,34800,3.1036458651224774,129373.33333333333,43.415060060362826,70.78835309609423,False,True
1994-12-27 20:00:00,3.875,3.875,3.875,3.875,14800,3.1494791984558104,128386.66666666667,43.697008019470445,70.78835309609423,False,True
1994-12-28 20:00:00,3.84375,3.875,3.84375,3.84375,7600,3.1963541984558104,127226.66666666667,43.710358538017736,69.24091132049033,False,True
1994-12-29 20:00:00,3.84375,3.84375,3.40625,3.5625,122000,3.2317708651224772,123826.66666666667,41.02520462576104,57.135357783339245,False,True
1994-12-30 20:00:00,3.5,3.5,3.4375,3.46875,28800,3.266145865122477,123653.33333333333,38.531847421522684,53.76128134398957,False,True
1995-01-03 20:00:00,3.40625,3.46875,3.40625,3.40625,18000,3.2963541984558105,117733.33333333333,36.055282548886616,51.57463014548741,False,True
1995-01-04 20:00:00,3.4375,3.4375,3.28125,3.28125,50800,3.3213541984558104,113466.66666666667,33.827152262206084,47.42040667949014,True,True
1995-01-05 20:00:00,3.25,3.3125,3.21875,3.28125,89600,3.3463541984558107,113640.0,32.05215231821146,47.42040667949014,True,True
1995-01-06 20:00:00,3.34375,3.78125,3.34375,3.65625,176400,3.3848958651224774,117920.0,31.137052597541167,58.93018792418353,False,False
1995-01-09 20:00:00,3.78125,3.78125,3.65625,3.78125,83600,3.4296875317891438,119893.33333333333,30.28731714263304,61.92233913373899,False,True
1995-01-10 20:00:00,3.8125,3.84375,3.78125,3.78125,29200,3.473437531789144,120853.33333333333,29.72035813246635,61.92233913373899,False,True
1995-01-11 20:00:00,3.75,3.75,3.6875,3.75,32400,3.510937531789144,115506.66666666667,28.682218562874237,60.64136845202432,False,True
1995-01-12 20:00:00,3.71875,3.78125,3.71875,3.75,27200,3.5484375317891437,112853.33333333333,27.842938149326358,60.6413684520243,False,True
1995-01-13 20:00:00,3.75,3.90625,3.71875,3.78125,80800,3.585156265894572,113906.66666666667,27.546889999623744,61.56352520830367,False,True
1995-01-16 20:00:00,3.8125,3.90625,3.78125,3.90625,27200,3.6184895992279054,105026.66666666667,27.271988146328457,65.08718745747619,False,True
1995-01-17 20:00:00,3.875,3.9375,3.875,3.875,49200,3.638281265894572,97733.33333333333,27.142463049116433,63.51941896184849,False,True
1995-01-18 20:00:00,3.8125,3.8125,3.6875,3.75,61200,3.635156265894572,83880.0,25.859590255267886,57.548201869852456,False,True
1995-01-19 20:00:00,3.78125,3.78125,3.65625,3.71875,38000,3.635156265894572,74200.0,24.49088404444031,56.127647450390825,False,True
1995-01-20 20:00:00,3.65625,3.75,3.65625,3.75,32000,3.638281265894572,70533.33333333333,23.21994256295756,57.26372369582492,False,True
1995-01-23 20:00:00,3.75,3.75,3.6875,3.71875,11200,3.6518229325612386,68386.66666666667,22.039782615866436,55.71013709587255,False,True
1995-01-24 20:00:00,3.6875,3.71875,3.6875,3.6875,10800,3.657031265894572,61413.333333333336,20.943919807853245,54.12864254316975,False,True
1995-01-25 20:00:00,3.75,3.78125,3.71875,3.71875,70400,3.6643229325612388,62493.333333333336,20.31076838303886,55.48940268225281,False,False
1995-01-26 20:00:00,3.78125,3.78125,3.71875,3.726562976837158,54800,3.6770833651224772,61880.0,19.72284205999693,55.842097937388715,False,True
1995-01-27 20:00:00,3.78125,3.78125,3.71875,3.726562976837158,42000,3.692968797683716,61653.333333333336,19.176910474315132,55.8420979373887,False,True
1995-01-30 20:00:00,3.71875,3.78125,3.71875,3.726562976837158,57200,3.706770896911621,62746.666666666664,18.669974001896325,55.8420979373887,False,True
1995-01-31 20:00:00,3.78125,3.78125,3.75,3.78125,11200,3.7119792302449546,56893.333333333336,18.199247277507432,58.70283677377633,False,True
1995-02-01 20:00:00,3.75,3.78125,3.75,3.75,38800,3.714062563578288,56653.333333333336,17.762143890574887,56.45222161769611,False,True
1995-02-02 20:00:00,3.75,3.78125,3.75,3.78125,10400,3.716406297683716,53546.666666666664,17.356262174137523,58.17894136558017,False,True
1995-02-03 20:00:00,3.78125,3.78125,3.71875,3.71875,3600,3.7111979643503825,46413.333333333336,16.609397140487747,53.60126029403103,False,True
1995-02-06 20:00:00,3.8125,3.8125,3.71875,3.75,34800,3.705989631017049,44960.0,16.231151210831776,55.487164650567756,False,True
1995-02-07 20:00:00,3.75,3.78125,3.75,3.78125,7200,3.702864631017049,44040.0,15.879922847579802,57.35387830701308,False,True
1995-02-08 20:00:00,3.75,3.78125,3.71875,3.75,86400,3.6986979643503823,46426.666666666664,15.139392343052677,54.87556540684929,False,False
1995-02-09 20:00:00,3.6875,3.6875,3.6875,3.6875,8000,3.6934896310170493,46440.0,14.064784611307417,50.203174148309095,True,True
1995-02-10 20:00:00,3.71875,3.71875,3.6875,3.6875,1600,3.6976562976837157,42426.666666666664,13.440418243168493,50.20317414830908,True,True
1995-02-13 20:00:00,3.75,3.84375,3.75,3.84375,116000,3.710156297683716,45333.333333333336,14.139434448469688,60.062558724434936,False,False
1995-02-14 20:00:00,3.875,3.9375,3.875,3.875,54400,3.725781297683716,46546.666666666664,15.515102133720202,61.69601236723864,False,False
1995-02-15 20:00:00,3.875,4.375,3.875,4.25,167600,3.7580729643503825,50440.0,18.694044466237965,74.94109348098102,False,False
1995-02-16 20:00:00,4.25,4.46875,4.1875,4.46875,110400,3.797656297683716,51133.333333333336,21.887088311174274,79.41310539815832,False,False
1995-02-17 20:00:00,4.46875,4.875,4.46875,4.84375,232400,3.837239631017049,53000.0,25.59117316337173,84.51489796727802,False,False
1995-02-21 20:00:00,4.78125,4.78125,4.71875,4.78125,208400,3.8705729643503823,57160.0,29.03068052612652,80.91575990931929,False,False
1995-02-22 20:00:00,4.75,4.75,4.5625,4.5625,55200,3.8966146310170493,58026.666666666664,30.834808607521488,69.72395844311383,False,True
1995-02-23 20:00:00,4.625,4.71875,4.625,4.65625,141600,3.9268229643503827,61666.666666666664,32.51007039738824,71.54072297075798,False,False
1995-02-24 20:00:00,4.625,4.71875,4.625,4.6875,108000,3.9580729643503827,64360.0,34.065670630835946,72.14083329686365,False,False
1995-02-27 20:00:00,4.71875,4.71875,4.5625,4.5625,61200,3.984114631017049,63706.666666666664,34.926285044325596,66.13360536395865,False,True
1995-02-28 20:00:00,4.5,4.5,4.375,4.4375,39200,4.001822964350382,64106.666666666664,34.20009673118009,60.691056495677756,False,True
1995-03-01 20:00:00,4.40625,4.40625,4.28125,4.28125,54800,4.015364631017049,64293.333333333336,32.87564795136108,54.638063985808614,False,True
1995-03-02 20:00:00,4.34375,4.375,4.21875,4.21875,151200,4.030989631017049,67293.33333333333,31.234630735075715,52.38736871180778,False,False
1995-03-03 20:00:00,4.1875,4.1875,4.125,4.125,31600,4.044531297683716,67080.0,29.1266535102358,49.118888431232754,False,True
1995-03-06 20:00:00,4.09375,4.09375,3.9375,4.0,90400,4.052864631017049,69026.66666666667,27.92682549192266,45.08030081688052,True,False
1995-03-07 20:00:00,4.0,4.0,3.75,3.90625,256000,4.059114631017049,77186.66666666667,27.623660895593538,42.27299367604538,True,False
1995-03-08 20:00:00,3.90625,3.96875,3.875,3.90625,81200,4.066406297683716,79533.33333333333,27.342150913287924,42.27299367604538,True,False
1995-03-09 20:00:00,3.9375,3.96875,3.84375,3.84375,24800,4.070572964350382,78013.33333333333,27.213870642846963,40.33111769321893,True,True
1995-03-10 20:00:00,3.90625,4.03125,3.90625,3.9375,172000,4.077604198455811,81920.0,26.646646781770357,44.45299513598768,True,False
1995-03-13 20:00:00,3.9375,4.125,3.9375,3.96875,157600,4.0856770992279055,85773.33333333333,25.483610292557806,45.797099911601066,True,False
1995-03-14 20:00:00,4.15625,4.1875,4.09375,4.09375,68400,4.097916666666666,86146.66666666667,24.00243402170391,50.91365706427952,True,True
1995-03-15 20:00:00,4.09375,4.09375,4.0,4.0,30800,4.105208333333334,86800.0,23.14393430413592,47.30683169739965,True,True
1995-03-16 20:00:00,4.03125,4.03125,4.0,4.03125,5600,4.114583333333333,85693.33333333333,22.346755994965655,48.61361130519954,True,True
1995-03-17 20:00:00,4.03125,4.03125,3.9375,3.96875,17200,4.120833333333334,85920.0,21.95530929819238,46.14858744320867,True,True
1995-03-20 20:00:00,3.9375,3.96875,3.90625,3.90625,63200,4.127083333333333,87906.66666666667,21.764068212802304,43.75903971327863,True,True
1995-03-21 20:00:00,3.875,3.875,3.5625,3.5625,148800,4.120833333333334,91706.66666666667,23.06105459701688,33.488371513227094,True,False
1995-03-22 20:00:00,3.59375,3.65625,3.53125,3.59375,105200,4.114583333333333,94973.33333333333,24.370218315413574,34.982383087124745,True,False
1995-03-23 20:00:00,3.65625,3.65625,3.5,3.5,147200,4.10625,97000.0,25.693172729427936,32.61545145868032,True,False
1995-03-24 20:00:00,3.5,3.53125,3.46875,3.46875,47600,4.098958333333333,98320.0,27.031200632319877,31.84205733090067,True,True
1995-03-27 20:00:00,3.4375,3.53125,3.4375,3.5,51200,4.092708333333333,99973.33333333333,28.385255983292673,33.539235710211116,True,True
1995-03-28 20:00:00,3.5,3.53125,3.5,3.53125,40800,4.082291666666666,97466.66666666667,29.64259309491027,35.27491052020904,True,True
1995-03-29 20:00:00,3.53125,3.53125,3.5,3.5,26800,4.069791666666666,96546.66666666667,30.810120412840895,34.309953776484754,True,True
1995-03-30 20:00:00,3.53125,3.53125,3.53125,3.53125,14000,4.045833333333333,91426.66666666667,31.894252922347906,36.189776411100794,True,True
1995-03-31 20:00:00,3.53125,3.5625,3.53125,3.5625,58400,4.015625,89693.33333333333,32.52099554651986,38.09747754073541,True,True
1995-04-02 20:00:00,3.5625,3.78125,3.5625,3.78125,120800,3.980208333333333,85973.33333333333,30.937803929335505,49.48273003233977,True,False
1995-04-03 20:00:00,3.8125,3.84375,3.8125,3.84375,43600,3.948958333333333,80480.0,28.977549797543258,52.18845551727511,True,True
1995-04-04 20:00:00,3.84375,3.84375,3.78125,3.78125,17600,3.9229166666666666,79226.66666666667,27.380637443455857,49.3423662620587,True,True
1995-04-05 20:00:00,3.8125,3.8125,3.8125,3.8125,3200,3.894791666666667,74613.33333333333,25.897790257517556,50.7874875437809,True,True
1995-04-06 20:00:00,3.78125,3.78125,3.75,3.78125,12400,3.8645833333333335,71426.66666666667,24.987051237286,49.27371918050346,True,True
1995-04-09 20:00:00,3.75,3.78125,3.625,3.78125,222800,3.8385416666666665,76813.33333333333,24.953088678391417,49.273719180503456,True,False
1995-04-10 20:00:00,3.8125,3.8125,3.71875,3.71875,24000,3.814583333333333,76306.66666666667,24.618913397102734,46.08743439007302,True,True
1995-04-11 20:00:00,3.71875,3.71875,3.65625,3.65625,14000,3.79375,74946.66666666667,24.69748085122621,43.08689631935734,True,True
1995-04-12 20:00:00,3.6875,3.71875,3.6875,3.6875,9600,3.7760416666666665,70226.66666666667,24.77043634434087,45.01450741204636,True,True
1995-04-16 20:00:00,3.71875,3.75,3.71875,3.71875,18800,3.7625,69800.0,24.496133950927934,46.94950862310101,True,True
1995-04-17 20:00:00,3.71875,3.71875,3.65625,3.65625,37600,3.7510416666666666,68040.0,24.669644544342514,43.64163568067919,True,True
1995-04-18 20:00:00,3.65625,3.65625,3.625,3.65625,5600,3.7427083333333333,59693.333333333336,25.035500203087174,43.641635680679194,True,True
1995-04-19 20:00:00,3.65625,3.65625,3.625,3.65625,8800,3.734375,57280.0,25.375223314778648,43.641635680679194,True,True
1995-04-20 20:00:00,3.625,3.75,3.59375,3.6875,44000,3.7291666666666665,57920.0,24.577385243351905,46.01683555583406,True,True
1995-04-23 20:00:00,3.75,4.0,3.75,3.78125,126000,3.7239583333333335,56386.666666666664,23.89900998885701,52.4862769318834,False,False
1995-04-24 20:00:00,3.78125,3.8125,3.71875,3.78125,23600,3.7177083333333334,51920.0,22.99480901310566,52.4862769318834,False,True
1995-04-25 20:00:00,3.75,3.75,3.71875,3.75,13200,3.70625,50080.0,22.15519382133655,50.16228883457053,False,True
1995-04-26 20:00:00,3.78125,3.875,3.78125,3.84375,87600,3.701041666666667,51973.333333333336,22.22539054037488,56.39943833401217,False,False
1995-04-27 20:00:00,3.84375,4.09375,3.84375,4.09375,72400,3.703125,54200.0,23.397796401137423,67.9266799973824,False,False
1995-04-30 20:00:00,4.15625,4.3125,4.15625,4.25,143600,3.7125,58413.333333333336,25.268522669093297,72.77191752481336,False,False
1995-05-01 20:00:00,4.28125,4.28125,4.1875,4.21875,18000,3.722916666666667,56906.666666666664,27.00562563219518,70.47870784091094,False,True
1995-05-02 20:00:00,4.1875,4.21875,4.09375,4.09375,20800,3.740625,52640.0,27.748216475936513,62.055032324247826,False,True
1995-05-03 20:00:00,4.125,4.125,4.09375,4.09375,8000,3.7572916666666667,49400.0,28.437765116553464,62.055032324247826,False,True
1995-05-04 20:00:00,4.0625,4.0625,4.03125,4.0625,16000,3.7760416666666665,45026.666666666664,28.49651692596387,59.97660450482427,False,True
1995-05-07 20:00:00,4.0625,4.0625,4.0625,4.0625,36000,3.7958333333333334,44640.0,28.551072177559245,59.97660450482427,False,True
1995-05-08 20:00:00,4.0625,4.0625,4.0,4.0625,19200,3.814583333333333,43573.333333333336,28.008040680657768,59.97660450482427,False,True
1995-05-09 20:00:00,4.03125,4.03125,4.0,4.0,16400,3.830208333333333,42760.0,27.50379714782068,55.34609312521065,False,True
1995-05-10 20:00:00,4.0,4.0,4.0,4.0,400,3.846875,41880.0,27.035571010186242,55.34609312521065,False,True
1995-05-11 20:00:00,3.96875,4.0,3.90625,3.90625,12400,3.859375,41826.666666666664,25.67194773002487,48.7927487386285,False,True
1995-05-14 20:00:00,3.875,3.90625,3.84375,3.84375,35600,3.86875,41066.666666666664,23.853211518132632,44.969865491303054,True,True
1995-05-15 20:00:00,3.875,4.03125,3.84375,4.0,116000,3.8760416666666666,40906.666666666664,23.117423778684493,54.55588105590882,False,False
1995-05-16 20:00:00,4.03125,4.0625,4.0,4.03125,27200,3.8822916666666667,40360.0,22.64874891830512,56.199245280382605,False,True
1995-05-17 20:00:00,4.0,4.0,3.78125,3.9375,454400,3.8875,54920.0,21.57650438491381,50.32022870310533,False,False
1995-05-18 20:00:00,3.90625,4.0,3.875,4.0,26000,3.89375,55680.0,20.580848746764737,53.79076361522085,False,True
1995-05-21 20:00:00,3.9375,3.96875,3.9375,3.96875,13200,3.9,55706.666666666664,19.65631136848346,51.84072771535442,False,True
1995-05-22 20:00:00,3.9375,3.9375,3.875,3.875,18400,3.903125,48893.333333333336,19.252781764378835,46.40558348900057,True,True
1995-05-23 20:00:00,3.84375,3.90625,3.84375,3.875,13600,3.908333333333333,48546.666666666664,19.09799798599311,46.40558348900057,True,True
1995-05-24 20:00:00,3.875,3.875,3.75,3.75,62800,3.9114583333333335,50173.333333333336,19.568318741827262,39.931687075931755,True,False
1995-05-25 20:00:00,3.78125,3.78125,3.75,3.78125,4000,3.9145833333333333,49986.666666666664,20.00504515795897,42.10615301554297,True,True
1995-05-29 20:00:00,3.8125,3.90625,3.8125,3.875,33200,3.919791666666667,50466.666666666664,19.170136549795036,48.16807635744617,True,True
1995-05-30 20:00:00,3.875,3.875,3.78125,3.8125,14000,3.925,49680.0,18.62974906227587,44.800234122127335,True,True
1995-05-31 20:00:00,3.8125,3.8125,3.75,3.75,11200,3.928125,49866.666666666664,18.36277125297505,41.663129461593904,True,True
1995-06-01 20:00:00,3.78125,3.78125,3.75,3.75,4000,3.93125,49706.666666666664,18.11486328719572,41.66312946159391,True,True
1995-06-04 20:00:00,3.75,3.78125,3.75,3.75,4000,3.933333333333333,48373.333333333336,17.884663033257773,41.663129461593904,True,True
1995-06-05 20:00:00,3.75,3.78125,3.75,3.78125,9200,3.933333333333333,44480.0,17.670905654601107,44.10728039125534,True,True
1995-06-06 20:00:00,3.78125,3.78125,3.78125,3.78125,4000,3.933333333333333,43826.666666666664,17.4724166601342,44.10728039125534,True,True
1995-06-07 20:00:00,3.75,3.78125,3.75,3.78125,8400,3.934375,43666.666666666664,17.598844149573022,44.107280391255344,True,True
1995-06-08 20:00:00,3.78125,3.78125,3.78125,3.78125,1600,3.9322916666666665,40800.0,17.716241104051928,44.10728039125535,True,True
1995-06-11 20:00:00,3.75,3.78125,3.75,3.75,28000,3.9208333333333334,39320.0,18.148077028700953,41.75426653049759,True,True
1995-06-12 20:00:00,3.75,3.875,3.75,3.875,39600,3.908333333333333,35853.333333333336,17.195447052136394,52.638224470719116,True,False
1995-06-13 20:00:00,3.84375,3.84375,3.75,3.8125,59200,3.894791666666667,37226.666666666664,16.310862073897876,47.826044233936074,True,False
1995-06-14 20:00:00,3.78125,3.8125,3.78125,3.8125,32000,3.8854166666666665,37600.0,15.48946173696211,47.826044233936074,True,True
1995-06-15 20:00:00,3.84375,4.0625,3.84375,4.0,203600,3.8822916666666667,44120.0,16.567932682485807,60.41658831964721,False,False
1995-06-18 20:00:00,4.0,4.03125,4.0,4.03125,39600,3.88125,44906.666666666664,17.569369989043526,62.05990977228535,False,True
1995-06-19 20:00:00,4.03125,4.03125,3.96875,3.96875,14800,3.878125,44200.0,18.063882897635523,56.966124264123586,False,True
1995-06-20 20:00:00,3.9375,3.96875,3.875,3.90625,28400,3.872916666666667,44506.666666666664,17.35780447009506,52.33970030308469,False,True
1995-06-21 20:00:00,3.9375,4.0,3.9375,4.0,282800,3.872916666666667,53386.666666666664,16.996823279576883,57.867158285218466,False,False
1995-06-22 20:00:00,3.9375,4.03125,3.9375,4.03125,20400,3.8739583333333334,54053.333333333336,16.95071222492884,59.55114381266535,False,True
1995-06-25 20:00:00,4.03125,4.03125,4.0,4.0,33200,3.877083333333333,54746.666666666664,16.90789481704137,57.09366268571798,False,True
1995-06-26 20:00:00,4.0,4.0,3.9375,4.0,50400,3.8822916666666667,55240.0,16.06451407085996,57.09366268571798,False,True
1995-06-27 20:00:00,4.0,4.0,3.96875,3.96875,10400,3.88125,51720.0,15.281374806548651,54.48598301587084,False,True
1995-06-28 20:00:00,4.0,4.03125,3.96875,4.0,115600,3.8802083333333335,54666.666666666664,14.914080749504631,56.61973163951268,False,False
1995-06-29 20:00:00,4.03125,4.09375,3.96875,4.09375,44400,3.8854166666666665,41000.0,15.231719429579375,62.32592658325976,False,False
1995-07-02 20:00:00,4.125,4.375,4.125,4.375,33600,3.8979166666666667,41253.333333333336,17.43978785704611,73.56153409743345,False,True
1995-07-04 20:00:00,4.4375,4.625,4.4375,4.5,189200,3.915625,47120.0,20.418160873607725,76.86404045004802,False,False
1995-07-05 20:00:00,4.5625,4.6875,4.53125,4.53125,94000,3.9375,49640.0,23.361807646768234,77.61679665214898,False,False
1995-07-06 20:00:00,4.59375,4.625,4.5,4.53125,49200,3.959375,50826.666666666664,25.72810860546582,77.61679665214899,False,True
1995-07-09 20:00:00,4.59375,4.59375,4.5,4.5625,58800,3.986458333333333,50693.333333333336,27.925388067113577,78.43069893255961,False,False
1995-07-10 20:00:00,4.59375,4.625,4.5625,4.5625,58000,4.0125,52493.333333333336,30.07624858467447,78.43069893255961,False,False
1995-07-11 20:00:00,4.53125,4.53125,4.5,4.5,23600,4.033333333333333,52173.333333333336,31.270302098754033,72.33015209503094,False,True
1995-07-12 20:00:00,4.53125,4.5625,4.46875,4.46875,20400,4.055208333333334,52386.666666666664,32.37906607611363,69.42253099780598,False,True
1995-07-13 20:00:00,4.4375,4.46875,4.40625,4.40625,32000,4.077083333333333,53080.0,32.60937014640362,63.89067825599945,False,True
1995-07-16 20:00:00,4.40625,4.46875,4.40625,4.46875,5200,4.101041666666666,53120.0,32.82322392595861,66.74444850052677,False,True
1995-07-17 20:00:00,4.4375,4.4375,4.25,4.28125,72400,4.11875,55400.0,31.26855649983773,53.16875302876623,False,False
1995-07-18 20:00:00,4.25,4.25,4.15625,4.15625,17200,4.13125,55666.666666666664,29.075893862039354,46.39388139749538,False,True
1995-07-19 20:00:00,4.1875,4.1875,4.15625,4.15625,12400,4.14375,55946.666666666664,27.039849984083723,46.393881397495385,False,True
1995-07-20 20:00:00,4.15625,4.1875,4.125,4.125,56800,4.155208333333333,57560.0,25.425547990891918,44.74093405772947,True,True
1995-07-23 20:00:00,4.15625,4.25,4.15625,4.25,31600,4.170833333333333,58560.0,23.869110752182394,52.09347797454659,False,True
1995-07-24 20:00:00,4.21875,4.25,4.1875,4.1875,9200,4.185416666666667,57933.333333333336,22.423847601952122,48.61073845601295,False,True
1995-07-25 20:00:00,4.1875,4.21875,4.15625,4.21875,22000,4.196875,57346.666666666664,20.88012289942566,50.396425316363846,False,True
1995-07-26 20:00:00,4.25,4.25,4.21875,4.21875,4400,4.210416666666666,55520.0,19.648774331597966,50.396425316363846,False,True
1995-07-27 20:00:00,4.25,4.25,4.15625,4.15625,10000,4.221875,54786.666666666664,18.628314276468938,46.63746913582972,True,True
1995-07-30 20:00:00,4.1875,4.1875,4.03125,4.0625,22400,4.223958333333333,48746.666666666664,18.746216442155905,41.62246526539828,True,True
1995-07-31 20:00:00,4.0625,4.09375,4.0,4.03125,181600,4.223958333333333,53480.0,19.08750404457681,40.075506469536826,True,False
1995-08-01 20:00:00,4.0,4.0,4.0,4.0,8000,4.225,53253.333333333336,19.40441396111051,38.533199910301114,True,True
1995-08-02 20:00:00,4.03125,4.03125,4.03125,4.03125,12800,4.229166666666667,52733.333333333336,19.30090963163735,40.97933516343526,True,True
1995-08-03 20:00:00,4.03125,4.3125,4.03125,4.3125,39600,4.239583333333333,44626.666666666664,19.201800076305084,57.40780396685867,False,True
1995-08-06 20:00:00,4.375,4.46875,4.375,4.40625,50400,4.252083333333333,45626.666666666664,20.01230084779792,61.277037916256496,False,False
1995-08-07 20:00:00,4.5,4.53125,4.40625,4.46875,58800,4.267708333333333,46480.0,21.073392019257543,63.64795942111784,False,False
1995-08-08 20:00:00,4.5,4.5,4.4375,4.46875,26800,4.283333333333333,45693.333333333336,22.058690964184336,63.64795942111784,False,True
1995-08-09 20:00:00,4.4375,4.5,4.40625,4.40625,108400,4.297916666666667,48960.0,22.638326331772305,59.427992637617365,False,False
1995-08-10 20:00:00,4.4375,4.4375,4.375,4.375,1600,4.310416666666667,45160.0,22.840640785314605,57.379492768859976,False,True
1995-08-13 20:00:00,4.34375,4.34375,4.28125,4.28125,48000,4.316666666666666,45280.0,22.09177294623824,51.62972112280105,True,False
1995-08-14 20:00:00,4.3125,4.3125,4.28125,4.3125,24800,4.314583333333333,44986.666666666664,21.396395667095902,53.309252596412925,True,True
1995-08-15 20:00:00,4.3125,4.3125,4.21875,4.21875,62000,4.305208333333334,40746.666666666664,20.15062291899074,47.932215900616484,True,False
1995-08-16 20:00:00,4.28125,4.375,4.21875,4.21875,113200,4.294791666666667,41386.666666666664,19.50507256640075,47.932215900616484,True,False
1995-08-17 20:00:00,4.25,4.25,4.15625,4.25,17600,4.285416666666666,40333.333333333336,18.31600909888548,49.88630752065493,True,True
1995-08-20 20:00:00,4.375,4.46875,4.25,4.3125,157600,4.277083333333334,43626.666666666664,18.7298103303713,53.63420910457639,False,False
1995-08-21 20:00:00,4.28125,4.4375,4.28125,4.375,65600,4.270833333333333,43880.0,19.114054331036705,57.090202640987854,False,False
1995-08-22 20:00:00,4.4375,4.84375,4.4375,4.8125,275600,4.28125,52280.0,21.206986311360573,72.52715601797199,False,False
1995-08-23 20:00:00,4.9375,5.15625,4.9375,5.03125,223600,4.3,59053.333333333336,23.92303101666018,76.9853949756169,False,False
1995-08-24 20:00:00,5.09375,5.5625,5.09375,5.46875,330800,4.335416666666666,69013.33333333333,27.105921946720706,82.946104915213,False,False
1995-08-27 20:00:00,5.5625,5.71875,5.28125,5.53125,350000,4.370833333333334,80506.66666666667,30.254888135046322,83.59959019059683,False,False
1995-08-28 20:00:00,5.53125,5.625,5.375,5.40625,74000,4.408333333333333,80560.0,33.17892816706296,77.22591454503461,False,True
1995-08-29 20:00:00,5.4375,5.53125,5.40625,5.4375,63200,4.451041666666667,82093.33333333333,35.89410819679271,77.68397969347028,False,True
1995-08-30 20:00:00,5.46875,5.46875,5.40625,5.4375,32400,4.49375,82760.0,38.41534679582747,77.68397969347028,False,True
1995-08-31 20:00:00,5.40625,5.46875,5.34375,5.40625,58800,4.536458333333333,82826.66666666667,40.21620502178955,75.91316638450493,False,True
1995-09-04 20:00:00,5.40625,5.40625,5.375,5.375,11200,4.573958333333334,82146.66666666667,41.88843051732577,74.09425913223048,False,True
1995-09-05 20:00:00,5.40625,5.59375,5.40625,5.59375,59200,4.620833333333334,83813.33333333333,43.78739515971495,78.05759129424102,False,True
1995-09-06 20:00:00,5.65625,5.75,5.625,5.75,43600,4.671875,84533.33333333333,45.791238539371015,80.36798493670379,False,True
1995-09-07 20:00:00,5.75,5.8125,5.71875,5.8125,32000,4.725,85453.33333333333,47.74042160578618,81.21980235033087,False,True
1995-09-10 20:00:00,5.8125,5.90625,5.8125,5.875,64000,4.782291666666667,87253.33333333333,49.67794219723078,82.05816731572814,False,True
1995-09-11 20:00:00,5.84375,5.9375,5.84375,5.9375,57600,4.844791666666667,88426.66666666667,51.51882856736173,82.88115277506611,False,True
1995-09-12 20:00:00,5.9375,5.9375,5.78125,5.8125,45200,4.904166666666667,83880.0,52.63031660174037,75.42905248410204,False,True
1995-09-13 20:00:00,5.78125,6.09375,5.75,5.96875,145600,4.969791666666667,88466.66666666667,53.930074152644785,78.08194479465664,False,False
1995-09-14 20:00:00,6.0,6.0,5.96875,6.0,13200,5.035416666666666,88480.0,55.1369918784846,78.58006094892399,False,True
1995-09-17 20:00:00,6.03125,6.03125,5.90625,5.9375,39200,5.089583333333334,88466.66666666667,55.64569026871315,74.91314207330313,False,True
1995-09-18 20:00:00,5.9375,6.0,5.875,5.875,56800,5.138541666666667,88680.0,55.81326912018438,71.32857137955247,False,True
1995-09-19 20:00:00,5.90625,5.90625,5.8125,5.8125,22800,5.183333333333334,87480.0,55.363946995309576,67.83310203147023,False,True
1995-09-20 20:00:00,5.84375,5.84375,5.78125,5.8125,28400,5.228125,87533.33333333333,54.647096106964526,67.83310203147023,False,True
1995-09-21 20:00:00,5.875,5.875,5.78125,5.8125,239200,5.275,91893.33333333333,54.09597136453312,67.83310203147023,False,False
1995-09-24 20:00:00,5.84375,5.84375,5.71875,5.71875,19200,5.319791666666666,92480.0,52.960685906069855,62.12906785063906,False,True
1995-09-25 20:00:00,5.6875,5.78125,5.6875,5.71875,24800,5.367708333333334,91706.66666666667,51.60048354732341,62.12906785063905,False,True
1995-09-26 20:00:00,5.6875,5.71875,5.625,5.65625,12800,5.4125,91306.66666666667,49.73874697522915,58.336290419113325,False,True
1995-09-27 20:00:00,5.65625,5.65625,5.59375,5.625,24800,5.459375,90066.66666666667,47.71764830721076,56.47972696754607,False,True
1995-09-28 20:00:00,5.625,5.625,5.59375,5.625,12000,5.50625,86693.33333333333,45.84091382976511,56.47972696754607,False,True
1995-10-01 20:00:00,5.5625,5.5625,5.25,5.25,124000,5.539583333333334,90240.0,43.583014815333804,39.14276211194648,True,False
1995-10-02 20:00:00,5.3125,5.34375,5.1875,5.1875,44000,5.56875,86453.33333333333,41.81960169460835,37.098795833203305,True,True
1995-10-03 20:00:00,5.21875,5.3125,5.21875,5.28125,94400,5.598958333333333,87413.33333333333,40.182146653934716,41.99192472928405,True,False
1995-10-04 20:00:00,5.28125,5.34375,5.25,5.34375,26000,5.616666666666666,79093.33333333333,38.401996294323325,45.060292844424616,True,True
1995-10-05 20:00:00,5.375,5.46875,5.375,5.46875,25200,5.63125,72480.0,35.79087003332703,50.67933869190281,True,True
1995-10-08 20:00:00,5.46875,5.46875,5.34375,5.34375,24000,5.627083333333333,62253.333333333336,33.579252163424385,45.651138797295694,True,True
1995-10-09 20:00:00,5.34375,5.4375,5.34375,5.4375,30400,5.623958333333333,51600.0,31.52560699851478,49.68331552344395,True,True
1995-10-10 20:00:00,5.40625,5.53125,5.40625,5.53125,20800,5.628125,49826.666666666664,29.64472111295117,53.40606001208733,True,True
1995-10-11 20:00:00,5.625,5.75,5.625,5.75,51600,5.638541666666667,49440.0,29.209854647854662,60.71053202831473,False,False
1995-10-12 20:00:00,5.75,5.78125,5.71875,5.75,49200,5.648958333333334,50000.0,28.964050964553547,60.71053202831473,False,True
1995-10-15 20:00:00,5.78125,5.78125,5.6875,5.75,42400,5.660416666666666,49453.333333333336,28.464317523034946,60.71053202831473,False,True
1995-10-16 20:00:00,5.71875,5.71875,5.5625,5.5625,94000,5.666666666666667,52213.333333333336,26.99677646496632,51.98581223340829,True,False
1995-10-17 20:00:00,5.53125,5.59375,5.53125,5.5625,33200,5.665625,51346.666666666664,25.4021967724897,51.98581223340829,True,True
1995-10-18 20:00:00,5.5625,5.59375,5.5625,5.5625,4800,5.659375,50053.333333333336,23.921515629475692,51.9858122334083,True,True
1995-10-19 20:00:00,5.5625,5.5625,5.5,5.5,11200,5.648958333333334,49360.0,22.366689639305896,49.051077854379045,True,True
1995-10-22 20:00:00,5.53125,5.59375,5.5,5.59375,101600,5.639583333333333,50613.333333333336,20.862765895750787,53.30895837730024,True,False
1995-10-23 20:00:00,5.59375,5.59375,5.59375,5.59375,800,5.628125,48720.0,19.466265276735328,53.30895837730024,True,True
1995-10-24 20:00:00,5.625,5.625,5.5,5.5,69600,5.617708333333334,49533.333333333336,18.74613634711286,48.59862328791859,True,False
1995-10-25 20:00:00,5.5,5.53125,5.375,5.4375,74400,5.6,47160.0,18.92949994068253,45.69956405834814,True,False
1995-10-26 20:00:00,5.40625,5.4375,5.375,5.375,5200,5.579166666666667,46893.333333333336,19.09976613471151,42.94095890359863,True,True
1995-10-30 20:00:00,5.375,5.46875,5.375,5.46875,365200,5.563541666666667,57760.0,18.939293321544756,48.010504480642865,True,False
1995-10-31 20:00:00,5.5,5.5,5.15625,5.1875,214400,5.540625,63013.333333333336,20.079103776673247,37.30288512783553,True,False
1995-11-01 20:00:00,5.15625,5.1875,5.09375,5.09375,18800,5.516666666666667,62880.0,21.428567815723447,34.53776317355855,True,True
1995-11-02 20:00:00,5.09375,5.09375,4.84375,4.90625,88800,5.486458333333333,64893.333333333336,23.60738833656861,29.78275360584266,True,False
1995-11-03 20:00:00,4.9375,4.96875,4.75,4.84375,136000,5.454166666666667,61453.333333333336,25.90178298599908,28.380148916530217,True,False
1995-11-06 20:00:00,4.84375,4.84375,4.78125,4.78125,25600,5.422916666666667,61666.666666666664,28.032292303327374,27.010264400534624,True,True
1995-11-07 20:00:00,4.8125,4.8125,4.75,4.75,42800,5.390625,62266.666666666664,30.104323720068727,26.32602317968999,True,True
1995-11-08 20:00:00,4.75,4.78125,4.71875,4.78125,39200,5.361458333333333,63146.666666666664,32.12324388345859,28.282568048183478,True,True
1995-11-09 20:00:00,4.75,4.75,4.5625,4.5625,3584000,5.326041666666667,181786.66666666666,34.422425975157935,23.56493037377477,True,False
1995-11-10 20:00:00,4.53125,4.59375,4.375,4.4375,526800,5.286458333333333,198946.66666666666,36.95438877492291,21.371208991649322,True,False
1995-11-13 20:00:00,4.4375,4.53125,4.375,4.4375,167200,5.259375,200386.66666666666,39.3054970889904,21.37120899164932,True,True
1995-11-14 20:00:00,4.4375,4.5,4.4375,4.5,158800,5.236458333333333,204213.33333333334,41.48866909491021,25.398405207996046,True,True
1995-11-15 20:00:00,4.5,4.5,4.40625,4.40625,395200,5.207291666666666,214240.0,43.58348078371129,23.45760510946837,True,False
1995-11-16 20:00:00,4.40625,4.40625,4.15625,4.1875,310800,5.16875,223733.33333333334,45.9725306626461,19.678946389672763,True,False
1995-11-17 20:00:00,4.15625,4.375,4.125,4.34375,213600,5.13125,230013.33333333334,48.236652204934096,28.534343355503246,True,True
1995-11-20 20:00:00,4.375,4.40625,4.375,4.40625,122800,5.1,233306.66666666666,49.96931712503027,31.77452872443118,True,True
1995-11-21 20:00:00,4.4375,4.53125,4.4375,4.5,123200,5.06875,236400.0,50.20434591111301,36.43036928174862,True,True
1995-11-22 20:00:00,4.53125,4.53125,4.46875,4.5,149600,5.034375,240693.33333333334,50.422586926761255,36.43036928174862,True,True
1995-11-24 20:00:00,4.5,4.71875,4.46875,4.65625,228800,4.997916666666667,246600.0,48.846698062532944,43.83849597584385,True,True
1995-11-27 20:00:00,4.71875,4.75,4.625,4.6875,375200,4.9625,257466.66666666666,47.12358632091379,45.21363274904351,True,False
1995-11-28 20:00:00,4.6875,4.6875,4.625,4.625,252000,4.925,264453.3333333333,45.52355398941029,42.948617978017275,True,True
1995-11-29 20:00:00,4.625,4.65625,4.5,4.5,207600,4.889583333333333,268240.0,44.66246963944774,38.76583390335696,True,True
1995-11-30 20:00:00,4.5,4.5,4.375,4.4375,886400,4.852083333333334,296680.0,44.39133615646371,36.83421114599089,True,False
1995-12-01 20:00:00,4.46875,4.46875,4.28125,4.3125,67600,4.810416666666667,298773.3333333333,44.48766436850888,33.264234349118276,True,True
1995-12-04 20:00:00,4.34375,4.4375,4.34375,4.40625,94400,4.773958333333334,301546.6666666667,44.57711199397939,38.109152003969136,True,True
1995-12-05 20:00:00,4.4375,4.625,4.375,4.625,910400,4.741666666666666,328506.6666666667,42.989566443524666,47.65778717358102,True,False
1995-12-06 20:00:00,4.625,4.625,4.5,4.5,64800,4.705208333333333,330640.0,41.5154170038167,43.525371601510436,True,True
1995-12-07 20:00:00,4.5,4.5625,4.5,4.5625,43600,4.673958333333333,329773.3333333333,40.146563952659314,46.04455664458641,True,True
1995-12-08 20:00:00,4.53125,4.71875,4.53125,4.6875,1194400,4.648958333333334,367106.6666666667,37.62466624673416,50.774058473033534,False,False
1995-12-11 20:00:00,4.71875,4.71875,4.65625,4.6875,135600,4.626041666666667,371453.3333333333,35.282904091232226,50.77405847303352,False,True
1995-12-12 20:00:00,4.6875,4.6875,4.46875,4.5,50000,4.59375,360946.6666666667,34.23743468364311,44.05597259322246,True,True
1995-12-13 20:00:00,4.46875,4.5,4.46875,4.5,12400,4.570833333333334,354213.3333333333,33.266641662310356,44.05597259322246,True,True
1995-12-14 20:00:00,4.5,4.5,4.4375,4.46875,46800,4.55,355146.6666666667,32.54151412649533,42.95732349607256,True,True
1995-12-15 20:00:00,4.46875,4.5,4.40625,4.46875,298400,4.535416666666666,362133.3333333333,32.04619722610066,42.95732349607256,True,True
1995-12-18 20:00:00,4.46875,4.46875,4.40625,4.40625,35200,4.520833333333333,358773.3333333333,31.58626010430561,40.6083970425119,True,True
1995-12-19 20:00:00,4.40625,4.5625,4.40625,4.5625,73600,4.513541666666667,360373.3333333333,30.249867045615165,48.22982776773417,False,True
1995-12-20 20:00:00,4.625,5.15625,4.625,4.875,1021200,4.517708333333333,392986.6666666667,30.46479301426823,59.440238630383554,False,False
1995-12-21 20:00:00,4.90625,5.34375,4.90625,5.34375,366000,4.536458333333333,403880.0,31.246143438623935,69.95124582286896,False,True
1995-12-22 20:00:00,5.34375,5.75,5.34375,5.6875,386800,4.573958333333334,297306.6666666667,32.899345292465824,75.05625678057316,False,False
1995-12-26 20:00:00,5.75,6.15625,5.75,6.0,200000,4.626041666666667,286413.3333333333,35.062220228308036,78.61341826893361,False,True
1995-12-27 20:00:00,6.0,6.0,5.875,5.90625,109600,4.675,284493.3333333333,37.070604097304376,75.15097617452743,False,True
1995-12-28 20:00:00,5.875,6.03125,5.84375,6.03125,60800,4.726041666666666,281226.6666666667,38.93553197565812,76.62901638483652,False,True
1995-12-29 20:00:00,6.0,6.28125,6.0,6.25,178000,4.7875,273986.6666666667,41.00652392781842,78.9847891691568,False,True
1996-01-02 20:00:00,6.625,7.21875,6.625,7.03125,791600,4.882291666666666,290013.3333333333,43.714219442108394,84.85596089909775,False,False
1996-01-03 20:00:00,7.03125,7.03125,6.59375,6.59375,370400,4.957291666666666,295240.0,46.07328373793331,72.62043625439958,False,False
1996-01-04 20:00:00,6.53125,6.5625,6.15625,6.375,462800,5.022916666666666,306573.3333333333,46.309803441794166,67.38829571373208,False,False
1996-01-05 20:00:00,6.25,6.4375,6.15625,6.375,508000,5.085416666666666,319400.0,46.529428881093544,67.38829571373208,False,False
1996-01-08 20:00:00,6.375,7.0,6.375,6.9375,376800,5.166666666666667,326973.3333333333,47.4113280164,73.15609427414579,False,False
1996-01-09 20:00:00,6.90625,7.09375,6.5,6.65625,920800,5.233333333333333,350040.0,48.325881881232014,66.79495455004833,False,False
1996-01-10 20:00:00,6.59375,6.8125,6.5625,6.75,265600,5.302083333333333,346386.6666666667,49.1751104700046,67.80004044664906,False,True
1996-01-11 20:00:00,6.75,7.15625,6.65625,7.15625,520000,5.386458333333334,355320.0,50.30931449992433,71.78549865939115,False,False
1996-01-12 20:00:00,7.03125,7.1875,7.03125,7.09375,846400,5.472916666666666,376613.3333333333,51.39187692660587,70.34300088357789,False,False
1996-01-15 20:00:00,7.09375,7.125,7.03125,7.09375,684000,5.561458333333333,369866.6666666667,52.397113465667296,70.34300088357789,False,False
1996-01-16 20:00:00,7.03125,7.28125,7.03125,7.28125,715200,5.660416666666666,391453.3333333333,53.48811937376323,72.28097095409169,False,False
1996-01-17 20:00:00,7.28125,7.8125,7.125,7.5625,1003200,5.765625,421746.6666666667,54.93891824751933,74.92759248806922,False,False
1996-01-18 20:00:00,7.5625,7.75,7.5,7.75,604000,5.869791666666667,411533.3333333333,56.28608863029285,76.53604578441762,False,False
1996-01-19 20:00:00,7.625,9.03125,7.625,8.375,981600,5.998958333333333,442093.3333333333,58.185483584608505,80.92811737975441,False,False
1996-01-22 20:00:00,8.125,8.71875,7.71875,8.296875,655200,6.1234375,462480.0,59.94920747075876,78.93902629929697,False,False
1996-01-23 20:00:00,8.359375,8.5625,8.28125,8.5625,208000,6.252604166666667,429600.0,61.58695107932685,80.67791880414225,False,True
1996-01-24 20:00:00,8.375,8.875,8.375,8.84375,243200,6.391145833333334,433186.6666666667,63.22447994725843,82.34049333705764,False,True
1996-01-25 20:00:00,8.875,9.34375,8.71875,9.3125,1486400,6.5515625,481066.6666666667,64.89285999139581,84.70297115550775,False,False
1996-01-26 20:00:00,9.3125,9.3125,8.8125,8.96875,1113600,6.700520833333333,517773.3333333333,66.44207003238053,76.60911085982123,False,False
1996-01-29 20:00:00,9.09375,9.5625,8.96875,9.375,478000,6.8640625,532146.6666666666,67.95378921747219,79.1453766328204,False,True
1996-01-30 20:00:00,9.5,9.5,9.34375,9.375,442000,7.027604166666666,536933.3333333334,69.3575284607716,79.14537663282042,False,True
1996-01-31 20:00:00,9.375,9.84375,9.375,9.75,1095200,7.205729166666667,572266.6666666666,70.75707527248909,81.31439153236961,False,False
1996-02-01 20:00:00,9.625,9.75,9.3125,9.375,1225200,7.366145833333333,610653.3333333334,71.77582549570906,73.123997548995,False,False
1996-02-02 20:00:00,9.375,9.5,9.3125,9.375,319600,7.516145833333334,587266.6666666666,72.72180784584188,73.12399754899502,False,True
1996-02-05 20:00:00,9.3125,9.375,8.875,8.875,178000,7.633854166666667,581000.0,71.69040363238116,63.26939405022258,False,True
1996-02-06 20:00:00,8.875,9.0625,8.375,8.5625,443200,7.7296875,582880.0,69.02545394506433,58.00765573788399,False,True
1996-02-07 20:00:00,8.4375,8.5625,7.6875,8.375,380000,7.808854166666666,588880.0,64.79680409582544,55.04947512688905,False,True
1996-02-08 20:00:00,8.375,8.875,8.375,8.71875,424800,7.902604166666666,599386.6666666666,61.39906884986167,59.16132399275493,False,True
1996-02-09 20:00:00,8.90625,8.9375,8.46875,8.84375,673200,7.996354166666666,619800.0,58.34676916229415,60.57366878159696,False,False
1996-02-12 20:00:00,9.0,9.0625,8.875,9.03125,154000,8.0890625,619000.0,55.722087149321204,62.65970918826606,False,True
1996-02-13 20:00:00,9.0,9.21875,8.625,8.875,434800,8.150520833333333,607106.6666666666,52.65860308209415,59.819298716775485,False,True
1996-02-14 20:00:00,8.9375,9.0625,8.8125,8.9375,110400,8.228645833333333,598440.0,49.81393930538332,60.588882928687795,False,True
1996-02-15 20:00:00,8.8125,9.3125,8.8125,9.125,364800,8.3203125,595173.3333333334,47.652941817611634,62.88549801185129,False,True
1996-02-16 20:00:00,9.125,9.375,9.015625,9.1875,174800,8.4140625,584066.6666666666,45.763247828844044,63.64597383588898,False,True
1996-02-20 20:00:00,9.125,9.125,8.625,8.8125,232800,8.4765625,579266.6666666666,42.96546162525112,56.20465376292968,False,True
1996-02-21 20:00:00,9.0,9.0,8.6875,8.75,192800,8.546354166666667,555000.0,40.36751729334342,55.04943209722617,False,True
1996-02-22 20:00:00,8.875,8.875,8.6875,8.8125,383200,8.615104166666667,558920.0,37.95514041371484,56.02286202431968,False,True
1996-02-23 20:00:00,8.875,8.9375,8.4375,8.8125,218400,8.6703125,548866.6666666666,35.44193111352676,56.022862024319686,False,True
1996-02-26 20:00:00,8.3125,8.5625,8.3125,8.5,212000,8.7171875,527720.0,33.421927418354166,49.77258739643079,True,True
1996-02-27 20:00:00,8.375,8.4375,7.875,7.9375,211600,8.7453125,511973.3333333333,32.51093407746247,40.92240626289758,True,True
1996-02-28 20:00:00,8.0625,8.0625,7.9375,8.0625,638800,8.771354166666667,509426.6666666667,31.665011689491614,43.33374712896646,True,False
1996-02-29 20:00:00,8.0,8.0,7.75,8.0,159200,8.7859375,481293.3333333333,31.261630318375236,42.4018346143096,True,True
1996-03-01 20:00:00,7.9375,8.1875,7.8125,7.875,316800,8.790104166666667,471720.0,30.277638599375482,40.52474970007856,True,True
1996-03-04 20:00:00,7.8125,7.9375,7.5,7.5625,137200,8.763020833333334,443573.3333333333,30.002552490898932,36.2091398834853,True,True
1996-03-05 20:00:00,7.5625,7.9375,7.5625,7.78125,1022400,8.745833333333334,455813.3333333333,29.74711539017071,40.949669732953225,True,False
1996-03-06 20:00:00,7.8125,7.84375,7.5625,7.8125,321200,8.720833333333333,459586.6666666667,29.50992379663736,41.61715293497919,True,True
1996-03-07 20:00:00,8.0,8.3125,7.8125,8.3125,147200,8.703125,456386.6666666667,27.765857066081388,51.13466720402435,True,True
1996-03-08 20:00:00,8.0,8.25,7.5625,7.6875,447200,8.648958333333333,421746.6666666667,26.745332849987555,41.932611225570746,True,False
1996-03-11 20:00:00,7.625,8.125,7.625,8.125,436400,8.620833333333334,399173.3333333333,25.797703220757565,48.86904247671322,True,False
1996-03-12 20:00:00,8.1875,8.1875,7.8125,7.8125,292800,8.56875,393000.0,24.715300319449764,44.75644659820996,True,True
1996-03-13 20:00:00,7.875,8.0625,7.796875,7.875,95600,8.51875,381453.3333333333,23.752846813547816,45.73995268803851,True,True
1996-03-14 20:00:00,8.0,8.125,7.75,8.125,187600,8.464583333333334,351200.0,22.636895576506998,49.60477482835021,True,True
1996-03-15 20:00:00,8.0,8.1875,8.0,8.0625,180800,8.420833333333333,316386.6666666667,21.374812143744688,48.671417311516755,True,True
1996-03-18 20:00:00,8.25,8.25,8.0625,8.09375,273200,8.378125,314840.0,19.973981791987008,49.18624338961224,True,True
1996-03-19 20:00:00,8.1875,8.25,8.0625,8.25,136400,8.357291666666667,313453.3333333333,18.673210751069167,51.78995846998231,True,True
1996-03-20 20:00:00,8.25,8.25,8.0,8.03125,50400,8.339583333333334,300360.0,17.705298624442808,48.07587172949784,True,True
1996-03-21 20:00:00,8.0,8.0,7.6875,7.71875,368400,8.317708333333334,299973.3333333333,17.860326304136706,43.29872846650037,True,False
1996-03-22 20:00:00,7.5,7.5,7.125,7.3125,251200,8.270833333333334,294186.6666666667,19.329836121289674,38.010900772140445,True,True
1996-03-25 20:00:00,7.3125,7.3125,7.125,7.15625,260400,8.214583333333334,280426.6666666667,20.694380951503145,36.18073321928718,True,True
1996-03-26 20:00:00,7.125,7.3125,6.875,6.875,141200,8.142708333333333,280000.0,22.430472317974324,33.09211386591984,True,True
1996-03-27 20:00:00,7.0625,7.375,6.875,7.25,373600,8.088541666666666,277960.0,23.753463789400772,40.39797570118835,True,False
1996-03-28 20:00:00,7.3125,7.3125,7.15625,7.3125,18400,8.034375,274893.3333333333,24.981955870011046,41.543645091134586,True,True
1996-03-29 20:00:00,7.125,7.3125,7.0,7.125,103600,7.967708333333333,266186.6666666667,26.438479244011052,39.11456021899273,True,True
1996-04-01 20:00:00,7.0,7.1875,6.8125,6.875,111600,7.890625,264080.0,28.135191587265204,36.084944460636336,True,True
1996-04-02 20:00:00,6.8125,7.0,6.8125,6.8125,312800,7.823958333333334,266746.6666666667,29.71071019171549,35.347827310104215,True,False
1996-04-03 20:00:00,6.5,6.53125,6.125,6.46875,1030800,7.747916666666667,294680.0,32.14425560226469,31.532621854733982,True,False
1996-04-04 20:00:00,6.40625,6.9375,6.40625,6.75,1099200,7.679166666666666,318546.6666666667,32.67346631060876,37.47853872977818,True,False
1996-04-07 20:00:00,6.8125,6.875,6.71875,6.75,236400,7.610416666666667,319146.6666666667,33.16487625407111,37.47853872977818,True,True
1996-04-08 20:00:00,6.75,6.9375,6.75,6.8125,121600,7.554166666666666,316133.3333333333,33.36485852788182,38.8472380928304,True,True
1996-04-09 20:00:00,6.8125,6.8125,6.375,6.375,302000,7.502083333333333,319146.6666666667,34.20226479252386,33.344423483725386,True,True
1996-04-10 20:00:00,6.375,6.375,5.9375,6.125,360400,7.4375,309866.6666666667,35.575392245254065,30.670821372078755,True,False
1996-04-11 20:00:00,5.875,6.125,5.78125,6.0625,841600,7.372916666666667,332613.3333333333,37.03399392385672,30.02271218530779,True,False
1996-04-14 20:00:00,6.125,6.15625,6.0,6.125,278800,7.314583333333333,331346.6666666667,38.257545996031645,31.57972528977738,True,True
1996-04-15 20:00:00,6.125,6.3125,6.09375,6.3125,516400,7.272916666666666,343986.6666666667,38.738745357683854,36.16829707819491,True,False
1996-04-16 20:00:00,6.3125,6.3125,6.1875,6.3125,335600,7.223958333333333,321093.3333333333,39.1855733363609,36.16829707819492,True,False
1996-04-17 20:00:00,6.46875,6.875,6.4375,6.8125,1624000,7.190625,364520.0,37.54021864107872,47.13338921521616,True,False
1996-04-18 20:00:00,6.90625,7.8125,6.90625,7.625,1150800,7.167708333333334,397973.3333333333,35.88804108292203,59.35267610127859,False,False
1996-04-21 20:00:00,7.6875,7.9375,7.5,7.8125,340000,7.171875,394400.0,34.57643832162236,61.56069364659123,False,True
1996-04-22 20:00:00,7.875,7.875,7.375,7.625,115600,7.155208333333333,383706.6666666667,33.041825259835626,58.15843033566062,False,True
1996-04-23 20:00:00,7.625,7.75,7.4375,7.5625,320800,7.146875,384640.0,31.61682741674795,57.027049678241745,False,True
1996-04-24 20:00:00,7.4375,7.625,6.9375,7.5,592800,7.134375,401213.3333333333,29.6265250038451,55.856857330771994,False,False
1996-04-25 20:00:00,7.5625,8.25,7.4375,7.875,258000,7.126041666666667,403560.0,28.48003809850124,61.02462085618803,False,True
1996-04-28 20:00:00,8.0625,8.4375,7.875,8.1875,340000,7.130208333333333,408866.6666666667,27.731486792210365,64.73012066339004,False,True
1996-04-29 20:00:00,8.1875,8.3125,7.875,8.03125,118400,7.128125,403706.6666666667,27.03640343636884,61.577766068213116,False,True
1996-04-30 20:00:00,8.0,8.0,7.78125,7.78125,74400,7.1125,401640.0,26.14795659688372,56.810575615751155,False,True
1996-05-01 20:00:00,7.78125,7.9375,7.5625,7.75,169600,7.103125,405613.3333333333,24.769992907957498,56.22462657279655,False,True
1996-05-02 20:00:00,7.75,7.75,7.5625,7.75,34000,7.104166666666667,394466.6666666667,23.49045519681172,56.22462657279655,False,True
1996-05-05 20:00:00,7.5625,7.75,7.0625,7.234375,118000,7.1015625,390026.6666666667,22.482071159123556,46.956718635373626,False,True
1996-05-06 20:00:00,7.3125,7.3125,7.125,7.21875,61600,7.103645833333333,383400.0,21.54571455269883,46.70547580594221,False,True
1996-05-07 20:00:00,7.3125,7.3125,6.8125,7.0625,214400,7.109895833333334,385840.0,21.31822602363984,44.16088260080864,True,True
1996-05-08 20:00:00,6.9375,7.0625,6.9375,7.03125,58800,7.102604166666667,375346.6666666667,21.106986675227922,43.64868632206995,True,True
1996-05-09 20:00:00,6.9375,7.1875,6.9375,7.125,1638400,7.096354166666667,429346.6666666667,20.538983238249067,45.684004701383046,False,False
1996-05-12 20:00:00,7.25,7.75,7.0625,7.5625,227600,7.1109375,433480.0,19.552372903349415,54.028636180390734,False,True
1996-05-13 20:00:00,8.0,8.125,7.75,8.0625,420800,7.150520833333333,443786.6666666667,19.382516785507285,61.33886045223039,False,True
1996-05-14 20:00:00,8.28125,8.5625,8.1875,8.375,674800,7.202604166666666,455853.3333333333,19.954680156888834,65.07672047520921,False,False
1996-05-15 20:00:00,8.3125,8.4375,8.25,8.375,246400,7.266145833333334,429706.6666666667,20.485974716028842,65.0767204752092,False,True
1996-05-16 20:00:00,8.40625,8.4375,8.25,8.25,230400,7.316145833333334,400746.6666666667,20.979319663801707,62.283219701014914,False,True
1996-05-19 20:00:00,8.375,8.4375,8.25,8.4375,215600,7.372395833333333,400053.3333333333,21.437425686733654,64.72899689469055,False,True
1996-05-20 20:00:00,8.5,8.875,8.3125,8.65625,937600,7.433854166666666,427253.3333333333,22.600938691200778,67.38614571285146,False,False
1996-05-21 20:00:00,8.65625,8.6875,8.5625,8.65625,68400,7.509895833333333,419466.6666666667,23.68134362392025,67.38614571285146,False,True
1996-05-22 20:00:00,8.8125,8.875,8.6875,8.734375,232800,7.596875,415213.3333333333,24.978452054645913,68.37303166381872,False,True
1996-05-23 20:00:00,8.75,8.96875,8.71875,8.8125,192000,7.688541666666667,393560.0,26.3256189877213,69.37114594999477,False,True
1996-05-27 20:00:00,8.875,9.0625,8.78125,8.875,221600,7.780208333333333,391653.3333333333,27.719672379865873,70.1818785882782,False,True
1996-05-28 20:00:00,8.8125,8.8125,8.25,8.34765625,437200,7.848046875,389013.3333333333,27.151663962973952,56.57471129349687,False,False
1996-05-29 20:00:00,8.375,8.5625,8.3125,8.375,56000,7.916796875,379693.3333333333,26.624227575860026,57.039823510391564,False,True
1996-05-30 20:00:00,8.5625,8.5625,8.375,8.5625,124000,7.975130208333334,329693.3333333333,26.134465216397093,60.188657308862894,False,True
1996-06-02 20:00:00,8.375,8.5625,8.375,8.46875,63600,8.003255208333334,293453.3333333333,25.679685882610084,57.90336290301168,False,True
1996-06-03 20:00:00,8.5625,8.5625,8.375,8.46875,145600,8.025130208333334,286973.3333333333,25.25739078695072,57.90336290301168,False,True
1996-06-04 20:00:00,8.5625,9.125,8.375,8.75,781200,8.062630208333333,309160.0,26.09854962783581,62.81559580830491,False,False
1996-06-05 20:00:00,8.75,9.375,8.75,9.0,555600,8.110546875,316986.6666666667,27.29962622157522,66.55184531273235,False,False
1996-06-06 20:00:00,8.53125,8.859375,8.28125,8.78125,252000,8.153255208333333,305626.6666666667,26.795420135394203,60.79559231490798,False,True
1996-06-09 20:00:00,8.75,8.8125,8.5,8.5,79600,8.174088541666666,299680.0,26.327228769654685,54.293451430878214,False,True
1996-06-10 20:00:00,8.4375,9.125,8.4375,9.0,803200,8.201171875,315120.0,26.514944900276216,62.06171767581851,False,False
1996-06-11 20:00:00,8.8125,9.8125,8.8125,9.4375,745200,8.248046875,336013.3333333333,27.73275880811918,67.29893200278224,False,False
1996-06-12 20:00:00,9.59375,9.75,9.375,9.4375,1277200,8.303255208333333,376106.6666666667,28.863586008259073,67.29893200278224,False,False
1996-06-13 20:00:00,9.375,9.6875,9.375,9.5,208000,8.361588541666666,377386.6666666667,29.913639836960403,68.03012981404274,False,True
1996-06-16 20:00:00,9.71875,9.8125,9.0625,9.140625,444400,8.407942708333334,391066.6666666667,29.81670507072801,59.75625666741077,False,False
1996-06-17 20:00:00,9.1875,9.3125,8.8125,8.9375,376800,8.464713541666667,399693.3333333333,28.968012777642524,55.637418493826154,False,True
1996-06-18 20:00:00,8.8125,8.8125,8.5,8.53125,337600,8.508463541666666,408893.3333333333,27.33679661826488,48.4452878899501,False,True
1996-06-19 20:00:00,8.5,8.5,7.53125,8.15625,199200,8.544921875,408386.6666666667,26.84489200929141,42.92880843191449,True,True
1996-06-20 20:00:00,8.3125,8.625,8.25,8.5,145600,8.593880208333333,411280.0,26.09876531433873,48.69592164340201,True,True
1996-06-23 20:00:00,8.75,9.125,8.5625,9.0,415200,8.656380208333333,370506.6666666667,24.353817128206742,55.70705286783759,False,False
1996-06-24 20:00:00,9.0625,9.0625,8.625,8.625,235200,8.691796875,370760.0,22.73350809822704,50.16945361333741,True,True
1996-06-25 20:00:00,8.84375,8.84375,8.5625,8.5625,92400,8.708463541666667,359813.3333333333,21.355463445642695,49.2900185939924,True,True
1996-06-26 20:00:00,8.8125,9.0625,8.8125,9.0,464000,8.729296875,352786.6666666667,20.054094943564444,55.2088903382285,False,False
1996-06-27 20:00:00,9.125,9.96875,9.0625,9.640625,1328800,8.771484375,388866.6666666667,20.37468312808519,62.17154142005247,False,False
1996-06-30 20:00:00,9.75,9.8125,9.25,9.8125,1394400,8.823567708333334,427666.6666666667,20.672372156568745,63.79751937001629,False,False
1996-07-01 20:00:00,9.625,9.84375,9.28125,9.5625,303600,8.861067708333334,430600.0,20.99601489688634,59.77300851676769,False,True
1996-07-02 20:00:00,9.4375,9.6875,9.25,9.5625,312800,8.891276041666666,409773.3333333333,21.21295698014567,59.77300851676769,False,True
1996-07-04 20:00:00,9.4375,9.5625,9.25,9.375,79200,8.915234375,410133.3333333333,21.414403200315046,56.66382858676949,False,True
1996-07-07 20:00:00,9.5625,10.1875,9.5625,10.15625,866400,8.962630208333334,431253.3333333333,22.568206887337567,64.86466701603953,False,False
1996-07-08 20:00:00,10.25,10.4375,9.9375,10.34375,678000,9.013671875,447453.3333333333,23.95745131084445,66.50302653775503,False,False
1996-07-09 20:00:00,10.4375,10.4375,9.9375,10.125,1336800,9.055338541666666,484626.6666666667,25.247463989815127,62.822485027383394,False,False
1996-07-10 20:00:00,10.1875,10.1875,9.1875,9.625,2681600,9.097916666666666,559440.0,24.429564137830173,55.29022517001172,False,False
1996-07-11 20:00:00,9.4375,9.875,9.4375,9.6875,264800,9.141666666666667,566400.0,23.67008570384414,56.000381222839,False,True
1996-07-14 20:00:00,9.875,9.875,9.25,9.25,786000,9.164583333333333,588466.6666666666,22.522052770719064,50.01201457621789,False,False
1996-07-15 20:00:00,9.25,9.25,8.125,9.15625,488800,9.1875,602640.0,22.371622611245378,48.8075817266341,True,True
1996-07-16 20:00:00,9.1875,10.125,9.0,9.90625,542800,9.235416666666667,615880.0,20.85525023883898,57.60403228370373,False,True
1996-07-17 20:00:00,10.0625,10.1875,9.9375,10.0625,304000,9.279166666666667,599973.3333333334,19.543115102930138,59.1778036299875,False,True
1996-07-18 20:00:00,10.0625,10.0625,9.9375,9.9375,99200,9.310416666666667,584760.0,18.324703905300503,57.34388990302703,False,True
1996-07-21 20:00:00,9.9375,9.9375,9.5625,9.625,94800,9.338541666666666,579520.0,17.470502455927495,52.92788740351764,False,True
1996-07-22 20:00:00,9.75,9.9375,9.375,9.375,86000,9.367708333333333,579733.3333333334,16.974524400691475,49.63480106921017,False,True
1996-07-23 20:00:00,8.9375,9.25,8.5625,9.0,172800,9.367708333333333,558720.0,17.611674946665516,45.10177578845663,True,True
1996-07-24 20:00:00,9.25,9.5625,9.25,9.375,182000,9.365625,539946.6666666666,17.60605593254747,50.01767523519419,False,True
1996-07-25 20:00:00,9.40625,9.6875,9.375,9.625,334000,9.371875,508506.6666666667,17.36732646552871,53.03689627825423,False,True
1996-07-28 20:00:00,9.6875,9.9375,9.4375,9.46875,525200,9.370833333333334,519080.0,16.68432733766799,50.96478371492804,False,False
1996-07-29 20:00:00,9.4375,9.65625,9.25,9.25,120000,9.374479166666667,508266.6666666667,16.337628035745585,48.12972941228861,True,True
1996-07-30 20:00:00,9.40625,9.5625,9.25,9.5625,171200,9.3953125,501413.3333333333,16.01569296967478,52.21888920157698,False,True
1996-07-31 20:00:00,9.5625,9.625,9.125,9.625,393200,9.431770833333333,503266.6666666667,15.922404567426806,53.01665277270777,False,True
1996-08-01 20:00:00,9.625,9.8125,9.5625,9.75,796800,9.484895833333333,523186.6666666667,15.42523138046081,54.64757463849138,False,False
1996-08-04 20:00:00,9.8125,9.8125,9.5625,9.75,51600,9.5265625,520053.3333333333,14.963570563992382,54.64757463849138,False,True
1996-08-05 20:00:00,9.5625,9.75,9.5625,9.6875,6400,9.549479166666666,506426.6666666667,14.534885520128844,53.56926311860588,False,True
1996-08-06 20:00:00,9.75,9.75,9.5625,9.625,44400,9.5828125,500066.6666666667,14.136820836541274,52.454605065790915,False,True
1996-08-07 20:00:00,9.5625,10.4375,9.5625,10.4375,447600,9.6453125,511906.6666666667,14.029111870534424,63.18046881140834,False,True
1996-08-08 20:00:00,10.3125,10.875,10.28125,10.71875,292000,9.702604166666667,506173.3333333333,14.675244364168867,66.03666472615033,False,True
1996-08-11 20:00:00,10.8125,11.0,10.375,10.375,446400,9.727083333333333,476760.0,15.470187292659887,59.918699847962095,False,True
1996-08-12 20:00:00,10.5625,10.5625,10.0625,10.09375,78400,9.736458333333333,432893.3333333333,15.424773465937692,55.396606548544284,False,True
1996-08-13 20:00:00,10.0625,10.4375,10.0625,10.1875,350400,9.757291666666667,434453.3333333333,15.382603483981368,56.57312605991961,False,True
1996-08-14 20:00:00,10.25,10.25,10.0625,10.25,122000,9.780208333333333,428093.3333333333,15.343445643593354,57.38024147439656,False,True
1996-08-15 20:00:00,10.0625,10.34375,10.0625,10.34375,390000,9.8125,438453.3333333333,15.499554065075442,58.62251465559745,False,True
1996-08-18 20:00:00,10.34375,10.5,10.28125,10.5,279600,9.823958333333334,418893.3333333333,15.961063159104114,60.67962329297334,False,True
1996-08-19 20:00:00,10.3125,10.4375,10.0625,10.25,308400,9.820833333333333,406573.3333333333,15.736714170617386,55.891720964126776,False,True
1996-08-20 20:00:00,10.25,10.25,10.0,10.0,199200,9.816666666666666,368653.3333333333,15.346744708214798,51.51433177966821,False,True
1996-08-21 20:00:00,10.125,10.84375,10.125,10.8125,220800,9.85625,286626.6666666667,16.185592475795964,61.945665771535865,False,True
1996-08-22 20:00:00,10.875,10.96875,10.5625,10.75,621200,9.891666666666667,298506.6666666667,17.176764173748982,60.86097314258569,False,False
1996-08-25 20:00:00,10.625,10.71875,10.53125,10.625,682400,9.9375,295053.3333333333,17.996309475607184,58.64904316676003,False,False
1996-08-26 20:00:00,10.375,10.5625,10.375,10.46875,145200,9.98125,283600.0,18.24993758883033,55.91349829175507,False,True
1996-08-27 20:00:00,10.375,10.625,10.375,10.5,351200,10.001041666666667,277213.3333333333,18.615635870283835,56.3519906538662,False,False
1996-08-28 20:00:00,10.5625,10.5625,10.0,10.03125,75200,10.0,269586.6666666667,17.805046938093934,48.551297771469976,False,True
1996-08-29 20:00:00,10.125,10.1875,9.875,10.15625,220000,10.007291666666667,273613.3333333333,16.70943382438526,50.51837445958516,False,True
1996-09-02 20:00:00,10.0,10.0,9.5625,9.875,231200,10.015625,278160.0,16.12681707496756,46.2350100384994,True,True
1996-09-03 20:00:00,9.875,9.875,9.5625,9.625,62800,10.023958333333333,277386.6666666667,15.58581580765112,42.76407193103786,True,True
1996-09-04 20:00:00,9.625,9.65625,9.25,9.25,173600,10.032291666666667,277413.3333333333,15.80778948190535,38.138974678927596,True,True
1996-09-05 20:00:00,9.25,9.90625,9.25,9.90625,313600,10.05,281800.0,15.27457205302089,48.61308403018148,True,False
1996-09-08 20:00:00,9.9375,10.25,9.875,10.25,168000,10.070833333333333,276266.6666666667,14.472650639282,53.0932434447106,False,True
1996-09-09 20:00:00,10.234375,10.25,10.125,10.125,34400,10.092708333333333,259906.66666666666,13.72800932652446,51.34036478715384,False,True
1996-09-10 20:00:00,10.1875,10.1875,9.625,9.875,566000,10.113541666666666,274773.3333333333,13.660235942224153,47.93195049770767,True,False
1996-09-11 20:00:00,10.15625,10.34375,10.15625,10.3125,412800,10.138541666666667,282826.6666666667,13.181498113361402,53.72210029864035,False,False
1996-09-12 20:00:00,10.5,10.875,10.5,10.75,426000,10.176041666666666,283920.0,12.957356623849629,58.6715029449675,False,False
1996-09-15 20:00:00,10.875,10.875,10.6875,10.78125,202400,10.210416666666667,264106.6666666667,12.749225240731553,59.00873366398163,False,True
1996-09-16 20:00:00,10.875,11.84375,10.875,11.375,806800,10.264583333333333,289280.0,14.172544698180095,64.8734996064907,False,False
1996-09-17 20:00:00,11.5625,11.75,11.25,11.625,578800,10.329166666666667,308360.0,15.4941984800966,67.01351297136263,False,False
1996-09-18 20:00:00,11.625,12.25,11.4375,12.0625,786800,10.410416666666666,333106.6666666667,17.350869791697065,70.41083730441919,False,False
1996-09-19 20:00:00,12.09375,12.25,12.03125,12.1875,852400,10.46875,346600.0,19.074921723897493,71.31970607245262,False,False
1996-09-22 20:00:00,12.09375,12.09375,11.65625,11.6875,161600,10.501041666666667,342253.3333333333,19.642845932964356,62.985677520849535,False,True
1996-09-23 20:00:00,11.78125,11.8125,11.5625,11.5625,220800,10.540625,334733.3333333333,19.927206986157437,61.06453670988093,False,True
1996-09-24 20:00:00,11.5,11.5,11.25,11.25,91600,10.579166666666667,335173.3333333333,19.416778364147998,56.43053438290413,False,True
1996-09-25 20:00:00,11.375,11.75,11.25,11.5625,547600,10.625,341746.6666666667,19.38048783285444,59.722213273441724,False,False
1996-09-26 20:00:00,11.5625,11.9375,11.4375,11.9375,322800,10.68125,348440.0,19.65781492805201,63.30490300110812,False,True
1996-09-29 20:00:00,11.9375,12.4375,11.875,12.375,322400,10.748958333333333,346186.6666666667,20.64764467065382,66.99360190756565,False,True
1996-09-30 20:00:00,12.4375,12.59375,12.25,12.59375,305600,10.81875,347053.3333333333,21.771108925781466,68.68842646400782,False,True
1996-10-01 20:00:00,12.4375,12.625,12.3125,12.5,180800,10.89375,342800.0,22.85605624587111,67.09824862389198,False,True
1996-10-02 20:00:00,12.5,12.5,12.3125,12.3125,41600,10.970833333333333,337546.6666666667,23.863507328811494,63.911444000450956,False,True
1996-10-03 20:00:00,12.1875,12.3125,11.90625,11.90625,136000,11.007291666666667,334720.0,23.609319003034734,57.53533562508855,False,True
1996-10-06 20:00:00,12.0625,12.0625,11.6875,11.6875,79600,11.038541666666667,316666.6666666667,22.807226034805613,54.3888461957892,False,True
1996-10-07 20:00:00,11.6875,12.25,11.6875,12.0,264400,11.084375,302733.3333333333,22.421169800002694,57.928541183694115,False,True
1996-10-08 20:00:00,11.9375,12.1875,11.5625,11.5625,163600,11.120833333333334,303346.6666666667,21.731223874972546,51.86055402004601,False,True
1996-10-09 20:00:00,11.5,11.5625,11.1875,11.1875,207200,11.14375,298546.6666666667,20.179512052838508,47.28817225883089,False,True
1996-10-10 20:00:00,11.1875,11.65625,10.9375,11.625,627200,11.196875,316946.6666666667,19.27565385965183,52.544945911662175,False,False
1996-10-13 20:00:00,11.75,12.0,11.5625,11.96875,330800,11.257291666666667,320640.0,18.130723031910616,56.23778065875178,False,False
1996-10-14 20:00:00,12.0625,12.0625,11.59375,11.625,395200,11.315625,326106.6666666667,17.200530567801056,51.889278257501424,False,False
1996-10-15 20:00:00,11.5,11.90625,11.5,11.75,150800,11.386458333333334,329040.0,16.110489374016268,53.30327988038044,False,True
1996-10-16 20:00:00,11.75,11.9375,11.0625,11.125,398000,11.448958333333334,336520.0,15.779052979979483,46.020255713890805,True,False
1996-10-17 20:00:00,11.1875,11.375,10.9375,11.0625,271200,11.4875,335106.6666666667,15.71729323669496,45.352914870115534,True,True
1996-10-20 20:00:00,11.0625,11.0625,10.3125,10.6875,456800,11.502083333333333,344733.3333333333,16.712547947801333,41.46745854552137,True,False
1996-10-21 20:00:00,10.75,10.75,9.65625,10.3125,790800,11.508333333333333,369946.6666666667,18.45965048997979,37.96476437962152,True,False
1996-10-22 20:00:00,10.1875,10.1875,9.75,10.125,176000,11.516666666666667,356946.6666666667,20.081959993431212,36.313132700561425,True,True
1996-10-23 20:00:00,10.1875,11.0625,10.1875,10.90625,472800,11.536458333333334,358946.6666666667,19.550747676231854,46.714991947134855,True,False
1996-10-24 20:00:00,10.9375,11.0625,10.375,10.5625,238800,11.530208333333333,352706.6666666667,19.057479095975307,43.35930988007559,True,True
1996-10-28 20:00:00,10.4375,10.625,9.5625,9.71875,637600,11.494791666666666,367213.3333333333,19.714614834364827,36.440055185420384,True,False
1996-10-29 20:00:00,9.6875,10.0,9.59375,9.875,293200,11.444791666666667,350093.3333333333,20.32481230572652,38.400458197690455,True,True
1996-10-30 20:00:00,10.0625,10.0625,9.8125,10.0,73600,11.390625,333253.3333333333,20.747646380972327,39.99495726464581,True,True
1996-10-31 20:00:00,10.0,10.3125,10.0,10.125,434400,11.326041666666667,321506.6666666667,20.569251945907677,41.62229789269729,True,False
1996-11-01 20:00:00,10.0625,10.1875,10.0,10.0625,494000,11.255208333333334,309560.0,20.4035999704905,41.02323106945115,True,False
1996-11-04 20:00:00,10.1875,10.1875,9.75,9.9375,468800,11.196875,319800.0,20.64928474654442,39.789742792295264,True,False
1996-11-05 20:00:00,9.9375,10.0,9.75,9.8125,204800,11.138541666666667,319266.6666666667,20.87742061002306,38.541724393308535,True,True
1996-11-06 20:00:00,10.0,10.5,10.0,10.1875,353600,11.103125,328000.0,19.877722981169494,44.19652195670459,True,False
1996-11-07 20:00:00,10.3125,10.6875,10.21875,10.3125,352800,11.061458333333333,321506.6666666667,18.54929991214618,45.9807432761582,True,False
1996-11-08 20:00:00,10.25,10.6875,10.25,10.5625,414000,11.015625,324546.6666666667,17.315764205195958,49.46113119574347,True,False
1996-11-11 20:00:00,10.53125,10.5625,10.25,10.4375,168000,10.951041666666667,319400.0,16.170338191599324,47.80274168595238,True,True
1996-11-12 20:00:00,10.4375,11.0625,10.4375,10.71875,574800,10.888541666666667,328373.3333333333,15.999052054093951,51.724797777750354,True,False
1996-11-13 20:00:00,10.75,10.875,10.5625,10.6875,86400,10.828125,325226.6666666667,15.840000640696106,51.263883895510254,True,True
1996-11-14 20:00:00,10.6875,10.6875,10.0625,10.15625,100800,10.75625,327200.0,14.91962242293616,44.07378390386485,True,True
1996-11-15 20:00:00,10.0625,10.15625,9.8125,10.125,537600,10.696875,340586.6666666667,14.573490683389062,43.68563546558962,True,False
1996-11-18 20:00:00,10.125,10.34375,10.125,10.3125,96800,10.651041666666666,341160.0,13.812286027962594,46.717686536195934,True,True
1996-11-19 20:00:00,10.4375,10.6875,10.1875,10.5,362800,10.601041666666667,344440.0,13.284152954414832,49.63784432453099,True,False
1996-11-20 20:00:00,10.5,10.6875,9.8125,10.0625,632000,10.551041666666666,360053.3333333333,12.672064954982734,43.62937673052142,True,False
1996-11-21 20:00:00,10.03125,10.03125,9.6875,9.9375,162800,10.509375,358573.3333333333,12.350050501157863,42.06275146083679,True,True
1996-11-22 20:00:00,9.875,9.9375,9.8125,9.8125,133200,10.448958333333334,342106.6666666667,12.051037079749054,40.49675413090851,True,True
1996-11-25 20:00:00,9.9375,9.9375,9.625,9.6875,124800,10.372916666666667,335240.0,12.161967497551649,38.935672190591866,True,True
1996-11-26 20:00:00,9.625,9.8125,9.125,9.3125,264000,10.295833333333333,330866.6666666667,13.162175167964174,34.623621003863214,True,True
1996-11-27 20:00:00,9.25,9.25,8.875,9.125,351600,10.208333333333334,337560.0,14.473835107322058,32.67508834655578,True,False
1996-11-29 20:00:00,9.1875,9.5625,9.0625,9.5,224400,10.154166666666667,331773.3333333333,14.855383540714312,39.95351444125438,True,True
1996-12-02 20:00:00,9.5625,9.6875,9.4375,9.5,959200,10.102083333333333,354706.6666666667,14.893575505545243,39.95351444125437,True,False
1996-12-03 20:00:00,9.5625,10.6875,9.5,9.84375,917200,10.073958333333334,370053.3333333333,14.720091053984769,46.14338470058194,True,False
1996-12-04 20:00:00,9.9375,10.6875,9.9375,10.359375,769600,10.075520833333334,369346.6666666667,14.558998348964327,53.83143583349117,False,False
1996-12-05 20:00:00,10.59375,10.65625,10.1875,10.46875,856400,10.086979166666667,392026.6666666667,14.40941226573106,55.28943133568176,False,False
1996-12-06 20:00:00,10.0,10.6875,10.0,10.625,654400,10.077604166666667,398080.0,13.840683431318084,57.36101881923239,False,False
1996-12-09 20:00:00,10.625,10.625,9.875,10.125,373200,10.063020833333333,402560.0,13.031300972566582,49.463156258779314,False,True
1996-12-10 20:00:00,10.25,10.6875,10.25,10.375,242400,10.084895833333333,389386.6666666667,12.415735609914469,52.95130491840977,False,True
1996-12-11 20:00:00,10.375,10.9375,10.375,10.9375,648000,10.1203125,401213.3333333333,12.373983650660193,59.69254042352992,False,False
1996-12-12 20:00:00,11.125,11.25,10.8125,11.0,215600,10.153645833333334,405946.6666666667,12.930887958344162,60.37195788868851,False,True
1996-12-13 20:00:00,11.0,12.125,10.6875,11.875,734400,10.211979166666667,415946.6666666667,14.713405270162921,68.4020850765938,False,False
1996-12-16 20:00:00,12.0,12.1875,11.3125,11.375,1020400,10.255729166666667,433493.3333333333,16.44306566897524,60.81807171793591,False,False
1996-12-17 20:00:00,11.25,12.0,10.875,11.75,681600,10.316145833333334,440586.6666666667,16.934624084876532,64.0384990616241,False,False
1996-12-18 20:00:00,11.8125,13.21875,11.6875,12.25,2007200,10.397395833333333,500666.6666666667,18.7713658179251,67.83461817570137,False,False
1996-12-19 20:00:00,12.3125,13.125,12.3125,12.65625,1453200,10.4796875,537320.0,20.476911712898772,70.55437945008673,False,False
1996-12-20 20:00:00,12.75,12.75,12.375,12.5,176800,10.552604166666667,531453.3333333334,22.060632901088606,68.16696738909866,False,True
1996-12-23 20:00:00,12.5,12.8125,12.25,12.65625,253600,10.622395833333334,526106.6666666666,23.212564863417747,69.28620319959272,False,True
1996-12-24 20:00:00,12.78125,12.8125,12.625,12.625,74000,10.6953125,522973.3333333333,24.2822159712948,68.76545404098408,False,True
1996-12-26 20:00:00,12.875,12.875,12.375,12.4375,156800,10.752604166666666,509040.0,24.607855652794683,65.5805748263583,False,True
1996-12-27 20:00:00,12.625,12.75,12.5,12.53125,55600,10.8140625,508013.3333333333,24.910235357044574,66.4180712764754,False,True
1996-12-30 20:00:00,12.5,12.625,12.5,12.53125,427600,10.893229166666666,518906.6666666667,25.1910165109909,66.4180712764754,False,True
1996-12-31 20:00:00,12.5,12.875,12.375,12.875,142800,10.984895833333333,505746.6666666667,25.847668660464667,69.56701376305074,False,True
1997-01-02 20:00:00,12.84375,12.84375,12.4375,12.75,130400,11.066145833333334,506866.6666666667,26.45741708497602,67.10294587444024,False,True
1997-01-03 20:00:00,12.6875,13.59375,12.4375,13.5,967200,11.166145833333333,527013.3333333334,28.02299604937181,73.22979216045579,False,False
1997-01-06 20:00:00,13.75,13.8125,13.3125,13.5,494800,11.280729166666667,522440.0,29.70821855865768,73.22979216045579,False,True
1997-01-07 20:00:00,13.75,14.125,13.625,14.125,682000,11.4203125,539746.6666666666,31.577429826122984,77.31334805270154,False,False
1997-01-08 20:00:00,14.125,14.9375,13.9375,14.5625,733600,11.578645833333333,559760.0,33.93655508971152,79.65308993941215,False,False
1997-01-09 20:00:00,14.375,15.0625,14.34375,14.625,526000,11.743229166666667,573133.3333333334,36.2074000881865,79.9708841373564,False,True
1997-01-10 20:00:00,14.1875,14.8125,13.9375,14.6875,258400,11.922395833333333,572946.6666666666,37.13268813969184,80.30220575911903,False,True
1997-01-13 20:00:00,14.84375,15.0625,14.46875,14.71875,252400,12.108854166666667,569640.0,38.217507417405706,80.4761095501312,False,True
1997-01-14 20:00:00,14.71875,15.75,14.59375,15.4375,994400,12.306770833333333,595306.6666666666,39.754122889117774,83.97944371511299,False,False
1997-01-15 20:00:00,15.5625,16.3125,15.1875,16.0625,777200,12.525520833333333,589240.0,41.52742356768076,86.28419173588566,False,False
1997-01-16 20:00:00,17.625,17.6875,16.375,16.375,2096400,12.743229166666667,628546.6666666666,43.78311279210442,87.27028760177782,False,False
1997-01-17 20:00:00,16.8125,17.25,15.875,17.0,1130400,12.964583333333334,640573.3333333334,44.81243180371933,88.97717653893118,False,False
1997-01-20 20:00:00,17.0625,17.4375,16.75,17.3125,305600,13.192708333333334,622213.3333333334,45.86863003456855,89.71944007857373,False,True
1997-01-21 20:00:00,17.1875,17.625,17.125,17.4375,281600,13.419791666666667,609786.6666666666,46.950224124933705,90.00924662370377,False,True
1997-01-22 20:00:00,17.875,17.9375,17.3125,17.3125,534000,13.659375,615146.6666666666,48.11892091213281,87.35723760545447,False,True
1997-01-23 20:00:00,17.625,18.625,16.9375,16.9375,1019200,13.878125,641040.0,49.52561278140643,79.76441916665779,False,False
1997-01-24 20:00:00,16.9375,17.25,16.625,16.625,410800,14.067708333333334,633133.3333333334,50.15280887129793,73.99280795148032,False,True
1997-01-27 20:00:00,16.4375,16.4375,15.6875,15.8125,390800,14.228125,638973.3333333334,48.9858822028412,61.52721001455394,False,True
1997-01-28 20:00:00,16.0625,16.9375,16.0625,16.875,843200,14.394791666666666,642600.0,48.288086818082824,68.90469974467037,False,False
1997-01-29 20:00:00,16.875,16.875,16.125,16.125,342400,14.553125,620000.0,47.64013396080719,60.13826799563117,False,True
1997-01-30 20:00:00,16.125,17.0,16.125,16.5,530000,14.711458333333333,614946.6666666666,47.13881459399014,62.69395634509706,False,True
1997-01-31 20:00:00,16.75,16.75,16.5,16.625,242400,14.857291666666667,556120.0,46.6733037533743,63.53324674457057,False,True
1997-02-03 20:00:00,16.625,17.5,16.5,17.40625,633600,15.015625,528800.0,46.82868949586617,68.32902597019266,False,False
1997-02-04 20:00:00,17.125,17.1875,16.6875,17.1875,287200,15.171875,532480.0,46.97297625675149,65.72274927544883,False,True
1997-02-05 20:00:00,17.3125,17.3125,16.53125,17.0,1312400,15.316666666666666,567773.3333333334,46.76255925526493,63.487423196791404,False,False
1997-02-06 20:00:00,17.0625,17.0625,16.5,16.96875,188400,15.461458333333333,571586.6666666666,46.49589419639492,63.10220822951991,False,True
1997-02-07 20:00:00,17.125,17.125,16.75,16.96875,360800,15.6125,578386.6666666666,46.308110057815455,63.10220822951991,False,True
1997-02-10 20:00:00,17.25,17.4375,16.8125,16.875,200800,15.757291666666667,583226.6666666666,46.427892933191934,61.79760715098984,False,True
1997-02-11 20:00:00,16.8125,17.0625,16.75,17.0,128400,15.90625,573253.3333333334,46.37469052234479,62.89899989869373,False,True
1997-02-12 20:00:00,16.75,17.0625,16.75,16.75,43200,16.035416666666666,569933.3333333334,46.325288283701006,59.22155533733363,False,True
1997-02-13 20:00:00,17.0625,18.125,16.75,18.0625,528000,16.2125,583186.6666666666,47.190041898663644,69.35235083008622,False,True
1997-02-14 20:00:00,17.5625,17.75,17.34375,17.6875,260800,16.352083333333333,559640.0,47.993027398271806,64.42741857459907,False,True
1997-02-18 20:00:00,17.8125,17.875,17.21875,17.5,201200,16.485416666666666,549853.3333333334,48.7386567907651,62.054583113336925,False,True
1997-02-19 20:00:00,17.4375,18.375,17.4375,18.3125,217600,16.625,534373.3333333334,49.79097282514732,67.61981210493866,False,True
1997-02-20 20:00:00,18.25,18.25,17.3125,17.3125,330000,16.716666666666665,520920.0,50.39906617327772,56.61428068969777,False,True
1997-02-21 20:00:00,17.625,17.625,16.875,16.96875,270400,16.794791666666665,512400.0,49.76002962037584,53.397053423892956,False,True
1997-02-24 20:00:00,17.375,17.375,16.3125,16.5,93200,16.855208333333334,506893.3333333333,47.86870959871147,49.284169553111425,True,True
1997-02-25 20:00:00,16.875,16.875,16.1875,16.375,639200,16.910416666666666,519786.6666666667,45.849844295888296,48.217602454456774,True,False
1997-02-26 20:00:00,16.6875,16.6875,14.6875,15.0625,433600,16.897916666666667,501093.3333333333,43.5513037222937,38.737968575057494,True,True
1997-02-27 20:00:00,14.875,15.125,12.625,13.25,1305200,16.804166666666667,518693.3333333333,43.21608717555828,29.974105703626215,True,False
1997-02-28 20:00:00,13.5625,13.5625,12.65625,13.25,553600,16.7,467266.6666666667,42.904814667875385,29.974105703626215,True,False
1997-03-03 20:00:00,13.3125,14.3125,13.3125,14.0625,531600,16.602083333333333,447306.6666666667,41.52906045703479,37.34361827179502,True,False
1997-03-04 20:00:00,14.25,14.53125,13.8125,14.0,389600,16.491666666666667,450106.6666666667,39.957745279116615,37.02086696011315,True,True
1997-03-05 20:00:00,14.59375,15.125,14.25,14.75,1061200,16.402083333333334,476093.3333333333,37.74194750657786,43.34833851892298,True,False
1997-03-06 20:00:00,14.875,15.0,14.03125,14.28125,674800,16.301041666666666,480786.6666666667,35.9053837373311,40.602642086936065,True,False
1997-03-07 20:00:00,14.1875,14.6875,14.1875,14.25,198000,16.211458333333333,453413.3333333333,34.20000309445911,40.41883709525528,True,True
1997-03-10 20:00:00,14.3125,14.6875,14.25,14.3125,704800,16.134375,463213.3333333333,32.616435354649404,40.9941613363217,True,False
1997-03-11 20:00:00,14.625,14.625,14.0625,14.5,171600,16.090625,455906.6666666667,31.36647673908123,42.77926351126899,True,True
1997-03-12 20:00:00,14.5,14.5,13.625,14.0625,172800,15.996875,433560.0,30.69710565843845,39.75692990380241,True,True
1997-03-13 20:00:00,13.5,13.5,12.03125,12.6875,1136400,15.882291666666667,460026.6666666667,31.419539361156012,32.08477419661277,True,False
1997-03-14 20:00:00,12.5625,13.9375,12.4375,13.75,644800,15.790625,463853.3333333333,31.420885790646576,41.48209889211804,True,False
1997-03-17 20:00:00,13.9375,13.9375,12.78125,13.1875,857200,15.676041666666666,484346.6666666667,31.422136046602102,38.44891044818007,True,False
1997-03-18 20:00:00,13.5,13.5,12.625,12.71875,515600,15.519791666666666,480413.3333333333,31.554693679946602,36.08122818997897,True,False
1997-03-19 20:00:00,12.8125,13.625,12.5625,13.25,255200,15.388541666666667,479346.6666666667,31.462697175271337,40.54947756752449,True,True
1997-03-20 20:00:00,13.0625,13.5625,12.75,12.875,355600,15.251041666666667,447453.3333333333,31.37727184950145,38.5033866811223,True,True
1997-03-21 20:00:00,13.25,13.375,12.8125,13.25,209600,15.127083333333333,448160.0,31.297948332715123,41.67291484099551,True,True
1997-03-24 20:00:00,13.4375,13.75,13.0625,13.625,119600,15.015625,440120.0,30.49806736617987,44.74008795035513,True,True
1997-03-25 20:00:00,13.9375,14.0,13.4375,13.75,102400,14.911458333333334,436840.0,29.300129944288564,45.76389921172603,True,True
1997-03-26 20:00:00,14.0,14.625,13.75,14.28125,400400,14.820833333333333,445906.6666666667,27.24219209469626,50.0034816847042,True,True
1997-03-27 20:00:00,14.28125,14.28125,13.4375,13.625,375200,14.716666666666667,456973.3333333333,25.714048063891997,45.2934376307436,True,True
1997-03-31 20:00:00,13.75,13.75,12.5625,13.0,1077200,14.547916666666667,475280.0,25.369578827366418,41.30315769744224,True,False
1997-04-01 20:00:00,13.0,13.0,12.5,12.59375,488000,14.378125,482853.3333333333,25.118320388674523,38.90399176835305,True,False
1997-04-02 20:00:00,12.5,12.6875,11.5625,11.96875,422800,14.19375,490240.0,25.800288821198315,35.48862370032032,True,True
1997-04-03 20:00:00,12.0625,12.0625,11.5,12.0,119600,13.983333333333333,486973.3333333333,26.487843562839696,35.7921429307058,True,True
1997-04-04 20:00:00,12.0,12.125,11.5625,12.0625,898400,13.808333333333334,505920.0,27.00657863611147,36.43627353504909,True,False
1997-04-06 20:00:00,12.1875,12.1875,11.75,12.0625,395200,13.644791666666666,510080.0,27.36261411554861,36.43627353504909,True,True
1997-04-07 20:00:00,12.0,12.9375,12.0,12.9375,211200,13.526041666666666,514013.3333333333,26.32360856606289,45.33966466650794,True,True
1997-04-08 20:00:00,12.84375,13.125,12.6875,13.0,297200,13.413541666666667,502613.3333333333,25.055507084809687,45.92233204621616,True,True
1997-04-09 20:00:00,13.1875,13.1875,12.125,12.5,196000,13.328125,494693.3333333333,24.586042482829278,42.05965181576537,True,True
1997-04-10 20:00:00,11.75,12.6875,11.75,12.3125,203200,13.296875,457960.0,24.570613437982775,40.6778715248955,True,True
1997-04-13 20:00:00,12.125,12.5625,12.0,12.5,101600,13.271875,442893.3333333333,24.556286467768164,42.7049704880482,True,True
1997-04-14 20:00:00,12.25,12.9375,12.25,12.625,131200,13.223958333333334,429546.6666666667,23.856430355224393,44.07693419486404,True,True
1997-04-15 20:00:00,12.625,12.625,11.4375,12.125,113600,13.161458333333334,420346.6666666667,24.13678085156206,39.95551247470373,True,True
1997-04-16 20:00:00,12.21875,12.5625,11.5,12.5,112400,13.086458333333333,388720.0,24.397106312447043,44.17184539762531,True,True
1997-04-17 20:00:00,13.25,13.25,12.0,12.25,258000,13.01875,374826.6666666667,23.448833954982927,42.051825063568224,True,True
1997-04-20 20:00:00,12.4375,12.53125,12.1875,12.4375,720000,12.958333333333334,392226.6666666667,22.568295337337677,44.214358644799425,True,False
1997-04-21 20:00:00,12.5625,12.5625,12.1875,12.375,21200,12.89375,369440.0,21.696470976025388,43.62987748081737,True,True
1997-04-22 20:00:00,12.625,12.75,12.25,12.71875,232800,12.834375,371480.0,20.553903336750427,47.72309155948111,True,True
1997-04-23 20:00:00,12.9375,12.9375,11.625,11.75,330400,12.757291666666667,376733.3333333333,20.379892028719834,39.10515676556034,True,True
1997-04-24 20:00:00,11.65625,11.75,10.8125,11.4375,514400,12.715625,356000.0,21.12869460484452,36.796776273216445,True,False
1997-04-27 20:00:00,11.5,11.5,10.375,10.75,586800,12.615625,354066.6666666667,22.232851386759332,32.28195505885759,True,False
1997-04-28 20:00:00,10.625,11.1875,10.4375,10.8125,623200,12.536458333333334,346266.6666666667,23.258139827108803,33.085742920705194,True,False
1997-04-29 20:00:00,10.8125,11.0,10.4375,10.625,414400,12.466666666666667,342893.3333333333,24.21019337886188,31.86382813149262,True,False
1997-04-30 20:00:00,10.625,11.0,10.625,10.8125,326000,12.385416666666666,345253.3333333333,25.09424310548974,34.470125986992784,True,True
1997-05-01 20:00:00,11.0,12.8125,10.75,12.53125,1146800,12.373958333333333,371626.6666666667,23.768397100775008,52.43217069027203,False,False
1997-05-04 20:00:00,12.875,13.375,12.3125,13.25,315600,12.373958333333333,375160.0,23.174434665390066,57.65888283478085,False,True
1997-05-05 20:00:00,13.375,14.3125,12.875,14.125,540000,12.390625,389173.3333333333,23.50610885388245,62.99033247535497,False,False
1997-05-06 20:00:00,14.125,14.75,13.875,14.1875,252400,12.405208333333333,394173.3333333333,24.167100375851362,63.34536532781993,False,True
1997-05-07 20:00:00,13.4375,14.0,13.4375,13.75,147200,12.3875,385733.3333333333,24.129684090680566,59.0733969737604,False,True
1997-05-08 20:00:00,13.9375,13.9375,12.9375,13.59375,628000,12.386458333333334,394160.0,23.406678511642873,57.57987857049971,False,False
1997-05-11 20:00:00,13.6875,13.9375,13.4375,13.875,256800,12.415625,366813.3333333333,22.735316188250728,59.56171823226582,False,True
1997-05-12 20:00:00,13.4375,14.0,13.375,13.421875,209200,12.443229166666667,357520.0,22.11190831652945,55.09566197129635,False,True
1997-05-13 20:00:00,13.5625,13.6875,13.25,13.59375,202400,12.497395833333334,350173.3333333333,21.33957913918002,56.430173032548545,False,True
1997-05-14 20:00:00,13.5625,13.6875,13.3125,13.4375,231200,12.5453125,353893.3333333333,20.62241633164126,54.83472898180041,False,True
1997-05-15 20:00:00,13.5,13.875,13.4375,13.5,121200,12.593229166666667,327986.6666666667,20.207920852125344,55.37818215712363,False,True
1997-05-18 20:00:00,13.75,13.75,13.4375,13.625,29600,12.6453125,315800.0,19.82303219257485,56.50539917925671,False,True
1997-05-19 20:00:00,13.4375,14.1875,13.4375,14.1875,132400,12.686979166666667,313173.3333333333,20.055692155886224,61.24931389622817,False,True
1997-05-20 20:00:00,14.0,14.25,13.625,14.09375,156000,12.7234375,308466.6666666667,20.352502782013477,60.073289395932186,False,True
1997-05-21 20:00:00,14.125,14.125,13.625,13.84375,15600,12.768229166666666,302453.3333333333,20.62811264913164,56.93393902111268,False,True
1997-05-22 20:00:00,14.0,14.875,13.625,14.875,284000,12.853645833333333,305146.6666666667,21.80347969724367,65.04801177674182,False,True
1997-05-26 20:00:00,15.0,16.1875,15.0,16.1875,374400,12.9765625,314240.0,23.98458742419563,72.22152863782668,False,False
1997-05-27 20:00:00,15.578125,16.25,15.5,16.25,106400,13.097395833333334,313413.3333333333,26.05171370318693,72.51085424338174,False,True
1997-05-28 20:00:00,16.0,16.75,15.75,16.3125,496000,13.236979166666666,326160.0,28.29294394700097,72.81577026376137,False,False
1997-05-29 20:00:00,16.0,16.4375,15.5625,16.375,224800,13.366145833333333,329906.6666666667,29.955712730561945,73.1366657425637,False,True
1997-06-01 20:00:00,16.25,17.5,16.25,16.75,428400,13.516145833333333,335586.6666666667,32.13978487659135,75.04045619096814,False,False
1997-06-02 20:00:00,16.78125,16.78125,16.375,16.375,82800,13.647395833333333,314346.6666666667,34.16785186933294,69.71940333819474,False,True
1997-06-03 20:00:00,16.15625,16.75,16.15625,16.75,57600,13.793229166666666,315560.0,35.56587362026213,71.8676897834591,False,True
1997-06-04 20:00:00,16.5625,16.9375,16.5625,16.6875,332000,13.925520833333334,318866.6666666667,36.98824325801245,70.96404128213484,False,False
1997-06-05 20:00:00,16.5625,16.75,16.5625,16.625,213600,14.088020833333333,314973.3333333333,38.309015064494886,70.01595567723827,False,True
1997-06-08 20:00:00,16.5,16.765625,16.125,16.25,98000,14.2484375,301093.3333333333,38.51006215523724,64.45202496444297,False,True
1997-06-09 20:00:00,16.265625,16.625,16.1875,16.46875,36000,14.4390625,282733.3333333333,38.696748739498005,66.14224901077141,False,True
1997-06-10 20:00:00,16.625,17.0,16.1875,16.96875,135600,14.644270833333334,266480.0,39.2236428055648,69.68977214784736,False,True
1997-06-11 20:00:00,17.21875,17.21875,16.375,16.71875,275200,14.847395833333334,261840.0,39.90612310601973,65.96795657032209,False,False
1997-06-12 20:00:00,16.71875,17.03125,16.4375,16.75,225600,15.0453125,258493.33333333334,40.539854813585016,66.21087332370715,False,True
1997-06-15 20:00:00,16.71875,16.8125,16.375,16.6875,252400,15.183854166666666,228680.0,40.95456668269484,65.20836626353162,False,False
1997-06-16 20:00:00,16.671875,17.125,16.4375,16.8125,221200,15.302604166666667,225533.33333333334,41.64975997883691,66.30714590448305,False,True
1997-06-17 20:00:00,16.6875,16.875,16.6875,16.75,350400,15.390104166666667,219213.33333333334,42.29529661096883,65.19841160175021,False,False
1997-06-18 20:00:00,16.6875,17.375,16.6875,17.0625,103200,15.4859375,214240.0,43.354554095827275,68.07302599545321,False,True
1997-06-19 20:00:00,16.9375,17.25,16.9375,16.9375,119600,15.5921875,213320.0,44.33815033176726,65.734102888135,False,True
1997-06-22 20:00:00,17.15625,17.25,16.6875,17.0,221600,15.705729166666666,199773.33333333334,44.46166383466292,66.35654105619788,False,False
1997-06-23 20:00:00,16.96875,17.6875,16.96875,17.375,132000,15.822395833333333,195613.33333333334,45.02745553379036,69.89058802447587,False,True
1997-06-24 20:00:00,17.625,17.9375,17.1875,17.375,266000,15.954166666666667,197506.66666666666,45.78145305112664,69.89058802447589,False,False
1997-06-25 20:00:00,17.0625,17.375,16.9375,16.9375,23600,16.065625,191546.66666666666,45.73144838690756,61.19316226806995,False,True
1997-06-26 20:00:00,16.875,17.375,16.875,16.875,75600,16.180208333333333,186360.0,45.50004744220549,60.04361843599618,False,True
1997-06-29 20:00:00,16.75,16.875,16.1875,16.75,176000,16.288541666666667,188186.66666666666,43.50873789177854,57.70866437301071,False,True
1997-06-30 20:00:00,16.125,16.5,15.3125,15.5,174800,16.351041666666667,193026.66666666666,40.76415061010079,40.67456753555951,True,True
1997-07-01 20:00:00,15.6875,15.9375,15.1875,15.75,120000,16.403125,192613.33333333334,38.41114853204492,44.22078347686379,True,True
1997-07-02 20:00:00,15.3125,15.75,15.3125,15.75,9200,16.458333333333332,187720.0,36.226218030993046,44.22078347686379,True,True
1997-07-06 20:00:00,15.875,15.875,15.5,15.625,277200,16.517708333333335,196440.0,33.94807061995298,42.739319027293284,True,False
1997-07-07 20:00:00,15.3125,15.8125,15.3125,15.703125,82400,16.5453125,189720.0,32.172189934210955,44.002023833357846,True,True
1997-07-08 20:00:00,15.75,16.03125,15.5,15.90625,316800,16.5359375,187800.0,30.06530398260762,47.258556000292536,True,False
1997-07-09 20:00:00,15.6875,16.6875,15.6875,16.5625,280400,16.546354166666667,193600.0,28.89680996014027,56.13419731742702,False,False
1997-07-10 20:00:00,16.5625,17.625,16.3125,17.0,169600,16.569270833333334,182720.0,29.026591927814707,60.86278133643732,False,True
1997-07-13 20:00:00,17.25,17.6875,16.53125,17.125,162400,16.594270833333333,180640.0,29.21615456417035,62.11921800950553,False,True
1997-07-14 20:00:00,16.5,17.9375,16.5,17.78125,252800,16.628645833333334,174786.66666666666,29.668847825508657,67.9386028234803,False,False
1997-07-15 20:00:00,16.4375,17.5,16.28125,17.5,280800,16.666145833333335,181386.66666666666,29.59816260694883,63.44046849971606,False,False
1997-07-16 20:00:00,17.3125,18.0,16.5,16.5,296400,16.6578125,189346.66666666666,30.097906861677096,50.60995795880308,True,False
1997-07-17 20:00:00,16.625,17.125,16.5,16.5,76400,16.6515625,180826.66666666666,30.561955098210486,50.60995795880308,True,True
1997-07-20 20:00:00,17.0625,17.0625,16.5,16.625,152000,16.6515625,178773.33333333334,30.992857032134346,52.01680253560599,True,True
1997-07-21 20:00:00,16.53125,16.8125,16.3125,16.5625,149200,16.661979166666665,180480.0,30.910881309787843,51.23103417897737,True,True
1997-07-22 20:00:00,16.0,16.1875,15.25,15.6875,764800,16.6359375,204773.33333333334,28.719901362600115,41.72748526464195,True,False
1997-07-23 20:00:00,15.4375,16.3125,15.4375,16.3125,767200,16.6140625,225826.66666666666,26.85570792356452,49.004323147609384,True,False
1997-07-24 20:00:00,16.4375,16.5,16.0,16.0,456400,16.590104166666666,231866.66666666666,25.43096725847472,45.91683318269073,True,False
1997-07-27 20:00:00,16.0,16.3125,16.0,16.21875,183600,16.572395833333335,230466.66666666666,24.107993783748476,48.36907766701701,True,True
1997-07-28 20:00:00,16.5,16.5,16.0625,16.28125,103200,16.558854166666666,225493.33333333334,23.202606128805716,49.0794908779291,True,True
1997-07-29 20:00:00,16.0625,17.0,16.0625,16.9375,536400,16.563020833333333,236000.0,23.13655161999295,55.93539874407796,False,False
1997-07-30 20:00:00,16.90625,17.4375,16.90625,16.9375,5104800,16.569270833333334,394480.0,23.649530452578485,55.93539874407796,False,False
1997-07-31 20:00:00,16.90625,17.125,16.75,16.9375,820000,16.565104166666668,418373.3333333333,23.769669315256117,55.93539874407796,False,False
1997-08-03 20:00:00,16.75,17.0,16.5625,16.71875,282800,16.5578125,423813.3333333333,23.459384053133853,52.966429306133,False,True
1997-08-04 20:00:00,16.625,17.0,16.625,17.0,439200,16.5578125,431066.6666666667,23.171262024020326,56.186435648682966,False,False
1997-08-05 20:00:00,16.75,17.0625,16.6875,16.96875,178800,16.544270833333332,432626.6666666667,23.006686436431117,55.72989528823611,False,True
1997-08-06 20:00:00,16.6875,17.0625,16.5,16.5,323200,16.515104166666667,434533.3333333333,22.382119384083598,49.26367568231574,True,True
1997-08-07 20:00:00,16.5,16.53125,15.875,16.125,447200,16.488020833333334,448653.3333333333,21.103017967376932,44.78668855127176,True,True
1997-08-10 20:00:00,16.125,16.21875,15.5,15.5,288800,16.4421875,455760.0,20.56900229672152,38.50583071230394,True,True
1997-08-11 20:00:00,15.8125,16.0625,15.5,15.8125,143600,16.4109375,454680.0,20.0731306025415,42.82343428876507,True,True
1997-08-12 20:00:00,15.9375,16.125,15.75,15.90625,151600,16.424479166666668,453906.6666666667,19.46510631539983,44.09164517431139,True,True
1997-08-13 20:00:00,16.125,16.125,15.8125,15.875,66000,16.428645833333334,452106.6666666667,18.900512334482563,43.74334886901523,True,True
1997-08-14 20:00:00,15.8125,16.125,15.625,16.125,158400,16.441145833333334,457080.0,18.752099853688247,47.32800114428617,True,True
1997-08-17 20:00:00,15.625,16.125,15.625,15.671875,30000,16.442708333333332,448840.0,18.61428826437924,42.09268957192387,True,True
1997-08-18 20:00:00,15.9375,16.125,15.90625,16.125,90400,16.456770833333334,449106.6666666667,18.486320360020873,48.25669761565179,True,True
1997-08-19 20:00:00,16.125,16.25,15.625,16.25,467200,16.468229166666667,454120.0,18.963329214176984,49.84283023840103,True,False
1997-08-20 20:00:00,16.3125,16.4375,16.0,16.3125,70800,16.459895833333334,447133.3333333333,18.805782450874972,50.657277837598514,True,True
1997-08-21 20:00:00,16.5,16.5,15.5,15.9375,82800,16.424479166666668,444240.0,19.620921261026407,45.84693163303853,True,True
1997-08-24 20:00:00,15.9375,16.0625,15.75,15.9375,350400,16.384895833333335,450506.6666666667,20.37783587045274,45.84693163303854,True,True
1997-08-25 20:00:00,16.0,16.0625,14.90625,15.0,154000,16.2921875,447213.3333333333,22.27887554747284,35.94924615877848,True,True
1997-08-26 20:00:00,15.0,15.25,15.0,15.125,54400,16.213020833333335,439666.6666666667,24.04412667613436,37.87505342850631,True,True
1997-08-27 20:00:00,15.25,15.25,15.0,15.25,60800,16.171354166666667,431813.3333333333,25.683288438462917,39.82355077112357,True,True
1997-08-28 20:00:00,15.0625,15.5625,15.0625,15.125,117600,16.125520833333333,433186.6666666667,26.154678184082197,38.52238786847518,True,True
1997-09-01 20:00:00,15.375,15.625,15.0,15.5,188800,16.088020833333335,434413.3333333333,26.592397233585814,44.392311770760564,True,True
1997-09-02 20:00:00,16.0625,16.65625,15.6875,16.3125,908000,16.0796875,459706.6666666667,25.00368158194995,54.52386084781272,False,False
1997-09-03 20:00:00,16.3125,16.75,16.3125,16.625,668000,16.1109375,456480.0,23.708788969226617,57.71495176364697,False,False
1997-09-04 20:00:00,16.75,16.84375,16.40625,16.625,170400,16.121354166666666,436586.6666666667,22.690251350717936,57.71495176364697,False,True
1997-09-07 20:00:00,16.859375,17.6875,16.625,17.65625,1044800,16.1765625,456200.0,23.11112509351418,66.66685191162844,False,False
1997-09-08 20:00:00,17.25,17.75,17.25,17.5625,954800,16.221354166666668,481906.6666666667,23.586496313402986,65.31315615352648,False,False
1997-09-09 20:00:00,17.375,17.5625,17.140625,17.1875,450400,16.2515625,493480.0,23.74712049841416,60.059768501971725,False,True
1997-09-10 20:00:00,17.375,17.71875,17.3125,17.53125,365200,16.271354166666665,487773.3333333333,24.132169333727102,62.99783760035802,False,True
1997-09-11 20:00:00,17.75,18.21875,17.28125,17.890625,278400,16.303125,326893.3333333333,25.163115798964036,65.82800184836213,False,True
1997-09-14 20:00:00,17.875,18.9375,17.875,18.65625,306400,16.360416666666666,309773.3333333333,26.869855315918134,70.92942236299152,False,True
1997-09-15 20:00:00,18.75,20.3125,18.75,19.875,1640400,16.465625,355026.6666666667,29.40175269256602,76.85315837567845,False,False
1997-09-16 20:00:00,20.3125,20.3125,19.6875,20.0625,1443200,16.567708333333332,388493.3333333333,31.7528002565962,77.60909436352004,False,False
1997-09-17 20:00:00,20.0,20.9375,20.0,20.25,554800,16.677083333333332,401026.6666666667,34.26067396951884,78.3698369989695,False,False
1997-09-18 20:00:00,20.125,20.5,20.125,20.28125,307600,16.803125,400506.6666666667,36.589413845804145,78.50094191092685,False,True
1997-09-21 20:00:00,20.1875,20.375,20.09375,20.28125,594000,16.941666666666666,405400.0,38.66900580014694,78.50094191092685,False,False
1997-09-22 20:00:00,20.09375,20.28125,20.03125,20.15625,454400,17.096875,410920.0,40.42554747567141,76.35399986227917,False,False
1997-09-23 20:00:00,20.125,20.4375,20.125,20.28125,610000,17.245833333333334,426466.6666666667,42.156814119019614,77.0305208660443,False,False
1997-09-24 20:00:00,20.1875,20.28125,20.1875,20.25,199600,17.390625,428066.6666666667,43.76441885927152,76.44170614330903,False,True
1997-09-25 20:00:00,20.6875,20.75,20.3125,20.3125,355200,17.538541666666667,437706.6666666667,45.5531670204578,76.82328334302765,False,True
1997-09-28 20:00:00,20.5,21.125,20.5,20.625,649600,17.688541666666666,454080.0,47.4185852203983,78.6824981869842,False,False
1997-09-29 20:00:00,20.9375,21.0,20.625,21.0,153600,17.866145833333334,458200.0,49.150759263200186,80.6848554140171,False,True
1997-09-30 20:00:00,21.0,21.25,20.75,21.0,189600,18.028645833333332,461506.6666666667,50.893259383092165,80.68485541401708,False,True
1997-10-01 20:00:00,21.3125,21.5625,21.09375,21.5625,148000,18.205729166666668,450866.6666666667,52.66600119038553,83.39774950182797,False,True
1997-10-02 20:00:00,21.5625,22.625,21.40625,22.125,154800,18.399479166666666,453666.6666666667,54.7122507834028,85.57904097590783,False,True
1997-10-05 20:00:00,22.25,22.25,21.625,21.9375,462400,18.599479166666665,466320.0,56.612339691204554,81.72458667462156,False,True
1997-10-06 20:00:00,21.59375,22.125,21.5,22.0,457600,18.8015625,469893.3333333333,57.98158728495246,82.01536401920309,False,True
1997-10-07 20:00:00,22.0625,22.0625,21.15625,21.5,138400,19.018229166666668,469373.3333333333,58.212575764447784,72.12817228823543,False,True
1997-10-08 20:00:00,21.375,21.40625,21.0,21.25,91200,19.222395833333334,470600.0,57.978165155065895,67.73150927367479,False,True
1997-10-09 20:00:00,21.40625,21.40625,20.875,21.0,285200,19.4140625,478080.0,57.40090681746309,63.55915613922518,False,True
1997-10-12 20:00:00,21.40625,21.40625,20.71875,20.71875,77600,19.600520833333334,476746.6666666667,56.41617225303777,59.14502027592846,False,True
1997-10-13 20:00:00,21.3125,21.3125,20.625,20.625,120400,19.771354166666665,474466.6666666667,55.231315436354656,57.706371535136,False,True
1997-10-14 20:00:00,20.5,21.125,20.125,20.875,1108800,19.9234375,481160.0,52.81754599207313,60.46784271557561,False,False
1997-10-15 20:00:00,20.96875,20.96875,20.125,20.15625,583600,20.041145833333335,478346.6666666667,50.57618865095457,50.299468947553194,False,False
1997-10-16 20:00:00,20.0625,20.5,20.0,20.125,330400,20.1578125,483680.0,48.17631506694175,49.90651548288933,True,True
1997-10-19 20:00:00,20.125,20.3125,19.9375,19.9375,470400,20.233854166666667,464533.3333333333,45.78580687726391,47.508326578175584,True,False
1997-10-20 20:00:00,20.34375,20.34375,19.71875,19.84375,404800,20.309895833333332,446200.0,43.00788045646463,46.310052667198,True,True
1997-10-21 20:00:00,20.3125,20.6875,20.125,20.4375,134000,20.418229166666666,435653.3333333333,41.11581664921906,54.19062511136905,False,True
1997-10-22 20:00:00,20.34375,20.375,19.875,20.25,391600,20.508854166666666,436533.3333333333,38.735553585772536,51.61420679429911,True,True
1997-10-23 20:00:00,20.5,20.5,19.875,20.484375,76400,20.5953125,429800.0,36.78062939021868,54.524674155102936,True,True
1997-10-27 20:00:00,20.5,20.5,18.46875,18.46875,351600,20.5890625,431306.6666666667,35.883641351455864,35.0169582776927,True,True
1997-10-28 20:00:00,18.28125,19.75,17.875,18.75,641600,20.5515625,398013.3333333333,35.737443647357686,38.332374421138546,True,False
1997-10-29 20:00:00,19.25,20.25,18.625,20.25,275200,20.5578125,359080.0,34.61525010766919,52.307893023959416,True,True
1997-10-30 20:00:00,19.3125,20.75,19.3125,20.625,128800,20.5703125,344880.0,32.71579153374232,55.05048027920555,False,True
1997-10-31 20:00:00,20.625,21.0625,19.625,20.125,371200,20.565104166666668,347000.0,30.46537250502336,50.85152413844135,True,False
1997-11-03 20:00:00,19.96875,20.25,19.5,20.25,188400,20.5640625,333480.0,28.56233787523208,51.84050266828722,True,True
1997-11-04 20:00:00,20.25,21.25,19.875,20.84375,543600,20.586979166666666,336453.3333333333,27.625384472644523,56.33506980600814,False,False
1997-11-05 20:00:00,21.125,22.0,21.125,21.75,137600,20.6359375,320706.6666666667,27.542655687058033,62.14253408428617,False,True
1997-11-06 20:00:00,21.875,21.9375,21.28125,21.3125,266000,20.671354166666667,322920.0,27.465836100442004,58.123512404376434,False,True
1997-11-07 20:00:00,20.5,21.625,20.40625,21.0625,129600,20.696354166666666,315400.0,26.040101543703393,55.89876732254374,False,True
1997-11-10 20:00:00,21.0,21.25,20.5,20.5,298200,20.6921875,303686.6666666667,24.716205169588967,51.15439704954362,True,True
1997-11-11 20:00:00,21.0,21.1875,20.5,21.0625,197600,20.694270833333334,305153.3333333333,23.486872822197,55.245131721472696,False,True
1997-11-12 20:00:00,21.1875,21.1875,19.96875,19.96875,286800,20.659895833333334,308393.3333333333,22.057061622479946,47.002320413658516,True,True
1997-11-13 20:00:00,20.75,20.875,20.0,20.375,38000,20.6203125,304726.6666666667,20.72937979417125,49.987172044637575,True,True
1997-11-14 20:00:00,19.875,20.875,19.875,20.5,441800,20.566145833333334,314293.3333333333,19.68341113065195,50.90343126247635,True,False
1997-11-17 20:00:00,20.5,20.5,19.9375,20.125,118400,20.505729166666665,302826.6666666667,18.712154514526883,48.058862911698846,True,True
1997-11-18 20:00:00,19.875,20.125,19.625,19.8125,312000,20.4328125,297973.3333333333,18.299018122591292,45.763798806301196,True,False
1997-11-19 20:00:00,20.0,20.65625,19.625,20.625,297200,20.403645833333332,303266.6666666667,17.01781138115034,52.160628993226354,False,True
1997-11-20 20:00:00,20.3125,20.625,19.875,20.375,117800,20.374479166666667,304153.3333333333,15.828119406955171,50.19876057710862,False,True
1997-11-21 20:00:00,19.875,20.75,19.875,20.5625,96400,20.359895833333333,297860.0,14.944859165824747,51.66706520952841,False,True
1997-11-24 20:00:00,19.75,20.875,19.75,20.375,104000,20.3484375,298740.0,14.124688941917922,50.07705653150373,False,True
1997-11-25 20:00:00,21.0,21.0,19.75,20.4375,210600,20.3421875,301746.6666666667,13.603277231058389,50.62253538158734,False,True
1997-11-26 20:00:00,20.25,20.5,19.875,20.0,59000,20.313020833333333,266753.3333333333,13.11910921383168,46.77015415737074,True,True
1997-11-28 20:00:00,20.875,20.875,20.0,20.125,10800,20.311979166666667,247660.0,13.38888160724251,47.98803627838757,True,True
1997-12-01 20:00:00,21.0,21.5,20.125,21.0,538200,20.341145833333332,254586.66666666666,14.60386942987053,55.63926978399367,False,False
1997-12-02 20:00:00,21.375,21.375,20.375,20.8125,176600,20.3703125,244793.33333333334,15.732072408025118,53.81247779955689,False,True
1997-12-03 20:00:00,20.1875,20.8125,18.8125,19.5,1081400,20.358854166666667,267346.6666666667,15.419749622169343,43.135955300731624,True,False
1997-12-04 20:00:00,19.125,19.46875,18.75,18.8125,474000,20.3046875,278680.0,15.215888066012095,38.79414280772312,True,False
1997-12-05 20:00:00,18.875,19.0625,18.375,18.5,206600,20.246354166666666,272513.3333333333,15.531314008739713,36.972463061781475,True,True
1997-12-08 20:00:00,18.5,19.0,18.1875,18.3125,533400,20.173958333333335,287746.6666666667,16.063603367103575,35.8836862715434,True,False
1997-12-09 20:00:00,17.8125,18.5,17.5,17.875,441800,20.154166666666665,290753.3333333333,17.335670302271204,33.41130535483641,True,False
1997-12-10 20:00:00,17.875,17.875,16.5,17.375,350200,20.108333333333334,281040.0,19.37330570153905,30.79951208331389,True,False
1997-12-11 20:00:00,17.0,17.25,15.75,15.84375,796400,19.961458333333333,298413.3333333333,21.75936436395897,24.486543584571983,True,False
1997-12-12 20:00:00,15.875,17.4375,15.875,17.25,1278400,19.848958333333332,336733.3333333333,23.612160808873973,37.21429483849945,True,False
1997-12-15 20:00:00,17.5,17.5,16.625,17.0,289800,19.744791666666668,334020.0,25.20818377056537,36.05095588394174,True,True
1997-12-16 20:00:00,16.875,17.3125,16.875,17.0625,227800,19.638541666666665,335333.3333333333,26.690205092135955,36.58467820895407,True,True
1997-12-17 20:00:00,17.25,19.0,17.1875,17.75,514400,19.535416666666666,334360.0,25.25446166405845,42.29035400461182,True,False
1997-12-18 20:00:00,18.125,18.375,17.6875,18.0,398200,19.410416666666666,343046.6666666667,23.92127133798648,44.25450405892495,True,False
1997-12-19 20:00:00,17.875,18.375,17.25,18.375,216800,19.3125,341406.6666666667,23.18381616900035,47.15964953637558,True,True
1997-12-22 20:00:00,18.375,18.5,16.25,16.5625,502600,19.1625,353840.0,23.461006870094174,37.09670883252777,True,False
1997-12-23 20:00:00,16.625,18.375,16.625,18.25,375600,19.0875,356420.0,23.718398235395576,48.18280610224677,True,False
1997-12-24 20:00:00,18.5,18.5,17.5,18.0,130000,18.985416666666666,354166.6666666667,23.75685032412405,46.86504918773759,True,True
1997-12-26 20:00:00,18.375,19.375,18.125,19.25,113400,18.961458333333333,348386.6666666667,22.52520664244247,53.68552465278279,False,True
1997-12-29 20:00:00,19.5,20.625,19.125,20.0,210400,18.948958333333334,354133.3333333333,21.82131247358421,57.23269605937947,False,True
1997-12-30 20:00:00,19.5,21.25,19.5,20.625,168200,18.953125,345013.3333333333,21.719178643665987,59.98319377075103,False,True
1997-12-31 20:00:00,21.5,22.5,20.625,22.5,174400,19.032291666666666,346880.0,22.533929573632328,66.86749185055132,False,True
1998-01-02 20:00:00,21.5,22.0,20.75,21.375,97400,19.084375,339726.6666666667,23.290484008601073,60.178030541336426,False,True
1998-01-05 20:00:00,21.75,22.25,20.5,21.125,156400,19.101041666666667,335033.3333333333,23.99299884107205,58.7709751989956,False,True
1998-01-06 20:00:00,21.875,21.875,20.25,20.5,807400,19.105208333333334,358020.0,24.279978238685754,55.29042554669027,False,False
1998-01-07 20:00:00,20.75,20.75,19.875,20.4375,429200,19.101041666666667,369113.3333333333,24.01211057247952,54.94003005274713,False,False
1998-01-08 20:00:00,20.5625,20.9375,20.0,20.125,970400,19.092708333333334,397993.3333333333,23.936549888351696,53.12710674300516,False,False
1998-01-09 20:00:00,20.0,20.9375,19.625,19.6875,298200,19.067708333333332,400913.3333333333,23.324887709178633,50.60923815879654,False,True
1998-01-12 20:00:00,19.25,19.25,17.0,18.0,511600,19.001041666666666,416000.0,23.175686237780223,42.284853636402445,True,False
1998-01-13 20:00:00,18.25,19.3125,17.875,19.0,353400,18.963541666666668,427420.0,22.967253352977824,47.76765782469124,False,True
1998-01-14 20:00:00,19.75,20.75,19.375,20.0625,479400,18.932291666666668,425460.0,21.34265943428241,52.8886286621471,False,False
1998-01-15 20:00:00,20.625,21.1875,19.5,20.5,712200,18.921875,443313.3333333333,20.172918534933178,54.85149175556828,False,False
1998-01-16 20:00:00,20.875,22.0,20.375,21.625,1136400,18.992708333333333,445146.6666666667,19.723704411195218,59.52179092050619,False,False
1998-01-20 20:00:00,22.125,22.6875,22.0,22.515625,791400,19.116145833333334,455726.6666666667,19.791116532314387,62.80232208590576,False,False
1998-01-21 20:00:00,22.625,22.625,21.875,22.125,532400,19.236979166666668,466586.6666666667,19.72279236126965,60.48688012460634,False,False
1998-01-22 20:00:00,22.125,22.125,21.5625,21.75,48000,19.3515625,450406.6666666667,19.32586059231958,58.265979305514904,False,True
1998-01-23 20:00:00,21.5625,22.125,21.125,21.75,279600,19.480729166666666,445000.0,18.501251012485135,58.26597930551492,False,True
1998-01-26 20:00:00,21.96875,22.3125,21.125,21.375,92600,19.6140625,436413.3333333333,17.90127831230825,55.886172440321005,False,True
1998-01-27 20:00:00,22.0,22.25,21.375,21.4375,102000,19.800520833333334,413266.6666666667,17.34416080500114,56.20721503771172,False,True
1998-01-28 20:00:00,21.8125,22.0,21.625,21.875,118400,19.9546875,374600.0,16.826837405358827,58.484815861051885,False,True
1998-01-29 20:00:00,22.0,22.0,21.625,22.0,164600,20.121354166666666,370426.6666666667,16.346465677119536,59.138704537831885,False,True
1998-01-30 20:00:00,21.8125,22.25,21.6875,21.6875,157000,20.275520833333335,368066.6666666667,16.177648902661094,56.73292027644633,False,True
1998-02-02 20:00:00,22.375,23.625,21.75,23.5,567800,20.4671875,369846.6666666667,17.272137685140926,65.49938333765112,False,False
1998-02-03 20:00:00,23.75,25.0,23.5,24.5,612800,20.683854166666666,377000.0,19.168513397972852,69.20647174842992,False,False
1998-02-04 20:00:00,24.375,25.1875,24.0,25.1875,440800,20.9109375,384466.6666666667,21.032700012873573,71.47570138163918,False,False
1998-02-05 20:00:00,25.1875,25.25,24.3125,24.375,134200,21.171354166666667,372186.6666666667,22.799515835178884,65.34685113759215,False,True
1998-02-06 20:00:00,24.9375,25.125,24.375,25.0,200400,21.396354166666665,366346.6666666667,24.44013052731953,67.64512432473511,False,True
1998-02-09 20:00:00,25.5,25.5,24.75,25.0625,216200,21.631770833333334,369220.0,26.195519816323756,67.87457666357766,False,True
1998-02-10 20:00:00,25.25,25.25,24.125,24.15625,205800,21.7953125,372300.0,26.792546985426092,61.107516006696315,False,True
1998-02-11 20:00:00,24.125,24.5,23.5,23.6875,397000,21.918229166666666,378520.0,26.437499832066898,57.892429551575816,False,False
1998-02-12 20:00:00,23.875,23.875,23.375,23.5625,300800,22.016145833333333,382940.0,25.93401285980397,57.03072119459661,False,True
1998-02-13 20:00:00,23.75,24.25,23.75,23.75,175600,22.0578125,382980.0,25.81552464155104,58.039634237823215,False,True
1998-02-17 20:00:00,24.25,24.25,23.5,23.5,78800,22.128645833333334,382360.0,25.335288079419175,56.14666710502173,False,True
1998-02-18 20:00:00,23.5,24.125,23.5,23.5,77200,22.2078125,379720.0,24.88935412886816,56.14666710502172,False,True
1998-02-19 20:00:00,23.5,23.625,23.0625,23.125,161000,22.2953125,358173.3333333333,23.8114240515993,53.13202736390633,False,True
1998-02-20 20:00:00,23.0,23.375,22.75,23.375,148200,22.393229166666668,348806.6666666667,22.366349097796867,54.871647175913196,False,True
1998-02-23 20:00:00,23.5,24.0,22.75,23.4375,62200,22.503645833333334,318533.3333333333,21.77321718765641,55.31815998160572,False,True
1998-02-24 20:00:00,24.0,24.0,23.0,23.1875,24600,22.6203125,309413.3333333333,21.222451842525988,53.05679769358984,False,True
1998-02-25 20:00:00,23.75,23.75,23.3125,23.5,76600,22.803645833333334,294913.3333333333,20.711026879190594,55.50532608443937,False,True
1998-02-26 20:00:00,23.75,24.5,23.3125,23.625,172200,22.9578125,288873.3333333333,21.09617066329204,56.48309253377235,False,True
1998-02-27 20:00:00,23.75,23.75,22.6875,22.75,150600,23.047395833333333,277913.3333333333,20.44773742804951,48.45601399683591,True,True
1998-03-02 20:00:00,23.375,23.625,22.625,22.625,93800,23.118229166666666,257300.0,19.750520664894623,47.419248920709585,True,True
1998-03-03 20:00:00,22.5,23.0625,22.5,22.875,331400,23.159895833333334,230466.66666666666,18.905760443190918,49.73561769709082,True,False
1998-03-04 20:00:00,22.8125,23.0,22.75,22.8125,255400,23.169791666666665,212600.0,18.121340237323192,49.15263931364418,True,False
1998-03-05 20:00:00,22.5,22.75,22.25,22.515625,112800,23.1828125,198613.33333333334,17.06097247286112,46.37215464923158,True,True
1998-03-06 20:00:00,22.625,23.875,22.375,23.78125,415600,23.250520833333333,210866.66666666666,17.09058093117293,57.428441790391595,False,False
1998-03-09 20:00:00,23.5,23.6875,23.0,23.0,146200,23.2921875,206420.0,17.118074499605324,50.506388411883115,True,True
1998-03-10 20:00:00,23.0,23.21875,22.25,22.46875,164000,23.328645833333333,208800.0,16.015279301776218,46.40989645219166,True,True
1998-03-11 20:00:00,22.8125,22.8125,21.5,21.5,383000,23.330729166666668,218166.66666666666,15.670096538873276,40.03335438195691,True,False
1998-03-12 20:00:00,21.5,22.25,21.0,21.625,173200,23.322395833333335,219993.33333333334,15.877744491427539,41.15680466697456,True,True
1998-03-13 20:00:00,21.625,23.25,21.3125,22.3125,256800,23.3328125,223066.66666666666,14.782710737206477,47.03422567796905,True,False
1998-03-16 20:00:00,21.9375,22.75,21.9375,22.5,168800,23.359895833333333,223460.0,13.765893679715491,48.543756159062355,True,True
1998-03-17 20:00:00,22.0,22.75,21.9375,22.03125,48400,23.3109375,206146.66666666666,12.82170641204529,45.084383204898174,True,True
1998-03-18 20:00:00,22.5,22.5,21.9375,22.34375,29800,23.2390625,186713.33333333334,11.944961092065816,47.75728598633961,True,True
1998-03-19 20:00:00,22.625,22.75,21.9375,22.1875,57400,23.1390625,173933.33333333334,11.402005680234364,46.53760565605196,True,True
1998-03-20 20:00:00,22.5,23.0625,22.25,23.0625,91200,23.0953125,172500.0,11.317736892311453,53.67293294298946,True,True
1998-03-23 20:00:00,23.125,23.4375,22.875,23.125,221000,23.0328125,173186.66666666666,11.71131151746147,54.14371618760507,False,False
1998-03-24 20:00:00,23.1875,23.1875,22.75,22.90625,243000,22.9609375,174080.0,11.862040433732888,52.14632722845597,True,False
1998-03-25 20:00:00,22.75,23.875,22.75,23.875,570600,22.9515625,186240.0,12.81612660187395,59.306001804773004,False,False
1998-03-26 20:00:00,24.125,24.5,23.5,23.5,235000,22.9453125,180840.0,14.314405369037047,55.82419467879253,False,False
1998-03-27 20:00:00,23.875,23.875,23.5,23.5,45200,22.943229166666665,172320.0,15.705664224259921,55.82419467879253,False,True
1998-03-30 20:00:00,24.0,24.25,23.5,23.90625,63600,22.9484375,168586.66666666666,17.346931126001024,58.858879888156764,False,True
1998-03-31 20:00:00,24.0,24.0,23.0,23.375,173200,22.944270833333334,171733.33333333334,17.920901000253988,53.666977031902604,False,False
1998-04-01 20:00:00,23.5,23.5,22.75,23.25,71800,22.9359375,171553.33333333334,18.014076731563712,52.493655250416296,False,True
1998-04-02 20:00:00,22.75,24.0,22.75,23.625,228600,22.952604166666667,173806.66666666666,18.652471143276795,55.62785291092416,False,False
1998-04-03 20:00:00,23.8125,23.9375,23.375,23.375,99400,22.952604166666667,172180.0,19.245265954153233,53.11213495520206,False,True
1998-04-05 20:00:00,23.375,23.8125,22.625,22.71875,196400,22.928645833333334,176653.33333333334,18.502069975950008,47.09169824216287,True,False
1998-04-06 20:00:00,22.6875,23.0625,22.5625,22.75,254400,22.9140625,184313.33333333334,17.713683496921472,47.397476221413015,True,False
1998-04-07 20:00:00,22.6875,22.75,22.25,22.421875,386600,22.878125,194646.66666666666,16.492419602154886,44.48998365482781,True,False
1998-04-08 20:00:00,22.5625,22.5625,22.3125,22.53125,292400,22.841666666666665,198653.33333333334,15.35838884272877,45.68600403487558,True,False
1998-04-12 20:00:00,22.5625,22.5625,22.0,22.125,376800,22.820833333333333,206193.33333333334,14.711991992541117,42.06101294333162,True,False
1998-04-13 20:00:00,22.0,22.3125,21.375,21.75,306000,22.791666666666668,213266.66666666666,14.975729867645459,38.98594698981409,True,False
1998-04-14 20:00:00,22.0,22.0,20.25,20.5,1627400,22.7125,256466.66666666666,16.387231161214725,30.881305805912078,True,False
1998-04-15 20:00:00,20.75,21.0,20.0,21.0,610400,22.652083333333334,268300.0,17.911007091445068,36.5622215094829,True,False
1998-04-16 20:00:00,21.0,21.75,20.8125,21.6875,390400,22.624479166666667,277553.3333333333,18.060078395471717,43.44524606552725,True,False
1998-04-19 20:00:00,21.3125,21.4375,20.75,20.9375,446400,22.5296875,278580.0,18.26374072833691,38.53342828797343,True,False
1998-04-20 20:00:00,21.125,21.375,20.75,21.0,763800,22.463020833333335,299166.6666666667,18.452855751711734,39.150816281274295,True,False
1998-04-21 20:00:00,21.25,21.25,20.875,21.0,719400,22.4140625,317680.0,18.628462559131215,39.15081628127429,True,False
1998-04-22 20:00:00,21.25,21.25,20.625,20.75,92800,22.3890625,308006.6666666667,19.09634696138013,37.407764451558904,True,True
1998-04-23 20:00:00,20.6875,21.125,20.4375,20.5,410000,22.3515625,315900.0,19.75400094247009,35.69626433891918,True,False
1998-04-26 20:00:00,20.4375,20.625,19.5625,19.625,817200,22.261979166666666,334580.0,21.253056969960163,30.445824933034714,True,False
1998-04-27 20:00:00,20.625,20.625,20.0,20.40625,591400,22.1921875,348666.6666666667,22.645037566915228,39.06396823837087,True,False
1998-04-28 20:00:00,20.5625,20.75,20.125,20.75,625000,22.149479166666666,367886.6666666667,23.656734232083632,42.44324798499351,True,False
1998-04-29 20:00:00,20.75,22.53125,20.625,22.5,972600,22.1546875,399313.3333333333,22.270184946040086,55.86272328330838,False,False
1998-04-30 20:00:00,22.3125,22.5625,21.75,22.375,206600,22.1609375,404286.6666666667,21.02123404678074,54.8784899766247,False,True
1998-05-03 20:00:00,22.5,22.5625,22.0,22.125,337600,22.1296875,412500.0,19.86149392603992,52.87209179331261,True,True
1998-05-04 20:00:00,22.5625,22.5625,21.1875,21.3125,114200,22.069270833333334,408940.0,19.188524488321377,46.87397642686618,True,True
1998-05-05 20:00:00,21.0625,21.5,21.0,21.375,273000,22.018229166666668,409940.0,18.78656861506658,47.36859973466075,True,True
1998-05-06 20:00:00,21.125,21.375,20.375,20.5625,505600,21.9078125,407773.3333333333,19.099856972501037,41.90631009711059,True,False
1998-05-07 20:00:00,20.5,20.8125,19.875,20.0625,229800,21.793229166666666,407600.0,19.870515225069077,38.93113480074555,True,True
1998-05-10 20:00:00,18.25,18.25,15.875,16.828125,8114800,21.570833333333333,676586.6666666666,22.737571853148207,26.04817823969145,True,False
1998-05-11 20:00:00,16.8125,17.9375,16.8125,17.671875,2939600,21.363020833333334,772453.3333333334,25.39983872207883,32.33843821512141,True,False
1998-05-12 20:00:00,18.0,19.0625,17.75,19.0,2005000,21.2171875,833513.3333333334,26.46720038392857,40.86500386273355,True,False
1998-05-13 20:00:00,19.0,19.0625,18.5625,18.65625,1131400,21.0640625,868833.3333333334,27.45832192707476,39.478314565096596,True,False
1998-05-14 20:00:00,18.75,18.8125,18.625,18.8125,523800,20.903645833333332,878673.3333333334,28.378649074281935,40.46719988983503,True,True
1998-05-17 20:00:00,18.8125,18.8125,18.5,18.5625,234000,20.743229166666666,883160.0,29.304701409513378,39.359085528463694,True,True
1998-05-18 20:00:00,18.5625,18.875,18.5,18.703125,507800,20.609375,893540.0,30.07425382712528,40.348571154869404,True,True
1998-05-19 20:00:00,18.5,18.75,18.0,18.109375,777000,20.4546875,910960.0,31.095224430908452,37.56171273738864,True,True
1998-05-20 20:00:00,18.1875,18.5,18.0,18.15625,655600,20.3125,919926.6666666666,32.04326856299283,37.92622925705166,True,True
1998-05-21 20:00:00,18.5,18.5,17.4375,17.546875,190400,20.146354166666665,916526.6666666666,33.26302956059412,35.06063897291373,True,True
1998-05-25 20:00:00,17.375,17.75,17.0,17.125,630800,19.9796875,924993.3333333334,34.638329210137776,33.190915003058315,True,True
1998-05-26 20:00:00,16.25,17.25,15.875,17.203125,1373800,19.828125,960586.6666666666,36.44465499125716,33.89397059197787,True,False
1998-05-27 20:00:00,16.875,18.125,16.875,18.125,576200,19.748958333333334,925546.6666666666,36.80143547851572,41.69143158227906,True,True
1998-05-28 20:00:00,18.125,18.875,18.125,18.359375,353600,19.6609375,916986.6666666666,36.158638181284076,43.515598602223946,True,True
1998-05-31 20:00:00,18.25,18.25,17.65625,17.75,339000,19.5296875,915273.3333333334,35.87603040077249,40.01076720151602,True,True
1998-06-01 20:00:00,17.625,18.0,17.25,17.390625,526600,19.411458333333332,917946.6666666666,35.87423293098632,38.06369939381812,True,True
1998-06-02 20:00:00,17.125,17.875,16.296875,16.3125,811400,19.255208333333332,919533.3333333334,36.42104359245356,32.89233809385079,True,True
1998-06-03 20:00:00,16.5,17.0,16.5,16.75,289600,19.113541666666666,905206.6666666666,36.92879634953028,36.653402765138324,True,True
1998-06-04 20:00:00,16.875,16.875,16.0,16.375,665600,18.967708333333334,924300.0,37.67409209110931,34.85044751993701,True,True
1998-06-07 20:00:00,16.375,16.375,15.9375,16.0625,1442000,18.819791666666667,958700.0,38.40019839358195,33.37704317874227,True,False
1998-06-08 20:00:00,16.125,16.5,15.9375,16.34375,1073800,18.710416666666667,967253.3333333334,38.872421678898775,35.99959164884532,True,False
1998-06-09 20:00:00,16.3125,16.625,16.0,16.46875,958600,18.579166666666666,979493.3333333334,39.10182626576178,37.18311861349149,True,True
1998-06-10 20:00:00,16.625,16.8125,16.25,16.625,307200,18.441666666666666,968900.0,38.99435531790753,38.70888358624862,True,True
1998-06-11 20:00:00,16.6875,16.6875,16.15625,16.375,243000,18.2375,944580.0,38.96908625201981,37.153918785785045,True,True
1998-06-14 20:00:00,16.5,16.5,16.0,16.125,182800,18.029166666666665,943786.6666666666,39.07331705812635,35.61326045789784,True,True
1998-06-15 20:00:00,16.375,16.9375,16.25,16.75,737400,17.85,957113.3333333334,38.360039138822074,42.07959260055047,True,True
1998-06-16 20:00:00,16.9375,16.9375,16.4375,16.65625,689400,17.694791666666667,976286.6666666666,37.69770964232525,41.40782365672136,True,True
1998-06-17 20:00:00,16.75,16.9375,16.3125,16.375,110800,17.528125,970880.0,37.21470336515103,39.376889957375674,True,True
1998-06-18 20:00:00,16.4375,16.6875,15.625,16.0,223200,17.376041666666666,961466.6666666666,37.42590571167597,36.7861651871569,True,True
1998-06-21 20:00:00,16.25,16.25,15.5,15.75,175200,17.232291666666665,959646.6666666666,37.731066249389364,35.12690980366631,True,True
1998-06-22 20:00:00,16.0,16.5,15.8125,16.484375,298800,17.220833333333335,699113.3333333334,37.48715409653652,43.227706234287204,True,True
1998-06-23 20:00:00,16.625,16.9375,16.375,16.59375,233400,17.184895833333332,608906.6666666666,36.40293302387472,44.34244252946223,True,True
1998-06-24 20:00:00,17.25,17.375,16.25,16.375,641000,17.097395833333334,563440.0,34.6288993292152,42.54323646971645,True,False
1998-06-25 20:00:00,16.6875,16.6875,15.6875,16.125,192600,17.013020833333332,532146.6666666666,33.66642831224225,40.51973058052095,True,True
1998-06-28 20:00:00,16.0625,16.875,15.75,16.875,452400,16.9484375,529766.6666666666,32.4485177085187,48.44241649117223,True,True
1998-06-29 20:00:00,16.5,17.5625,16.5,17.0625,780200,16.8984375,547973.3333333334,30.244212106797594,50.22732193051812,False,False
1998-06-30 20:00:00,17.125,17.5,16.625,17.03125,276400,16.842708333333334,540260.0,28.19735690519942,49.917147600541824,False,True
1998-07-01 20:00:00,16.9375,17.375,16.875,17.125,454800,16.809895833333332,529520.0,26.296705646572544,50.89682113702425,False,True
1998-07-05 20:00:00,17.125,17.5625,17.0,17.5625,756200,16.790104166666666,532873.3333333334,24.610043007481018,55.29193065585047,False,False
1998-07-06 20:00:00,17.5625,17.5625,17.25,17.3125,380200,16.782291666666666,539200.0,23.043856271181742,52.40535846356082,False,True
1998-07-07 20:00:00,17.5,19.5625,17.40625,19.5625,1230600,16.863541666666666,559193.3333333334,23.968112608683498,68.39658744817454,False,False
1998-07-08 20:00:00,19.3125,19.5625,17.875,18.4921875,1177800,16.906510416666666,552660.0,24.826350636363706,58.35278556957927,False,False
1998-07-09 20:00:00,18.0,19.25,18.0,19.0,723800,16.935677083333335,557580.0,25.623285947781035,61.25952509866149,False,False
1998-07-12 20:00:00,19.0,19.25,18.0,18.46875,231600,16.939322916666665,553513.3333333334,26.363297308382844,56.79371096317944,False,True
1998-07-13 20:00:00,18.5,18.625,18.125,18.5625,575400,16.96640625,561393.3333333334,27.050450714655955,57.38412335185434,False,False
1998-07-14 20:00:00,18.8125,19.3125,18.0,19.15625,471400,17.025260416666665,559553.3333333334,28.354193890945847,61.01738361431038,False,True
1998-07-15 20:00:00,19.25,20.5,18.75,20.25,1268800,17.156510416666666,574800.0,30.39734778294858,66.65677028460456,False,False
1998-07-16 20:00:00,20.125,21.625,20.0,21.0,1016400,17.298177083333332,599026.6666666666,32.8435912402471,69.87499186570862,False,False
1998-07-19 20:00:00,21.0,21.125,20.75,20.796875,735600,17.445572916666666,601360.0,35.1151030220243,67.96179389944444,False,False
1998-07-20 20:00:00,20.8125,21.125,19.5,19.625,668000,17.564322916666665,575560.0,35.024314560947104,58.08133094026368,False,False
1998-07-21 20:00:00,19.875,19.875,18.375,18.5,409600,17.636197916666667,553420.0,33.47262558198855,50.49219051057967,False,True
1998-07-22 20:00:00,18.875,19.625,18.6875,19.5625,633000,17.739322916666666,542566.6666666666,32.03177153009847,56.29983715170518,False,False
1998-07-23 20:00:00,19.5625,19.875,18.5,18.9375,254400,17.81640625,540806.6666666666,30.92948653423809,52.40545362115484,False,True
1998-07-26 20:00:00,19.25,19.25,18.5,19.125,232000,17.908072916666665,540440.0,29.905936180939168,53.445843178835204,False,True
1998-07-27 20:00:00,18.9375,19.6875,18.25,19.3125,273400,18.014322916666668,543460.0,29.382586502316197,54.5165651888672,False,True
1998-07-28 20:00:00,19.125,19.5,18.625,19.125,183200,18.093489583333334,524986.6666666666,28.896618943594866,53.19889843592719,False,True
1998-07-29 20:00:00,19.0,19.125,17.875,18.8125,215800,18.165364583333332,509200.0,27.35304300246202,50.986976502887195,False,True
1998-07-30 20:00:00,18.875,18.875,18.0,18.03125,307000,18.220572916666665,515740.0,25.919722485695807,45.85400214868837,True,True
1998-08-02 20:00:00,18.125,18.125,16.375,16.375,313800,18.233072916666668,518760.0,25.376846282387017,37.284450089538566,True,True
1998-08-03 20:00:00,16.375,17.0,16.1875,16.40625,485200,18.254947916666666,529093.3333333334,25.04079256214825,37.521706985251164,True,True
1998-08-04 20:00:00,16.625,16.75,15.0,15.625,521600,18.226302083333334,536520.0,25.659114946791625,34.05331845816234,True,True
1998-08-05 20:00:00,15.75,16.09375,15.5,15.71875,396000,18.197135416666665,541940.0,26.233271446817614,34.83179732284739,True,True
1998-08-06 20:00:00,15.875,16.1875,15.75,16.125,369600,18.188802083333332,532893.3333333334,26.624974247550348,38.23437093406705,True,True
1998-08-09 20:00:00,16.375,16.875,15.84375,16.6875,452000,18.207552083333333,541540.0,26.003452815124714,42.69578173701048,True,True
1998-08-10 20:00:00,16.3125,16.4375,15.8125,16.1875,375000,18.184635416666666,538960.0,25.45622510922314,39.93452951282854,True,True
1998-08-11 20:00:00,16.375,16.9375,16.125,16.6875,229600,18.172135416666666,520606.6666666667,24.26526180307698,43.845548984816396,True,True
1998-08-12 20:00:00,16.6875,16.6875,15.75,16.3125,283200,18.148177083333334,520833.3333333333,23.558430996227628,41.6548791861532,True,True
1998-08-13 20:00:00,16.0,16.4375,15.6875,16.4375,85600,18.125260416666666,508526.6666666667,22.968596760892588,42.682893346004704,True,True
1998-08-16 20:00:00,16.25,17.0,15.21875,15.3125,483800,18.050260416666667,499446.6666666667,21.635669534974177,36.456987784424335,True,True
1998-08-17 20:00:00,16.0,16.125,14.96875,15.125,629200,17.97734375,507746.6666666667,20.69625681410823,35.52686768579994,True,False
1998-08-18 20:00:00,15.5,15.5,13.75,13.75,778200,17.78359375,492666.6666666667,21.042499105784316,29.56911259139029,True,False
1998-08-19 20:00:00,14.125,14.125,11.4375,11.53125,6363000,17.5515625,665506.6666666666,22.831023397203904,22.896627613891045,True,False
1998-08-20 20:00:00,11.75,11.9375,10.0625,11.5625,5872800,17.303645833333334,837140.0,25.069935852031445,23.15963326330971,True,False
1998-08-23 20:00:00,12.0625,12.375,11.625,12.0625,2032400,17.090104166666666,897166.6666666666,26.610172173676947,27.425250799977942,True,False
1998-08-24 20:00:00,12.21875,12.625,11.9375,12.25,1616200,16.8796875,931860.0,27.734285899128686,29.016599078112876,True,False
1998-08-25 20:00:00,12.5,12.5625,11.5,11.625,1228400,16.628645833333334,957093.3333333334,28.993083138495923,26.899291441816075,True,False
1998-08-26 20:00:00,11.5,11.8125,10.78125,11.125,612600,16.324479166666666,935220.0,30.491975297183497,25.308274992398726,True,True
1998-08-27 20:00:00,11.375,11.375,9.5,10.0,1486200,15.9578125,950880.0,32.382775238596075,22.1358124856226,True,False
1998-08-30 20:00:00,11.0625,11.0625,9.5,9.6875,860600,15.5875,955046.6666666666,34.13851804133633,21.335749746416084,True,True
1998-08-31 20:00:00,10.1875,10.1875,8.6875,9.25,2198600,15.241666666666667,1006066.6666666666,36.055169630859425,20.233181516440883,True,False
1998-09-01 20:00:00,9.8125,10.125,9.4375,9.9375,702600,14.95625,1015833.3333333334,37.83491753541658,26.648060877250895,True,True
1998-09-02 20:00:00,9.875,9.875,9.25,9.375,1150600,14.616666666666667,1033086.6666666666,39.55534285174434,24.884730564335346,True,False
1998-09-03 20:00:00,9.625,9.75,9.5,9.5625,592200,14.304166666666667,1044346.6666666666,41.152880645477275,26.627597496744837,True,True
1998-09-07 20:00:00,9.875,10.625,9.8125,10.625,1903800,14.020833333333334,1100073.3333333333,41.29095364993951,35.72817555075263,True,False
1998-09-08 20:00:00,10.625,10.75,10.25,10.25,790600,13.71875,1117313.3333333333,41.23947829035922,34.11965051263189,True,True
1998-09-09 20:00:00,10.125,10.75,9.875,10.625,360800,13.435416666666667,1123233.3333333333,41.41983681001625,37.166111401390566,True,True
1998-09-10 20:00:00,10.75,11.25,10.625,10.9375,901800,13.172916666666667,1146100.0,40.85158199062352,39.66978673351181,True,True
1998-09-13 20:00:00,11.0625,11.1875,10.625,10.75,403400,12.930208333333333,1149313.3333333333,40.323916801187416,38.674060881161445,True,True
1998-09-14 20:00:00,10.75,10.9375,10.0,10.375,264400,12.730208333333334,1147666.6666666667,40.281124693251506,36.69048833651259,True,True
1998-09-15 20:00:00,10.8125,11.25,10.625,10.90625,757600,12.546875,1156746.6666666667,39.76011355925165,41.28490558917361,True,True
1998-09-16 20:00:00,11.0,11.0,10.0,10.4375,280000,12.373958333333333,1148693.3333333333,39.72669723295828,38.6216128927547,True,True
1998-09-17 20:00:00,10.5625,10.5625,10.25,10.5625,154400,12.202083333333333,1140640.0,39.69566778711443,39.73802459934933,True,True
1998-09-20 20:00:00,10.3125,11.0,10.3125,10.75,226600,12.022916666666667,1135873.3333333333,38.96078773507107,41.458116086515936,True,True
1998-09-21 20:00:00,10.8125,11.625,10.75,11.625,796400,11.854166666666666,1147353.3333333333,37.368562654381776,48.80239693241779,True,True
1998-09-22 20:00:00,11.8125,12.875,11.625,12.625,1808200,11.735416666666667,1195126.6666666667,34.9664053237593,55.65019474974281,False,False
1998-09-23 20:00:00,12.75,12.75,11.375,11.625,429200,11.566666666666666,1201780.0,32.47081315575824,48.643533820469386,False,True
1998-09-24 20:00:00,11.4375,11.9375,11.375,11.84375,375200,11.417708333333334,1204846.6666666667,30.15347757118584,50.12290882124082,False,True
1998-09-27 20:00:00,12.5,12.75,11.8125,11.875,624600,11.265625,1222813.3333333333,28.857729601102097,50.34297357786757,False,True
1998-09-28 20:00:00,12.0,12.0625,10.625,11.0625,723600,11.123958333333333,1230806.6666666667,27.2128530771933,44.80746209864234,True,True
1998-09-29 20:00:00,10.9375,11.1875,10.15625,10.625,366800,10.973958333333334,1222060.0,26.11205786890799,42.12171969324213,True,True
1998-09-30 20:00:00,10.375,11.375,10.0625,10.46875,828600,10.864583333333334,1223740.0,24.87752562550627,41.172540247692844,True,True
1998-10-01 20:00:00,10.75,11.5,10.125,11.5,821600,10.863541666666666,1039026.6666666666,23.58554185796824,49.29393723247158,False,True
1998-10-04 20:00:00,11.125,11.5,11.0,11.3125,371400,10.855208333333334,855646.6666666666,22.38584264525436,47.9965120697691,False,True
1998-10-05 20:00:00,11.375,12.0,11.375,11.75,544800,10.844791666666667,806060.0,20.911801660560833,51.22254930708255,False,True
1998-10-06 20:00:00,11.75,12.5,11.5,11.75,690000,10.828125,775186.6666666666,20.099461205615448,51.22254930708255,False,True
1998-10-07 20:00:00,11.125,11.5625,10.625,11.5625,720400,10.826041666666667,758253.3333333334,18.999548003222717,49.69039696120283,False,True
1998-10-08 20:00:00,11.5625,12.5,10.875,12.5,1196800,10.871875,777726.6666666666,18.282125355325004,56.66935521685447,False,False
1998-10-11 20:00:00,12.5,13.75,12.0,13.5625,1436000,10.990625,776053.3333333334,18.641780079524114,62.94340013643009,False,False
1998-10-12 20:00:00,13.5,13.625,12.4375,12.84375,1111400,11.095833333333333,784413.3333333334,18.975745180566147,56.93742041206541,False,False
1998-10-13 20:00:00,12.90625,12.90625,12.21875,12.625,1056000,11.208333333333334,746326.6666666666,19.0126002366713,55.210739400191734,False,False
1998-10-14 20:00:00,11.125,11.125,10.0,10.921875,2753200,11.241145833333333,814680.0,18.422487283803548,44.01817700790147,True,False
1998-10-15 20:00:00,11.0625,11.0625,10.71875,10.75,555200,11.286979166666667,794833.3333333334,17.874525256140636,43.06926852922795,True,True
1998-10-18 20:00:00,10.96875,11.375,10.625,11.09375,1049000,11.338020833333333,810060.0,17.05163769334104,45.59532566068869,True,False
1998-10-19 20:00:00,11.21875,12.125,11.0625,11.5625,752800,11.369270833333333,771693.3333333334,16.086768263481606,48.92346204181479,False,True
1998-10-20 20:00:00,11.6875,11.9375,11.5625,11.75,429000,11.419270833333334,759640.0,15.19081807861213,50.23486088651633,False,True
1998-10-21 20:00:00,11.8125,11.8125,11.3125,11.53125,406800,11.449479166666666,761173.3333333334,14.109497450801276,48.66499868357861,False,True
1998-10-22 20:00:00,11.5625,12.5,11.4375,12.4375,959200,11.499479166666667,763086.6666666666,13.764397787725736,54.946576803424506,False,False
1998-10-26 20:00:00,12.5625,12.9375,12.375,12.4375,703600,11.555729166666667,773093.3333333334,13.833211899805661,54.946576803424506,False,True
1998-10-27 20:00:00,12.65625,13.0,12.4375,12.9375,647200,11.641145833333333,785853.3333333334,13.952884601918438,58.217993259602544,False,True
1998-10-28 20:00:00,13.0,13.25,12.9375,13.21875,251400,11.718229166666667,768980.0,14.293032070798493,59.97838708540759,False,True
1998-10-29 20:00:00,13.125,14.875,13.125,14.8125,1017600,11.8640625,793566.6666666666,15.827494413874845,68.16400276333914,False,False
1998-10-30 20:00:00,15.0625,15.625,15.0,15.25,1821000,12.0203125,849120.0,17.685715564899763,69.97919111434041,False,False
1998-11-02 20:00:00,15.0625,15.84375,15.0625,15.84375,497400,12.190104166666666,858146.6666666666,19.53091621335383,72.28845824942101,False,True
1998-11-03 20:00:00,15.9375,15.9375,15.4375,15.875,473000,12.331770833333334,847366.6666666666,21.29727092063272,72.4087550740821,False,True
1998-11-04 20:00:00,16.3125,17.125,15.875,16.5,703600,12.4609375,810546.6666666666,23.54206996909289,74.76793442775845,False,True
1998-11-05 20:00:00,16.5,16.5625,15.9375,16.40625,354800,12.6203125,808066.6666666666,25.626526228377333,73.74928806902389,False,True
1998-11-06 20:00:00,16.375,17.75,16.375,17.125,441000,12.796354166666667,810260.0,28.067758828269312,76.40356214452638,False,True
1998-11-09 20:00:00,17.5,17.5,16.5,16.5,224000,12.950520833333334,796906.6666666666,30.334617671026148,69.79487690302292,False,True
1998-11-10 20:00:00,16.6875,16.6875,15.4375,16.0,370400,13.115104166666667,785133.3333333334,30.904407929429002,64.95443574019858,False,True
1998-11-11 20:00:00,16.0,16.3125,15.8125,16.0,280000,13.294270833333334,782240.0,31.433498883660228,64.95443574019858,False,True
1998-11-12 20:00:00,15.875,15.9375,15.125,15.34375,167000,13.456770833333334,760186.6666666666,31.01911199491508,58.75212323072354,False,True
1998-11-13 20:00:00,15.25,15.375,15.0,15.0,288200,13.5734375,742406.6666666666,30.47608476173152,55.74921762189684,False,True
1998-11-16 20:00:00,15.0,15.25,13.8125,14.25,467800,13.671354166666667,745620.0,28.62454275254904,49.771909327665334,False,True
1998-11-17 20:00:00,13.875,14.125,12.9375,13.875,596400,13.7421875,747340.0,27.062367013415876,47.05528269586499,False,True
1998-11-18 20:00:00,13.75,14.8125,13.6875,14.78125,956800,13.843229166666667,756233.3333333334,25.2862576036082,53.64070872402067,False,False
1998-11-19 20:00:00,14.96875,15.5,14.75,15.3125,489000,13.968229166666667,748520.0,24.215572973460826,57.01594537566985,False,True
1998-11-20 20:00:00,15.3125,15.5,15.125,15.125,140200,14.055729166666667,713300.0,23.221365816895407,55.48063606301512,False,True
1998-11-23 20:00:00,15.5,15.96875,15.1875,15.875,791400,14.1328125,691813.3333333334,22.691989424268513,60.10796545702842,False,False
1998-11-24 20:00:00,15.875,16.3125,15.875,16.125,1073600,14.2421875,690553.3333333334,22.478810693162643,61.542866028870414,False,False
1998-11-25 20:00:00,16.0,16.21875,15.75,15.8125,331200,14.3484375,666393.3333333334,22.12860927698223,58.70054922077903,False,True
1998-11-27 20:00:00,15.75,16.125,15.75,16.125,29000,14.521875,575586.6666666666,21.803422247671843,60.65733474556541,False,True
1998-11-30 20:00:00,15.9375,16.25,14.875,15.625,289400,14.684375,566726.6666666666,20.440781513500667,56.07903572470108,False,True
1998-12-01 20:00:00,15.53125,16.0,15.25,16.0,437200,14.847916666666666,546333.3333333334,19.175472260341717,58.60273951157347,False,True
1998-12-02 20:00:00,15.75,16.25,15.75,16.1875,555000,15.002083333333333,539740.0,18.279640520286193,59.845133627025284,False,False
1998-12-03 20:00:00,16.15625,16.1875,15.8125,15.9375,472200,15.141666666666667,541180.0,17.447796761663206,57.37274447830122,False,True
1998-12-04 20:00:00,16.0,16.4375,15.6875,16.4375,369600,15.305208333333333,539940.0,16.972226672250233,60.85587137301365,False,True
1998-12-07 20:00:00,16.75,16.75,16.375,16.6875,1135400,15.446875,545813.3333333334,16.89086615619871,62.505565469534986,False,False
1998-12-08 20:00:00,16.75,18.625,16.625,18.625,717600,15.653125,546280.0,18.423845404165412,72.26211941947281,False,False
1998-12-09 20:00:00,19.0,19.1875,17.5,17.96875,919600,15.820833333333333,555360.0,20.19767632237722,65.99783299778258,False,False
1998-12-10 20:00:00,17.9375,18.53125,17.375,17.71875,443000,15.970833333333333,561746.6666666666,21.653606183797642,63.73126462931381,False,True
1998-12-11 20:00:00,17.6875,18.0,17.375,17.8125,189400,16.070833333333333,534140.0,23.005541055116602,64.2274061015795,False,True
1998-12-14 20:00:00,17.5,18.125,17.25,17.765625,251800,16.1546875,481833.3333333333,24.26090914991278,63.7577705899783,False,True
1998-12-15 20:00:00,17.8125,18.0,17.5,17.9375,342400,16.224479166666665,476666.6666666667,25.426608095080663,64.77483781879685,False,True
1998-12-16 20:00:00,18.0,18.25,17.75,17.8125,239400,16.2890625,468880.0,26.712168786706656,63.38174223954742,False,True
1998-12-17 20:00:00,17.8125,18.125,17.6875,17.9375,447400,16.336979166666666,460340.0,27.775579372132807,64.21066281258445,False,True
1998-12-18 20:00:00,18.0,19.84375,17.9375,19.5625,875800,16.4421875,477706.6666666667,29.904541725235077,72.8233578932686,False,False
1998-12-21 20:00:00,19.4375,20.3125,18.6875,18.75,931800,16.496354166666666,494066.6666666667,32.1068414860803,64.46937529627085,False,False
1998-12-22 20:00:00,18.84375,18.875,18.5,18.71875,419000,16.5703125,500566.6666666667,33.79532841187862,64.16449526275527,False,True
1998-12-23 20:00:00,18.78125,18.875,17.875,18.875,549200,16.666145833333335,506526.6666666667,34.24754236649253,65.0543584227015,False,False
1998-12-24 20:00:00,18.875,18.875,18.375,18.8125,237200,16.759895833333335,505100.0,34.6674553243483,64.3658490153683,False,True
1998-12-28 20:00:00,19.0,19.25,18.3125,18.8125,207800,16.875520833333333,506460.0,35.336357826717084,64.3658490153683,False,True
1998-12-29 20:00:00,18.6875,18.8125,18.3125,18.78125,402800,17.0015625,510280.0,35.95748157891667,63.97323017911722,False,True
1998-12-30 20:00:00,18.875,18.875,17.25,18.03125,460600,17.127604166666668,510040.0,34.71821237951186,55.26098348721998,False,True
1998-12-31 20:00:00,18.0,18.78125,17.8125,18.6875,324600,17.288020833333334,500980.0,33.56746240863597,60.34931413440621,False,True
1999-01-04 20:00:00,18.875,19.75,18.5,18.5,493600,17.411979166666665,485540.0,33.413387133185,58.30879987712863,False,False
1999-01-05 20:00:00,18.5,18.8125,17.875,17.9375,462800,17.499479166666667,484666.6666666667,32.34555794484258,52.566542603273135,False,True
1999-01-06 20:00:00,18.46875,18.9375,17.75,18.21875,499000,17.602604166666666,496626.6666666667,31.354002269953195,54.95516882221692,False,False
1999-01-07 20:00:00,17.9375,18.25,17.4375,17.6875,301800,17.663020833333334,480306.6666666667,29.975978133594882,49.848831596829946,False,True
1999-01-08 20:00:00,17.5,18.5,17.5,18.25,445600,17.733854166666667,459373.3333333333,28.97583074290768,54.653395622701915,False,True
1999-01-11 20:00:00,18.4375,19.125,18.4375,18.875,1431600,17.8359375,496053.3333333333,28.689111578411996,59.31706139809174,False,False
1999-01-12 20:00:00,19.0,19.0,17.5,17.59375,774200,17.884895833333335,520893.3333333333,27.10780943658519,48.34119991606951,True,False
1999-01-13 20:00:00,15.3125,16.875,15.3125,16.25,1030400,17.905729166666667,545593.3333333334,26.759971166909786,39.98473659254109,True,False
1999-01-14 20:00:00,16.4375,16.4375,14.5,15.0625,1642200,17.874479166666667,585760.0,26.97872773365446,34.33596329353274,True,False
1999-01-15 20:00:00,15.5,16.875,15.0,16.875,736000,17.897395833333334,591793.3333333334,26.685463986658387,46.710538934751135,True,False
1999-01-19 20:00:00,17.875,17.9375,16.21875,16.40625,1838400,17.913020833333334,637333.3333333334,25.335286472103693,44.38111315799696,True,False
1999-01-20 20:00:00,16.375,16.5,15.75,15.75,517400,17.890104166666667,642260.0,24.444699809366064,41.27754971914006,True,True
1999-01-21 20:00:00,15.6875,15.9375,14.3125,14.40625,1492600,17.8140625,654166.6666666666,24.576381774366205,35.76277813872588,True,False
1999-01-22 20:00:00,14.375,15.0625,13.5625,13.5625,1575400,17.6453125,682760.0,25.11803713830624,32.79957247829503,True,False
1999-01-25 20:00:00,14.25,14.75,13.625,13.78125,429800,17.505729166666665,666433.3333333334,25.621002833393415,34.31903170972834,True,True
1999-01-26 20:00:00,13.8125,13.875,13.125,13.5625,633600,17.3671875,672786.6666666666,26.369156186554957,33.50322309199479,True,True
1999-01-27 20:00:00,13.75,14.25,13.375,14.25,884200,17.2484375,695946.6666666666,26.628764080815696,38.454939771390286,True,False
1999-01-28 20:00:00,14.5,15.4375,14.375,14.875,821800,17.152083333333334,714946.6666666666,25.64012216375017,42.636899151932155,True,False
1999-01-29 20:00:00,15.0,15.75,14.875,15.0,484400,17.054166666666667,719680.0,24.43068486283072,43.46431520987357,True,True
1999-02-01 20:00:00,14.75,14.75,13.625,13.8125,1193600,16.920833333333334,751486.6666666666,24.18672753546309,37.87507117810755,True,False
1999-02-02 20:00:00,14.0625,14.0625,10.75,11.3125,3341400,16.7,847953.3333333334,25.372496935553965,29.325311036858693,True,False
1999-02-03 20:00:00,12.75,14.1875,12.5,13.875,3891600,16.510416666666668,948480.0,26.357063569605575,43.423026319095,True,False
1999-02-04 20:00:00,14.125,14.375,13.3125,13.53125,2593600,16.336458333333333,1003873.3333333334,27.088701434606584,42.20675542676534,True,False
1999-02-05 20:00:00,13.5,13.75,13.25,13.71875,1321200,16.169791666666665,1033946.6666666666,27.797748371159447,43.14225396546512,True,False
1999-02-08 20:00:00,13.875,13.875,13.53125,13.65625,674800,15.995833333333334,1038133.3333333334,28.31996986097987,42.89301494314286,True,True
1999-02-09 20:00:00,13.5,13.6875,13.25,13.625,485600,15.822916666666666,1046413.3333333334,28.95606936873561,42.75999842478942,True,True
1999-02-10 20:00:00,13.5625,14.5625,13.5,14.375,653400,15.675,1061266.6666666667,28.58112382914339,47.00746185678476,True,True
1999-02-11 20:00:00,14.5,14.625,14.125,14.5625,756400,15.534375,1073053.3333333333,28.166503415691892,48.04541695722641,True,True
1999-02-12 20:00:00,14.46875,14.5625,13.875,13.875,336600,15.395833333333334,1068920.0,27.95459690070637,44.59621988951613,True,True
1999-02-16 20:00:00,14.0,14.0,13.625,13.75,708600,15.23125,1081720.0,27.9324873707771,43.97802732078659,True,True
1999-02-17 20:00:00,13.6875,14.0,13.625,13.625,309600,15.06875,1075586.6666666667,27.911957092985634,43.33116657558852,True,True
1999-02-18 20:00:00,13.78125,13.8125,13.21875,13.28125,733400,14.913541666666667,1084606.6666666667,28.192822715283402,41.522430518781015,True,True
1999-02-19 20:00:00,13.28125,13.375,12.9375,13.15625,455000,14.744791666666666,1083140.0,28.65552946358107,40.8545977223074,True,True
1999-02-22 20:00:00,13.1875,15.5625,12.9375,14.9375,1561400,14.653125,1125126.6666666667,26.61228340785789,52.56308873422155,False,False
1999-02-23 20:00:00,15.125,15.875,14.9375,15.375,886200,14.557291666666666,1139813.3333333333,24.98735668431488,54.92339830607156,False,True
1999-02-24 20:00:00,15.25,15.375,14.875,15.03125,444800,14.429166666666667,1106920.0,23.418031073364126,52.70444020409081,False,True
1999-02-25 20:00:00,14.8125,15.125,14.03125,14.34375,248400,14.320833333333333,1089393.3333333333,22.30936487300719,48.48536693921072,False,True
1999-02-26 20:00:00,14.3125,14.375,13.84375,14.03125,328200,14.246875,1065986.6666666667,21.442557077683144,46.65705948852775,True,True
1999-03-01 20:00:00,14.25,14.25,13.84375,13.875,447400,14.207291666666666,1026160.0,20.63766412488224,45.728561913449845,True,True
1999-03-02 20:00:00,14.0,14.0,13.375,13.4375,476000,14.092708333333333,1017493.3333333334,20.31947217319378,43.13984419385056,True,True
1999-03-03 20:00:00,13.4375,13.4375,12.59375,13.25,330600,13.9875,967233.3333333334,20.665790695118776,42.041389590930436,True,True
1999-03-04 20:00:00,13.21875,13.3125,12.375,12.53125,1057800,13.880208333333334,985246.6666666666,21.154739253677608,38.04254627850389,True,False
1999-03-05 20:00:00,12.75,13.09375,12.3125,12.5625,876800,13.81875,964720.0,21.658171957647188,38.317258411414585,True,True
1999-03-08 20:00:00,13.0,13.0625,11.9375,12.09375,844000,13.769791666666666,940340.0,22.423492048260208,35.75624349372406,True,True
1999-03-09 20:00:00,12.09375,12.09375,11.601563453674316,11.71875,967200,13.701041666666667,958253.3333333334,23.390442566802324,33.809405195769315,True,False
1999-03-10 20:00:00,11.5625,12.125,11.125,11.375,752200,13.628125,962206.6666666666,24.63130203533393,32.08486118517164,True,True
1999-03-11 20:00:00,11.6875,12.625,11.6875,12.4375,519400,13.567708333333334,950046.6666666666,24.998252380286324,41.94236604569348,True,True
1999-03-12 20:00:00,12.375,12.5625,11.9375,12.125,323600,13.476041666666667,933440.0,25.33899198631355,40.0988858377753,True,True
1999-03-15 20:00:00,12.5,12.5,11.75,12.03125,201600,13.377083333333333,924013.3333333334,25.82019433848589,39.53744998002385,True,True
1999-03-16 20:00:00,11.875,12.125,11.4375,11.53125,746800,13.301041666666666,909120.0,26.537175557534095,36.59459916354141,True,True
1999-03-17 20:00:00,11.5,11.5625,10.6875,11.3125,1308800,13.301041666666666,841366.6666666666,27.779347282318216,35.35474655446485,True,False
1999-03-18 20:00:00,11.34375,11.5,10.46875,10.75,1040000,13.196875,746313.3333333334,29.085047899108503,32.3221639268829,True,False
1999-03-19 20:00:00,10.75,10.75,10.25,10.3125,751000,13.089583333333334,684893.3333333334,30.449014913243566,30.155592578843404,True,False
1999-03-22 20:00:00,10.28125,11.3125,10.28125,11.3125,999800,13.009375,674180.0,30.676026039193044,40.047626058539954,True,False
1999-03-23 20:00:00,11.3125,11.4375,10.8125,11.1875,674600,12.927083333333334,674173.3333333334,30.667630998579433,39.29838200151278,True,False
1999-03-24 20:00:00,11.28125,11.28125,10.75,10.84375,104800,12.834375,661480.0,30.72042053209669,37.235289764973714,True,True
1999-03-25 20:00:00,11.0,11.0,10.75,10.90625,184000,12.71875,645833.3333333334,30.76943938464843,37.873906091930856,True,True
1999-03-26 20:00:00,10.8125,11.125,10.6875,10.90625,247200,12.596875,628860.0,30.556356565399962,37.873906091930856,True,True
1999-03-29 20:00:00,10.9375,10.9375,10.4375,10.53125,819600,12.485416666666667,644960.0,30.647435668418115,35.369665455438124,True,False
1999-03-30 20:00:00,10.5,10.625,9.9375,10.1875,311400,12.366666666666667,631720.0,31.25623511242923,33.202449413348525,True,True
1999-03-31 20:00:00,10.125,10.25,9.75,10.03125,430800,12.246875,635760.0,32.00259123869082,32.235578002217174,True,True
1999-04-01 20:00:00,10.0625,10.0625,9.875,10.03125,226800,12.138541666666667,618873.3333333334,32.69563621307658,32.235578002217174,True,True
1999-04-04 20:00:00,10.03125,10.03125,9.40625,9.5625,475800,12.01875,619566.6666666666,33.787999576214716,29.269983955709883,True,True
1999-04-05 20:00:00,9.375,9.6875,9.375,9.546875,644800,11.8390625,589013.3333333334,34.83086602171356,29.17363871448972,True,False
1999-04-06 20:00:00,9.53125,9.5625,9.375,9.53125,207000,11.644270833333334,566373.3333333334,35.79924200681963,29.07058911688139,True,True
1999-04-07 20:00:00,9.5,10.5625,9.5,10.5625,492800,11.4953125,567973.3333333334,34.347696772543934,43.30472703270563,True,True
1999-04-08 20:00:00,10.5625,10.5625,9.8125,10.125,288400,11.3546875,569306.6666666666,32.9998333407165,39.667745360331935,True,True
1999-04-11 20:00:00,10.25,12.5625,10.25,12.125,3315000,11.291145833333333,668866.6666666666,32.33905842281262,57.31616613455288,False,False
1999-04-12 20:00:00,12.25,13.25,12.125,12.9375,1308600,11.259895833333333,697573.3333333334,32.33387665443954,62.158974154921786,False,False
1999-04-13 20:00:00,13.4375,13.4375,11.5,11.625,295200,11.199479166666666,691546.6666666666,31.397722951299638,51.91265855682986,False,True
1999-04-14 20:00:00,11.53125,11.75,10.75,10.765625,440000,11.116666666666667,695193.3333333334,29.566102347867265,46.50698113198042,True,True
1999-04-15 20:00:00,10.78125,11.1875,10.75,10.9375,543600,11.063541666666667,678053.3333333334,27.865311787537202,47.68040761761332,True,True
1999-04-18 20:00:00,11.0,11.0625,10.25,10.265625,270400,10.986979166666666,657840.0,26.070806393331328,43.649536869303404,True,True
1999-04-19 20:00:00,10.5,10.625,9.875,10.3125,559600,10.927604166666667,648360.0,24.827843062818296,44.00520426934207,True,True
1999-04-20 20:00:00,10.3125,10.71875,9.9375,10.625,1027800,10.891145833333333,650380.0,23.548362407795228,46.432599885260814,True,False
1999-04-21 20:00:00,10.3125,10.3125,8.8125,8.84375,4565000,10.806770833333333,777473.3333333334,23.50790808845605,36.673588135060086,True,False
1999-04-22 20:00:00,8.90625,9.0625,8.625,8.8125,1945800,10.6859375,825020.0,23.63565363506076,36.52853573117648,True,False
1999-04-25 20:00:00,8.9375,9.3125,8.8125,9.09375,1923000,10.584895833333333,878333.3333333334,23.38408544381411,38.87189903136045,True,False
1999-04-26 20:00:00,9.125,9.25,9.09375,9.21875,954200,10.491145833333333,903420.0,23.150486409085083,39.93334218407292,True,False
1999-04-27 20:00:00,9.25,9.25,8.8125,8.875,333000,10.402604166666666,889626.6666666666,23.225754045700455,37.98021454158175,True,True
1999-04-28 20:00:00,8.9375,9.125,8.375,8.625,347400,10.313020833333333,857580.0,23.72335961294845,36.57898711973901,True,True
1999-04-29 20:00:00,8.75,9.0625,8.71875,9.03125,174800,10.255729166666667,828740.0,24.185421925393012,40.425354223092505,True,True
1999-05-02 20:00:00,9.125,10.125,9.125,9.875,921800,10.241145833333333,834433.3333333334,22.92185673342468,47.54140888757929,True,False
1999-05-03 20:00:00,9.9375,10.0,9.71875,9.8125,255400,10.191145833333334,809620.0,21.74854619802551,47.09268194525124,True,True
1999-05-04 20:00:00,9.9375,9.9375,9.4375,9.5,259200,10.134895833333333,795773.3333333334,21.01249284845369,44.815024418145995,True,True
1999-05-05 20:00:00,10.0625,10.1875,9.125,9.125,656400,10.077604166666667,814160.0,20.705710197962016,42.178727044803594,True,True
1999-05-06 20:00:00,9.25,9.5,9.25,9.4375,398000,10.028645833333334,821293.3333333334,20.420840593934035,45.07819934653356,True,True
1999-05-09 20:00:00,9.75,9.8125,9.1875,9.375,310400,9.977604166666667,823400.0,19.61771171446758,44.59653213493585,True,True
1999-05-10 20:00:00,9.4375,10.0625,9.25,10.0625,610800,9.961979166666667,816440.0,18.46078231563018,50.82144983012616,False,True
1999-05-11 20:00:00,10.125,10.71875,10.03125,10.4375,679000,9.9703125,828693.3333333334,17.856049267360575,53.86624918158683,False,True
1999-05-12 20:00:00,10.5625,12.0625,10.5625,12.0625,861800,10.038020833333333,843060.0,18.724429604032775,64.20766072773321,False,False
1999-05-13 20:00:00,11.5,11.875,11.0625,11.6875,1202200,10.093229166666667,875573.3333333334,19.530782773799817,60.81948165019219,False,False
1999-05-16 20:00:00,11.6875,11.6875,11.1875,11.5625,349400,10.159895833333334,871360.0,20.2795392885835,59.68881164834836,False,True
1999-05-17 20:00:00,11.4375,11.5,11.1875,11.40625,302000,10.221875,859933.3333333334,20.97481319516835,58.23152162899561,False,True
1999-05-18 20:00:00,11.375,11.5,11.1875,11.46875,327400,10.286458333333334,863946.6666666666,21.620424679854278,58.66623470298278,False,True
1999-05-19 20:00:00,11.5,12.0625,11.4375,12.0625,881800,10.336458333333333,876913.3333333334,22.813995313826126,62.64386382094701,False,False
1999-05-20 20:00:00,12.125,13.09375,12.0,13.0,1613600,10.432291666666666,921086.6666666666,24.7594289579485,67.89698558929742,False,False
1999-05-23 20:00:00,13.0,13.25,11.1875,11.75,403200,10.419791666666667,824026.6666666666,25.077666784983116,56.49044535702692,False,True
1999-05-24 20:00:00,11.75,11.875,11.375,11.84375,537400,10.383333333333333,798320.0,25.373173338658116,57.07292491439912,False,True
1999-05-25 20:00:00,11.84375,11.875,11.25,11.6875,310800,10.385416666666666,798840.0,25.424433449744072,55.733718554196386,False,True
1999-05-26 20:00:00,11.5625,11.875,11.5625,11.78125,267600,10.419270833333334,793093.3333333334,25.472032124323885,56.39485491462707,False,True
1999-05-27 20:00:00,11.78125,13.0,11.75,13.0,454200,10.488020833333334,790113.3333333334,26.580000744481563,63.935750627980134,False,True
1999-05-31 20:00:00,12.875,12.96875,12.0,12.0,328600,10.545833333333333,792053.3333333334,27.60882874891369,55.46072879270534,False,True
1999-06-01 20:00:00,12.1875,12.34375,12.0,12.15625,300800,10.607291666666667,783426.6666666666,28.564169038743525,56.432500830823784,False,True
1999-06-02 20:00:00,12.46875,12.8125,12.1875,12.21875,111400,10.660416666666666,752880.0,29.851359739924394,56.838164275568545,False,True
1999-06-03 20:00:00,12.25,12.875,12.0625,12.8125,262000,10.792708333333334,609446.6666666666,30.768798457904257,60.59216306879884,False,True
1999-06-06 20:00:00,12.3125,12.5625,11.9375,11.9375,232400,10.896875,552333.3333333334,31.337554961208703,53.24288150276345,False,True
1999-06-07 20:00:00,11.96875,12.3125,11.5,11.53125,323200,10.978125,499006.6666666667,30.92642392811749,50.198565432112886,False,True
1999-06-08 20:00:00,11.5,12.125,11.375,12.125,100400,11.075,470546.6666666667,30.29046249272027,54.31044207157165,False,True
1999-06-09 20:00:00,11.875,12.125,11.375,11.46875,397800,11.161458333333334,472706.6666666667,29.699926874137137,49.45062027640531,False,True
1999-06-10 20:00:00,11.53125,12.0625,11.375,11.4375,145400,11.255208333333334,465973.3333333333,29.151572371167084,49.22473610888423,False,True
1999-06-13 20:00:00,11.4375,11.5625,11.0625,11.40625,201200,11.334375,466853.3333333333,27.9338575664113,48.98377277488123,False,True
1999-06-14 20:00:00,11.4375,11.75,11.125,11.75,360000,11.396875,448126.6666666667,27.11644362968178,51.779998062664454,False,True
1999-06-15 20:00:00,11.625,11.75,11.375,11.53125,115800,11.454166666666667,443473.3333333333,26.357416402718652,49.905428139575804,False,True
1999-06-16 20:00:00,11.5625,11.75,11.375,11.75,275200,11.529166666666667,444006.6666666667,25.652605406252892,51.7851980156895,False,True
1999-06-17 20:00:00,11.78125,12.0,11.75,11.8125,324600,11.61875,432946.6666666667,25.45583500468867,52.33553083903186,False,True
1999-06-20 20:00:00,11.75,11.875,11.15625,11.375,211600,11.683333333333334,426733.3333333333,23.832964369710407,48.18908117474024,True,True
1999-06-21 20:00:00,11.5625,11.75,11.3125,11.46875,276600,11.753125,425606.6666666667,22.32601306580202,49.119353891485005,True,True
1999-06-22 20:00:00,11.5625,11.5625,11.25,11.46875,87000,11.8,408146.6666666667,20.782615754461993,49.119353891485005,True,True
1999-06-23 20:00:00,11.46875,11.9375,11.3125,11.84375,474800,11.846875,401340.0,20.147876705120137,53.031582925280205,True,False
1999-06-24 20:00:00,11.625,11.84375,11.4375,11.4375,235200,11.826041666666667,380453.3333333333,19.5584761593027,48.665982902430976,True,True
1999-06-27 20:00:00,11.75,12.0,11.53125,11.75,329200,11.828125,351353.3333333333,19.33589265671544,51.94320226339316,True,True
1999-06-28 20:00:00,11.6875,11.96875,11.5625,11.96875,205800,11.841666666666667,346566.6666666667,19.12920797574156,54.14980509195193,False,True
1999-06-29 20:00:00,11.9375,13.5625,11.6875,13.21875,688600,11.902083333333334,359453.3333333333,21.199508924481172,64.25112918762468,False,False
1999-06-30 20:00:00,13.0625,13.25,12.75,13.125,441200,11.957291666666666,363246.6666666667,23.1219312340251,63.127808444565844,False,False
1999-07-01 20:00:00,13.15625,14.0625,13.0,14.046875,297800,12.0234375,343780.0,25.58555063376096,68.88799398547114,False,True
1999-07-05 20:00:00,13.875,14.3125,13.5,14.0,268200,12.056770833333333,298933.3333333333,28.04636347986764,68.30369431467777,False,True
1999-07-06 20:00:00,14.03125,14.375,14.0,14.09375,327600,12.134895833333333,296413.3333333333,30.374692578777807,68.87235479824284,False,False
1999-07-07 20:00:00,14.0625,14.0625,12.9375,12.9375,281800,12.171354166666667,287893.3333333333,30.0432504060601,55.61882975685531,False,True
1999-07-08 20:00:00,13.40625,15.3125,13.125,14.546875,1518600,12.266666666666667,328153.3333333333,30.880666887231875,65.5547127770544,False,False
1999-07-11 20:00:00,14.9375,15.3125,13.875,14.34375,509400,12.352083333333333,336213.3333333333,31.6582679054628,63.618807708841274,False,False
1999-07-12 20:00:00,14.25,14.625,13.875,13.90625,271400,12.382291666666667,330120.0,32.38032599382009,59.54039464517501,False,True
1999-07-13 20:00:00,13.9375,14.0,12.65625,13.53125,646000,12.433333333333334,340700.0,30.942876443202543,56.2138966344771,False,False
1999-07-14 20:00:00,12.78125,14.375,12.78125,14.28125,1416800,12.504166666666666,377900.0,30.01252038238378,60.91693820491313,False,False
1999-07-15 20:00:00,14.1875,14.28125,13.9375,14.0,284600,12.563541666666667,383673.3333333333,29.148618325909215,58.38440398820477,False,True
1999-07-18 20:00:00,13.96875,14.0,12.734375,12.734375,488400,12.5609375,391220.0,27.41746920628552,48.594065882249424,False,False
1999-07-19 20:00:00,12.8125,13.25,12.5625,12.625,144000,12.583854166666667,388273.3333333333,26.006431225222943,47.84734823146963,False,True
1999-07-20 20:00:00,12.9375,13.15625,12.625,12.796875,377800,12.626041666666667,390093.3333333333,24.696181671379122,49.1691901988013,False,True
1999-07-21 20:00:00,12.9375,13.5,12.5,12.5,240400,12.638541666666667,394760.0,22.996007217317416,46.955410592629654,True,True
1999-07-22 20:00:00,12.625,13.125,12.5625,13.125,238400,12.69375,389446.6666666667,21.41727379568869,51.86857318484363,False,True
1999-07-25 20:00:00,12.765625,13.0625,12.625,12.9375,183200,12.74375,390706.6666666667,19.951307047033445,50.3615326925405,False,True
1999-07-26 20:00:00,12.9375,13.125,12.78125,12.84375,548600,12.791666666666666,402286.6666666667,18.563822725170493,49.585763880727896,False,False
1999-07-27 20:00:00,12.84375,12.90625,12.25,12.65625,217200,12.821875,397526.6666666667,18.019865380476045,47.993445226670865,True,True
1999-07-28 20:00:00,12.578125,12.8125,11.5,12.65625,264000,12.859375,402466.6666666667,18.455416589453893,47.993445226670865,True,True
1999-07-29 20:00:00,12.71875,13.375,12.125,13.3125,233600,12.911458333333334,401080.0,17.91391268917857,53.99074291768087,False,True
1999-08-01 20:00:00,13.25,13.4375,13.0625,13.25,252000,12.959375,398660.0,17.31124964283085,53.35963194380847,False,True
1999-08-02 20:00:00,13.125,13.28125,12.5,12.5,245600,12.996875,399793.3333333333,17.455658735295824,46.3569106275992,True,True
1999-08-03 20:00:00,12.75,12.8125,12.5,12.65625,119200,13.036458333333334,394546.6666666667,17.589752892584727,47.89120432129629,True,True
1999-08-04 20:00:00,12.71875,12.75,12.375,12.539063453674316,121000,13.07213544845581,395680.0,17.871544363336778,46.8098345208186,True,True
1999-08-05 20:00:00,12.625,12.875,12.3125,12.5,85400,13.09401044845581,382700.0,17.885312605491507,46.43345408976339,True,True
1999-08-08 20:00:00,12.5,13.1875,12.5,13.0,149400,13.146093781789144,379840.0,17.29603299453346,51.778092908515205,True,True
1999-08-09 20:00:00,13.0,13.0625,12.6875,12.9375,290800,13.185677115122477,378560.0,16.74884478435813,51.091860643034735,True,True
1999-08-10 20:00:00,12.9375,13.0,12.375,12.6875,218000,13.20963544845581,378966.6666666667,16.734306580432506,48.33249668083345,True,True
1999-08-11 20:00:00,12.75,12.75,12.3125,12.53125,183800,13.186718781789144,362140.0,16.817393462782103,46.63716713012771,True,True
1999-08-12 20:00:00,12.46875,12.75,12.0,12.40625,420600,13.16276044845581,361453.3333333333,17.36514258539478,45.26914884697648,True,False
1999-08-15 20:00:00,12.40625,12.5625,12.125,12.5625,228000,13.113281281789144,359126.6666666667,17.873766770677978,47.34821143875326,True,True
1999-08-16 20:00:00,12.46875,12.5625,11.75,11.78125,463800,13.03932294845581,365646.6666666667,18.88792712425698,39.30794578565286,True,False
1999-08-17 20:00:00,11.78125,12.75,11.75,12.46875,436600,12.985156281789143,369280.0,19.345530409110744,47.72112948128293,True,False
1999-08-18 20:00:00,12.4375,12.75,12.28125,12.375,346000,12.966406281789144,371420.0,19.77044774504638,46.769056156570485,True,True
1999-08-19 20:00:00,12.3125,12.59375,12.25,12.59375,103600,12.901302115122478,324253.3333333333,20.21742506547206,49.310269538398074,True,True
1999-08-22 20:00:00,12.59375,12.6875,12.4375,12.59375,314600,12.842968781789144,317760.0,20.355604556928817,49.31026953839808,True,True
1999-08-23 20:00:00,12.625,12.6875,12.4375,12.4375,322200,12.794010448455811,319453.3333333333,20.483914084710086,47.434362278705436,True,False
1999-08-24 20:00:00,12.5,12.75,12.375,12.71875,303200,12.766927115122478,308026.6666666667,20.603058646221267,51.04456887698369,True,True
1999-08-25 20:00:00,12.71875,12.71875,12.28125,12.3125,354800,12.701302115122477,272626.6666666667,20.919396068154928,46.11757413464451,True,False
1999-08-26 20:00:00,12.4375,12.9375,12.1875,12.6875,613800,12.657552115122478,283600.0,20.453560662173487,50.83506041363438,False,False
1999-08-29 20:00:00,13.0,14.25,12.96875,13.734375,678200,12.690885448455811,289926.6666666667,20.86217058326857,61.0795365104153,False,False
1999-08-30 20:00:00,14.125,14.1875,13.71875,14.1875,739200,12.742968781789143,309766.6666666667,21.241594081428286,64.52512202128835,False,False
1999-08-31 20:00:00,14.3125,14.375,13.8125,14.125,683800,12.787239615122477,319966.6666666667,21.886574771906798,63.687618360051125,False,False
1999-09-01 20:00:00,14.125,14.125,13.6875,13.984375,187400,12.836718781789143,318200.0,22.128930388664116,61.745696393464335,False,True
1999-09-02 20:00:00,14.125,14.9375,14.03125,14.9375,413400,12.89713544845581,324033.3333333333,23.48277738265378,68.70969363280562,False,False
1999-09-06 20:00:00,14.875,16.0625,14.78125,15.75,1248400,12.99088544845581,359540.0,25.748910390457812,73.19022614092215,False,False
1999-09-07 20:00:00,15.65625,18.875,15.25,18.640625,1547000,13.184114615122477,392820.0,29.10823857232146,82.68797604878719,False,False
1999-09-08 20:00:00,18.34375,20.75,18.25,20.0625,2704600,13.430989615122478,475733.3333333333,32.65487716123458,85.42347168776291,False,False
1999-09-09 20:00:00,19.96875,21.125,19.9375,20.6875,1921400,13.698697948455811,530980.0,36.01674271594309,86.43789357914663,False,False
1999-09-12 20:00:00,15.03125,15.5,12.8125,13.625,8803000,13.709114615122477,816626.6666666666,33.91721688580434,46.80183209881753,True,False
1999-09-13 20:00:00,13.625,14.0625,12.5,12.90625,2135600,13.697656281789143,879413.3333333334,32.115653212659346,44.56229653730623,True,False
1999-09-14 20:00:00,13.25,13.375,11.3125,11.421875,1918200,13.661718781789144,935166.6666666666,30.98568062110994,40.275913610977476,True,False
1999-09-15 20:00:00,11.84375,11.875,10.8125,11.28125,1096800,13.61588544845581,967753.3333333334,30.153895090731623,39.884504268006395,True,False
1999-09-16 20:00:00,11.8125,12.09375,11.34375,11.625,949600,13.585416666666667,995373.3333333334,29.237896411677788,41.384072675532515,True,True
1999-09-19 20:00:00,11.65625,12.625,11.65625,11.953125,808200,13.5671875,1019466.6666666666,28.033604367315725,42.849555587050006,True,True
1999-09-20 20:00:00,12.0,12.125,11.25,11.5,619800,13.5171875,1035146.6666666666,27.12556932559978,41.31345375163888,True,True
1999-09-21 20:00:00,11.65625,11.65625,11.0,11.25,417800,13.4609375,1039380.0,26.414109693349143,40.45182831897868,True,True
1999-09-22 20:00:00,11.28125,11.625,10.5625,10.578125,485200,13.390625,1048286.6666666666,25.986723554706508,38.14909121100326,True,True
1999-09-23 20:00:00,10.6875,10.8125,10.3125,10.625,485400,13.327083333333333,1058340.0,25.724481900779814,38.41250362381113,True,True
1999-09-26 20:00:00,10.8125,11.625,10.75,11.0,716200,13.280208333333333,1068193.3333333333,24.812142890251483,40.5922594966242,True,True
1999-09-27 20:00:00,11.0,11.625,11.0,11.34375,449600,13.239583333333334,1075580.0,23.964970951903748,42.597838058783196,True,True
1999-09-28 20:00:00,11.625,12.125,11.46875,11.75,425400,13.238541666666666,1074300.0,22.760345768947406,44.96261292980645,True,True
1999-09-29 20:00:00,11.9375,12.0,11.1875,11.5625,401400,13.208333333333334,1073126.6666666667,21.843671528910612,44.06041318654295,True,True
1999-09-30 20:00:00,11.6875,11.75,11.375,11.671875,215400,13.184895833333334,1068773.3333333333,20.992474020305018,44.756769792413,True,True
1999-10-03 20:00:00,10.9375,11.125,8.25,8.375,4823200,13.044270833333334,1226093.3333333333,22.014203067283944,31.875925140964394,True,False
1999-10-04 20:00:00,8.6875,8.71875,8.21875,8.28125,3189400,12.900520833333333,1321920.0,22.976927677767332,31.59744701966905,True,False
1999-10-05 20:00:00,8.40625,8.875,8.34375,8.8125,1941800,12.7796875,1375906.6666666667,23.715819930604145,35.05967067157524,True,False
1999-10-06 20:00:00,9.0,9.1875,8.9375,9.125,1121200,12.659895833333334,1403173.3333333333,24.084259489805884,37.077230397304255,True,True
1999-10-07 20:00:00,9.25,9.6875,9.0625,9.4375,637200,12.5640625,1412586.6666666667,23.926024377438857,39.1143273768318,True,True
1999-10-10 20:00:00,9.3125,9.875,9.3125,9.71875,971200,12.465104166666666,1424500.0,23.592112205201772,40.96669906895817,True,True
1999-10-11 20:00:00,9.75,9.9375,9.4375,9.53125,540400,12.325,1419906.6666666667,23.21687432633775,40.09100305310527,True,True
1999-10-12 20:00:00,9.625,9.625,9.25,9.375,406600,12.164583333333333,1408820.0,23.00915558898919,39.33639677280824,True,True
1999-10-13 20:00:00,9.625,9.75,9.125,9.125,456000,11.997916666666667,1401226.6666666667,22.81627390430839,38.10070220058526,True,True
1999-10-14 20:00:00,9.0,9.0625,8.625,8.703125,497600,11.821875,1411566.6666666667,23.032378303875113,36.043074232749554,True,True
1999-10-17 20:00:00,8.8125,9.125,8.59375,8.625,240000,11.611458333333333,1405786.6666666667,23.14981367755377,35.659018560277325,True,True
1999-10-18 20:00:00,8.8125,9.1875,8.6875,9.125,279200,11.390625,1373480.0,23.1709321042055,40.060983957509556,True,True
1999-10-19 20:00:00,9.0625,9.4375,8.75,9.0,231000,11.069270833333333,1329613.3333333333,22.830812210254464,39.33641714843946,True,True
1999-10-20 20:00:00,9.03125,9.8125,8.8125,9.65625,467800,10.722395833333334,1255053.3333333333,21.992054591402013,44.964303018107735,True,True
1999-10-21 20:00:00,9.8125,9.8125,9.375,9.734375,306200,10.357291666666667,1201213.3333333333,21.213208231039022,45.61119554610944,True,True
1999-10-24 20:00:00,9.625,9.8125,9.125,9.5,206000,10.219791666666667,914646.6666666666,20.779739414582203,43.94249534805182,True,True
1999-10-25 20:00:00,9.5,9.5625,8.875,8.875,223600,10.085416666666667,850913.3333333334,20.661084093546805,39.764605761540636,True,True
1999-10-26 20:00:00,8.875,9.5625,8.875,9.46875,400200,10.0203125,800313.3333333334,20.550904152585364,45.10432767283549,True,True
1999-10-27 20:00:00,9.625,9.6875,9.0,9.1875,167600,9.950520833333334,769340.0,20.223640112904516,43.152908588593334,True,True
1999-10-28 20:00:00,9.25,9.6875,9.1875,9.625,458000,9.883854166666667,752953.3333333334,19.919752076058014,46.994601513374086,True,True
1999-11-01 20:00:00,9.5,10.8125,9.4375,10.71875,514000,9.842708333333333,743146.6666666666,19.147810086031438,55.15407407278013,False,True
1999-11-02 20:00:00,10.8125,10.875,10.125,10.15625,468800,9.797916666666667,738113.3333333334,18.513938377973222,50.82120023192961,False,True
1999-11-03 20:00:00,10.25,10.5625,10.09375,10.46875,412800,9.771875,737946.6666666666,17.87153294801087,53.02890652093881,False,True
1999-11-04 20:00:00,10.5,10.75,10.4375,10.46875,269800,9.768229166666666,730766.6666666666,17.548239025771846,53.028906520938804,False,True
1999-11-05 20:00:00,10.78125,10.8125,9.9375,10.0,267800,9.747395833333334,723513.3333333334,16.371515045369,49.18759454944899,False,True
1999-11-08 20:00:00,10.03125,10.125,9.875,10.0,251600,9.7140625,708026.6666666666,15.229106888743514,49.18759454944899,False,True
1999-11-09 20:00:00,10.0625,10.125,9.71875,9.875,314400,9.665104166666667,703520.0,14.433253896961899,48.10979374865054,False,True
1999-11-10 20:00:00,9.9375,10.25,9.875,10.03125,429000,9.6078125,703640.0,13.463161190343214,49.59654369682674,False,True
1999-11-11 20:00:00,10.375,11.5,10.25,11.25,333400,9.597395833333334,701373.3333333334,14.24721916375339,59.374181493135545,False,True
1999-11-12 20:00:00,11.40625,11.4375,11.0,11.125,452800,9.579166666666667,709286.6666666666,14.975272996205698,58.128680272024425,False,True
1999-11-15 20:00:00,11.09375,11.75,11.0625,11.671875,525800,9.6890625,566040.0,16.017160188032282,61.89479515175691,False,True
1999-11-16 20:00:00,11.8125,11.8125,11.0,11.125,397200,9.783854166666666,472966.6666666667,16.984626866156965,56.428878371036184,False,True
1999-11-17 20:00:00,11.34375,12.125,11.3125,11.6875,565000,9.8796875,427073.3333333333,18.24968672416726,60.31123649432215,False,False
1999-11-18 20:00:00,11.984375,12.4375,11.875,12.0,732200,9.975520833333333,414106.6666666667,19.763863152138647,62.31996099131558,False,False
1999-11-19 20:00:00,12.0625,12.1875,10.9375,11.5,476400,10.044270833333334,408746.6666666667,19.2737221765009,57.321090162997514,False,False
1999-11-22 20:00:00,11.71875,12.625,11.625,12.25,1203800,10.128645833333334,416500.0,19.361819735746348,62.21683744037011,False,False
1999-11-23 20:00:00,13.375,15.3125,13.25,13.875,2583000,10.2734375,484586.6666666667,21.52260075648445,70.19454648631616,False,False
1999-11-24 20:00:00,14.15625,14.9375,14.0,14.9375,646000,10.458854166666667,492566.6666666667,23.529040275741263,74.05233507540873,False,False
1999-11-26 20:00:00,15.5,15.6875,15.3125,15.375,412000,10.6671875,491100.0,25.773479994894014,75.4607719548195,False,True
1999-11-29 20:00:00,15.625,16.0,14.375,14.78125,834000,10.869791666666666,502313.3333333333,26.47609688679297,69.91431717622572,False,False
1999-11-30 20:00:00,14.8125,14.8125,14.1875,14.5,740400,11.065625,518993.3333333333,26.874930531719716,67.38764945223488,False,False
1999-12-01 20:00:00,14.5,14.71875,14.125,14.28125,545600,11.2375,527873.3333333334,27.157450217003145,65.4077132704055,False,False
1999-12-02 20:00:00,14.296875,17.53125,14.28125,17.4375,1524200,11.51875,570980.0,28.95594738723315,76.25037069841916,False,False
1999-12-03 20:00:00,18.6875,18.9375,16.4375,16.5625,2630600,11.748958333333333,643073.3333333334,31.114221562521234,69.72553389481692,False,False
1999-12-06 20:00:00,16.625,17.9375,16.5625,16.84375,1488400,11.9859375,682480.0,33.11833329671732,70.59648954188917,False,False
1999-12-07 20:00:00,16.75,17.625,16.65625,16.8125,399800,12.2296875,688940.0,34.97929419275654,70.35430167787251,False,True
1999-12-08 20:00:00,17.0,17.0,15.375,16.15625,559000,12.472395833333334,700120.0,35.11223136681154,65.288913954508,False,True
1999-12-09 20:00:00,15.84375,15.875,15.09375,15.21875,899400,12.6640625,716760.0,34.92190485265832,58.7782492998482,False,False
1999-12-10 20:00:00,15.15625,15.375,14.25,14.53125,941600,12.8421875,742560.0,33.856199160247606,54.487172719891085,False,False
1999-12-13 20:00:00,14.4375,16.0625,14.25,16.0625,448200,13.056770833333333,742233.3333333334,33.301884088945044,61.269261614740834,False,True
1999-12-14 20:00:00,16.0625,16.21875,14.75,15.0625,560600,13.2015625,743786.6666666666,32.88378078725024,55.45724877416771,False,True
1999-12-15 20:00:00,15.0,16.0,14.75,16.0,510600,13.396354166666667,745180.0,32.49554200710506,59.350358122793466,False,True
1999-12-16 20:00:00,15.8125,16.5,15.46875,15.75,492200,13.572395833333333,747826.6666666666,32.46465422570805,57.89714233223802,False,True
1999-12-17 20:00:00,16.0625,16.3125,14.4375,14.75,676200,13.715104166666666,761373.3333333334,31.26826204037845,52.37306868178959,False,True
1999-12-20 20:00:00,15.1875,18.8125,15.125,17.5,2143200,13.965104166666666,823886.6666666666,31.627760170221944,62.8658984987961,False,False
1999-12-21 20:00:00,17.5,17.875,16.9375,17.6875,726400,14.221354166666666,839713.3333333334,31.961579862219477,63.45704745159688,False,True
1999-12-22 20:00:00,18.5625,36.5625,18.5,23.59375,8834600,14.678645833333333,1123720.0,35.36194958586531,76.27129824143275,False,False
1999-12-23 20:00:00,23.75,27.6875,22.8125,25.78125,2911600,15.203645833333333,1206473.3333333333,38.51943575782216,79.18289270721942,False,False
1999-12-27 20:00:00,27.875,31.75,26.5,31.5625,1558600,15.880729166666667,1247313.3333333333,41.664781754918046,84.5711546953945,False,False
1999-12-28 20:00:00,34.5,35.0,27.0625,29.921875,2187600,16.507291666666667,1305140.0,44.724867258042195,78.37161588838184,False,False
1999-12-29 20:00:00,30.34375,31.375,27.0625,30.8125,1126200,17.1453125,1325153.3333333333,47.5663752252289,79.26042248203869,False,True
1999-12-30 20:00:00,30.8125,31.125,29.75,30.765625,744000,17.8,1336713.3333333333,50.20491833761656,79.07623493701126,False,True
1999-12-31 20:00:00,30.9375,31.5,29.4375,30.0,256600,18.410416666666666,1326433.3333333333,52.672553742893534,75.97088483855435,False,True
2000-01-03 20:00:00,32.65625,44.875,32.625,44.828125,3834800,19.5046875,1429853.3333333333,55.37635349104796,86.79041738852943,False,False
2000-01-04 20:00:00,42.5,51.0,39.875,46.625,3576800,20.675520833333334,1533200.0,57.99351494557941,87.52354286087612,False,False
2000-01-05 20:00:00,46.5625,46.625,40.25,42.984375,1431400,21.7,1540786.6666666667,60.42373629621577,78.06958137610016,False,True
2000-01-06 20:00:00,45.3125,45.375,39.4375,41.65625,1636400,22.626041666666666,1509233.3333333333,62.3561787384442,74.89147091332474,False,False
2000-01-07 20:00:00,41.875,53.375,41.25,52.1875,2992000,23.867708333333333,1587433.3333333333,64.3298398166422,81.36833140177522,False,False
2000-01-10 20:00:00,54.0,59.9375,53.5625,55.125,2808200,25.192708333333332,1667306.6666666667,66.27009758305664,82.7082111722807,False,False
2000-01-11 20:00:00,59.25,59.875,53.0,54.3125,2335400,26.510416666666668,1717353.3333333333,67.88445625801855,80.97365644128055,False,False
2000-01-12 20:00:00,58.53125,58.5625,51.0,51.5,1539800,27.74375,1744000.0,68.71135156130059,75.10219949105227,False,True
2000-01-13 20:00:00,52.25,69.0,51.625,68.625,2144800,29.555208333333333,1797306.6666666667,69.80011830062446,83.1255340222246,False,False
2000-01-14 20:00:00,65.5,68.8125,59.5,65.90625,1822200,31.170833333333334,1807240.0,70.81111598713949,78.78483261953889,False,False
2000-01-18 20:00:00,66.0625,66.0625,62.5,65.03125,957200,32.786458333333336,1751460.0,71.74989955318915,77.38427289997618,False,True
2000-01-19 20:00:00,64.75,71.0,63.5,69.9375,1426800,34.55625,1749406.6666666667,72.75281001559604,79.57663651728635,False,True
2000-01-20 20:00:00,70.0,74.125,65.5625,72.859375,1413800,36.424479166666664,1783206.6666666667,73.75753379437663,80.7720850041238,False,True
2000-01-21 20:00:00,72.25,78.5625,71.125,78.5625,1682000,38.5046875,1820640.0,74.78430299515414,82.87866158899327,False,True
2000-01-24 20:00:00,80.0,80.125,68.75,69.03125,2378600,40.2984375,1869946.6666666667,75.00789293250435,69.22813658375544,False,False
2000-01-25 20:00:00,68.75,68.78125,63.0625,64.6875,1488600,41.9703125,1888180.0,73.65420881880638,64.05053055108694,False,True
2000-01-26 20:00:00,67.25,71.125,65.625,67.9375,1394000,43.69947916666667,1919706.6666666667,72.55950608174842,66.09381357916267,False,True
2000-01-27 20:00:00,67.75,72.0625,65.75,69.46875,1846000,45.513020833333336,1962553.3333333333,71.60784683127622,67.0442321237524,False,True
2000-01-28 20:00:00,70.46875,70.75,61.0,64.25,1952800,47.12135416666667,2010626.6666666667,69.51568714271305,60.79001073119006,False,True
2000-01-31 20:00:00,62.375,62.375,53.46875,54.875,2499400,48.42552083333333,2077533.3333333333,66.01194563460784,51.496514415994056,False,False
2000-02-01 20:00:00,54.5625,57.75,53.0,55.9375,2257600,49.7984375,2130246.6666666665,62.670808301430654,52.38496517562676,False,False
2000-02-02 20:00:00,56.75,65.0,56.5,61.9375,2249000,51.2796875,2133773.3333333335,60.40525156406931,57.15743185611268,False,False
2000-02-03 20:00:00,65.375,72.5,65.0,72.5,2016000,53.106770833333336,2176760.0,58.98773085055277,63.99844219735482,False,True
2000-02-04 20:00:00,70.875,71.5,59.75,67.5,1595400,54.5703125,1935453.3333333333,56.718360489875245,59.18101535175775,False,True
2000-02-07 20:00:00,68.1875,71.1875,67.8125,70.0,1780000,56.044270833333336,1897733.3333333333,54.61108801210326,60.77105179175671,False,True
2000-02-08 20:00:00,70.9375,71.5,62.25,68.5,1917200,57.27552083333333,1909686.6666666667,51.705077811988346,59.27900742698521,False,False
2000-02-09 20:00:00,70.03125,80.375,69.6875,79.5,4148200,58.928125,1975040.0,49.94224917689808,65.89237386624596,False,False
2000-02-10 20:00:00,84.9375,96.5,84.5,95.046875,3566800,61.069270833333334,2056393.3333333333,49.50130366864043,72.65252706371133,False,False
2000-02-11 20:00:00,94.5,99.75,87.0,91.28125,2959800,63.08645833333333,2130253.3333333335,49.28239359115652,69.08109102089779,False,False
2000-02-14 20:00:00,89.75,94.0,82.875,93.46875,1308600,65.20208333333333,2165320.0,48.4421804535089,70.00357189763585,False,True
2000-02-15 20:00:00,95.0,98.0,88.5,97.71875,1559800,66.96510416666666,2089486.6666666667,47.92881566363245,71.76607549452592,False,True
2000-02-16 20:00:00,95.71875,111.5,95.5625,108.5,2674000,69.02760416666666,2059393.3333333333,48.20118909453222,75.6712863330512,False,False
2000-02-17 20:00:00,112.125,139.125,110.5,138.0625,5657200,72.196875,2200253.3333333335,49.4272989355897,82.72650155709549,False,False
2000-02-18 20:00:00,129.59375,138.5,129.59375,133.46875,3847600,75.25729166666666,2273960.0,50.56582950228593,78.89767068520058,False,False
2000-02-22 20:00:00,130.1875,130.8125,111.0,112.53125,2475600,77.26875,2256746.6666666665,49.489927359848274,64.2920244648605,False,False
2000-02-23 20:00:00,119.3125,131.5,119.3125,126.0,5041000,79.63125,2331173.3333333335,48.52376672147819,68.35089483722373,False,False
2000-02-24 20:00:00,128.25,134.625,124.5,131.0,1697400,82.1875,2309906.6666666665,47.78107648359439,69.7266096383111,False,True
2000-02-25 20:00:00,136.03125,144.53125,126.0,140.25,3300200,85.14583333333333,2368586.6666666665,47.54826453511244,72.1393706620058,False,False
2000-02-28 20:00:00,139.25,140.25,129.9375,136.90625,1684000,87.421875,2353226.6666666665,47.332082011522054,69.96850673100339,False,True
2000-02-29 20:00:00,142.0,143.5,136.5,137.78125,1690400,89.81770833333333,2348833.3333333335,47.28129558759837,70.22104583308662,False,True
2000-03-01 20:00:00,138.6875,139.75,119.53125,119.96875,2587800,91.64895833333334,2403186.6666666665,45.396732978427785,59.29057489856536,False,False
2000-03-02 20:00:00,122.75,123.5625,106.0,111.46875,3327600,93.03333333333333,2466546.6666666665,42.51607640629347,54.89905194731599,False,False
2000-03-03 20:00:00,118.375,126.25,112.0,123.0,2448800,94.7046875,2501046.6666666665,40.025914959389915,59.30292542142861,False,True
2000-03-06 20:00:00,116.0,124.375,115.0,119.875,1502800,96.08177083333334,2495073.3333333335,37.71362218726519,57.65976359674535,False,True
2000-03-07 20:00:00,115.875,118.375,107.8125,112.4453125,1965400,97.52890625,2481300.0,35.072233796975105,53.84018072816307,False,True
2000-03-08 20:00:00,109.0,117.5,108.5,110.5625,1360600,99.05807291666666,2477033.3333333335,32.61951600599146,52.8841111534852,False,True
2000-03-09 20:00:00,111.0,111.0,100.625,103.0,2035800,100.22682291666666,2498426.6666666665,30.980758442633906,49.111765064876735,False,True
2000-03-10 20:00:00,97.3125,107.5,97.0625,101.625,1475800,101.29869791666667,2486086.6666666665,29.730308557765593,48.435261694376415,False,True
2000-03-13 20:00:00,92.0,108.0,90.25,98.5,1655200,102.44036458333333,2476166.6666666665,29.06166235218328,46.85555128211709,True,True
2000-03-14 20:00:00,100.25,107.5,67.5,71.75,13570800,103.00286458333333,2845213.3333333335,29.707713266713306,36.024468786969365,True,False
2000-03-15 20:00:00,74.46875,76.75,61.75,62.9375,7473600,103.23619791666667,3019080.0,30.560330998800044,33.2940023382408,True,False
2000-03-16 20:00:00,66.875,74.9375,63.375,73.1875,4857400,103.61119791666667,3106026.6666666665,31.352047464309155,39.07793579330319,True,False
2000-03-17 20:00:00,70.125,76.5625,67.5,68.4375,2311000,103.47578125,3115860.0,31.90114336041796,37.45707151330683,True,True
2000-03-20 20:00:00,69.0,71.75,53.03125,54.0625,4635400,103.02786458333334,3217193.3333333335,33.06377603323403,32.99657841575453,True,False
2000-03-21 20:00:00,52.375,61.5,45.03125,59.265625,5116000,102.67005208333333,3328393.3333333335,34.44670210223101,35.96880391295681,True,False
2000-03-22 20:00:00,61.6875,66.25,58.0,62.125,3089200,102.45755208333334,3367460.0,35.18875136592632,37.606802625395794,True,True
2000-03-23 20:00:00,63.46875,64.1875,54.9375,55.59375,2811000,101.66067708333334,3322886.6666666665,36.00946755471434,35.380444128931416,True,True
2000-03-24 20:00:00,57.21875,62.0,53.5,53.6875,2197400,100.28203125,3277240.0,36.83482704699926,34.73411583656347,True,True
2000-03-27 20:00:00,56.96875,59.0,53.5,54.375,1091800,99.05182291666667,3214973.3333333335,37.60123228983525,35.19393079593774,True,True
2000-03-28 20:00:00,55.46875,56.5,51.3125,51.65625,906200,97.65807291666667,3201560.0,38.419567595950106,34.16873451960499,True,True
2000-03-29 20:00:00,51.5625,52.25,38.75,41.25,6005600,95.77578125,3349753.3333333335,39.724402869147795,30.505783643181257,True,False
2000-03-30 20:00:00,36.8125,44.25,36.65625,39.8125,4713800,93.48619791666667,3417746.6666666665,41.017021824819366,30.026920647859416,True,False
2000-03-31 20:00:00,44.375,45.875,41.375,43.71875,6754600,90.34140625,3454326.6666666665,41.97594606274351,33.10012380535062,True,False
2000-04-02 20:00:00,43.9375,45.5,41.0625,41.0625,1813000,87.26119791666666,3386506.6666666665,42.88074164392849,32.068704407878144,True,True
2000-04-03 20:00:00,41.75,44.0,28.5,40.21875,3226000,84.85078125,3411520.0,44.24074608565598,31.73047468673011,True,True
2000-04-04 20:00:00,37.625,52.5625,37.0,47.3125,5527000,82.22786458333333,3427720.0,44.28495343038715,37.68152905904047,True,False
2000-04-05 20:00:00,57.03125,58.5,49.0,54.25,5434800,79.66953125,3552300.0,43.571227012562,42.9217487481324,True,False
2000-04-06 20:00:00,56.25,56.75,47.5625,50.0,2508800,76.66119791666667,3525920.0,42.99607829076008,40.66578319539556,True,True
2000-04-09 20:00:00,52.25,52.40625,45.5,45.625,1547400,73.61848958333333,3521366.6666666665,42.591113216515645,38.4267403093487,True,True
2000-04-10 20:00:00,44.5,45.5,39.0,39.625,2625600,70.34661458333333,3552540.0,42.603959378956276,35.5369194266216,True,True
2000-04-11 20:00:00,39.03125,44.6875,35.4375,38.65625,2125000,67.63619791666666,3537113.3333333335,42.81526028471345,35.07822846711431,True,True
2000-04-12 20:00:00,39.53125,45.375,36.25,43.0,2109200,65.35390625,3496500.0,42.90713580108373,38.887221862310376,True,True
2000-04-13 20:00:00,41.90625,44.5,36.5,37.375,2219800,62.49973958333333,3488866.6666666665,42.99244878057042,35.94609371144807,True,True
2000-04-16 20:00:00,34.875,39.0,31.75,38.46875,2003200,59.786197916666666,3505546.6666666665,43.36881692317981,36.9447329403339,True,True
2000-04-17 20:00:00,38.5,42.75,35.6875,42.75,1465600,57.46302083333333,3488886.6666666665,43.088099216794845,40.83319886877027,True,True
2000-04-18 20:00:00,43.5,45.59375,41.0,43.0,896800,55.2109375,3473426.6666666665,42.36582784005073,41.06176304998,True,True
2000-04-19 20:00:00,44.0,44.0,37.0625,38.53125,1618000,53.06197916666667,3459500.0,42.00460942011916,38.21961239710458,True,True
2000-04-23 20:00:00,35.40625,37.5625,34.0,36.625,1169800,50.8953125,3449300.0,41.89919152706744,37.041789632328154,True,True
2000-04-24 20:00:00,37.9375,40.5,37.625,40.25,722800,48.95364583333333,3418220.0,41.29557224153289,40.77928084516128,True,True
2000-04-25 20:00:00,40.125,41.125,35.375,35.75,1656600,47.75364583333333,3021080.0,40.924746835847486,37.78088403056668,True,True
2000-04-26 20:00:00,33.25,36.4296875,33.0,35.5,1374000,46.8390625,2817760.0,40.77844035786683,37.61541088086419,True,True
2000-04-27 20:00:00,36.3125,40.5,35.5625,38.5,2856600,45.6828125,2751066.6666666665,39.90708712325572,40.95726737600856,True,False
2000-04-30 20:00:00,38.875,44.375,38.0,43.8125,2287600,44.861979166666664,2750286.6666666665,38.44913918748427,46.4298886958592,True,True
2000-05-01 20:00:00,43.375,46.0,38.28125,38.28125,1747000,44.3359375,2654006.6666666665,36.83142915277495,42.058752267165076,True,True
2000-05-02 20:00:00,37.9375,38.875,35.9375,38.6875,1110800,43.65,2520500.0,35.60486142650798,42.48702196240995,True,True
2000-05-03 20:00:00,38.6875,42.3125,37.625,40.21875,1937800,42.91979166666667,2482120.0,33.88903888821951,44.162328231701075,True,True
2000-05-04 20:00:00,39.03125,45.5625,38.5625,45.46875,3253400,42.58229166666667,2496866.6666666665,31.783280504589488,49.58469220140104,False,False
2000-05-07 20:00:00,45.625,47.0,42.5,43.0859375,2544200,42.22890625,2508426.6666666665,29.60630145288013,47.3377879112622,False,False
2000-05-08 20:00:00,44.0,44.625,37.8125,38.5546875,1168200,41.7015625,2510973.3333333335,28.251007852996395,43.317872555265616,True,True
2000-05-09 20:00:00,37.53125,37.875,33.5,35.9375,2425800,41.17760416666667,2561626.6666666665,27.539017759303608,41.144556771125494,True,True
2000-05-10 20:00:00,37.0,37.25,32.5,34.4375,2204400,40.950520833333336,2434920.0,27.000060341622348,39.90871032375479,True,True
2000-05-11 20:00:00,35.5,36.4375,33.8125,34.375,1144800,40.76927083333333,2315953.3333333335,26.499599882346892,39.85499374897618,True,True
2000-05-14 20:00:00,34.75,34.875,32.6875,34.09375,1112400,40.4484375,2127880.0,26.186808385936367,39.59671009618329,True,True
2000-05-15 20:00:00,34.75,36.75,32.25,33.6875,2996800,40.20260416666667,2167340.0,25.499099694902092,39.20152310338017,True,False
2000-05-16 20:00:00,33.59375,34.71875,32.875,33.28125,1295800,39.971354166666664,2103000.0,24.860513053227407,38.78466498332679,True,True
2000-05-17 20:00:00,33.375,33.5625,30.0625,30.5,2044400,39.4109375,1986913.3333333333,24.70507537541398,35.96500472049757,True,False
2000-05-18 20:00:00,29.75,29.875,27.90625,28.875,1988000,38.565104166666664,1872020.0,24.876339388987727,34.39178467000578,True,False
2000-05-21 20:00:00,28.625,29.0,26.5,27.0703125,1316800,37.80078125,1832286.6666666667,25.236296656607642,32.68196301314371,True,True
2000-05-22 20:00:00,27.5,28.875,25.0,25.0,1083600,37.11328125,1816826.6666666667,25.78302530766108,30.790772572391624,True,True
2000-05-23 20:00:00,25.1875,25.5625,21.6875,24.5,2353800,36.60911458333333,1807766.6666666667,26.730214222007913,30.33423247818291,True,False
2000-05-24 20:00:00,25.125,26.9375,23.0,23.5625,2059400,36.10598958333333,1805580.0,27.21870387164036,29.452441609406755,True,False
2000-05-25 20:00:00,24.5,24.9375,23.125,24.53125,1454600,35.49036458333333,1783760.0,27.672301403441917,31.66305732874709,True,True
2000-05-29 20:00:00,24.96875,28.5625,24.875,28.5625,1293600,35.196614583333336,1752886.6666666667,27.068352191308918,40.07764499232705,True,True
2000-05-30 20:00:00,27.875,28.75,26.0,26.375,1151000,34.79348958333333,1724480.0,26.45687759277652,37.38737838662456,True,True
2000-05-31 20:00:00,27.46875,30.75,26.625,30.0625,1054600,34.37057291666667,1710780.0,25.347559222408336,44.18856884119758,True,True
2000-06-01 20:00:00,32.3125,34.25,31.625,32.75,2189400,34.02890625,1753866.6666666667,23.609050565466365,48.5730196342191,True,False
2000-06-04 20:00:00,32.5625,37.21875,31.625,35.5625,2920200,33.92994791666667,1797273.3333333333,22.627466421997678,52.75583734988325,False,False
2000-06-05 20:00:00,36.6875,42.40625,36.53125,38.46875,4615400,33.99140625,1912126.6666666667,22.643881940588557,56.6770554896201,False,False
2000-06-06 20:00:00,40.09375,40.3125,35.875,39.03125,2281000,33.95078125,1964066.6666666667,22.490134372673932,57.41379844547458,False,False
2000-06-07 20:00:00,39.78125,40.28125,38.25,40.0625,1526200,34.09453125,1959720.0,22.34736877389606,58.79720805831268,False,True
2000-06-08 20:00:00,41.25,43.3125,40.5,42.96875,1881000,34.34348958333333,1976620.0,22.745879348232556,62.494862620204486,False,True
2000-06-11 20:00:00,43.09375,43.3125,39.0,40.15625,1424400,34.39869791666667,1928880.0,22.68217549414286,57.14973412645493,False,True
2000-06-12 20:00:00,38.71875,41.59375,37.75,40.625,885400,34.29244791666667,1882140.0,22.267387411771086,57.797598987130094,False,True
2000-06-13 20:00:00,41.75,42.765625,39.5,39.78125,1057600,34.342447916666664,1859160.0,22.117458245280716,56.15189209698994,False,True
2000-06-14 20:00:00,39.6875,39.90625,37.5625,39.875,942400,34.38203125,1853546.6666666667,21.41265536696511,56.300779704767265,False,True
2000-06-15 20:00:00,40.34375,43.5,39.0,43.1875,2023400,34.48098958333333,1856400.0,21.487219851174586,61.300873493537246,False,False
2000-06-18 20:00:00,42.96875,57.9375,42.5,57.9375,5291200,34.89661458333333,1924326.6666666667,23.4106259779761,75.01166646897023,False,False
2000-06-19 20:00:00,56.875,60.25,53.75,56.625,4570400,35.34791666666667,1991866.6666666667,25.397796882610436,72.54856549755402,False,False
2000-06-20 20:00:00,56.5,59.625,55.0625,56.34375,2396800,35.94088541666667,2032820.0,27.24302700834232,72.00295636322292,False,False
2000-06-21 20:00:00,56.5546875,56.5625,47.0,47.0,3419400,36.309635416666666,2065940.0,27.00313911299918,56.736764090053256,False,False
2000-06-22 20:00:00,49.0,50.9375,44.875,45.96875,3366800,36.694010416666664,2104686.6666666665,26.348384237113045,55.342119263044076,False,False
2000-06-25 20:00:00,47.5,49.65625,41.25,44.65625,4123000,37.03671875,2203960.0,25.047641536729635,53.53833757690769,False,False
2000-06-26 20:00:00,46.0,46.5,41.4375,41.75,2532800,37.291927083333334,2251306.6666666665,23.839809029230757,49.677296007203694,False,False
2000-06-27 20:00:00,41.5,48.25,41.46875,47.0,2992600,37.735677083333336,2251166.6666666665,23.007298303902985,55.86880239688333,False,False
2000-06-28 20:00:00,46.25,47.34375,42.125,42.375,1897600,38.03880208333333,2271226.6666666665,22.23425263038434,50.02908255852141,False,True
2000-06-29 20:00:00,44.0,44.0,39.0,41.09375,3569400,38.391927083333336,2322060.0,20.846490397989182,48.51616271562304,False,False
2000-07-02 20:00:00,41.46875,43.75,40.34375,42.875,876200,38.85859375,2285000.0,19.55785403933654,50.74618369518519,False,True
2000-07-04 20:00:00,43.34375,48.875,43.25,47.53125,3796200,39.540625,2367646.6666666665,19.313760664780496,56.09928793511267,False,False
2000-07-05 20:00:00,47.09375,47.125,43.75,46.46875,2194200,40.25625,2404666.6666666665,19.08710253126417,54.6399579616758,False,True
2000-07-06 20:00:00,45.59375,51.3125,45.59375,48.453125,2095800,41.0546875,2396066.6666666665,19.56579751953122,56.89524007743636,False,True
2000-07-09 20:00:00,49.375,52.34375,48.0,50.46875,1780800,41.9515625,2386780.0,20.167256576592752,59.118668400792316,False,True
2000-07-10 20:00:00,49.84375,55.5625,49.8125,53.0,3154600,42.90052083333333,2443446.6666666665,21.191369739893208,61.78458449551961,False,False
2000-07-11 20:00:00,54.21875,55.0,50.5,51.8125,1796200,43.67552083333333,2460200.0,22.142331962957915,59.813945137255054,False,True
2000-07-12 20:00:00,52.84375,53.0,46.53125,46.75,2218200,44.3546875,2495773.3333333335,21.92428139139093,52.173892321271545,False,True
2000-07-13 20:00:00,47.15625,48.75,45.0,45.5625,2229400,44.87135416666667,2534933.3333333335,21.33514438587944,50.54306218330886,False,True
2000-07-16 20:00:00,47.46875,49.9375,45.125,48.2109375,2182600,45.38671875,2534706.6666666665,21.013604489107696,53.99676272778209,False,True
2000-07-17 20:00:00,47.59375,51.65625,47.0,47.3671875,2477000,45.780208333333334,2519933.3333333335,21.035423032515023,52.73333207092599,False,True
2000-07-18 20:00:00,50.4375,51.5,46.40625,46.6875,2134000,46.05416666666667,2437220.0,20.88522816592834,51.684220117459304,False,True
2000-07-19 20:00:00,48.375,50.5,47.15625,49.375,1269000,46.39895833333333,2403486.6666666665,20.745761504097846,55.45762866443439,False,True
2000-07-20 20:00:00,49.875,51.375,48.0,48.6875,1218200,46.686458333333334,2393220.0,20.804595492998384,54.289555533947954,False,True
2000-07-23 20:00:00,49.4375,50.90625,46.125,47.46875,751400,46.83645833333333,2355566.6666666665,20.252959744844677,52.19095122481393,False,True
2000-07-24 20:00:00,47.25,47.75,44.0625,44.875,1747200,46.99375,2366326.6666666665,19.12370794736312,47.94337621458155,True,True
2000-07-25 20:00:00,44.3125,47.0,41.40625,45.71875,1347200,47.16354166666667,2381720.0,18.15502119141789,49.38643210832931,True,True
2000-07-26 20:00:00,45.0,45.1875,42.0,42.75,798200,47.2625,2373073.3333333335,17.255526346611607,44.69201558178452,True,True
2000-07-27 20:00:00,43.0,43.5,39.25,39.4375,1475200,47.24791666666667,2390833.3333333335,17.116147291437986,40.11059637964967,True,True
2000-07-30 20:00:00,39.8125,40.375,36.5625,37.90625,1122400,47.071875,2360800.0,17.579210674301972,38.163048908645216,True,True
2000-07-31 20:00:00,38.25,44.1875,37.6875,42.5,1753800,46.557291666666664,2242886.6666666665,16.860188773712075,46.547971580045264,True,True
2000-08-01 20:00:00,42.25,44.21875,40.375,41.90625,1069000,46.06666666666667,2126173.3333333335,16.18371315862238,45.68568410961354,True,True
2000-08-02 20:00:00,41.0,41.5,39.78125,41.28125,1063600,45.56458333333333,2081733.3333333333,15.707315938949922,44.74603236252772,True,True
2000-08-03 20:00:00,41.6875,43.125,39.65625,40.0,1324000,45.33125,2011886.6666666667,14.769516615317366,42.80248845571607,True,True
2000-08-06 20:00:00,41.125,41.8125,40.4375,41.375,1231000,45.178125,1940693.3333333333,13.898702957658566,45.536491188512926,True,True
2000-08-07 20:00:00,41.75,42.3125,40.375,40.5,966000,45.03958333333333,1835460.0,12.92815291732357,44.09213928347845,True,True
2000-08-08 20:00:00,41.25,41.5,38.0625,39.0,1247200,44.947916666666664,1792606.6666666667,12.733051660132885,41.65304758842675,True,True
2000-08-09 20:00:00,38.25,39.0625,35.4375,35.53125,1931600,44.565625,1757240.0,13.245415847191364,36.60959128981165,True,False
2000-08-10 20:00:00,35.75,38.71875,35.5703125,37.40625,1020400,44.4,1728000.0,13.721182592317092,40.783448135665225,True,True
2000-08-13 20:00:00,37.9375,38.9375,36.3125,37.25,409200,44.271875,1622660.0,14.074395735285034,40.54387249265759,True,True
2000-08-14 20:00:00,37.8125,37.9375,35.625,35.640625,803000,44.03072916666667,1620220.0,14.598844804724143,38.06364775537395,True,True
2000-08-15 20:00:00,36.0,37.1875,34.0,34.46875,1298400,43.5953125,1536960.0,15.530718802256343,36.321295890449875,True,True
2000-08-16 20:00:00,35.4375,44.5,35.03125,44.40625,6616400,43.5265625,1684366.6666666667,14.97691700407168,55.09349800091672,False,False
2000-08-17 20:00:00,43.8125,45.84375,41.71875,44.625,2531800,43.39895833333333,1698900.0,14.805600973629579,55.40514387042501,False,False
2000-08-20 20:00:00,44.40625,46.4375,43.0,44.1796875,1545200,43.18932291666667,1691046.6666666667,14.797469829172597,54.57482292912849,False,True
2000-08-21 20:00:00,45.0,45.125,43.0,43.75,1288800,42.88098958333333,1628853.3333333333,14.789919480748257,53.7379689801579,False,True
2000-08-22 20:00:00,43.96875,44.0,39.9375,40.3125,4042800,42.49765625,1703740.0,13.747937566799209,47.467138552720314,True,False
2000-08-23 20:00:00,41.5,41.9375,39.0,41.1875,4468400,42.31223958333333,1778746.6666666667,13.037676009889447,49.095497103150606,True,False
2000-08-24 20:00:00,41.8125,43.625,39.8125,40.9375,3482400,42.15807291666667,1820513.3333333333,12.368022714486468,48.63167139478888,True,False
2000-08-27 20:00:00,41.34375,42.0625,39.9375,40.25,1474400,41.89270833333333,1796906.6666666667,11.746201797326558,47.30804466117115,True,True
2000-08-28 20:00:00,40.78125,41.6875,39.84375,40.125,1358200,41.651302083333334,1759613.3333333333,11.13463790105497,47.057263449756995,True,True
2000-08-29 20:00:00,40.40625,40.40625,38.8125,39.875,1436400,41.42421875,1736360.0,10.493767991698446,46.52604782613345,True,True
2000-08-30 20:00:00,40.1875,42.1875,40.0,41.46875,3394400,41.16067708333333,1807206.6666666667,10.231289447982466,50.372262502445786,False,False
2000-08-31 20:00:00,42.9375,43.0,39.0625,40.25,1470400,40.87942708333333,1815613.3333333333,9.625406639359198,47.555372186914944,True,True
2000-09-04 20:00:00,41.1875,41.1875,37.875,38.5625,1827400,40.58255208333333,1851480.0,9.254904411458213,43.895139084263526,True,True
2000-09-05 20:00:00,39.125,39.25,36.0,36.5,1473200,40.303385416666664,1842346.6666666667,9.550522264362247,39.85727563093625,True,True
2000-09-06 20:00:00,37.875,39.375,37.0,38.5,1034900,40.06276041666667,1831936.6666666667,9.77089526219476,45.12840311806441,True,True
2000-09-07 20:00:00,38.9375,39.625,36.6875,37.75,720600,39.89609375,1829350.0,10.085822832797064,43.58570671682314,True,True
2000-09-10 20:00:00,39.5,39.5,37.0,37.0,1191700,39.81484375,1819900.0,10.378255576927776,42.038108054053616,True,True
2000-09-11 20:00:00,38.25,38.25,36.5,38.125,838500,39.82213541666667,1810436.6666666667,10.844465000889851,45.182313385290485,True,True
2000-09-12 20:00:00,37.3125,40.5,36.75,40.0625,1248500,39.740885416666664,1793593.3333333333,10.163687127202758,50.19337070391293,False,True
2000-09-13 20:00:00,41.25,44.3125,40.25,42.0625,2720500,39.74609375,1848643.3333333333,10.760354909683299,54.78785475843123,False,False
2000-09-14 20:00:00,41.625,42.875,40.25,40.25,1083500,39.71171875,1849306.6666666667,11.3144035648438,50.262750874493335,False,True
2000-09-17 20:00:00,40.25,41.125,37.0,37.0625,845600,39.61380208333333,1833360.0,10.55616348423599,43.46397720349155,True,True
2000-09-18 20:00:00,37.9375,38.875,37.0,38.0625,847800,39.50338541666667,1820586.6666666667,9.852083409385875,45.93477298359973,True,True
2000-09-19 20:00:00,38.1875,39.375,37.0,38.125,813700,39.42421875,1815510.0,9.300664414676149,46.09334213617612,True,True
2000-09-20 20:00:00,36.3125,38.5,36.25,36.5625,754900,39.34296875,1799100.0,8.800968489808177,42.72002721686272,True,True
2000-09-21 20:00:00,36.25,40.9375,35.8125,39.375,1760000,39.47109375,1793380.0,8.972191420914452,49.83648441748801,True,True
2000-09-24 20:00:00,40.25,42.4375,37.875,38.125,1577600,39.495052083333334,1811953.3333333333,9.641385836265949,47.03928204062161,True,True
2000-09-25 20:00:00,40.453125,41.5,37.0,38.5625,1499900,39.53880208333333,1848310.0,9.856199228120056,48.13649537812748,True,True
2000-09-26 20:00:00,39.3125,40.25,37.625,37.875,1131800,39.61328125,1859270.0,10.0556688062703,46.50597838940872,True,True
2000-09-27 20:00:00,38.15625,43.6875,37.25,43.4375,1649000,39.91223958333333,1870956.6666666667,11.362464538612684,58.69644432574276,False,True
2000-09-28 20:00:00,42.4375,44.75,40.3125,41.125,1203800,39.80286458333333,1690536.6666666667,12.864854426909703,53.26229767245025,False,True
2000-10-01 20:00:00,42.75,43.0,38.0,39.75,798400,39.64036458333333,1632756.6666666667,13.154756716900923,50.281493988033624,False,True
2000-10-02 20:00:00,39.6875,41.0625,37.5,37.5,938600,39.41770833333333,1612536.6666666667,13.202708072746479,45.76774413723454,True,True
2000-10-03 20:00:00,38.59375,38.75,36.25,37.875,891600,39.221875,1599296.6666666667,12.705962328955508,46.627704879080575,True,True
2000-10-04 20:00:00,38.9375,42.3125,38.0625,40.0,1505800,39.21145833333333,1514730.0,13.380852598935945,51.336765464308286,False,True
2000-10-05 20:00:00,39.75,39.75,37.5,38.375,883300,39.11770833333333,1395226.6666666667,13.762873779763575,47.85929231018608,True,True
2000-10-08 20:00:00,37.5,38.109375,35.0,35.5625,1045300,38.938541666666666,1313990.0,13.114092304651818,42.49407284855016,True,True
2000-10-09 20:00:00,35.3125,36.25,33.75,34.375,1379000,38.74270833333333,1310810.0,12.290967813376415,40.43304690326761,True,False
2000-10-10 20:00:00,33.25,33.625,29.875,30.875,1779900,38.434375,1324866.6666666667,12.698046642569556,35.03887950508128,True,False
2000-10-11 20:00:00,31.125,31.25,27.75,28.25,1868300,38.046875,1339263.3333333333,13.600906395417923,31.630556613555694,True,False
2000-10-12 20:00:00,26.75,30.125,26.5625,30.0,1506700,37.66458333333333,1276340.0,14.712127178874141,36.09357301594628,True,False
2000-10-15 20:00:00,30.6875,31.9375,29.0,31.0625,1676800,37.358333333333334,1283220.0,15.028312256659424,38.70955521944447,True,False
2000-10-16 20:00:00,32.9375,33.375,28.5625,29.375,2270300,37.052083333333336,1297983.3333333333,14.793111019944162,36.17665444863356,True,False
2000-10-17 20:00:00,28.625,31.4375,27.5,31.046875,3120100,36.8703125,1352880.0,14.87185248388892,40.34166251734631,True,False
2000-10-18 20:00:00,31.75,34.4375,31.0,33.75,1893600,36.711979166666666,1381503.3333333333,13.907303860776668,46.42881956097716,True,False
2000-10-19 20:00:00,33.5,38.0,33.1875,37.8125,2088300,36.7140625,1427093.3333333333,13.81652093255508,54.02172455292881,False,False
2000-10-22 20:00:00,37.8125,41.0,37.5625,40.0,1329100,36.8140625,1431673.3333333333,14.42701592505509,57.513654310824556,False,True
2000-10-23 20:00:00,41.3125,42.375,38.4375,38.6875,1373800,36.8328125,1449516.6666666667,15.282787603035455,54.82327372385088,False,True
2000-10-24 20:00:00,38.75,40.5,35.25,35.75,1079800,36.6890625,1443893.3333333333,15.038316330297016,49.26839686970254,True,True
2000-10-25 20:00:00,36.5,38.4375,34.3125,36.96875,694800,36.51927083333333,1376370.0,14.53029695822582,51.46565015803136,False,True
2000-10-26 20:00:00,35.03125,37.0,33.4375,35.375,601200,36.356770833333336,1360293.3333333333,13.795351862849245,48.50698337380773,True,True
2000-10-30 20:00:00,35.125,35.25,32.125,33.125,975500,36.225520833333334,1364623.3333333333,12.896242132049029,44.60810761622911,True,True
2000-10-31 20:00:00,33.5,36.8125,32.875,36.625,772000,36.17760416666667,1362096.6666666667,12.34284437129227,51.18150283663498,False,True
2000-11-01 20:00:00,35.5,39.25,35.0,37.8125,775700,36.1671875,1360830.0,12.475616309244982,53.21032431765048,False,True
2000-11-02 20:00:00,38.1875,39.9375,37.5625,38.875,868500,36.24427083333333,1364616.6666666667,12.771567902892823,55.011838470029716,False,True
2000-11-03 20:00:00,38.6875,39.9375,36.875,37.5,584700,36.18177083333333,1325440.0,12.801082135713491,52.210265199024484,False,True
2000-11-06 20:00:00,37.0625,38.375,34.4375,35.0,607000,36.07760416666667,1293086.6666666667,12.01135287344327,47.4761054776986,True,True
2000-11-07 20:00:00,35.75,37.5625,35.5,37.4375,360800,36.040104166666666,1255116.6666666667,11.278032844192351,52.042110344630544,False,True
2000-11-08 20:00:00,37.0,37.9375,35.1875,35.3125,223100,35.9546875,1224826.6666666667,10.721416823185498,48.115118472244944,True,True
2000-11-09 20:00:00,35.125,35.375,33.125,34.5,635300,35.65677083333333,1191036.6666666667,10.408573614838271,46.66518779137471,True,True
2000-11-10 20:00:00,33.6875,34.6875,32.5,33.9375,306900,35.4171875,1161140.0,10.319160536561752,45.63978819759635,True,True
2000-11-13 20:00:00,30.5,33.234375,30.125,31.75,824600,35.15052083333333,1162013.3333333333,10.946872497275946,41.793684402781935,True,True
2000-11-14 20:00:00,32.4375,33.3125,31.0,32.125,1031800,34.971354166666664,1165120.0,11.496863918103303,42.68536800001439,True,True
2000-11-15 20:00:00,32.0,34.4375,32.0,33.40625,423400,34.82239583333333,1149513.3333333333,11.528313778600047,45.74365671584229,True,True
2000-11-16 20:00:00,33.0625,35.0,31.0,31.265625,606800,34.53125,1119546.6666666667,11.880545856541898,41.736634095733194,True,True
2000-11-17 20:00:00,31.625,31.671875,29.625,30.5,682800,34.26875,1112863.3333333333,12.629317455477311,40.37438347309917,True,True
2000-11-20 20:00:00,29.5,30.0,26.375,26.4375,839700,33.96458333333333,1106010.0,14.17007420210928,34.027856414101386,True,True
2000-11-21 20:00:00,26.375,29.4375,25.6875,28.0,884200,33.75208333333333,1089516.6666666667,15.758539229133321,38.0606693339874,True,True
2000-11-22 20:00:00,27.125,28.0,26.125,26.4375,1727200,33.604166666666664,1087760.0,17.233542468512788,35.70984524792522,True,False
2000-11-24 20:00:00,26.25,30.0,25.625,29.9375,658100,33.66041666666667,1047420.0,17.61200684171361,44.04669803141812,True,True
2000-11-27 20:00:00,32.3125,32.375,30.5,31.8125,986100,33.72083333333333,1030066.6666666666,16.955892174480322,47.941348494628905,True,True
2000-11-28 20:00:00,30.9375,31.5,27.5,27.8125,961300,33.6125,1006216.6666666666,17.23225875707386,41.33181712796507,True,True
2000-11-29 20:00:00,28.125,28.5,26.0,26.875,829100,33.52916666666667,958176.6666666666,17.873172541752233,39.94191174035892,True,True
2000-11-30 20:00:00,26.375,27.125,25.5,26.5,1410200,33.377604166666664,901180.0,18.593820749478393,39.371579073620225,True,False
2000-12-01 20:00:00,27.9375,29.875,26.6875,29.3125,1067900,33.2296875,873656.6666666666,18.1332137676601,45.64086249251656,True,False
2000-12-04 20:00:00,29.25,29.5,25.9375,26.6875,789200,32.85885416666667,830353.3333333334,17.925345478074348,41.34378361678239,True,True
2000-12-05 20:00:00,28.0,29.8125,27.265625,28.625,700500,32.4796875,809400.0,17.604951948568857,45.42780486415241,True,True
2000-12-06 20:00:00,29.125,30.625,27.375,27.5,572600,32.106770833333336,782693.3333333334,16.970902379389234,43.53248338221049,True,True
2000-12-07 20:00:00,27.125,29.5,27.0,27.625,743800,31.8359375,771493.3333333334,16.51400641892696,43.81298750467259,True,True
2000-12-08 20:00:00,28.8125,31.5,28.125,31.25,960000,31.6453125,780333.3333333334,15.401172130476438,51.35912358647472,True,False
2000-12-11 20:00:00,31.1875,32.8125,29.5,31.375,1192100,31.511979166666666,800030.0,14.852662441975655,51.60051184747838,True,False
2000-12-12 20:00:00,31.1875,31.3125,28.625,28.625,389700,31.361979166666668,780503.3333333334,13.982574733540757,46.17177612756751,True,True
2000-12-13 20:00:00,29.75,29.75,28.0,28.1875,355300,31.080729166666668,766613.3333333334,13.048290116455764,45.35426648338318,True,True
2000-12-14 20:00:00,29.0,29.0,26.625,26.8125,469300,30.7140625,756400.0,12.72004232966903,42.78997349329951,True,True
2000-12-15 20:00:00,26.6875,26.875,24.75,25.421875,886300,30.265625,756993.3333333334,13.073258115631523,40.307808199641414,True,False
2000-12-18 20:00:00,25.6875,27.75,25.625,27.25,894800,29.923958333333335,767330.0,12.99666324274241,44.83792899763489,True,False
2000-12-19 20:00:00,26.125,27.875,24.75,25.0,1066600,29.590625,782650.0,13.235331799788153,40.739912840666584,True,False
2000-12-20 20:00:00,23.9375,25.0625,23.1875,24.5,1663300,29.159375,826066.6666666666,13.974309807677528,39.867898484742106,True,False
2000-12-21 20:00:00,23.5,24.9375,22.0625,23.6875,1469200,28.771875,867603.3333333334,15.003874988316623,38.42845533938588,True,False
2000-12-22 20:00:00,23.875,25.875,22.875,24.0,768800,28.421875,872053.3333333334,15.469849279544857,39.335682046932085,True,True
2000-12-26 20:00:00,23.875,24.75,22.9375,23.875,555300,28.086458333333333,880333.3333333334,15.902539692828215,39.08758630776039,True,True
2000-12-27 20:00:00,23.6875,24.125,23.25,23.5625,535500,27.813541666666666,870696.6666666666,16.304323648019906,38.43493167333102,True,True
2000-12-28 20:00:00,23.4375,26.0,23.375,25.9375,1032900,27.607291666666665,870733.3333333334,15.655154063740156,45.836887094575,True,False
2000-12-29 20:00:00,24.875,25.5,23.5625,24.875,1411500,27.322916666666668,903670.0,15.052353735480386,43.32718277181996,True,False
2001-01-02 20:00:00,24.75,24.75,22.5,22.5625,711100,27.0328125,907146.6666666666,14.96869079341777,38.39922087213875,True,True
2001-01-03 20:00:00,22.375,24.25,19.25,23.0625,1920600,26.784895833333334,948406.6666666666,16.06807828918168,39.98855040664284,True,False
2001-01-04 20:00:00,23.75,24.5,21.8125,22.765625,1228200,26.6625,961356.6666666666,16.943639610883785,39.339549303663695,True,False
2001-01-05 20:00:00,22.75,22.8125,19.0,21.0,1769400,26.429166666666667,990863.3333333334,18.570642665880857,35.63530377788863,True,False
2001-01-08 20:00:00,22.0,23.25,21.5,21.8125,3103600,26.275,1036743.3333333334,19.822508187498187,38.50489803406059,True,False
2001-01-09 20:00:00,22.9375,24.75,22.4375,24.0,1601500,26.077083333333334,1068190.0,20.135140298996465,45.54415253237226,True,False
2001-01-10 20:00:00,23.5625,25.5,22.875,23.5,2765100,25.8,1127490.0,20.026624257291555,44.29602902688113,True,False
2001-01-11 20:00:00,23.5,24.0,22.75,23.3125,2592100,25.65,1181850.0,19.97238981752653,43.811158677467105,True,False
2001-01-12 20:00:00,23.3125,24.875,22.25,24.625,1674700,25.575,1210036.6666666667,19.4372357966737,48.0942654123203,True,False
2001-01-16 20:00:00,24.53125,25.1875,23.75,24.375,1195900,25.504166666666666,1202893.3333333333,18.768225188388126,47.35382642449623,True,True
2001-01-17 20:00:00,24.6875,26.4375,24.5625,24.75,832000,25.352083333333333,1195030.0,17.482876883466492,48.63135331256787,True,True
2001-01-18 20:00:00,24.875,27.96875,23.875,26.375,1432500,25.341666666666665,1216473.3333333333,16.90056307326174,53.856738471816854,False,False
2001-01-19 20:00:00,27.1875,27.1875,25.625,25.8125,685600,25.247916666666665,1215976.6666666667,16.35984310664304,51.889078782618924,False,True
2001-01-22 20:00:00,26.75,28.0,26.375,27.375,1074700,25.24375,1232713.3333333333,16.234118954995942,56.62920105231203,False,True
2001-01-23 20:00:00,26.125,29.5,26.0625,29.0625,502000,25.291666666666668,1224653.3333333333,16.749180533106802,61.088183986415245,False,True
2001-01-24 20:00:00,28.5625,29.8125,28.5,29.4375,975800,25.23125,1225180.0,17.351635675241702,62.022590578925374,False,True
2001-01-25 20:00:00,30.4375,30.625,29.1875,29.4375,1824000,25.166666666666668,1246243.3333333333,18.23055945781487,62.022590578925374,False,False
2001-01-26 20:00:00,29.0,31.0,27.5,30.625,1157200,25.233333333333334,1271826.6666666667,17.954338095763095,65.10043149520828,False,True
2001-01-29 20:00:00,29.8125,30.5,29.3125,29.875,791900,25.289583333333333,1286380.0,17.69784683100073,61.69937441118534,False,True
2001-01-30 20:00:00,29.875,29.9375,28.25,28.3125,487200,25.339583333333334,1286976.6666666667,16.81188806934781,55.22618195174921,False,True
2001-01-31 20:00:00,28.53125,28.6875,27.125,27.875,446800,25.421354166666667,1272326.6666666667,15.856549166647536,53.53262799553746,False,True
2001-02-01 20:00:00,27.6875,28.9375,26.4375,27.875,497400,25.4421875,1259080.0,15.326389738029038,53.53262799553746,False,True
2001-02-02 20:00:00,26.375,26.875,22.125,23.1875,2807000,25.381770833333334,1317093.3333333333,16.528277504748846,38.76215206204188,True,False
2001-02-05 20:00:00,22.625,22.9375,21.25,22.1875,1091200,25.3046875,1298023.3333333333,17.903920044782875,36.451499109075016,True,True
2001-02-06 20:00:00,21.8125,23.5625,21.6875,22.8125,841100,25.275520833333335,1277086.6666666667,18.79745526308294,38.90288805416203,True,True
2001-02-07 20:00:00,22.75,23.5,21.75,22.5,596900,25.225520833333334,1271356.6666666667,19.62716653721872,38.11127119334224,True,True
2001-02-08 20:00:00,22.625,22.625,21.5,21.5,627400,25.146354166666665,1273760.0,20.487222022081564,35.613876941880065,True,True
2001-02-09 20:00:00,21.375,21.4375,20.0,20.5,1107400,25.044270833333332,1292823.3333333333,21.79509709210462,33.26628474728386,True,True
2001-02-12 20:00:00,20.5625,21.25,20.4375,20.5625,1357100,24.865104166666665,1303630.0,23.009552514268883,33.561059850239985,True,False
2001-02-13 20:00:00,20.8125,21.6875,19.9375,20.0,1560200,24.702604166666667,1308586.6666666667,24.306754412571,32.183209530416946,True,False
2001-02-14 20:00:00,20.0,20.0,17.125,18.0625,2016400,24.552604166666665,1352096.6666666667,26.310520092625044,27.92979262400171,True,False
2001-02-15 20:00:00,18.3125,18.5625,17.375,18.5,2148200,24.400520833333335,1359683.3333333333,28.171159652675232,30.173918937238604,True,False
2001-02-16 20:00:00,18.4375,18.625,17.3125,17.5,1301500,24.225,1362126.6666666667,29.898896387007547,28.025809890935953,True,True
2001-02-20 20:00:00,17.8125,18.1875,16.0625,16.75,1337500,24.083333333333332,1347730.0,31.828183311070806,26.50193890593689,True,True
2001-02-21 20:00:00,16.75,17.25,15.75,15.8125,1201900,23.883333333333333,1284340.0,33.69681488229246,24.69441726025979,True,True
2001-02-22 20:00:00,15.4375,16.0,15.0625,15.4375,909700,23.597916666666666,1261280.0,35.600189402807864,23.989604715975073,True,True
2001-02-23 20:00:00,15.3125,16.875,14.5625,16.125,1545200,23.352083333333333,1220616.6666666667,36.55040500985448,28.044370190372575,True,False
2001-02-26 20:00:00,16.5625,17.59375,16.5,17.5625,1190600,23.160416666666666,1173900.0,36.80127611665403,35.760741259151004,True,False
2001-02-27 20:00:00,17.5625,17.625,16.6875,16.875,1438800,22.902083333333334,1166036.6666666667,37.006493162592626,33.888955898121274,True,False
2001-02-28 20:00:00,16.5,18.3125,16.5,16.8125,2291300,22.65,1202550.0,36.58216088618402,33.71618129159883,True,False
2001-03-01 20:00:00,16.75,18.125,15.625,16.765625,1750600,22.383854166666666,1233170.0,36.571683139370194,33.577913388931634,True,False
2001-03-02 20:00:00,16.75,18.5,16.375,17.625,769600,22.0921875,1211073.3333333333,36.22375062701776,38.55309698555388,True,True
2001-03-05 20:00:00,17.8125,18.125,16.75,17.0625,571700,21.800520833333334,1207276.6666666667,35.900670436976206,36.61963726011055,True,True
2001-03-06 20:00:00,17.25,17.25,16.0625,17.1875,571400,21.4609375,1190500.0,35.93590993326177,37.37129726894822,True,True
2001-03-07 20:00:00,17.140625,17.8125,17.125,17.375,823100,21.071354166666666,1201203.3333333333,35.41241869637873,38.548563551689156,True,True
2001-03-08 20:00:00,17.3125,17.3125,16.0625,16.125,692900,20.627604166666668,1191773.3333333333,35.45693019949051,33.96478541013489,True,True
2001-03-09 20:00:00,15.6875,16.5625,15.4375,15.5,548300,20.163020833333334,1149250.0,35.780797190699964,31.920950149065874,True,True
2001-03-12 20:00:00,15.375,15.4375,14.0,14.4375,830700,19.6234375,1138366.6666666667,36.65086679935954,28.75329275410698,True,True
2001-03-13 20:00:00,14.21875,14.375,13.6875,14.125,997200,19.0984375,1145210.0,37.57088787540715,27.877068516425187,True,True
2001-03-14 20:00:00,13.125,15.3125,13.0,13.875,1318700,18.6171875,1172926.6666666667,37.476907287979266,27.163896308669617,True,False
2001-03-15 20:00:00,14.375,14.8125,13.125,13.5,618500,18.138020833333332,1178650.0,37.38963959965337,26.085871868201714,True,True
2001-03-16 20:00:00,13.1875,13.3125,12.375,12.5,1057800,17.625520833333333,1197330.0,37.65513005807643,23.417035908528298,True,True
2001-03-19 20:00:00,12.375,13.125,11.875,12.5625,1441200,17.271354166666665,1151803.3333333333,38.119601313115645,23.940796714878577,True,False
2001-03-20 20:00:00,12.625,13.625,12.25,12.8125,757800,16.958854166666665,1140690.0,38.00674230045594,26.117440845117766,True,True
2001-03-21 20:00:00,12.4375,12.625,11.1875,11.5625,1996600,16.583854166666665,1179206.6666666667,38.39099040913448,22.63022229774315,True,False
2001-03-22 20:00:00,11.375,11.5625,10.875,11.4375,1430600,16.215104166666666,1206996.6666666667,38.88141527220102,22.309431622693822,True,False
2001-03-23 20:00:00,11.75,13.25,11.625,12.9375,1263400,15.9296875,1228196.6666666667,37.66441216852456,34.33797683136349,True,False
2001-03-26 20:00:00,13.029999732971191,14.0,12.970000267028809,13.869999885559082,880600,15.708687496185302,1220636.6666666667,35.91098958179997,40.504895865633664,True,True
2001-03-27 20:00:00,13.720000267028809,14.300000190734863,13.130000114440918,13.859999656677246,865500,15.485270818074545,1204250.0,34.04098553032816,40.461008801471685,True,True
2001-03-28 20:00:00,13.760000228881836,14.93000030517578,13.510000228881836,14.359999656677246,638300,15.297270806630452,1173520.0,31.807657072744238,43.74309221423927,True,True
2001-03-29 20:00:00,13.850000381469728,14.949999809265137,13.75,14.220000267028809,410900,15.16918748219808,1120003.3333333333,29.71797595292219,43.02787353679317,True,True
2001-03-30 20:00:00,14.5,15.5,13.850000381469728,15.350000381469728,659800,15.064187494913737,1070390.0,27.85390004309849,50.117374979985875,False,True
2001-04-01 20:00:00,16.100000381469727,16.190000534057617,13.520000457763672,14.130000114440918,828400,14.951854165395101,1054620.0,26.64072677396977,43.78273070304521,True,True
2001-04-02 20:00:00,13.5,13.93000030517578,12.5,12.609999656677246,784400,14.81385415395101,1036183.3333333334,24.808215452662687,37.4342284368243,True,True
2001-04-03 20:00:00,12.600000381469728,13.399999618530272,12.15999984741211,13.130000114440918,768200,14.72443749109904,1021726.6666666666,23.36803469014967,40.60706645876828,True,True
2001-04-04 20:00:00,13.470000267028809,14.130000114440918,13.350000381469728,13.5,1287400,14.659854157765706,1034316.6666666666,21.955626866740694,42.828696493120155,True,False
2001-04-05 20:00:00,13.550000190734863,14.170000076293944,13.149999618530272,13.859999656677246,475900,14.584354146321614,998673.3333333334,20.47609609730117,44.984968322534314,True,True
2001-04-08 20:00:00,13.81999969482422,13.949999809265137,13.510000228881836,13.760000228881836,449800,14.457604153951008,973980.0,19.102246097107322,44.48308767279575,True,True
2001-04-09 20:00:00,13.84000015258789,14.619999885559082,13.760000228881836,14.529999732971191,488700,14.379437478383382,942310.0,18.39835807406188,49.184287046814816,False,True
2001-04-10 20:00:00,15.039999961853027,15.270000457763672,14.15999984741211,14.170000076293944,430600,14.29135414759318,880286.6666666666,18.250886129814237,47.173003865089754,True,True
2001-04-11 20:00:00,14.100000381469728,14.600000381469728,14.0,14.5,903100,14.215833314259847,852036.6666666666,17.94544355517402,49.22280615606583,False,False
2001-04-15 20:00:00,14.489999771118164,14.5600004196167,13.350000381469728,14.550000190734863,507400,14.113333320617675,843296.6666666666,16.998416568092786,49.542273331938695,False,True
2001-04-16 20:00:00,14.5,14.850000381469728,13.899999618530272,14.029999732971191,544000,14.012249978383382,842373.3333333334,16.375547747307788,46.281071344860244,False,True
2001-04-17 20:00:00,14.31999969482422,15.350000381469728,14.31999969482422,14.710000038146973,1084500,13.929666646321614,859476.6666666666,16.225540648478788,50.83847194861472,False,False
2001-04-18 20:00:00,15.130000114440918,17.149999618530273,14.050000190734863,16.209999084472656,770200,13.890833282470703,857713.3333333334,17.324528099918485,59.084491726060214,False,True
2001-04-19 20:00:00,16.170000076293945,16.299999237060547,14.75,15.729999542236328,422200,13.877666600545247,848690.0,18.345016447683918,55.855833607489835,False,True
2001-04-22 20:00:00,15.350000381469728,15.600000381469728,14.949999809265137,14.970000267028809,199600,13.859999942779542,837066.6666666666,19.292612770608965,51.0949900218175,False,True
2001-04-23 20:00:00,14.850000381469728,15.0,13.640000343322754,13.649999618530272,503900,13.833749930063883,826173.3333333334,18.712789185318268,44.06918568291239,True,True
2001-04-24 20:00:00,13.600000381469728,14.600000381469728,13.5,14.079999923706056,295400,13.832249927520753,802780.0,18.034957482953512,46.6430634688567,False,True
2001-04-25 20:00:00,15.220000267028809,16.049999237060547,14.699999809265137,15.760000228881836,1006400,13.89508326848348,792370.0,18.46738184981364,55.298419518869565,False,False
2001-04-26 20:00:00,15.59000015258789,16.31999969482422,15.100000381469728,15.329999923706056,432900,13.956083265940348,786183.3333333334,19.041318989413153,52.931662507067166,False,True
2001-04-29 20:00:00,15.899999618530272,16.5,15.5,16.1299991607666,499400,14.077083237965901,767570.0,19.691425167631717,56.64910701109708,False,True
2001-04-30 20:00:00,16.100000381469727,17.670000076293945,15.5,16.969999313354492,709100,14.223999881744385,743166.6666666666,20.988599403047367,60.203271195549654,False,True
2001-05-01 20:00:00,17.229999542236328,17.3799991607666,16.5,17.329999923706055,665800,14.374583212534587,740100.0,22.193118335933324,61.65426339754831,False,True
2001-05-02 20:00:00,15.899999618530272,17.149999618530273,15.850000381469728,17.110000610351562,425600,14.559499899546305,687733.3333333334,22.523038336372576,60.20953649995431,False,True
2001-05-03 20:00:00,16.850000381469727,18.06999969482422,16.350000381469727,17.90999984741211,504800,14.775249894460043,656873.3333333334,23.398117635062647,63.553992847990884,False,True
2001-05-06 20:00:00,18.350000381469727,19.13999938964844,18.26000022888184,18.86000061035156,934200,14.972666581471762,645900.0,24.769398954262474,67.09132612948169,False,False
2001-05-07 20:00:00,19.25,19.790000915527344,18.799999237060547,19.190000534057617,925500,15.149999936421713,647396.6666666666,26.341009380160536,68.24430721988838,False,False
2001-05-08 20:00:00,19.07999992370605,19.399999618530277,18.75,19.1200008392334,318200,15.325333309173583,629153.3333333334,27.737563801974943,67.70245208673053,False,True
2001-05-09 20:00:00,18.899999618530277,19.100000381469727,18.399999618530277,18.86000061035156,359600,15.475333340962727,619863.3333333334,28.58412255845489,65.61841815244286,False,True
2001-05-10 20:00:00,19.07999992370605,19.68000030517578,18.899999618530277,19.100000381469727,733600,15.638000011444092,630620.0,29.67910806708472,66.63925858374769,False,False
2001-05-13 20:00:00,19.26000022888184,19.299999237060547,17.84000015258789,17.969999313354492,645200,15.725333309173584,630133.3333333334,29.426422233690737,57.91941168118537,False,False
2001-05-14 20:00:00,17.979999542236328,18.90999984741211,17.950000762939453,18.59000015258789,613700,15.873999977111817,622976.6666666666,29.191785388396323,60.93946749841053,False,True
2001-05-15 20:00:00,18.59000015258789,20.049999237060547,18.309999465942383,19.959999084472656,1201400,16.11899995803833,636876.6666666666,29.678060237717922,66.63726989460292,False,False
2001-05-16 20:00:00,20.21999931335449,22.299999237060547,20.020000457763672,21.440000534057617,1190600,16.395999972025553,650956.6666666666,31.139895797507187,71.47766578918076,False,False
2001-05-17 20:00:00,21.600000381469727,22.25,21.549999237060547,21.790000915527344,426600,16.672333335876466,622263.3333333334,32.49731453159722,72.49400283476744,False,True
2001-05-20 20:00:00,22.299999237060547,25.200000762939453,21.920000076293945,25.06999969482422,1475100,17.046000003814697,655570.0,34.65349363585363,79.76933341687581,False,False
2001-05-21 20:00:00,24.88999938964844,24.899999618530277,23.799999237060547,24.5,995600,17.403999996185302,673763.3333333334,36.655659946948866,76.00693995848843,False,False
2001-05-22 20:00:00,23.700000762939453,24.6200008392334,22.5,23.15999984741211,818800,17.691666666666666,684766.6666666666,37.191185457879875,67.89906654514365,False,False
2001-05-23 20:00:00,23.299999237060547,25.299999237060547,23.1200008392334,24.959999084472656,765900,18.051333300272624,695943.3333333334,37.92898514656235,72.19047145929366,False,False
2001-05-24 20:00:00,25.309999465942383,25.309999465942383,23.450000762939453,23.549999237060547,496000,18.352999941507974,682373.3333333334,38.61766108542001,64.87426865102954,False,True
2001-05-28 20:00:00,23.940000534057617,23.940000534057617,22.420000076293945,22.420000076293945,465300,18.61533327102661,680970.0,38.248448122908165,59.65625089117258,False,True
2001-05-29 20:00:00,22.049999237060547,22.790000915527344,20.450000762939453,21.450000762939453,877600,18.86266663869222,692090.0,36.33612649236703,55.52749550839869,False,False
2001-05-30 20:00:00,21.600000381469727,22.25,21.200000762939453,21.21999931335449,744300,19.07966661453247,680750.0,34.5603992640074,54.56320716744776,False,False
2001-05-31 20:00:00,21.450000762939453,23.75,21.399999618530277,23.399999618530277,898600,19.31933329900106,685030.0,33.71418603509464,61.40460686082692,False,False
2001-06-03 20:00:00,23.31999969482422,23.799999237060547,22.649999618530277,23.11000061035156,540700,19.565333334604897,688980.0,32.953458409988755,60.10804121006738,False,True
2001-06-04 20:00:00,23.190000534057617,26.450000762939453,23.100000381469727,24.940000534057617,1632000,19.897666676839194,736726.6666666666,33.37728626358037,65.11396679091672,False,False
2001-06-05 20:00:00,25.239999771118164,25.25,24.149999618530277,24.399999618530277,940900,20.256000010172524,751293.3333333334,33.770840699058304,62.616963367987,False,False
2001-06-06 20:00:00,24.31999969482422,25.31999969482422,24.100000381469727,24.200000762939453,408000,20.593333371480306,755046.6666666666,34.16361522551585,61.67363642656192,False,True
2001-06-07 20:00:00,23.799999237060547,24.0,22.739999771118164,23.75,445400,20.859666697184245,736346.6666666666,33.376089424766,59.50158939389015,False,True
2001-06-10 20:00:00,23.549999237060547,23.559999465942383,21.31999969482422,21.950000762939453,741400,21.08033339182536,746630.0,31.63126859782224,51.66370315870631,False,True
2001-06-11 20:00:00,19.899999618530277,21.920000076293945,19.75,21.209999084472656,1045600,21.24966672261556,764836.6666666666,29.671627662467785,48.81672524225495,True,False
2001-06-12 20:00:00,20.700000762939453,21.299999237060547,19.90999984741211,20.40999984741211,1142500,21.364333407084146,779283.3333333334,27.85196107963865,45.87363695288514,True,False
2001-06-13 20:00:00,20.299999237060547,20.40999984741211,19.239999771118164,19.6200008392334,457300,21.44066677093506,772333.3333333334,26.547878159001606,43.10968102206398,True,True
2001-06-14 20:00:00,19.450000762939453,19.959999084472656,19.0,19.959999084472656,602000,21.535666720072427,778213.3333333334,25.474328548557818,44.65521812052132,True,True
2001-06-17 20:00:00,19.84000015258789,20.5,18.780000686645508,18.950000762939453,498600,21.570333417256673,778006.6666666666,24.086954848544273,41.084559277442885,True,True
2001-06-18 20:00:00,19.190000534057617,19.600000381469727,17.850000381469727,18.100000381469727,633000,21.545000076293945,767966.6666666666,23.357988940941144,38.308346780926556,True,True
2001-06-19 20:00:00,17.989999771118164,19.01000022888184,17.559999465942383,18.59000015258789,505600,21.525000063578286,753970.0,22.84857468532841,40.79213692247372,True,True
2001-06-20 20:00:00,18.68000030517578,19.65999984741211,18.440000534057617,19.56999969482422,575900,21.540000025431315,762560.0,21.863591646392813,45.51674927481606,True,True
2001-06-21 20:00:00,19.549999237060547,20.059999465942383,19.149999618530277,20.0,672000,21.578000005086263,772973.3333333334,20.64310337707283,47.496465354504906,True,True
2001-06-24 20:00:00,20.200000762939453,20.200000762939453,18.799999237060547,20.059999465942383,901600,21.609999974568684,778573.3333333334,19.75246614348111,47.78158483425907,True,False
2001-06-25 20:00:00,20.049999237060547,21.040000915527344,19.399999618530277,20.600000381469727,594200,21.697666676839194,776873.3333333334,18.41006950553308,50.39264120244958,True,True
2001-06-26 20:00:00,20.18000030517578,20.690000534057617,19.850000381469727,20.440000534057617,393000,21.759333356221518,769516.6666666666,17.163558341724194,49.60124332824566,True,True
2001-06-27 20:00:00,20.440000534057617,23.280000686645508,20.440000534057617,21.899999618530277,1397800,21.824000040690105,776063.3333333334,17.646631966454944,56.33932004383077,False,False
2001-06-28 20:00:00,22.100000381469727,24.530000686645508,21.600000381469727,24.520000457763672,1299900,21.926666704813638,779706.6666666666,18.6796912595947,65.30390614767926,False,False
2001-07-01 20:00:00,22.75,24.020000457763672,22.100000381469727,22.309999465942383,803700,21.943999989827475,792276.6666666666,19.63896060322448,55.03838202540887,False,False
2001-07-02 20:00:00,22.399999618530277,22.950000762939453,22.0,22.559999465942383,411000,21.860333315531413,756806.6666666666,20.436465394748627,55.88322872659033,False,True
2001-07-04 20:00:00,22.63999938964844,22.649999618530277,21.51000022888184,21.63999938964844,276400,21.76499996185303,732833.3333333334,20.71396595231926,52.010147501881356,True,True
2001-07-05 20:00:00,21.549999237060547,21.790000915527344,20.850000381469727,21.280000686645508,300700,21.702333323160808,715563.3333333334,20.376083951412504,50.53424175228772,True,True
2001-07-08 20:00:00,21.25,23.190000534057617,21.200000762939453,22.46999931335449,897200,21.6193333307902,719940.0,20.85960717773973,55.072725833133184,False,False
2001-07-09 20:00:00,22.549999237060547,22.649999618530277,19.950000762939453,20.440000534057617,656100,21.515666707356772,725276.6666666666,20.279868132373668,47.12893544916543,True,True
2001-07-10 20:00:00,20.200000762939453,20.600000381469727,19.399999618530277,20.07999992370605,570000,21.43766670227051,728766.6666666666,19.33131497457387,45.86545350786254,True,True
2001-07-11 20:00:00,20.440000534057617,20.6200008392334,19.75,20.309999465942383,575600,21.399666659037273,718700.0,18.46374100137058,46.845905982910374,True,True
2001-07-12 20:00:00,20.149999618530277,22.100000381469727,20.049999237060547,20.440000534057617,624000,21.373666699727377,714690.0,18.565944963398465,47.425510472994816,True,True
2001-07-15 20:00:00,20.549999237060547,20.559999465942383,19.88999938964844,20.239999771118164,484400,21.268333371480306,700883.3333333334,18.526463702025335,46.583920653094765,True,True
2001-07-16 20:00:00,20.209999084472656,20.440000534057617,19.799999237060547,20.049999237060547,681500,21.16633332570394,705576.6666666666,18.410428001882163,45.75326992524733,True,True
2001-07-17 20:00:00,20.11000061035156,20.299999237060547,19.200000762939453,19.309999465942383,665400,20.97866662343343,673356.6666666666,17.773926297476528,42.5694950008654,True,True
2001-07-18 20:00:00,19.600000381469727,19.850000381469727,18.21999931335449,18.40999984741211,570500,20.77899996439616,661010.0,16.609695943788868,39.01372950167023,True,True
2001-07-19 20:00:00,18.520000457763672,20.0,18.5,20.0,485800,20.638999938964844,663603.3333333334,15.435746254193477,47.376561291454045,True,True
2001-07-22 20:00:00,19.950000762939453,20.200000762939453,19.350000381469727,19.399999618530277,456700,20.493999926249185,663980.0,14.50824680486817,44.87579839077884,True,True
2001-07-23 20:00:00,19.40999984741211,19.450000762939453,17.690000534057617,18.09000015258789,419100,20.36533323923747,653236.6666666666,14.53592128889748,39.92111487008022,True,True
2001-07-24 20:00:00,18.0,18.190000534057617,17.3799991607666,17.770000457763672,635400,20.250666618347168,639563.3333333334,14.76179728727286,38.79434485327188,True,True
2001-07-25 20:00:00,17.950000762939453,19.5,17.850000381469727,19.32999992370605,484900,20.2146666208903,617643.3333333334,13.875862743923014,46.693368746244055,True,True
2001-07-26 20:00:00,19.290000915527344,19.82999992370605,18.3700008392334,19.57999992370605,365400,20.213333257039388,614580.0,12.965925078839058,47.85480771149685,True,True
2001-07-29 20:00:00,19.649999618530277,19.850000381469727,18.850000381469727,19.440000534057617,278500,20.195999972025554,603796.6666666666,12.136687635689757,47.23416421857705,True,True
2001-07-30 20:00:00,19.3799991607666,20.190000534057617,18.739999771118164,18.82999992370605,510400,20.19199994405111,604190.0,11.642329155193114,44.52456459825396,True,True
2001-07-31 20:00:00,19.040000915527344,19.11000061035156,18.700000762939453,18.71999931335449,321900,20.212666575113932,593820.0,11.146216111728878,44.034010801991066,True,True
2001-08-01 20:00:00,18.799999237060547,19.25,18.0,18.059999465942383,301300,20.19499988555908,587010.0,10.650580496125645,41.10755461960825,True,True
2001-08-02 20:00:00,18.149999618530277,18.5,17.75,18.299999237060547,462700,20.152666536966958,583236.6666666666,10.407071501212226,42.60140371555231,True,True
2001-08-05 20:00:00,18.290000915527344,18.40999984741211,17.549999237060547,17.760000228881836,383000,20.077999877929688,573603.3333333334,10.356956006567302,40.134609076486846,True,True
2001-08-06 20:00:00,17.75,18.43000030517578,17.149999618530273,18.40999984741211,498800,20.022999890645345,560176.6666666666,10.659456104661484,44.314420182854505,True,True
2001-08-07 20:00:00,18.25,18.3700008392334,17.0,17.020000457763672,572400,19.903666559855143,559450.0,11.070825863666354,38.17598985918371,True,False
2001-08-08 20:00:00,17.020000457763672,17.200000762939453,16.25,17.0,673700,19.788999875386555,568806.6666666666,12.069351582722229,38.09422223486027,True,False
2001-08-09 20:00:00,16.969999313354492,17.780000686645508,16.56999969482422,17.06999969482422,470600,19.62799987792969,537900.0,12.289170817249198,38.589981903567384,True,True
2001-08-12 20:00:00,17.139999389648438,17.299999237060547,16.899999618530273,17.170000076293945,474000,19.38299986521403,510370.0,12.493288677881385,39.3373789427241,True,True
2001-08-13 20:00:00,17.200000762939453,17.75,17.059999465942383,17.479999542236328,765700,19.221999867757162,509103.3333333333,12.13570785356306,41.705918193293726,True,False
2001-08-14 20:00:00,17.489999771118164,17.8799991607666,17.1299991607666,17.3799991607666,894800,19.04933319091797,525230.0,11.647999493492176,41.14779334326861,True,False
2001-08-15 20:00:00,17.299999237060547,17.329999923706055,16.020000457763672,16.549999237060547,607800,18.87966651916504,536276.6666666666,12.257998338749335,36.751652271898564,True,False
2001-08-16 20:00:00,16.25,17.1200008392334,16.010000228881836,16.799999237060547,549100,18.730333137512208,544556.6666666666,12.833104345854585,38.870136033002325,True,False
2001-08-19 20:00:00,16.700000762939453,16.84000015258789,15.729999542236328,15.84000015258789,451000,18.509333165486655,529683.3333333334,13.616950639577718,34.141135055514575,True,True
2001-08-20 20:00:00,15.829999923706056,16.799999237060547,15.829999923706056,16.6299991607666,462900,18.382333119710285,523243.3333333333,14.344807912320627,40.550859158899435,True,True
2001-08-21 20:00:00,16.440000534057617,16.729999542236328,15.960000038146973,16.649999618530273,663200,18.267999776204427,526350.0,15.020675379867615,40.708191449494684,True,False
2001-08-22 20:00:00,16.649999618530273,17.450000762939453,16.530000686645508,17.399999618530273,334800,18.17099978129069,518323.3333333333,14.555758583075098,46.43317448295484,True,True
2001-08-23 20:00:00,17.40999984741211,18.56999969482422,17.399999618530273,18.36000061035156,325600,18.10166645050049,508376.6666666667,14.237102317779925,52.72537687307614,False,True
2001-08-26 20:00:00,18.290000915527344,19.13999938964844,17.920000076293945,19.030000686645508,358500,18.06133314768473,504180.0,14.49287343372566,56.56050108264296,False,True
2001-08-27 20:00:00,19.0,19.09000015258789,17.920000076293945,17.950000762939453,416800,17.991333198547363,495356.6666666667,14.730375184246698,49.578522743745964,True,True
2001-08-28 20:00:00,17.899999618530273,18.25,17.760000228881836,18.239999771118164,149600,17.955666542053223,478163.3333333333,14.721964321979769,51.31634709063341,False,True
2001-08-29 20:00:00,18.100000381469727,18.5,17.079999923706055,17.5,233800,17.92533321380615,466940.0,13.807656625145114,46.876525841798454,True,True
2001-08-30 20:00:00,17.5,17.950000762939453,17.270000457763672,17.68000030517578,206200,17.847999890645344,457620.0,12.958656620941507,48.05383250595019,True,True
2001-09-03 20:00:00,17.469999313354492,18.84000015258789,17.020000457763672,17.09000015258789,306000,17.770999908447266,452596.6666666667,13.178356877683253,44.567379631807725,True,True
2001-09-04 20:00:00,17.010000228881836,17.469999313354492,16.65999984741211,17.1299991607666,276800,17.738999875386558,447853.3333333333,12.893493256163358,44.859464146824564,True,True
2001-09-05 20:00:00,16.989999771118164,17.0,16.059999465942383,16.06999969482422,242300,17.682333183288574,434750.0,12.06273785907952,38.99541292413475,True,True
2001-09-06 20:00:00,15.979999542236328,16.030000686645508,15.300000190734863,16.030000686645508,223000,17.57233320871989,426020.0,12.10594761269314,38.789357279097885,True,True
2001-09-09 20:00:00,15.460000038146973,16.270000457763672,15.359999656677246,15.550000190734863,296900,17.437999884287517,423736.6666666667,11.841894099721802,36.309811481181384,True,True
2001-09-16 20:00:00,15.539999961853027,15.550000190734863,13.300000190734863,13.550000190734863,614200,17.241666539510092,434926.6666666667,13.290594505989036,28.21636342168363,True,False
2001-09-17 20:00:00,13.539999961853027,14.130000114440918,11.899999618530272,12.199999809265137,745800,17.020666535695394,442773.3333333333,15.408201276489566,24.281936463241095,True,False
2001-09-18 20:00:00,12.199999809265137,12.350000381469728,10.739999771118164,10.760000228881836,858700,16.75533323287964,460666.6666666667,17.881844076660293,20.92955387891231,True,False
2001-09-19 20:00:00,10.75,11.75,10.699999809265137,11.1899995803833,938800,16.526333236694335,481916.6666666667,20.195216042234563,24.2908646127701,True,False
2001-09-20 20:00:00,10.729999542236328,11.989999771118164,10.399999618530272,11.970000267028809,1342000,16.31533327102661,511226.6666666667,22.470614574421838,30.095950824782104,True,False
2001-09-23 20:00:00,12.25,12.93000030517578,12.010000228881836,12.149999618530272,779700,16.12833325068156,524450.0,23.412084251162643,31.403101071243526,True,False
2001-09-24 20:00:00,12.029999732971191,12.84000015258789,12.0,12.300000190734863,394400,15.924666595458984,520970.0,24.29197876210068,32.535258179547164,True,True
2001-09-25 20:00:00,12.149999618530272,12.550000190734863,11.369999885559082,11.800000190734863,462800,15.750666586558024,517316.6666666667,25.46371014008243,30.715468765405458,True,True
2001-09-26 20:00:00,11.789999961853027,12.619999885559082,11.699999809265137,12.510000228881836,1098300,15.600999927520752,531470.0,26.459687380975197,36.17471508808854,True,False
2001-09-27 20:00:00,12.649999618530272,14.020000457763672,12.649999618530272,13.65999984741211,614300,15.487333265940348,536260.0,25.74361892026416,43.887013082707035,True,False
2001-09-30 20:00:00,13.75,14.119999885559082,12.550000190734863,13.699999809265137,419900,15.37166659037272,534456.6666666666,24.974595137223734,44.139849545029854,True,True
2001-10-01 20:00:00,13.270000457763672,14.25,13.260000228881836,14.229999542236328,271000,15.263333257039388,517966.6666666667,24.119059367420277,47.51440960384568,True,True
2001-10-02 20:00:00,14.170000076293944,14.199999809265137,13.770000457763672,14.100000381469728,510400,15.153999964396158,505153.3333333333,23.324633295459925,46.76810788497072,True,False
2001-10-03 20:00:00,14.1899995803833,14.25,13.399999618530272,13.5,487200,15.052333323160807,501133.3333333333,22.92123644777501,43.381323393957146,True,True
2001-10-04 20:00:00,13.470000267028809,13.770000457763672,12.920000076293944,13.56999969482422,170600,14.94466667175293,488516.6666666667,22.95766774494042,43.891820452544394,True,True
2001-10-07 20:00:00,12.949999809265137,13.399999618530272,12.739999771118164,13.020000457763672,444900,14.850666681925455,488313.3333333333,23.14164322987565,40.78055354084908,True,True
2001-10-08 20:00:00,12.920000076293944,13.359999656677246,12.600000381469728,12.68000030517578,566100,14.719000053405761,491753.3333333333,23.43203865502768,38.94281903002772,True,False
2001-10-09 20:00:00,12.6899995803833,14.0,12.68000030517578,13.989999771118164,1144200,14.630333391825358,507786.6666666667,22.796383053816363,48.561110408381516,True,False
2001-10-10 20:00:00,14.729999542236328,15.609999656677246,14.390000343322754,14.720000267028809,1615000,14.541000080108642,550460.0,21.868879007863065,53.00393714284068,False,False
2001-10-11 20:00:00,14.84000015258789,14.899999618530272,14.149999618530272,14.640000343322754,831400,14.417000071207683,567320.0,20.74881357225691,52.46909884504613,False,False
2001-10-14 20:00:00,15.039999961853027,15.5,14.720000267028809,15.239999771118164,745900,14.29066670735677,580233.3333333334,20.25546219728877,56.05096732330812,False,False
2001-10-15 20:00:00,15.5,15.949999809265137,15.100000381469728,15.890000343322754,524900,14.222000026702881,583836.6666666666,20.177823336218143,59.60264919479458,False,True
2001-10-16 20:00:00,15.609999656677246,16.0,14.010000228881836,14.100000381469728,642800,14.084000047047933,600276.6666666666,18.923628179730592,48.07955432699622,False,False
2001-10-17 20:00:00,13.5600004196167,14.609999656677246,13.5,14.489999771118164,478000,13.983666706085206,608416.6666666666,17.864238149614273,50.3326029439695,False,True
2001-10-18 20:00:00,14.5,15.050000190734863,13.920000076293944,14.989999771118164,334200,13.894000021616618,612683.3333333334,16.72183042678059,53.140130250217055,False,True
2001-10-21 20:00:00,14.550000190734863,15.699999809265137,14.5,15.699999809265137,298900,13.847666676839193,612446.6666666666,16.246437900966345,56.86850968838628,False,True
2001-10-22 20:00:00,15.68000030517578,16.149999618530273,15.09000015258789,15.649999618530272,825800,13.798333358764648,630746.6666666666,16.181563193524468,56.527414087732396,False,False
2001-10-23 20:00:00,15.68000030517578,16.0,14.850000381469728,15.84000015258789,449900,13.79066670735677,637666.6666666666,15.852980609687622,57.5689070356182,False,True
2001-10-24 20:00:00,14.699999809265137,16.399999618530273,13.3100004196167,16.239999771118164,2777100,13.797666676839192,722803.3333333334,15.357704734335405,59.75487397667821,False,False
2001-10-25 20:00:00,15.40999984741211,16.5,15.399999618530272,16.25,1611200,13.821000003814698,766613.3333333334,14.799116297149709,59.81061895296226,False,False
2001-10-29 20:00:00,15.850000381469728,16.290000915527344,15.279999732971191,15.279999732971191,610500,13.878666655222576,766490.0,14.386947833967495,52.25048688692464,False,True
2001-10-30 20:00:00,15.470000267028809,15.479999542236328,13.920000076293944,14.449999809265137,852400,13.953666655222575,770043.3333333334,15.072967299992353,46.799409577216515,False,False
2001-10-31 20:00:00,14.600000381469728,15.050000190734863,14.550000190734863,14.899999618530272,493800,14.091666634877523,757880.0,15.709985375586864,49.853962018677755,False,True
2001-11-01 20:00:00,15.1899995803833,15.1899995803833,14.449999809265137,14.710000038146973,425100,14.208999983469646,740756.6666666666,16.13094366745958,48.585541734546304,False,True
2001-11-02 20:00:00,14.649999618530272,14.979999542236328,14.25,14.25,187400,14.284999974568684,702270.0,16.682967633411316,45.563042980500704,True,True
2001-11-05 20:00:00,13.93000030517578,15.5,13.93000030517578,15.31999969482422,564600,14.390666643778482,695100.0,16.535894727989962,52.90255078999755,False,True
2001-11-06 20:00:00,15.359999656677246,15.600000381469728,14.65999984741211,15.199999809265137,807700,14.487333297729492,708876.6666666666,16.27481860384982,52.054900761987824,False,False
2001-11-07 20:00:00,15.09000015258789,15.720000267028809,14.56999969482422,14.579999923706056,665500,14.579999955495198,715633.3333333334,15.87698924298427,47.793933443587704,True,True
2001-11-08 20:00:00,14.619999885559082,14.850000381469728,14.0,14.100000381469728,482600,14.632999960581461,695110.0,16.07998108757898,44.74054703977077,True,True
2001-11-09 20:00:00,14.0600004196167,14.199999809265137,13.43000030517578,13.880000114440918,372000,14.640333302815755,687033.3333333334,16.780137152699005,43.372837438707165,True,True
2001-11-12 20:00:00,13.800000190734863,13.989999771118164,12.93000030517578,13.449999809265137,401100,14.631999969482422,686406.6666666666,17.83716315168287,40.750686006439516,True,True
2001-11-13 20:00:00,13.81999969482422,14.350000381469728,13.739999771118164,14.170000076293944,407100,14.629999987284343,690943.3333333334,18.290109635377615,46.57485806255199,True,True
2001-11-14 20:00:00,14.199999809265137,14.640000343322754,14.1899995803833,14.350000381469728,449100,14.638333320617676,688900.0,18.298072795415525,47.95231352962255,True,True
2001-11-15 20:00:00,14.329999923706056,14.720000267028809,14.199999809265137,14.479999542236328,196500,14.670999972025554,679210.0,18.190178242600613,48.975518112205954,True,True
2001-11-16 20:00:00,14.199999809265137,14.9399995803833,14.199999809265137,14.81999969482422,432700,14.71266663869222,687946.6666666666,17.766281606642284,51.652575243376866,False,True
2001-11-19 20:00:00,14.800000190734863,15.739999771118164,14.649999618530272,15.710000038146973,455100,14.802333291371664,688286.6666666666,16.67960430691362,57.88193224212619,False,True
2001-11-20 20:00:00,15.489999771118164,16.0,15.31999969482422,15.699999809265137,964400,14.902999941507975,701563.3333333334,15.977737282743126,57.79182892857722,False,False
2001-11-21 20:00:00,15.760000228881836,15.829999923706056,15.25,15.779999732971191,480700,14.962666606903076,679446.6666666666,15.22957362915938,58.350392960343655,False,True
2001-11-23 20:00:00,15.720000267028809,16.15999984741211,15.630000114440918,16.149999618530273,99400,15.010333251953124,628926.6666666666,14.941707032570227,60.92589652176681,False,True
2001-11-26 20:00:00,16.059999465942383,16.34000015258789,15.270000457763672,16.190000534057617,911200,15.06199992497762,631586.6666666666,14.14912748658037,61.20520092251274,False,False
2001-11-27 20:00:00,18.170000076293945,19.479999542236328,17.450000762939453,18.989999771118164,5640200,15.18699992497762,794730.0,16.044831414121028,74.78961475741293,False,False
2001-11-28 20:00:00,18.90999984741211,18.920000076293945,18.26000022888184,18.350000381469727,1716400,15.268999926249187,834446.6666666666,17.805127918265924,68.8547901884195,False,False
2001-11-29 20:00:00,18.309999465942383,19.75,18.299999237060547,19.11000061035156,1674300,15.43599993387858,868830.0,19.88501866943269,71.72424653881089,False,False
2001-11-30 20:00:00,19.1299991607666,19.450000762939453,18.850000381469727,19.020000457763672,688400,15.586999956766764,875843.3333333334,21.816345795516117,70.89130306998555,False,True
2001-12-03 20:00:00,18.899999618530277,19.540000915527344,18.38999938964844,18.780000686645508,846300,15.713333320617675,892913.3333333334,22.94552928765376,68.60334995379534,False,True
2001-12-04 20:00:00,18.84000015258789,19.770000457763672,18.799999237060547,19.770000457763672,723900,15.84900000890096,907080.0,24.14088598453475,72.54029203564824,False,True
2001-12-05 20:00:00,19.940000534057617,20.75,19.56999969482422,20.6200008392334,1284600,16.014666716257732,922373.3333333334,25.81681719973614,75.39326946962277,False,False
2001-12-06 20:00:00,20.440000534057617,21.020000457763672,20.149999618530277,20.549999237060547,1218500,16.171666685740153,947993.3333333334,27.513431343123717,74.70489457588403,False,False
2001-12-07 20:00:00,20.13999938964844,20.51000022888184,19.850000381469727,20.01000022888184,922300,16.29733336766561,886166.6666666666,28.629915864950558,69.43794714562168,False,False
2001-12-10 20:00:00,19.899999618530277,20.200000762939453,18.979999542236328,19.0,528800,16.389000034332277,850086.6666666666,28.457170803817824,60.80320118979709,False,True
2001-12-11 20:00:00,19.049999237060547,19.420000076293945,18.600000381469727,19.13999938964844,734600,16.51766668955485,854223.3333333334,27.82158801177903,61.51754101044601,False,True
2001-12-12 20:00:00,19.15999984741211,19.3799991607666,18.709999084472656,19.209999084472656,463500,16.676333332061766,841260.0,27.23140399060015,61.89150582010843,False,True
2001-12-13 20:00:00,18.950000762939453,20.200000762939453,18.84000015258789,19.32999992370605,619600,16.82400000890096,845453.3333333334,27.35298643115897,62.56315119284865,False,True
2001-12-14 20:00:00,19.540000915527344,19.700000762939453,18.899999618530277,19.040000915527344,581500,16.968333371480306,850666.6666666666,27.46588441167788,59.81932462644971,False,True
2001-12-17 20:00:00,19.299999237060547,19.799999237060547,18.989999771118164,19.670000076293945,724300,17.149000040690105,868563.3333333334,27.653029192649505,63.55839531586024,False,True
2001-12-18 20:00:00,19.68000030517578,20.0,19.3799991607666,19.989999771118164,581300,17.3046667098999,869120.0,27.99533428069963,65.32352130627673,False,True
2001-12-19 20:00:00,19.93000030517578,20.100000381469727,19.59000015258789,19.61000061035156,567800,17.451666736602782,861123.3333333334,28.39930744818867,61.513177736054416,False,True
2001-12-20 20:00:00,19.799999237060547,19.799999237060547,18.84000015258789,18.959999084472656,323100,17.597666708628335,849710.0,27.571678557710975,55.544823863756335,False,True
2001-12-21 20:00:00,18.57999992370605,21.21999931335449,18.57999992370605,21.21999931335449,1307400,17.835000006357827,877203.3333333334,28.017605243718968,67.39148995984331,False,False
2001-12-24 20:00:00,21.489999771118164,21.850000381469727,20.530000686645508,20.670000076293945,531200,18.061333338419598,882510.0,28.852263605772773,62.992045769068774,False,True
2001-12-26 20:00:00,20.75,21.06999969482422,19.850000381469727,20.200000762939453,813000,18.28633337020874,896240.0,28.69209072587861,59.42210813147525,False,True
2001-12-27 20:00:00,20.1299991607666,20.309999465942383,19.270000457763672,19.82999992370605,504900,18.475000031789143,899500.0,27.826536172234917,56.697949231404635,False,True
2001-12-28 20:00:00,19.989999771118164,20.43000030517578,19.8700008392334,20.239999771118164,393500,18.671333344777427,897646.6666666666,27.12622154638091,58.94403489564319,False,True
2001-12-31 20:00:00,20.26000022888184,20.84000015258789,19.43000030517578,19.440000534057617,528200,18.836666711171468,908703.3333333334,25.935282674384418,53.1508351241009,False,True
2002-01-02 20:00:00,19.420000076293945,19.489999771118164,18.790000915527344,19.399999618530277,622600,18.989333375295004,915033.3333333334,24.10919102509131,52.87102628720823,False,True
2002-01-03 20:00:00,19.299999237060547,19.959999084472656,19.049999237060547,19.46999931335449,347100,19.114666684468588,911433.3333333334,22.892721742752304,53.334006835796245,False,True
2002-01-04 20:00:00,19.479999542236328,20.100000381469727,18.799999237060547,19.690000534057617,705800,19.247666708628337,902813.3333333334,21.479083958061373,54.8357082643981,False,True
2002-01-07 20:00:00,19.700000762939453,20.450000762939453,18.61000061035156,18.649999618530277,754800,19.343333371480306,911950.0,20.533426343298945,47.11685646234359,True,True
2002-01-08 20:00:00,18.61000061035156,19.100000381469727,17.75,18.270000457763672,1384000,19.41400006612142,954770.0,19.4295293701542,44.64406994205711,True,False
2002-01-09 20:00:00,18.200000762939453,18.75,17.700000762939453,17.700000762939453,1018900,19.464333407084148,958360.0,18.456317665863004,41.15500061656158,True,False
2002-01-10 20:00:00,17.899999618530273,18.07999992370605,17.549999237060547,17.709999084472656,1142300,19.4216667175293,808430.0,17.714807345305672,41.241747094802456,True,False
2002-01-11 20:00:00,17.690000534057617,18.200000762939453,17.690000534057617,17.700000762939453,868700,19.400000063578286,780173.3333333334,16.869205307261545,41.176377602673284,True,False
2002-01-14 20:00:00,17.549999237060547,17.639999389648438,16.649999618530273,16.700000762939453,565100,19.319666735331218,743200.0,17.156900480721212,35.17170819597867,True,True
2002-01-15 20:00:00,16.81999969482422,16.8799991607666,16.190000534057617,16.68000030517578,355500,19.241666730244955,732103.3333333334,17.823201947645476,35.0615803687895,True,True
2002-01-16 20:00:00,16.540000915527344,16.959999084472656,15.880000114440918,16.059999465942383,684500,19.151000022888184,726710.0,18.698004855411487,31.74344090569074,True,True
2002-01-17 20:00:00,16.06999969482422,16.549999237060547,15.399999618530272,16.010000228881836,1214600,19.025666681925454,743066.6666666666,19.885981013720716,31.484668444875712,True,False
2002-01-18 20:00:00,15.850000381469728,16.3799991607666,14.9399995803833,14.9399995803833,1439000,18.836333306630454,748213.3333333334,21.321818232997817,26.50503106036434,True,False
2002-01-22 20:00:00,15.600000381469728,15.609999656677246,14.779999732971191,14.800000190734863,707800,18.64466667175293,731190.0,22.767710038365944,25.92722588086079,True,True
2002-01-23 20:00:00,14.81999969482422,15.890000343322754,14.760000228881836,15.800000190734863,638900,18.50433333714803,721743.3333333334,23.63329527858709,36.564786753258524,True,True
2002-01-24 20:00:00,16.170000076293945,16.170000076293945,15.40999984741211,15.579999923706056,1117100,18.3903333346049,741353.3333333334,23.971232604033226,35.361626242668976,True,False
2002-01-25 20:00:00,15.550000190734863,15.600000381469728,15.18000030517578,15.18000030517578,272500,18.25833336512248,725950.0,24.494899661283096,33.22121562350019,True,True
2002-01-28 20:00:00,15.229999542236328,15.59000015258789,14.3100004196167,14.970000267028809,618800,18.11700007120768,731126.6666666666,25.68364310245488,32.12192894676876,True,True
2002-01-29 20:00:00,15.06999969482422,15.210000038146973,14.34000015258789,14.5,577300,17.956000073750815,729716.6666666666,26.78747629782868,29.74927072757763,True,True
2002-01-30 20:00:00,14.609999656677246,15.140000343322754,13.649999618530272,14.960000038146973,532900,17.820000044504802,728096.6666666666,28.30169085286524,34.82348873333188,True,True
2002-01-31 20:00:00,15.3100004196167,15.399999618530272,14.539999961853027,14.75,477300,17.65600004196167,719863.3333333334,29.23113808552866,33.62927521835259,True,True
2002-02-01 20:00:00,14.649999618530272,15.390000343322754,14.649999618530272,14.949999809265137,423000,17.488000043233235,714586.6666666666,30.09419623014469,35.88438860493491,True,True
2002-02-04 20:00:00,14.920000076293944,14.949999809265137,13.779999732971191,13.800000190734863,380600,17.294333362579344,708346.6666666666,31.519861862486255,29.646732165557527,True,True
2002-02-05 20:00:00,13.850000381469728,14.449999809265137,13.75,14.06999969482422,405500,17.1313333829244,711093.3333333334,32.863315162344335,32.608630419683,True,True
2002-02-06 20:00:00,14.100000381469728,14.359999656677246,13.06999969482422,13.460000038146973,388600,16.87266674041748,680466.6666666666,34.53075160177231,29.578803811511577,True,True
2002-02-07 20:00:00,13.529999732971191,13.800000190734863,12.779999732971191,13.420000076293944,354500,16.631000073750815,674576.6666666666,36.24036024381132,29.385989085499737,True,True
2002-02-08 20:00:00,13.449999809265137,14.25,13.270000457763672,14.220000267028809,312700,16.431666723887126,657900.0,36.92999855805865,38.07974645549451,True,True
2002-02-11 20:00:00,14.109999656677246,14.600000381469728,14.029999732971191,14.229999542236328,278500,16.245000044504803,650353.3333333334,36.921118972315206,38.18219206493635,True,True
2002-02-12 20:00:00,14.100000381469728,15.25,13.770000457763672,15.25,463600,16.078666718800864,652690.0,35.83016982355192,47.68965678300022,True,True
2002-02-13 20:00:00,15.170000076293944,15.300000190734863,14.81999969482422,14.979999542236328,697000,15.930000019073486,658316.6666666666,34.73811686594829,45.686619808712415,True,False
2002-02-14 20:00:00,13.699999809265137,13.710000038146973,11.699999809265137,11.90999984741211,3392800,15.680333360036213,750656.6666666666,35.87705901607557,30.16996518793342,True,False
2002-02-15 20:00:00,11.68000030517578,12.119999885559082,11.68000030517578,12.0,1426000,15.431333382924398,786620.0,36.94384860449617,30.91077881084372,True,False
2002-02-19 20:00:00,11.699999809265137,11.720000267028809,10.869999885559082,10.949999809265137,848200,15.140000025431315,791366.6666666666,38.29374998345884,27.275259851249462,True,False
2002-02-20 20:00:00,11.119999885559082,11.619999885559082,11.050000190734863,11.5600004196167,1585700,14.903666718800862,819063.3333333334,39.547229835352745,32.25983653552834,True,False
2002-02-21 20:00:00,11.550000190734863,11.729999542236328,11.25,11.4399995803833,1071900,14.676000022888184,808660.0,40.53472031338027,31.798108665123127,True,False
2002-02-22 20:00:00,11.25,11.68000030517578,11.170000076293944,11.68000030517578,1007600,14.475333340962727,808283.3333333334,41.49251883718217,33.83771966641932,True,False
2002-02-25 20:00:00,11.600000381469728,11.890000343322754,10.850000381469728,10.920000076293944,2005100,14.249000040690104,837043.3333333334,42.5469655037277,30.70614954184734,True,False
2002-02-26 20:00:00,10.920000076293944,11.619999885559082,10.899999618530272,11.609999656677246,1043400,14.046000003814697,842866.6666666666,43.526094551234266,36.45598591439455,True,False
2002-02-27 20:00:00,11.75,11.899999618530272,11.0,11.0600004196167,529000,13.857999992370605,841663.3333333334,43.89452785597836,34.03191602994383,True,True
2002-02-28 20:00:00,11.119999885559082,11.329999923706056,10.81999969482422,10.989999771118164,586900,13.668333307902019,849376.6666666666,44.35560230237968,33.72455614101556,True,True
2002-03-01 20:00:00,10.949999809265137,11.4399995803833,10.449999809265137,11.4399995803833,890400,13.514333311716715,856240.0,45.021452342024915,37.62459655078424,True,False
2002-03-04 20:00:00,11.40999984741211,12.0,11.25,11.6899995803833,877400,13.370333290100097,845000.0,44.55861732196199,39.74595959418579,True,False
2002-03-05 20:00:00,11.6899995803833,11.75,11.260000228881836,11.289999961853027,481600,13.248666636149089,813086.6666666666,44.12884194618927,37.54573749601657,True,True
2002-03-06 20:00:00,11.40999984741211,12.0,11.34000015258789,11.800000190734863,1210100,13.14866663614909,829830.0,43.24962571503475,41.957528299706794,True,False
2002-03-07 20:00:00,11.869999885559082,11.90999984741211,11.289999961853027,11.300000190734863,948600,12.998666636149089,840153.3333333334,42.48357762183725,39.04542174651988,True,False
2002-03-08 20:00:00,11.640000343322754,12.289999961853027,11.630000114440918,12.289999961853027,1880100,12.888999970753988,865586.6666666666,41.03350381152613,46.90344773063557,True,False
2002-03-11 20:00:00,12.5,13.100000381469728,12.350000381469728,12.770000457763672,1392000,12.808666642506918,902903.3333333334,38.36106847775536,50.25212243768165,True,False
2002-03-12 20:00:00,12.710000038146973,13.100000381469728,12.229999542236328,12.479999542236328,888300,12.725666618347168,911886.6666666666,36.042445680803645,48.27133305838605,True,True
2002-03-13 20:00:00,12.489999771118164,12.899999618530272,12.359999656677246,12.479999542236328,630700,12.658333269755046,913666.6666666666,33.88943879791991,48.27133305838606,True,True
2002-03-14 20:00:00,12.399999618530272,12.65999984741211,12.0600004196167,12.18000030517578,556600,12.56566661198934,914456.6666666666,32.32180435306795,46.09163589034262,True,True
2002-03-15 20:00:00,11.829999923706056,12.399999618530272,11.75,12.399999618530272,729500,12.487333265940348,922863.3333333334,31.285611378816707,47.94786373874863,True,True
2002-03-18 20:00:00,12.399999618530272,12.920000076293944,12.050000190734863,12.850000381469728,584500,12.417333285013834,928246.6666666666,29.418620139286343,51.617633721731735,False,True
2002-03-19 20:00:00,13.15999984741211,13.239999771118164,12.75,12.779999732971191,567600,12.383333269755045,934480.0,27.449163225495788,51.015112111438,False,True
2002-03-20 20:00:00,12.829999923706056,12.84000015258789,11.949999809265137,11.970000267028809,407200,12.313333288828533,934536.6666666666,26.461532406736957,44.53681261956473,True,True
2002-03-21 20:00:00,12.050000190734863,12.949999809265137,11.600000381469728,12.869999885559082,476200,12.293666617075603,937456.6666666666,25.95647199285896,51.852837151396336,False,True
2002-03-22 20:00:00,12.75,12.93000030517578,12.25,12.25,419600,12.254666614532471,939626.6666666666,25.487487322829395,47.23083716614776,True,True
2002-03-25 20:00:00,12.260000228881836,12.260000228881836,11.75,11.890000343322754,496400,12.176999950408936,945750.0,25.625596578752244,44.73726464705692,True,True
2002-03-26 20:00:00,11.8100004196167,12.220000267028809,11.25,11.600000381469728,607800,12.089333311716716,956726.6666666666,26.256133616215525,42.77798157526067,True,True
2002-03-27 20:00:00,11.539999961853027,11.800000190734863,11.3100004196167,11.399999618530272,375700,11.960999965667725,953796.6666666666,26.84163229386,41.43036929784357,True,True
2002-03-28 20:00:00,11.489999771118164,12.029999732971191,11.43000030517578,11.899999618530272,845500,11.858333301544189,958746.6666666666,26.913294667315263,46.009519583773375,False,True
2002-04-01 20:00:00,11.920000076293944,11.979999542236328,11.0600004196167,11.890000343322754,507000,11.857666651407877,862553.3333333334,27.384248782306276,45.93217807288907,False,True
2002-04-02 20:00:00,11.75,11.890000343322754,10.859999656677246,10.90999984741211,593300,11.821333312988282,834796.6666666666,28.029031148762463,39.010804136146795,True,True
2002-04-03 20:00:00,11.039999961853027,11.18000030517578,10.649999618530272,10.859999656677246,426800,11.818333307902018,820750.0,28.841547474809026,38.69046553290684,True,True
2002-04-04 20:00:00,10.520000457763672,10.859999656677246,10.380000114440918,10.399999618530272,393300,11.779666614532468,781003.3333333334,29.860850698448303,35.77954667985449,True,True
2002-04-05 20:00:00,10.649999618530272,10.960000038146973,9.779999732971191,9.979999542236328,749700,11.730999946594237,770263.3333333334,31.32634326177189,33.31497306325778,True,True
2002-04-07 20:00:00,9.970000267028809,10.300000190734863,9.609999656677246,10.25,860800,11.683333269755044,765370.0,32.820110518434895,36.35028439493004,True,False
2002-04-08 20:00:00,10.260000228881836,10.84000015258789,9.760000228881836,9.81999969482422,641700,11.646666590372721,719923.3333333334,32.97053294055316,33.71804016320734,True,True
2002-04-09 20:00:00,9.899999618530272,10.449999809265137,9.829999923706056,10.4399995803833,387500,11.60766658782959,698060.0,33.1102109039487,40.41756700968415,True,True
2002-04-10 20:00:00,10.34000015258789,10.649999618530272,9.68000030517578,9.850000381469728,593900,11.56733325322469,700223.3333333334,32.79105513227708,36.623910541933036,True,True
2002-04-11 20:00:00,10.029999732971191,10.289999961853027,9.829999923706056,10.229999542236328,470800,11.541999912261963,696353.3333333334,32.49469620143915,40.49771233753734,True,True
2002-04-14 20:00:00,10.149999618530272,10.3100004196167,9.710000038146973,10.149999618530272,634900,11.49899991353353,687836.6666666666,32.379507062010845,39.944162287598104,True,True
2002-04-15 20:00:00,10.199999809265137,10.720000267028809,10.199999809265137,10.510000228881836,374700,11.459666601816814,671080.0,31.30454081516786,43.67515786230294,True,True
2002-04-16 20:00:00,10.800000190734863,10.899999618530272,10.0,10.0600004196167,496100,11.418666617075603,671563.3333333334,30.61098803307244,40.30448462489608,True,True
2002-04-17 20:00:00,10.039999961853027,10.25,9.609999656677246,10.050000190734863,1116400,11.36033328374227,668440.0,30.514391817807994,40.230179898763545,True,False
2002-04-18 20:00:00,9.699999809265137,10.0,9.359999656677246,9.359999656677246,951600,11.295666599273682,668540.0,30.744104751067663,35.383071170073045,True,False
2002-04-21 20:00:00,9.359999656677246,9.449999809265137,8.800000190734863,9.239999771118164,674400,11.193999926249186,628350.0,31.583713145534947,34.60225064101063,True,False
2002-04-22 20:00:00,9.260000228881836,9.350000381469728,9.119999885559082,9.289999961853027,261500,11.077999909718832,590666.6666666666,32.363349511826,35.243481919606126,True,True
2002-04-23 20:00:00,9.399999618530272,9.399999618530272,9.0,9.149999618530272,397900,10.966999912261961,574320.0,33.21805318838399,34.23139317769829,True,True
2002-04-24 20:00:00,9.1899995803833,9.199999809265137,8.25,8.270000457763672,841600,10.826666609446205,581350.0,34.713415481395806,28.660107361338277,True,False
2002-04-25 20:00:00,8.229999542236328,8.5,7.829999923706055,8.09000015258789,677800,10.69033327102661,585390.0,36.41695224869683,27.668164006316264,True,False
2002-04-28 20:00:00,7.989999771118164,8.039999961853027,7.590000152587891,7.800000190734863,257000,10.536999956766765,569640.0,38.164210481410365,26.100791856720136,True,True
2002-04-29 20:00:00,7.809999942779541,8.229999542236328,7.75,8.210000038146973,617900,10.382333278656004,570753.3333333334,39.264070542609225,31.968546822905264,True,False
2002-04-30 20:00:00,8.050000190734863,8.350000381469727,7.699999809265137,8.010000228881836,668400,10.22333329518636,574113.3333333334,39.956262310159964,30.688464462178345,True,False
2002-05-01 20:00:00,8.069999694824219,8.630000114440918,7.820000171661377,8.319999694824219,764400,10.101666609446205,586020.0,39.85308343986552,35.03094251220335,True,False
2002-05-02 20:00:00,8.350000381469727,8.489999771118164,7.849999904632568,8.229999542236328,586100,9.946999931335448,589683.3333333334,39.75727448887783,34.35792552068896,True,True
2002-05-05 20:00:00,8.25,8.270000457763672,7.639999866485596,7.889999866485596,553300,9.801666593551634,594140.0,39.92074888846937,31.86713519624514,True,True
2002-05-06 20:00:00,7.849999904632568,7.889999866485596,7.25,7.539999961853027,1083200,9.656666580835976,613700.0,40.49934491678658,29.496550013834756,True,False
2002-05-07 20:00:00,7.550000190734863,8.1899995803833,7.539999961853027,8.020000457763672,798500,9.537333250045775,620056.6666666666,40.20463888629324,36.47582079363955,True,False
2002-05-08 20:00:00,7.949999809265137,7.960000038146973,7.25,7.25,398600,9.398999929428099,620820.0,40.27508911825474,31.148898585273265,True,True
2002-05-09 20:00:00,7.46999979019165,7.619999885559082,7.150000095367432,7.510000228881836,549800,9.25266661643982,610963.3333333334,40.45538648627778,34.62088296449674,True,True
2002-05-12 20:00:00,7.5,7.960000038146973,7.460000038146973,7.760000228881836,576100,9.114999945958456,613266.6666666666,39.69439217967436,37.86540909031814,True,True
2002-05-13 20:00:00,7.800000190734863,8.270000457763672,7.760000228881836,8.15999984741211,557400,9.023333279291789,612070.0,38.2271028880322,42.75999690825711,True,True
2002-05-14 20:00:00,8.029999732971191,8.199999809265137,7.75,8.020000457763672,374400,8.928666639328004,610323.3333333334,36.8810322952126,41.52699310574529,True,True
2002-05-15 20:00:00,8.029999732971191,8.029999732971191,7.550000190734863,7.849999904632568,291700,8.843666648864746,606936.6666666666,35.963261107706664,40.017987441653766,True,True
2002-05-16 20:00:00,7.929999828338623,8.220000267028809,7.900000095367432,8.010000228881836,839700,8.778000005086263,609936.6666666666,34.61736185909452,42.14871823124787,True,False
2002-05-19 20:00:00,8.050000190734863,8.140000343322754,7.900000095367432,8.0,486000,8.703000005086263,597443.3333333334,33.367598271097535,42.04818063023802,True,True
2002-05-20 20:00:00,8.010000228881836,8.109999656677246,7.420000076293945,7.5,379400,8.625666681925455,588700.0,33.037979985839705,37.262332329170555,True,True
2002-05-21 20:00:00,7.550000190734863,7.829999923706055,7.25,7.670000076293945,253800,8.533333365122477,584243.3333333334,32.990490145321694,39.7723203365922,True,True
2002-05-22 20:00:00,7.690000057220459,8.40999984741211,7.25,8.329999923706055,378700,8.48266668319702,577070.0,31.45888094631396,48.40303631273659,True,True
2002-05-23 20:00:00,8.380000114440918,8.390000343322754,7.599999904632568,7.710000038146973,331500,8.398666699727377,572426.6666666666,30.036672404378205,42.27444002018449,True,True
2002-05-27 20:00:00,7.739999771118164,7.880000114440918,7.25,7.730000019073486,367100,8.31800004641215,563500.0,29.34268506949081,42.52723772973865,True,True
2002-05-28 20:00:00,7.670000076293945,7.730000019073486,7.300000190734863,7.409999847412109,237000,8.214666700363159,558910.0,28.69826825852394,39.54334186405306,True,True
2002-05-29 20:00:00,7.269999980926514,7.619999885559082,7.25,7.599999904632568,362400,8.132666683197021,554453.3333333334,28.191893523546952,42.139246743754015,True,True
2002-05-30 20:00:00,7.599999904632568,7.699999809265137,7.230000019073486,7.340000152587891,223000,8.042333348592122,524673.3333333334,27.486271873086277,39.63147090132408,True,True
2002-06-02 20:00:00,7.300000190734863,7.449999809265137,6.300000190734863,6.340000152587891,535300,7.94166669845581,510796.6666666667,28.309223558654264,31.794247210910065,True,False
2002-06-03 20:00:00,6.300000190734863,6.920000076293945,6.079999923706055,6.659999847412109,449600,7.855666700998942,503303.3333333333,29.33751946254244,36.145814171239756,True,True
2002-06-04 20:00:00,6.510000228881836,6.96999979019165,6.510000228881836,6.760000228881836,477500,7.771333376566569,510503.3333333333,30.143323714387233,37.488036866025794,True,True
2002-06-05 20:00:00,6.699999809265137,6.730000019073486,6.079999923706055,6.099999904632568,522300,7.669666719436646,514650.0,31.39744968342793,32.615194579166854,True,False
2002-06-06 20:00:00,6.079999923706055,6.550000190734863,6.0,6.300000190734863,428300,7.604000043869019,500873.3333333333,32.64917983726416,35.357276673760985,True,True
2002-06-09 20:00:00,6.300000190734863,6.760000228881836,5.800000190734863,6.25,332500,7.542666705449422,489363.3333333333,33.15312785603389,34.974107255793605,True,True
2002-06-10 20:00:00,6.329999923706055,6.460000038146973,5.900000095367432,5.949999809265137,578200,7.481000026067098,500070.0,33.62107958774864,32.68535004309274,True,False
2002-06-11 20:00:00,6.0,6.349999904632568,5.809999942779541,6.25,468900,7.4156666914621985,495103.3333333333,34.184144767406615,37.117053143825856,True,True
2002-06-12 20:00:00,6.28000020980835,6.510000228881836,5.849999904632568,5.889999866485596,439500,7.345000012715658,487473.3333333333,34.160671381352756,34.206747127159346,True,True
2002-06-13 20:00:00,5.900000095367432,6.659999847412109,5.809999942779541,6.639999866485596,1048100,7.2890000184377035,496930.0,33.64411688897619,44.04941990298609,True,False
2002-06-16 20:00:00,6.900000095367432,7.230000019073486,6.75,6.989999771118164,334000,7.247666692733764,488526.6666666667,31.580047385449173,47.961835686721024,True,True
2002-06-17 20:00:00,6.949999809265137,7.449999809265137,6.929999828338623,7.110000133514404,603100,7.221666701634725,490186.6666666667,29.49192157096491,49.2715933412927,True,False
2002-06-18 20:00:00,7.070000171661377,7.360000133514404,6.769999980926514,6.809999942779541,347200,7.197333367665609,465653.3333333333,27.58597393182122,46.1446906070914,True,True
2002-06-19 20:00:00,6.760000228881836,6.96999979019165,6.599999904632568,6.710000038146973,315700,7.153666687011719,449560.0,26.194460469701518,45.11686503464801,True,True
2002-06-20 20:00:00,7.03000020980835,7.059999942779541,6.71999979019165,6.889999866485596,514200,7.1416666825612385,453413.3333333333,24.669671248728495,47.388484998305096,True,False
2002-06-23 20:00:00,6.71999979019165,7.03000020980835,6.28000020980835,6.630000114440918,781200,7.112333345413208,461126.6666666667,24.184388933213288,44.521954828485846,True,False
2002-06-24 20:00:00,6.550000190734863,6.769999980926514,6.289999961853027,6.349999904632568,438800,7.065333334604899,456550.0,23.73376964023488,41.603307268312776,True,True
2002-06-25 20:00:00,6.25,6.659999847412109,5.940000057220459,6.599999904632568,440100,7.013333336512248,452640.0,23.973201831568726,45.06600775210629,True,True
2002-06-26 20:00:00,6.639999866485596,7.239999771118164,6.559999942779541,7.239999771118164,492900,6.987333313624064,456590.0,22.68171230229754,52.78455124537286,False,False
2002-06-27 20:00:00,7.050000190734863,7.570000171661377,6.820000171661377,7.269999980926514,1162100,6.967999982833862,485603.3333333333,21.341936025060942,53.11708663954505,False,False
2002-06-30 20:00:00,7.150000095367432,7.199999809265137,6.0,6.179999828338623,583800,6.906999969482422,477073.3333333333,21.012712200623373,41.64166210211974,True,False
2002-07-01 20:00:00,6.230000019073486,6.25,5.590000152587891,6.050000190734863,513300,6.841999975840251,477983.3333333333,21.282048819854822,40.517377888401064,True,False
2002-07-02 20:00:00,5.949999809265137,6.039999961853027,5.420000076293945,5.940000057220459,422300,6.789999977747599,479413.3333333333,21.75449605146552,39.54447471069163,True,True
2002-07-04 20:00:00,5.980000019073486,6.25,5.96999979019165,6.239999771118164,135400,6.742333300908407,475466.6666666667,21.716481889236782,43.527196325527385,True,True
2002-07-07 20:00:00,6.239999771118164,6.239999771118164,5.809999942779541,5.829999923706055,221900,6.658999967575073,470240.0,21.912219809770477,39.67984814386683,True,True
2002-07-08 20:00:00,5.849999904632568,6.150000095367432,5.599999904632568,5.900000095367432,256200,6.598666636149089,467730.0,22.389953176749685,40.644480884018705,True,True
2002-07-09 20:00:00,6.039999961853027,6.039999961853027,5.28000020980835,5.5,434500,6.524333302179972,469976.6666666667,23.254716518905617,37.002968348918394,True,True
2002-07-10 20:00:00,5.559999942779541,5.800000190734863,5.420000076293945,5.800000190734863,623200,6.4706666469573975,482850.0,24.057711050907553,41.254094108642555,True,False
2002-07-11 20:00:00,5.829999923706055,6.050000190734863,5.510000228881836,5.980000019073486,368100,6.416666650772095,483040.0,24.134574059787404,43.70858419123378,True,True
2002-07-14 20:00:00,6.070000171661377,6.579999923706055,5.619999885559082,6.579999923706055,370000,6.391333309809367,487940.0,22.980189018028998,51.05029875578436,False,True
2002-07-15 20:00:00,6.320000171661377,7.03000020980835,6.090000152587891,6.690000057220459,427100,6.402999973297119,484333.3333333333,21.62856952881523,52.27912488486488,False,True
2002-07-16 20:00:00,6.739999771118164,7.0,6.210000038146973,6.369999885559082,513400,6.393333307902018,486460.0,20.37349428883102,48.46731659825787,True,False
2002-07-17 20:00:00,6.46999979019165,6.5,6.03000020980835,6.050000190734863,363900,6.369666639963786,482673.3333333333,18.993732030896645,44.93867883802274,True,True
2002-07-18 20:00:00,6.0,6.25,5.710000038146973,5.820000171661377,305800,6.360333315531412,475456.6666666667,18.320352038715917,42.541325173886065,True,True
2002-07-21 20:00:00,5.889999866485596,6.699999809265137,5.710000038146973,6.139999866485596,466100,6.354999971389771,476716.6666666667,17.230313318707836,46.79415066592886,True,True
2002-07-22 20:00:00,6.170000076293945,6.429999828338623,5.599999904632568,5.849999904632568,544800,6.341666634877523,483793.3333333333,16.00139210532293,43.64164328495131,True,False
2002-07-23 20:00:00,5.800000190734863,6.099999904632568,5.300000190734863,6.0,944400,6.343333307902018,496000.0,15.42528591632175,45.680101305357546,True,False
2002-07-24 20:00:00,6.039999961853027,6.349999904632568,5.5,5.710000038146973,917800,6.325333309173584,510963.3333333333,14.376342269078805,42.480991245590985,True,False
2002-07-25 20:00:00,5.789999961853027,5.789999961853027,5.199999809265137,5.75,488000,6.320666646957397,512580.0,13.964710129233845,43.073187032695955,True,True
2002-07-28 20:00:00,5.760000228881836,6.039999961853027,5.75,5.949999809265137,560900,6.2976666450500485,496340.0,13.066915209969732,46.06333511712614,True,False
2002-07-29 20:00:00,5.949999809265137,6.150000095367432,5.650000095367432,6.119999885559082,726500,6.2686666488647464,509423.3333333333,12.254981315002754,48.537729861936825,True,False
2002-07-30 20:00:00,6.019999980926514,6.369999885559082,5.760000228881836,6.190000057220459,531100,6.237999979654948,507023.3333333333,11.934238510289232,49.56376498485791,True,False
2002-07-31 20:00:00,5.96999979019165,6.099999904632568,5.75,5.840000152587891,364800,6.205666653315226,507610.0,11.61322828956295,44.75865013848868,True,True
2002-08-01 20:00:00,5.849999904632568,6.139999866485596,5.75,5.849999904632568,300800,6.17699998219808,507113.3333333333,11.399802477269432,44.92294205855612,True,True
2002-08-04 20:00:00,5.75,6.039999961853027,5.599999904632568,5.670000076293945,286200,6.136333322525024,499513.3333333333,10.820132612290891,42.4741912942369,True,True
2002-08-05 20:00:00,5.650000095367432,6.25,5.650000095367432,6.239999771118164,425400,6.123333311080932,487653.3333333333,10.758631409385009,51.49157907965469,False,True
2002-08-06 20:00:00,6.25,6.5,5.550000190734863,5.579999923706055,1056000,6.097666645050049,508226.6666666667,11.224318551548214,43.07238000078046,True,False
2002-08-07 20:00:00,5.800000190734863,6.210000038146973,5.650000095367432,6.099999904632568,1356700,6.080999978383383,538780.0,11.656742326414047,50.007915375768874,False,False
2002-08-08 20:00:00,6.0,6.21999979019165,5.75,6.179999828338623,512400,6.045666646957398,539430.0,12.08047576261511,50.99703819768443,False,True
2002-08-11 20:00:00,6.159999847412109,6.559999942779541,5.760000228881836,6.380000114440918,371300,6.015999984741211,513070.0,13.185750810485944,53.475360145805105,False,True
2002-08-12 20:00:00,6.230000019073486,6.369999885559082,5.690000057220459,5.769999980926514,284700,6.002333323160808,503100.0,13.97418153644345,45.85754860314288,True,True
2002-08-13 20:00:00,5.699999809265137,6.420000076293945,5.5,6.420000076293945,346000,6.014666652679443,497523.3333333333,14.077089163710397,53.46477735857861,False,True
2002-08-14 20:00:00,6.389999866485596,6.690000057220459,6.119999885559082,6.269999980926514,334000,6.025666650136312,494580.0,14.764117269725924,51.660874638051816,False,True
2002-08-15 20:00:00,6.25,6.849999904632568,6.199999809265137,6.670000076293945,360300,6.039999993642171,502076.6666666667,15.722559728110024,55.930920801458406,False,True
2002-08-18 20:00:00,6.789999961853027,6.800000190734863,6.25,6.260000228881836,302200,6.054333337148031,504753.3333333333,16.61254201089526,50.961724207098605,False,True
2002-08-19 20:00:00,6.550000190734863,6.840000152587891,6.159999847412109,6.53000020980835,442200,6.075333340962728,510953.3333333333,17.10070686605255,53.86840538502772,False,True
2002-08-20 20:00:00,6.639999866485596,6.980000019073486,6.53000020980835,6.960000038146973,282400,6.1240000089009605,505883.3333333333,17.872686458088026,58.12539118626544,False,True
2002-08-21 20:00:00,6.980000019073486,7.46999979019165,6.860000133514404,7.130000114440918,325700,6.168333339691162,495966.6666666667,19.516974866489505,59.708401518626474,False,True
2002-08-22 20:00:00,7.230000019073486,7.230000019073486,6.599999904632568,6.619999885559082,283200,6.189666668574016,493136.6666666667,20.10471061621029,53.209658067930754,False,True
2002-08-25 20:00:00,6.670000076293945,6.949999809265137,6.260000228881836,6.949999809265137,264100,6.201999998092651,489606.6666666667,19.590631956288615,56.508252756900504,False,True
2002-08-26 20:00:00,6.940000057220459,6.980000019073486,6.289999961853027,6.300000190734863,383100,6.189000002543131,488140.0,19.181183608836054,49.15728422385469,False,True
2002-08-27 20:00:00,6.269999980926514,6.400000095367432,6.03000020980835,6.070000171661377,354800,6.179000012079874,482853.3333333333,18.048982301819784,46.83557414471867,True,True
2002-08-28 20:00:00,6.03000020980835,6.760000228881836,6.03000020980835,6.75,580100,6.20233333905538,490060.0,17.834336207657934,53.78527474448826,False,False
2002-08-29 20:00:00,6.639999866485596,6.789999961853027,6.119999885559082,6.119999885559082,258100,6.2123333295186365,488470.0,17.70030013491579,47.57968528518147,True,True
2002-09-02 20:00:00,6.099999904632568,6.099999904632568,5.5,5.630000114440918,1386400,6.195333337783813,519146.6666666667,16.89612583123156,43.38676284076737,True,False
2002-09-03 20:00:00,4.210000038146973,4.679999828338623,3.910000085830689,4.400000095367432,2524400,6.147000010808309,585133.3333333334,18.47428402410636,35.03945343005951,True,False
2002-09-04 20:00:00,4.25,4.730000019073486,4.25,4.480000019073486,1129700,6.096333344777425,591310.0,19.824111225915622,35.90321651252013,True,False
2002-09-05 20:00:00,4.5,5.0,4.5,4.989999771118164,985000,6.072333335876465,593550.0,20.45520489426197,41.26497447252749,True,False
2002-09-08 20:00:00,4.639999866485596,5.010000228881836,4.619999885559082,4.96999979019165,455500,6.046333328882853,592466.6666666666,21.0180310540037,41.11970803330993,True,True
2002-09-09 20:00:00,4.789999961853027,5.0,4.75,4.929999828338623,396100,6.012333329518636,586973.3333333334,21.54065534519245,40.81027412592094,True,True
2002-09-10 20:00:00,4.809999942779541,4.989999771118164,4.800000190734863,4.96999979019165,337100,5.973999993006388,573993.3333333334,22.02594932986772,41.28609504110928,True,True
2002-09-11 20:00:00,4.920000076293945,5.03000020980835,4.75,5.0,760600,5.934333324432373,581643.3333333334,22.555990679992444,41.664866107425006,True,False
2002-09-12 20:00:00,4.909999847412109,5.0,4.820000171661377,4.920000076293945,204500,5.903666655222575,576300.0,23.048171933679686,40.90701552131771,True,True
2002-09-15 20:00:00,4.860000133514404,5.0,4.610000133514404,4.699999809265137,248300,5.865333318710327,574550.0,23.859253698614555,38.816066511621486,True,True
2002-09-16 20:00:00,4.510000228881836,4.650000095367432,4.400000095367432,4.480000019073486,264900,5.825666650136312,573840.0,24.94196938674344,36.790859941202136,True,True
2002-09-17 20:00:00,4.480000019073486,4.730000019073486,4.320000171661377,4.619999885559082,381900,5.7716666539510095,572390.0,25.947348240005972,38.972938109507524,True,True
2002-09-18 20:00:00,4.510000228881836,4.650000095367432,3.910000085830689,3.9800000190734863,226100,5.71833332379659,544726.6666666666,27.479354758187814,33.311558020520145,True,True
2002-09-19 20:00:00,4.269999980926514,4.449999809265137,3.950000047683716,4.03000020980835,1033400,5.649333333969116,533950.0,28.901932239356665,34.11677051602231,True,False
2002-09-22 20:00:00,3.930000066757202,4.199999809265137,3.920000076293945,4.130000114440918,515100,5.581000010172526,534040.0,30.266199222256876,35.786697749441615,True,True
2002-09-23 20:00:00,3.940000057220459,4.400000095367432,3.940000057220459,4.300000190734863,305700,5.511666679382325,531853.3333333334,30.725181531617796,38.634320344945806,True,True
2002-09-24 20:00:00,4.360000133514404,4.489999771118164,4.190000057220459,4.300000190734863,447100,5.462666686375936,537266.6666666666,30.80271882383862,38.634320344945806,True,True
2002-09-25 20:00:00,4.409999847412109,4.429999828338623,3.900000095367432,3.930000066757202,333000,5.379666686058044,536833.3333333334,31.411729351278805,34.74501492901899,True,True
2002-09-26 20:00:00,3.950000047683716,4.300000190734863,3.799999952316284,3.849999904632568,528000,5.299000016848246,543300.0,32.14769417509205,33.94921805571165,True,True
2002-09-29 20:00:00,3.799999952316284,4.840000152587891,3.799999952316284,4.639999866485596,1037900,5.231333343187968,565886.6666666666,30.946730903569637,46.88632011332099,True,False
2002-09-30 20:00:00,4.619999885559082,4.619999885559082,4.260000228881836,4.409999847412109,373300,5.169666663805644,568256.6666666666,29.831550722870258,44.17358627239667,True,True
2002-10-01 20:00:00,4.400000095367432,4.550000190734863,4.039999961853027,4.039999961853027,292600,5.0866666555404665,563270.0,29.284950922721787,40.149228003204726,True,True
2002-10-02 20:00:00,4.039999961853027,4.309999942779541,3.910000085830689,3.9800000190734863,169500,4.9873333215713505,559506.6666666666,29.049380015402704,39.52046076212048,True,True
2002-10-03 20:00:00,4.0,4.099999904632568,3.569999933242798,3.609999895095825,282300,4.869999980926513,558060.0,29.470971369615985,35.79740167010214,True,True
2002-10-06 20:00:00,3.609999895095825,3.700000047683716,3.4200000762939453,3.4800000190734863,441900,4.7653333187103275,563350.0,30.115281266784443,34.565306940794976,True,True
2002-10-07 20:00:00,3.539999961853028,3.930000066757202,3.130000114440918,3.2300000190734863,503200,4.641333325703939,571320.0,31.160678265672708,32.265394372195985,True,True
2002-10-08 20:00:00,3.109999895095825,3.25,2.880000114440918,2.9800000190734863,287500,4.530666653315226,568133.3333333334,32.47206508091425,30.10796311074066,True,True
2002-10-09 20:00:00,3.150000095367432,3.150000095367432,3.009999990463257,3.0999999046325684,369000,4.431666644414266,568606.6666666666,33.689781409352825,32.443010944236036,True,True
2002-10-10 20:00:00,3.069999933242798,3.289999961853028,3.009999990463257,3.150000095367432,267700,4.311666647593181,558193.3333333334,34.2535439342152,33.440829322336754,True,True
2002-10-13 20:00:00,3.150000095367432,3.319999933242798,3.0,3.289999961853028,327800,4.2173333168029785,560516.6666666666,34.654642957353246,36.27878685671656,True,True
2002-10-14 20:00:00,3.670000076293945,3.900000095367432,3.3299999237060547,3.3499999046325684,1483000,4.141333309809367,563736.6666666666,33.016297485440006,37.508563933926645,True,False
2002-10-15 20:00:00,3.3299999237060547,3.799999952316284,3.3299999237060547,3.569999933242798,622700,4.113666637738546,500346.6666666667,31.494976690091995,41.93366655146237,True,False
2002-10-16 20:00:00,3.680000066757202,3.7799999713897705,3.5999999046325684,3.7799999713897705,233300,4.090333302815755,470466.6666666667,30.082321665840276,45.873637359371315,True,True
2002-10-17 20:00:00,4.010000228881836,4.019999980926514,3.619999885559082,3.7300000190734863,273100,4.048333311080933,446736.6666666667,28.018723367736794,45.089168467378364,True,True
2002-10-20 20:00:00,3.839999914169312,3.990000009536743,3.75,3.990000009536743,263400,4.015666651725769,440333.3333333333,26.102524948069277,49.88807267323438,True,True
2002-10-21 20:00:00,4.019999980926514,4.059999942779541,3.849999904632568,3.880000114440918,448400,3.980666661262512,442076.6666666667,24.376165876373783,47.97766188409658,True,False
2002-10-22 20:00:00,3.9600000381469727,4.150000095367432,3.799999952316284,4.150000095367432,247900,3.953333338101705,439103.3333333333,23.06039585419636,52.75955797185469,False,True
2002-10-23 20:00:00,4.059999942779541,4.309999942779541,4.059999942779541,4.150000095367432,253000,3.9250000079472858,422183.3333333333,22.327654238617733,52.75955797185469,False,True
2002-10-24 20:00:00,4.199999809265137,4.369999885559082,4.150000095367432,4.269999980926514,172600,3.903333338101705,421120.0,21.825141772494522,54.896566879279455,False,True
2002-10-28 20:00:00,4.269999980926514,4.840000152587891,4.260000228881836,4.329999923706055,398000,3.891000008583069,426110.0,22.53328499921423,55.96908533623605,False,True
2002-10-29 20:00:00,4.320000171661377,4.820000171661377,4.320000171661377,4.71999979019165,265400,3.8990000009536745,426126.6666666667,23.19084656688253,62.25232576609613,False,True
2002-10-30 20:00:00,4.840000152587891,4.940000057220459,4.71999979019165,4.800000190734863,255600,3.9050000111262,421916.6666666667,24.0665179988653,63.4059099937515,False,True
2002-10-31 20:00:00,4.760000228881836,5.0,4.699999809265137,4.940000057220459,265400,3.937000012397766,423226.6666666667,25.010777203052175,65.3987439685632,False,True
2002-11-01 20:00:00,4.949999809265137,5.400000095367432,4.800000190734863,5.400000095367432,311000,3.9826666752497357,399146.6666666667,26.64719201917797,70.98906579619764,False,True
2002-11-04 20:00:00,5.380000114440918,5.889999866485596,5.380000114440918,5.679999828338623,724000,4.034333332379659,406110.0,28.84675873182147,73.76732035028132,False,False
2002-11-05 20:00:00,5.699999809265137,5.699999809265137,5.400000095367432,5.650000095367432,186300,4.079333329200745,402130.0,30.889213536419003,72.96111396732738,False,True
2002-11-06 20:00:00,5.679999828338623,5.989999771118164,5.5,5.989999771118164,303700,4.135666648546855,397350.0,33.1246947543046,76.14338291897513,False,True
2002-11-07 20:00:00,5.989999771118164,6.019999980926514,5.699999809265137,5.96999979019165,401400,4.203666639328003,399630.0,35.23363513777066,75.57988788676177,False,False
2002-11-08 20:00:00,5.980000019073486,6.03000020980835,5.570000171661377,5.809999942779541,464500,4.268999973932902,397513.3333333333,36.562821658028454,71.04990956569661,False,False
2002-11-11 20:00:00,5.900000095367432,6.0,5.78000020980835,5.849999904632568,600200,4.309333308537801,382923.3333333333,37.79706628398212,71.5096496406696,False,False
2002-11-12 20:00:00,5.849999904632568,6.03000020980835,5.349999904632568,5.690000057220459,749900,4.3519999821980795,395476.6666666667,37.05307989141553,66.93102946925539,False,False
2002-11-13 20:00:00,4.880000114440918,5.559999942779541,4.75,5.239999771118164,786900,4.391999975840251,411953.3333333333,34.49355606391058,56.05936488415738,False,False
2002-11-14 20:00:00,5.25,5.690000057220459,4.849999904632568,5.099999904632568,1088700,4.429333305358886,442593.3333333333,32.43951726536742,53.166007356566446,False,False
2002-11-15 20:00:00,5.079999923706055,5.099999904632568,4.96999979019165,5.050000190734863,364800,4.477333315213522,445343.3333333333,30.53219552386306,52.13116092490252,False,True
2002-11-18 20:00:00,5.03000020980835,5.210000038146973,4.940000057220459,5.010000228881836,362200,4.528333322207133,442686.6666666667,29.050293806850256,51.27136870312332,False,True
2002-11-19 20:00:00,5.019999980926514,5.03000020980835,4.739999771118164,5.010000228881836,251900,4.587666662534078,434310.0,27.06592466376046,51.27136870312332,False,True
2002-11-20 20:00:00,5.039999961853027,5.349999904632568,5.0,5.320000171661377,440200,4.665666667620341,439400.0,26.054786240728813,57.562355693885195,False,False
2002-11-21 20:00:00,5.400000095367432,5.46999979019165,5.199999809265137,5.329999923706055,502900,4.740000001589457,443863.3333333333,25.398611492376848,57.75183193360141,False,False
2002-11-22 20:00:00,5.409999847412109,5.460000038146973,5.199999809265137,5.400000095367432,593200,4.815000001589457,454713.3333333333,24.789306368907166,59.12754778299829,False,False
2002-11-25 20:00:00,5.360000133514404,5.559999942779541,5.300000190734863,5.550000190734863,320100,4.890333342552185,454456.6666666667,24.473386333571312,61.984228973770094,False,True
2002-11-26 20:00:00,5.659999847412109,5.670000076293945,5.199999809265137,5.199999809265137,266000,4.952000006039937,413890.0,24.450106996546157,52.72437411732061,False,True
2002-11-27 20:00:00,5.309999942779541,5.619999885559082,5.300000190734863,5.550000190734863,386500,5.018000014623007,406016.6666666667,24.428490469308514,59.276116933260795,False,True
2002-11-29 20:00:00,5.5,5.650000095367432,5.320000171661377,5.349999904632568,262700,5.0703333457310995,406996.6666666667,24.488582984182738,54.61808159990209,False,True
2002-12-02 20:00:00,5.480000019073486,5.590000152587891,5.300000190734863,5.46999979019165,365900,5.128333338101705,410090.0,24.450332469910297,56.81104136347707,False,True
2002-12-03 20:00:00,5.519999980926514,5.550000190734863,5.309999942779541,5.489999771118164,334600,5.178333330154419,412463.3333333333,24.41481413522874,57.18240850950487,False,True
2002-12-04 20:00:00,5.380000114440918,5.639999866485596,5.090000152587891,5.440000057220459,527400,5.23033332824707,415096.6666666667,23.334978014245074,55.888580793587714,False,False
2002-12-05 20:00:00,5.199999809265137,5.590000152587891,5.190000057220459,5.349999904632568,325000,5.270333321889241,417666.6666666667,22.33227304476024,53.54027311330945,False,True
2002-12-06 20:00:00,5.380000114440918,5.610000133514404,5.289999961853027,5.570000171661377,344300,5.317666657765707,420710.0,21.480961114444877,58.167400109636326,False,True
2002-12-09 20:00:00,5.5,5.550000190734863,5.090000152587891,5.090000152587891,337000,5.344999996821086,426190.0,20.12608822011605,47.13683185222716,True,True
2002-12-10 20:00:00,5.090000152587891,5.349999904632568,4.920000076293945,5.300000190734863,350500,5.3773333390553795,424606.6666666667,19.542011530236667,51.47261841012636,True,True
2002-12-11 20:00:00,5.159999847412109,5.449999809265137,5.159999847412109,5.400000095367432,205300,5.400000015894572,422603.3333333333,18.537662502236696,53.431342743736366,False,True
2002-12-12 20:00:00,5.400000095367432,5.449999809265137,5.239999771118164,5.340000152587891,244000,5.418000014623006,422216.6666666667,17.605052690522438,52.073226688921245,True,True
2002-12-13 20:00:00,5.329999923706055,5.369999885559082,4.960000038146973,4.960000038146973,230100,5.41866668065389,421040.0,17.80561519075786,44.37943930465412,True,True
2002-12-16 20:00:00,5.019999980926514,5.260000228881836,4.960000038146973,5.130000114440918,273900,5.409666681289673,419803.3333333333,17.991851798119317,48.07557144379556,True,True
2002-12-17 20:00:00,5.130000114440918,5.300000190734863,5.010000228881836,5.210000038146973,212200,5.394000021616618,402743.3333333333,17.945409734376025,49.76727402934493,True,True
2002-12-18 20:00:00,5.0,5.329999923706055,4.849999904632568,4.96999979019165,213900,5.371333344777425,403663.3333333333,18.486772883512124,45.02770453049612,True,True
2002-12-19 20:00:00,5.050000190734863,5.130000114440918,4.800000190734863,4.929999828338623,275900,5.33600001335144,402736.6666666667,19.160981670637916,44.27096469107116,True,True
2002-12-20 20:00:00,4.980000019073486,5.099999904632568,4.869999885559082,4.980000019073486,355600,5.303000020980835,401210.0,19.787032687254726,45.50386860574317,True,True
2002-12-23 20:00:00,4.929999828338623,5.199999809265137,4.869999885559082,5.139999866485596,217200,5.28066668510437,392966.6666666667,19.732559682284577,49.36431054219359,True,True
2002-12-24 20:00:00,5.119999885559082,5.210000038146973,5.010000228881836,5.010000228881836,89100,5.252666695912679,375930.0,19.618742874314666,46.48310814253429,True,True
2002-12-26 20:00:00,5.010000228881836,5.230000019073486,4.980000019073486,5.0,136300,5.2296666940053305,355476.6666666667,19.65026482246979,46.25943517500789,True,True
2002-12-27 20:00:00,5.010000228881836,5.010000228881836,4.599999904632568,4.599999904632568,273100,5.208333365122477,338350.0,21.06408667634798,38.317136362547075,True,True
2002-12-30 20:00:00,4.559999942779541,4.650000095367432,4.329999923706055,4.400000095367432,357300,5.185000038146972,313970.0,23.053864833583948,35.07454574437976,True,False
2002-12-31 20:00:00,4.300000190734863,4.800000190734863,4.300000190734863,4.559999942779541,540700,5.168666696548462,319833.3333333333,23.990785298485598,39.486452839736295,True,False
2003-01-02 20:00:00,4.699999809265137,4.920000076293945,4.550000190734863,4.900000095367432,202600,5.165000025431315,314513.3333333333,24.192618017691075,47.63039834689625,True,True
2003-01-03 20:00:00,4.809999942779541,4.980000019073486,4.619999885559082,4.869999885559082,179700,5.160333347320557,312106.6666666667,24.056920283645617,47.02897863479313,True,True
2003-01-06 20:00:00,4.889999866485596,5.0,4.769999980926514,5.0,139100,5.1496666749318445,302070.0,23.820477192537272,49.97659411359091,True,True
2003-01-07 20:00:00,4.980000019073486,5.0,4.659999847412109,4.75,281100,5.1303333441416425,294676.6666666667,23.995308724366645,44.81230313736055,True,True
2003-01-08 20:00:00,4.940000057220459,4.949999809265137,4.139999866485596,4.179999828338623,269100,5.089666668574015,283873.3333333333,25.53651176912326,35.74331992706527,True,True
2003-01-09 20:00:00,4.21999979019165,4.480000019073486,4.199999809265137,4.460000038146973,245400,5.053333330154419,281383.3333333333,26.967628882111544,41.957392239216226,True,True
2003-01-10 20:00:00,4.460000038146973,4.78000020980835,4.400000095367432,4.739999771118164,188700,5.03799999554952,278806.6666666667,26.746540820286775,47.43211883523328,True,True
2003-01-13 20:00:00,4.739999771118164,4.980000019073486,4.739999771118164,4.96999979019165,396400,5.0186666488647464,279136.6666666667,25.685863194125137,51.480546277868285,True,False
2003-01-14 20:00:00,4.960000038146973,5.170000076293945,4.940000057220459,5.090000152587891,274600,5.009999990463257,279533.3333333333,23.981578243590548,53.49298969553201,False,True
2003-01-15 20:00:00,5.070000171661377,5.510000228881836,5.0,5.309999942779541,336400,5.004666662216186,278550.0,23.213261102189865,57.01319007529928,False,False
2003-01-16 20:00:00,5.289999961853027,5.400000095367432,5.099999904632568,5.210000038146973,291800,4.995333337783814,277123.3333333333,22.499823756603515,54.976214604509245,False,False
2003-01-17 20:00:00,5.230000019073486,5.239999771118164,4.940000057220459,4.949999809265137,212000,4.978999996185303,266610.0,21.23362184073582,49.97660560784857,True,True
2003-01-21 20:00:00,4.949999809265137,5.099999904632568,4.920000076293945,5.099999904632568,247900,4.970666662851969,264040.0,19.983407293199694,52.65186894032448,False,True
2003-01-22 20:00:00,4.949999809265137,5.150000095367432,4.829999923706055,4.949999809265137,183900,4.949999984105428,258693.33333333334,18.630351359744715,49.784570944372426,True,True
2003-01-23 20:00:00,4.96999979019165,4.989999771118164,4.889999866485596,4.96999979019165,154600,4.945999972025553,252613.33333333334,17.37394227867938,50.17418639260383,False,True
2003-01-24 20:00:00,4.989999771118164,5.0,4.519999980926514,4.559999942779541,264500,4.921333297093709,249746.66666666666,17.47863545959015,42.83660645063348,True,False
2003-01-27 20:00:00,4.539999961853027,4.760000228881836,4.300000190734863,4.480000019073486,132200,4.8906666278839115,247310.0,18.174563772600717,41.5594820730782,True,True
2003-01-28 20:00:00,4.440000057220459,4.650000095367432,4.429999828338623,4.519999980926514,237600,4.863333288828532,247096.66666666666,18.820782920396237,42.48284036844881,True,True
2003-01-29 20:00:00,4.510000228881836,4.670000076293945,4.449999809265137,4.550000190734863,204900,4.849666627248128,246256.66666666666,19.322960127568482,43.20760300505901,True,True
2003-01-30 20:00:00,4.659999847412109,4.699999809265137,4.309999942779541,4.409999847412109,523100,4.825666618347168,254563.33333333334,20.187034246692782,40.63435732429417,True,False
2003-01-31 20:00:00,4.420000076293945,4.559999942779541,4.329999923706055,4.360000133514404,251200,4.797333288192749,255863.33333333334,20.989388785879633,39.724439938003435,True,True
2003-02-03 20:00:00,4.369999885559082,4.449999809265137,4.25,4.320000171661377,116400,4.77566663424174,252613.33333333334,21.966683804293762,38.97256722411858,True,True
2003-02-04 20:00:00,4.440000057220459,4.449999809265137,4.070000171661377,4.309999942779541,202500,4.75499997138977,250166.66666666666,23.35501302161611,38.77497352235005,True,True
2003-02-05 20:00:00,4.309999942779541,4.420000076293945,4.130000114440918,4.329999923706055,186600,4.73333330154419,244533.33333333334,24.64417586627257,39.43632243833196,True,True
2003-02-06 20:00:00,4.210000038146973,4.25,4.050000190734863,4.199999809265137,107600,4.701999966303507,240880.0,26.052353277491143,36.66402014763782,True,True
2003-02-07 20:00:00,4.170000076293945,4.199999809265137,3.829999923706055,3.829999923706055,255500,4.662666622797648,246426.66666666666,27.876442726809834,30.16448091439926,True,False
2003-02-10 20:00:00,3.7799999713897705,4.0,3.7300000190734863,4.0,130600,4.629333289464315,246236.66666666666,29.777056380549084,35.796133788397114,True,True
2003-02-11 20:00:00,4.0,4.050000190734863,3.609999895095825,4.039999961853027,251800,4.610666624704996,245526.66666666666,31.775168160536072,37.08180787803529,True,False
2003-02-12 20:00:00,3.849999904632568,4.039999961853027,3.849999904632568,3.849999904632568,125900,4.592333285013835,237813.33333333334,33.63055767052399,33.6362746793811,True,True
2003-02-13 20:00:00,3.829999923706055,3.9600000381469727,3.799999952316284,3.900000095367432,198400,4.5703332901000975,226403.33333333334,35.454543403726824,35.33898462231369,True,True
2003-02-14 20:00:00,3.940000057220459,3.950000047683716,3.670000076293945,3.799999952316284,190800,4.53366661866506,226010.0,37.39843002153668,33.48836362551902,True,True
2003-02-18 20:00:00,3.7100000381469727,4.010000228881836,3.700000047683716,3.930000066757202,190900,4.502333291371664,226383.33333333334,38.72833936596034,38.03156262417545,True,True
2003-02-19 20:00:00,4.0,4.010000228881836,3.849999904632568,3.910000085830689,131700,4.465999960899353,226136.66666666666,39.9632551857823,37.605972558252724,True,True
2003-02-20 20:00:00,3.859999895095825,4.0,3.75,3.759999990463257,136700,4.432999960581461,221323.33333333334,41.340089954351505,34.48872634746385,True,True
2003-02-21 20:00:00,3.930000066757202,3.9700000286102295,3.5999999046325684,3.75,192700,4.418666632970174,218776.66666666666,42.92664087672643,34.28469013944163,True,True
2003-02-24 20:00:00,3.690000057220459,3.75,3.390000104904175,3.400000095367432,185500,4.383333301544189,216780.0,44.758045206741926,28.033526774363338,True,True
2003-02-25 20:00:00,3.509999990463257,3.5999999046325684,3.3499999046325684,3.5899999141693115,288700,4.3449999729792275,220113.33333333334,46.52026040816387,34.965752325563244,True,False
2003-02-26 20:00:00,3.549999952316284,3.5999999046325684,3.4200000762939453,3.490000009536743,391900,4.295666646957398,219963.33333333334,48.156603095198534,33.15553946694636,True,False
2003-02-27 20:00:00,3.539999961853028,3.539999961853028,3.3499999046325684,3.5,221200,4.242666641871135,218183.33333333334,49.79128659056561,33.526153841352986,True,False
2003-02-28 20:00:00,3.5,3.559999942779541,3.380000114440918,3.380000114440918,188800,4.178333314259847,213263.33333333334,51.11401942851656,31.2845797815895,True,True
2003-03-03 20:00:00,3.369999885559082,3.75,3.200000047683716,3.240000009536743,186700,4.112666646639506,209760.0,50.6533141266735,28.860198691170506,True,True
2003-03-04 20:00:00,3.289999961853028,3.289999961853028,3.0899999141693115,3.150000095367432,159300,4.052666656176249,208003.33333333334,50.543844369346274,27.39069066353355,True,True
2003-03-05 20:00:00,3.0199999809265137,3.240000009536743,3.0199999809265137,3.119999885559082,192100,3.9866666555404664,206143.33333333334,50.63228690437599,26.89901812323907,True,True
2003-03-06 20:00:00,3.0999999046325684,3.150000095367432,2.950000047683716,2.9600000381469727,118900,3.9203333298365277,203976.66666666666,50.89807413844,24.384961763781135,True,True
2003-03-07 20:00:00,2.950000047683716,3.009999990463257,2.890000104904175,2.930000066757202,297400,3.852333339055379,208736.66666666666,51.29784067736947,23.933285918081832,True,False
2003-03-10 20:00:00,2.9100000858306885,3.0299999713897705,2.9100000858306885,3.0,211400,3.800333340962728,206966.66666666666,51.48391663587036,27.31629611259357,True,False
2003-03-11 20:00:00,2.990000009536743,3.0899999141693115,2.950000047683716,3.039999961853028,216500,3.752333339055379,209776.66666666666,51.09835319674879,29.2525663748485,True,False
2003-03-12 20:00:00,3.0299999713897705,3.0899999141693115,2.970000028610229,2.990000009536743,360400,3.7013333400090533,213870.0,50.74033000327876,28.239854108768792,True,False
2003-03-13 20:00:00,3.0,3.190000057220459,2.9800000190734863,3.140000104904175,505600,3.6543333371480307,223893.33333333334,49.47502473497092,35.45868001808533,True,False
2003-03-14 20:00:00,3.3499999046325684,3.3499999046325684,3.150000095367432,3.309999942779541,526900,3.6176666736602785,224020.0,47.0317910114735,42.51646435086681,True,False
2003-03-17 20:00:00,3.25,3.9600000381469727,3.240000009536743,3.930000066757202,624900,3.603333338101705,236476.66666666666,45.496532847132706,59.78753299189552,False,False
2003-03-18 20:00:00,3.700000047683716,3.7200000286102295,3.299999952316284,3.4600000381469727,1343900,3.574666666984558,277393.3333333333,44.070935980244826,48.011221500475784,True,False
2003-03-19 20:00:00,3.549999952316284,3.549999952316284,3.039999961853028,3.140000104904175,5779500,3.5356666723887127,463293.3333333333,41.41164469081375,41.95235135183108,True,False
2003-03-20 20:00:00,3.3299999237060547,3.3499999046325684,3.109999895095825,3.2799999713897705,1408200,3.5006666739781696,504013.3333333333,38.94230277919918,45.21005922671172,True,False
2003-03-21 20:00:00,3.289999961853028,3.289999961853028,3.059999942779541,3.0799999237060547,796900,3.463333344459534,526990.0,36.40399210193413,41.6168396012998,True,False
2003-03-24 20:00:00,3.0899999141693115,3.130000114440918,2.859999895095825,2.930000066757202,560000,3.4333333492279055,537140.0,34.45890847038449,39.1064424920614,True,False
2003-03-25 20:00:00,2.950000047683716,3.049999952316284,2.869999885559082,2.880000114440918,452400,3.3960000197092692,547866.6666666666,32.65275938394554,38.27758234677848,True,True
2003-03-26 20:00:00,2.900000095367432,2.900000095367432,2.700000047683716,2.7300000190734863,684600,3.352333354949951,562293.3333333334,31.670297334495892,35.8244598940293,True,False
2003-03-27 20:00:00,2.799999952316284,3.0799999237060547,2.720000028610229,3.049999952316284,545200,3.3256666898727416,576270.0,29.833908092384203,44.06079575593111,True,True
2003-03-28 20:00:00,3.009999990463257,3.1700000762939453,2.9800000190734863,3.0,749600,3.2956666866938273,594643.3333333334,27.709782156898825,43.129383072943654,True,False
2003-03-31 20:00:00,2.900000095367432,3.049999952316284,2.869999885559082,2.990000009536743,434000,3.268666688601176,602750.0,26.22194229543467,42.933901938808184,True,True
2003-04-01 20:00:00,2.990000009536743,3.109999895095825,2.9600000381469727,3.0,227000,3.237666686375936,603953.3333333334,24.54754354702427,43.21109336605182,True,True
2003-04-02 20:00:00,3.0,3.190000057220459,3.0,3.039999961853028,422600,3.208666682243347,613650.0,22.978793319947233,44.37499519987723,True,True
2003-04-03 20:00:00,2.990000009536743,3.240000009536743,2.9800000190734863,3.240000009536743,481600,3.1913333495457965,625146.6666666666,21.75828341123934,49.9035887889482,False,True
2003-04-04 20:00:00,3.2300000190734863,3.25,3.0899999141693115,3.140000104904175,259900,3.171000019709269,627386.6666666666,20.6737403431199,47.36852641818823,True,True
2003-04-06 20:00:00,3.059999942779541,3.299999952316284,3.059999942779541,3.0999999046325684,339000,3.1610000133514404,632503.3333333334,19.917651461097087,46.354164603526485,True,True
2003-04-07 20:00:00,3.0899999141693115,3.0999999046325684,2.9800000190734863,3.0299999713897705,216500,3.1423333485921225,630096.6666666666,18.736980477255575,44.556000351187684,True,True
2003-04-08 20:00:00,3.049999952316284,3.069999933242798,2.930000066757202,2.930000066757202,326800,3.123666683832804,627926.6666666666,17.447222685363162,42.04666448670405,True,True
2003-04-09 20:00:00,3.130000114440918,3.130000114440918,2.7300000190734863,2.7699999809265137,631000,3.0993333498636884,641586.6666666666,17.27789393745136,38.32732034148075,True,True
2003-04-10 20:00:00,2.819999933242798,2.819999933242798,2.650000095367432,2.6700000762939453,666500,3.0756666819254557,657510.0,17.47715514585613,36.17359395749767,True,False
2003-04-13 20:00:00,2.700000047683716,2.759999990463257,2.6600000858306885,2.690000057220459,268200,3.0573333501815796,660226.6666666666,17.66218341080342,36.93685374999324,True,True
2003-04-14 20:00:00,2.690000057220459,2.75,2.680000066757202,2.700000047683716,244600,3.0423333485921225,663070.0,17.833995371111616,37.34032705486127,True,True
2003-04-15 20:00:00,2.740000009536743,2.859999895095825,2.6700000762939453,2.690000057220459,213100,3.028000020980835,663770.0,17.20730475756174,37.084809988231775,True,True
2003-04-16 20:00:00,2.759999990463257,2.799999952316284,2.650000095367432,2.720000028610229,225000,3.0200000206629434,667306.6666666666,16.739921901752897,38.44564820116645,True,True
2003-04-20 20:00:00,2.7300000190734863,2.8299999237060547,2.680000066757202,2.809999942779541,264800,3.016000016530355,666220.0,16.086994470397535,42.46615084327851,True,True
2003-04-21 20:00:00,2.799999952316284,2.9800000190734863,2.759999990463257,2.950000047683716,261700,3.0143333514531454,667896.6666666666,15.392588271671732,48.14055663008318,True,True
2003-04-22 20:00:00,2.9800000190734863,3.0899999141693115,2.9100000858306885,3.0799999237060547,435300,3.015666683514913,675190.0,15.3695496433141,52.796136343042356,False,True
2003-04-23 20:00:00,3.0999999046325684,3.2100000381469727,3.039999961853028,3.049999952316284,469700,3.0176666816075643,678833.3333333334,15.945479522631278,51.64393642584299,False,True
2003-04-24 20:00:00,3.109999895095825,3.2100000381469727,3.0299999713897705,3.200000047683716,449800,3.0196666797002156,676973.3333333334,16.40304621119036,56.72880743684735,False,True
2003-04-27 20:00:00,3.2100000381469727,3.450000047683716,3.150000095367432,3.4100000858306885,601200,3.0230000178019205,679450.0,17.851769111923044,62.6502700146872,False,True
2003-04-28 20:00:00,3.380000114440918,3.4200000762939453,3.1600000858306885,3.3499999046325684,333800,3.0036666790644326,669746.6666666666,19.197011805460534,60.11888103696285,False,True
2003-04-29 20:00:00,3.369999885559082,3.450000047683716,3.220000028610229,3.430000066757202,379500,3.002666680018107,637600.0,20.564038458487936,62.30580364724706,False,True
2003-04-30 20:00:00,3.390000104904175,3.450000047683716,3.3299999237060547,3.4200000762939453,291100,3.012000012397766,454653.3333333333,21.83342035058481,61.84924780555671,False,True
2003-05-01 20:00:00,3.4200000762939453,3.700000047683716,3.3399999141693115,3.5999999046325684,459800,3.0226666768391928,423040.0,23.89839695629662,66.59432078960032,False,False
2003-05-04 20:00:00,3.609999895095825,3.829999923706055,3.5999999046325684,3.7699999809265137,559200,3.0456666787465414,415116.6666666667,26.172172379047062,70.34568627363115,False,False
2003-05-05 20:00:00,3.430000066757202,3.7799999713897705,3.1700000762939453,3.700000047683716,1062700,3.071333344777425,431873.3333333333,25.334643843246774,67.00885342871784,False,False
2003-05-06 20:00:00,3.569999933242798,3.75,3.509999990463257,3.619999885559082,288800,3.096000003814697,426420.0,24.556938774289367,63.312573352602755,False,True
2003-05-07 20:00:00,3.549999952316284,3.670000076293945,3.450000047683716,3.5299999713897705,295700,3.122666668891907,413456.6666666667,23.498508296695114,59.34647461931095,False,True
2003-05-08 20:00:00,3.5299999713897705,3.549999952316284,3.4200000762939453,3.440000057220459,267300,3.1356666723887128,404193.3333333333,22.34581937460664,55.59587416216532,False,True
2003-05-11 20:00:00,3.4100000858306885,3.539999961853028,3.309999942779541,3.4800000190734863,386500,3.1516666730244953,392090.0,20.828387457200957,56.89960894551558,False,True
2003-05-12 20:00:00,3.490000009536743,3.5,3.299999952316284,3.359999895095825,356300,3.1640000025431316,389500.0,19.47344046003479,51.96986546488844,False,True
2003-05-13 20:00:00,3.299999952316284,3.5,3.220000028610229,3.490000009536743,997900,3.1803333361943564,415196.6666666667,18.649146948112293,56.37903715692944,False,False
2003-05-14 20:00:00,3.509999990463257,3.849999904632568,3.5,3.640000104904175,385800,3.200333340962728,413970.0,18.490996616327664,60.84544136548935,False,True
2003-05-15 20:00:00,3.549999952316284,4.070000171661377,3.509999990463257,3.900000095367432,1049600,3.2223333438237507,432903.3333333333,19.135443370722772,67.12822874808543,False,False
2003-05-18 20:00:00,3.920000076293945,4.150000095367432,3.7100000381469727,3.849999904632568,761600,3.2460000038146974,449626.6666666667,19.98939072507094,64.9691897205934,False,False
2003-05-19 20:00:00,3.900000095367432,4.25,3.869999885559082,4.050000190734863,820300,3.277666680018107,465670.0,21.088979022030966,69.23201902361785,False,False
2003-05-20 20:00:00,4.050000190734863,4.139999866485596,3.950000047683716,4.119999885559082,318700,3.3140000104904175,469076.6666666667,22.110025297779565,70.58135659967733,False,True
2003-05-21 20:00:00,4.03000020980835,4.5,4.019999980926514,4.389999866485596,606600,3.362666670481364,478403.3333333333,24.01083835019066,75.11468365685336,False,False
2003-05-22 20:00:00,4.75,4.829999923706055,4.489999771118164,4.599999904632568,790100,3.4236666679382326,483706.6666666667,26.395893735383197,77.95951126762934,False,False
2003-05-26 20:00:00,4.639999866485596,5.46999979019165,4.5,5.300000190734863,1167900,3.5113333384195964,500420.0,29.405349992269485,84.37255597766351,False,False
2003-05-27 20:00:00,5.199999809265137,5.289999961853027,4.869999885559082,4.989999771118164,1301400,3.5879999955495196,534860.0,32.199845087949605,74.09103311944878,False,False
2003-05-28 20:00:00,4.889999866485596,5.150000095367432,4.710000038146973,4.889999866485596,436700,3.6609999895095826,541263.3333333334,33.94726877457159,71.08192755814667,False,True
2003-05-29 20:00:00,4.800000190734863,5.199999809265137,4.800000190734863,5.019999980926514,435100,3.7386666536331177,548663.3333333334,35.641517706223766,72.63772417034164,False,True
2003-06-01 20:00:00,4.909999847412109,5.25,4.710000038146973,5.059999942779541,815900,3.8166666507720945,568360.0,36.731186377177174,73.11697420699367,False,False
2003-06-02 20:00:00,5.0,5.079999923706055,4.849999904632568,4.869999885559082,692000,3.8853333155314127,582600.0,37.74302157163391,67.1046627006237,False,False
2003-06-03 20:00:00,4.949999809265137,5.179999828338623,4.949999809265137,5.150000095367432,547000,3.9586666504542034,592110.0,38.86647307147798,70.90197320793521,False,True
2003-06-04 20:00:00,5.039999961853027,5.909999847412109,5.039999961853027,5.849999904632568,1279400,4.050999983151754,620246.6666666666,40.87971529909678,77.80114052379425,False,False
2003-06-05 20:00:00,6.199999809265137,6.5,5.75,5.889999866485596,1121900,4.145666646957397,641986.6666666666,43.225914406854905,78.12038192883766,False,False
2003-06-08 20:00:00,5.769999980926514,6.059999942779541,5.670000076293945,5.679999828338623,488000,4.228333306312561,643260.0,45.04799761512408,72.24619190030279,False,True
2003-06-09 20:00:00,5.78000020980835,6.139999866485596,5.71999979019165,5.71999979019165,746600,4.305333296457927,648106.6666666666,46.80695724272139,72.6677753013895,False,False
2003-06-10 20:00:00,5.900000095367432,5.989999771118164,5.570000171661377,5.989999771118164,592800,4.393333292007446,656740.0,47.74776510876433,75.38569904769231,False,True
2003-06-11 20:00:00,6.0,6.179999828338623,5.800000190734863,5.889999866485596,431300,4.475333285331726,658466.6666666666,48.82808207222866,72.50976247385896,False,True
2003-06-12 20:00:00,5.820000171661377,5.980000019073486,5.570000171661377,5.699999809265137,504100,4.551333276430766,665566.6666666666,48.82904816525102,67.2594799739975,False,True
2003-06-15 20:00:00,5.519999980926514,5.96999979019165,5.519999980926514,5.929999828338623,309600,4.6289999405543005,660560.0,48.61976963954635,70.08342884380517,False,True
2003-06-16 20:00:00,5.960000038146973,6.0,5.5,5.599999904632568,433700,4.689999938011169,656376.6666666666,48.474179732456754,61.84161619656422,False,True
2003-06-17 20:00:00,5.53000020980835,5.550000190734863,5.349999904632568,5.449999809265137,639400,4.748333263397217,642266.6666666666,47.67313756607833,58.475392880581076,False,True
2003-06-18 20:00:00,5.320000171661377,5.5,4.900000095367432,5.0,708000,4.794333267211914,656240.0,45.25824968939651,49.729885170539525,False,False
2003-06-19 20:00:00,4.900000095367432,5.130000114440918,4.679999828338623,4.730000019073486,562000,4.834333268801371,665116.6666666666,42.34610345383571,45.347584930597975,True,True
2003-06-22 20:00:00,4.829999923706055,4.849999904632568,4.320000171661377,4.440000057220459,569200,4.867666602134705,675180.0,39.94660858552043,41.1528591374782,True,True
2003-06-23 20:00:00,4.639999866485596,4.829999923706055,4.409999847412109,4.579999923706055,512400,4.904333265622457,679376.6666666666,37.7185062077991,43.85302321110222,True,True
2003-06-24 20:00:00,4.650000095367432,4.989999771118164,4.650000095367432,4.849999904632568,518100,4.953999932607015,684770.0,35.17324784866623,48.73819126761319,True,True
2003-06-25 20:00:00,5.190000057220459,5.190000057220459,4.840000152587891,5.139999866485596,306500,5.0089999278386435,661723.3333333334,33.067929844451335,53.42546728901299,False,True
2003-06-26 20:00:00,5.050000190734863,5.269999980926514,4.730000019073486,4.730000019073486,490000,5.045333258310953,665196.6666666666,30.786757450116433,46.896592646668864,True,True
2003-06-29 20:00:00,5.0,5.099999904632568,4.630000114440918,4.860000133514404,469400,5.077333259582519,645856.6666666666,28.80006646105353,49.02376405883129,True,True
2003-06-30 20:00:00,4.78000020980835,4.989999771118164,4.53000020980835,4.929999828338623,369700,5.113333257039388,632793.3333333334,27.24551968281772,50.18097470695885,True,True
2003-07-01 20:00:00,4.989999771118164,5.400000095367432,4.900000095367432,5.260000228881836,515700,5.153666591644287,622640.0,25.98991159021265,55.329347184495404,False,True
2003-07-02 20:00:00,5.300000190734863,5.309999942779541,4.880000114440918,5.239999771118164,1017100,5.190999921162923,645920.0,24.76029468958085,54.95864859727586,False,False
2003-07-06 20:00:00,5.210000038146973,5.889999866485596,5.210000038146973,5.829999923706055,656200,5.2389999230702715,647573.3333333334,24.93812139654306,62.86304253731318,False,False
2003-07-07 20:00:00,5.800000190734863,5.889999866485596,5.510000228881836,5.820000171661377,321900,5.279666598637899,631966.6666666666,25.103246195865108,62.66232493561357,False,True
2003-07-08 20:00:00,5.75,6.119999885559082,5.550000190734863,6.059999942779541,377400,5.304999923706054,605616.6666666666,25.699329848733097,65.50878342634421,False,True
2003-07-09 20:00:00,5.940000057220459,6.099999904632568,5.670000076293945,5.880000114440918,389100,5.334666601816813,575206.6666666666,26.2528360978248,61.709056090145964,False,True
2003-07-10 20:00:00,5.900000095367432,6.050000190734863,5.900000095367432,6.050000190734863,160900,5.3733332792917885,566013.3333333334,26.7668061862671,63.84218353712298,False,True
2003-07-13 20:00:00,6.070000171661377,6.369999885559082,6.019999980926514,6.239999771118164,765200,5.413999938964844,577016.6666666666,27.857117787476483,66.1142745712581,False,False
2003-07-14 20:00:00,6.300000190734863,6.360000133514404,6.070000171661377,6.28000020980835,352400,5.454666614532471,561566.6666666666,28.86954998859948,66.59025974694552,False,True
2003-07-15 20:00:00,6.239999771118164,6.329999923706055,6.0,6.059999942779541,291600,5.494333283106486,548220.0,29.4882544715776,61.47553688377778,False,True
2003-07-16 20:00:00,6.139999866485596,6.199999809265137,5.980000019073486,6.0,402300,5.522666613260905,543396.6666666666,29.96792802122497,60.1192936673042,False,True
2003-07-17 20:00:00,6.0,6.099999904632568,5.949999809265137,5.949999809265137,157700,5.525999943415324,506006.6666666667,30.263947278819632,58.95210760425327,False,True
2003-07-20 20:00:00,6.0,6.079999923706055,5.670000076293945,5.699999809265137,341900,5.519666608174642,480006.6666666667,29.25799682111069,53.37257975590104,False,True
2003-07-21 20:00:00,5.670000076293945,5.949999809265137,5.570000171661377,5.75,241900,5.521999947230021,471803.3333333333,27.918014314996668,54.304098711157465,False,True
2003-07-22 20:00:00,5.769999980926514,5.909999847412109,5.5,5.699999809265137,367900,5.521333281199137,459180.0,26.39308203319383,53.1603700934382,False,True
2003-07-23 20:00:00,5.840000152587891,6.099999904632568,5.440000057220459,5.5,358100,5.504999955495198,451356.6666666667,25.605440220358055,48.738507831796035,True,True
2003-07-24 20:00:00,5.429999828338623,5.75,5.429999828338623,5.539999961853027,493000,5.4933332920074465,453413.3333333333,24.830313431249984,49.64072556299288,False,False
2003-07-27 20:00:00,5.599999904632568,5.900000095367432,5.53000020980835,5.739999771118164,431100,5.494666624069214,450980.0,24.591461418747695,54.00016891552069,False,True
2003-07-28 20:00:00,5.650000095367432,5.800000190734863,5.599999904632568,5.769999980926514,123900,5.489333295822144,444790.0,24.36967026428128,54.634558595225926,False,True
2003-07-29 20:00:00,5.71999979019165,5.71999979019165,5.289999961853027,5.289999961853027,625400,5.478999964396158,451180.0,22.782504512636255,44.14449597132901,True,False
2003-07-30 20:00:00,5.380000114440918,5.880000114440918,5.199999809265137,5.25,512900,5.4723333040873205,446963.3333333333,21.876807503112282,43.39672161059988,True,False
2003-07-31 20:00:00,5.130000114440918,5.269999980926514,4.960000038146973,4.96999979019165,488900,5.471333297093709,439660.0,20.505312470644135,38.48264036183486,True,False
2003-08-03 20:00:00,5.0,5.099999904632568,4.75,4.920000076293945,425600,5.477666632334391,435113.3333333333,19.91710715771247,37.66249960134193,True,True
2003-08-04 20:00:00,4.920000076293945,5.0,4.449999809265137,4.449999809265137,378900,5.477999957402547,428770.0,20.196160570954106,30.978971247119073,True,True
2003-08-05 20:00:00,4.449999809265137,4.590000152587891,4.010000228881836,4.019999980926514,597300,5.459333292643229,431600.0,21.39219848443924,26.368575695234764,True,False
2003-08-06 20:00:00,4.0,4.320000171661377,3.920000076293945,4.03000020980835,525300,5.431999969482422,431840.0,22.66740850839656,26.642004957265065,True,False
2003-08-07 20:00:00,4.0,4.099999904632568,3.890000104904175,3.890000104904175,243700,5.390333310763041,429746.6666666667,23.90772386933131,25.22948904655078,True,True
2003-08-10 20:00:00,3.900000095367432,4.099999904632568,3.900000095367432,3.990000009536743,206000,5.365666643778483,420280.0,25.05944527591358,28.159386266110197,True,True
2003-08-11 20:00:00,3.920000076293945,4.210000038146973,3.900000095367432,4.150000095367432,502300,5.341999975840251,421376.6666666667,25.6068874495544,32.70321219439431,True,False
2003-08-12 20:00:00,4.300000190734863,4.409999847412109,3.309999942779541,3.4100000858306885,713000,5.291333317756653,432820.0,27.228318283613525,24.868851348420247,True,False
2003-08-13 20:00:00,3.75,4.019999980926514,3.609999895095825,3.819999933242798,1045600,5.243333307902018,450483.3333333333,28.733932629525565,34.26493564370986,True,False
2003-08-14 20:00:00,3.859999895095825,3.9800000190734863,3.799999952316284,3.799999952316284,192000,5.195333313941956,422980.0,30.132003093586746,34.041288459230664,True,True
2003-08-17 20:00:00,3.819999933242798,4.190000057220459,3.819999933242798,4.190000057220459,252500,5.140666651725769,409523.3333333333,30.441233052035553,41.99224529984812,True,True
2003-08-18 20:00:00,4.260000228881836,4.550000190734863,4.25,4.389999866485596,429900,5.092999974886577,413123.3333333333,29.31638516103839,45.612943518522556,True,False
2003-08-19 20:00:00,4.400000095367432,4.510000228881836,4.25,4.260000228881836,279800,5.032999984423319,409870.0,28.271883547969594,43.70344557783425,True,True
2003-08-20 20:00:00,4.369999885559082,4.510000228881836,4.300000190734863,4.489999771118164,342300,4.986666639645894,408310.0,27.301989192977143,47.862111622460155,True,True
2003-08-21 20:00:00,4.550000190734863,4.579999923706055,4.230000019073486,4.360000133514404,442300,4.930333304405212,417690.0,26.611427684048845,45.80260921647365,True,False
2003-08-24 20:00:00,4.329999923706055,4.420000076293945,3.930000066757202,3.9600000381469727,697300,4.854333313306173,415426.6666666667,26.777763061806883,40.08683743698856,True,False
2003-08-25 20:00:00,3.900000095367432,4.0,3.880000114440918,3.900000095367432,707000,4.774999976158142,427246.6666666667,27.054262566113998,39.29471157811852,True,False
2003-08-26 20:00:00,3.9700000286102295,4.099999904632568,3.900000095367432,3.900000095367432,665400,4.702999981244405,439706.6666666667,26.851509901504915,39.294711578118516,True,False
2003-08-27 20:00:00,3.900000095367432,4.019999980926514,3.900000095367432,3.910000085830689,620600,4.633333317438761,446983.3333333333,26.663239570082197,39.52569531130845,True,False
2003-08-28 20:00:00,4.070000171661377,4.099999904632568,3.920000076293945,3.9600000381469727,508700,4.566999991734822,458683.3333333333,26.100786972355447,40.73984529388957,True,False
2003-09-01 20:00:00,3.950000047683716,4.170000076293945,3.890000104904175,3.990000009536743,1254400,4.509999998410543,489100.0,25.243011428105383,41.49877637291802,True,False
2003-09-02 20:00:00,4.010000228881836,4.090000152587891,3.900000095367432,3.930000066757202,872900,4.449333333969117,510133.3333333333,24.44650556558747,40.38480950320912,True,False
2003-09-03 20:00:00,3.910000085830689,4.010000228881836,3.809999942779541,4.0,610100,4.392666673660278,518206.6666666667,24.048543624645152,42.329810528775646,True,False
2003-09-04 20:00:00,4.050000190734863,4.199999809265137,3.859999895095825,4.019999980926514,625200,4.343333339691162,527110.0,22.724959159986696,42.90299297437091,True,False
2003-09-07 20:00:00,4.110000133514404,5.019999980926514,4.050000190734863,4.989999771118164,4311100,4.325,654380.0,23.293267857614563,62.414433827664716,False,False
2003-09-08 20:00:00,4.989999771118164,5.570000171661377,4.710000038146973,5.349999904632568,1907900,4.31200000445048,703606.6666666666,24.804282172029662,66.93104014849428,False,False
2003-09-09 20:00:00,5.25,5.329999923706055,4.800000190734863,5.099999904632568,1238800,4.289666668574015,740770.0,26.207366892557967,61.41196665873149,False,False
2003-09-10 20:00:00,5.099999904632568,5.230000019073486,4.880000114440918,4.900000095367432,1003200,4.276666673024495,753363.3333333334,27.510231275905678,57.33854360801877,False,False
2003-09-11 20:00:00,4.949999809265137,5.090000152587891,4.880000114440918,5.050000190734863,620700,4.270000012715657,756956.6666666666,28.7200339175857,59.507864646504416,False,True
2003-09-14 20:00:00,5.099999904632568,5.46999979019165,5.059999942779541,5.139999866485596,2338000,4.275666681925456,818593.3333333334,30.46164254254455,60.79597451219004,False,False
2003-09-15 20:00:00,5.130000114440918,5.199999809265137,4.929999828338623,5.050000190734863,932800,4.280000019073486,835500.0,31.485204157001068,58.782191453638596,False,False
2003-09-16 20:00:00,4.800000190734863,5.03000020980835,4.559999942779541,4.909999847412109,856100,4.2953333536783855,851406.6666666666,30.960325375934584,55.69187780807282,False,False
2003-09-17 20:00:00,4.849999904632568,5.0,4.800000190734863,4.900000095367432,460800,4.324666690826416,846856.6666666666,30.47293793637285,55.467571877965646,False,True
2003-09-18 20:00:00,4.820000171661377,5.210000038146973,4.769999980926514,5.150000095367432,3991300,4.362000020345052,962390.0,30.485506638289234,59.82418549684261,False,False
2003-09-21 20:00:00,5.159999847412109,5.159999847412109,4.880000114440918,4.889999866485596,1564600,4.3953333457311,1006420.0,30.497177575783017,53.91655640344513,False,False
2003-09-22 20:00:00,4.960000038146973,5.099999904632568,4.920000076293945,4.940000057220459,1195200,4.427000013987223,1039393.3333333334,30.50801487488439,54.8401304474345,False,False
2003-09-23 20:00:00,5.150000095367432,5.739999771118164,5.130000114440918,5.230000019073486,3588700,4.463000011444092,1142273.3333333333,31.73801890613232,59.864344337617084,False,False
2003-09-24 20:00:00,5.420000076293945,5.449999809265137,4.599999904632568,4.829999923706055,1230200,4.510333339373271,1159513.3333333333,30.979959406977393,51.37432956466858,False,False
2003-09-25 20:00:00,4.889999866485596,4.940000057220459,4.53000020980835,4.539999961853027,952900,4.534333340326945,1156423.3333333333,30.05997766912003,46.25278843200638,False,True
2003-09-28 20:00:00,4.53000020980835,4.860000133514404,4.519999980926514,4.789999961853027,681600,4.567333340644836,1172743.3333333333,29.173420819440363,50.80576543301809,False,True
2003-09-29 20:00:00,4.860000133514404,4.860000133514404,4.590000152587891,4.630000114440918,555000,4.582000009218851,1182826.6666666667,28.35018945902353,48.00308908902665,False,True
2003-09-30 20:00:00,4.730000019073486,4.880000114440918,4.579999923706055,4.71999979019165,682700,4.59300000667572,1191253.3333333333,27.637522846938744,49.684477297806204,False,True
2003-10-01 20:00:00,4.71999979019165,4.960000038146973,4.71999979019165,4.869999885559082,325600,4.613333328564962,1192780.0,27.188703870545094,52.44458304688509,False,True
2003-10-02 20:00:00,4.960000038146973,5.010000228881836,4.099999904632568,4.199999809265137,993100,4.603666663169861,1214473.3333333333,25.746335597046265,41.495201070319084,True,True
2003-10-05 20:00:00,4.639999866485596,4.920000076293945,4.5,4.559999942779541,1049000,4.610333323478699,1234696.6666666667,24.406993628797352,47.80130479641257,True,True
2003-10-06 20:00:00,4.579999923706055,5.239999771118164,4.579999923706055,5.159999847412109,1339800,4.65033331712087,1256113.3333333333,23.10154978333469,56.26290914615263,False,False
2003-10-07 20:00:00,5.230000019073486,5.239999771118164,4.889999866485596,5.0,1110400,4.686999980608622,1269560.0,21.889351926833648,53.760218540565866,False,True
2003-10-08 20:00:00,5.039999961853027,5.159999847412109,4.809999942779541,4.909999847412109,637500,4.720666639010111,1268630.0,20.503351809691473,52.34960910973132,False,True
2003-10-09 20:00:00,5.039999961853027,5.099999904632568,4.860000133514404,5.010000228881836,362200,4.75733331044515,1260016.6666666667,19.216351700916594,53.800148191254415,False,True
2003-10-12 20:00:00,5.050000190734863,5.28000020980835,5.0,5.230000019073486,487600,4.7996666431427,1259313.3333333333,18.594237906815483,56.90803076401679,False,True
2003-10-13 20:00:00,5.210000038146973,5.21999979019165,5.019999980926514,5.119999885559082,483900,4.837333305676778,1233630.0,18.01656081229302,54.91873139747223,False,True
2003-10-14 20:00:00,5.099999904632568,5.409999847412109,5.039999961853027,5.239999771118164,1169500,4.8809999624888105,1243516.6666666667,18.06496842764056,56.697076752528055,False,True
2003-10-15 20:00:00,5.21999979019165,5.340000152587891,5.130000114440918,5.260000228881836,378400,4.922999970118204,1235793.3333333333,18.109918356177566,57.0015273235595,False,True
2003-10-16 20:00:00,5.369999885559082,5.409999847412109,5.039999961853027,5.360000133514404,1539500,4.967666641871134,1266270.0,17.745938519485684,58.56993697150321,False,False
2003-10-19 20:00:00,5.449999809265137,5.579999923706055,5.190000057220459,5.369999885559082,888400,4.980333312352498,1152180.0,17.959134554119405,58.73204099520684,False,True
2003-10-20 20:00:00,5.309999942779541,5.579999923706055,5.25,5.409999847412109,797300,4.98233331044515,1115160.0,18.157102300565004,59.4160898465963,False,True
2003-10-21 20:00:00,5.369999885559082,5.440000057220459,5.179999828338623,5.300000190734863,712600,4.98899998664856,1097620.0,17.990451422050285,56.6358516908439,False,True
2003-10-22 20:00:00,5.260000228881836,5.570000171661377,5.179999828338623,5.380000114440918,661400,5.004999987284342,1086226.6666666667,18.287686454601474,58.16891465153312,False,True
2003-10-23 20:00:00,5.400000095367432,5.429999828338623,5.199999809265137,5.309999942779541,503000,5.013666645685832,1082303.3333333333,18.56369041339901,56.29356547501945,False,True
2003-10-27 20:00:00,5.289999961853027,5.5,5.289999961853027,5.400000095367432,526400,5.022333319981893,1021916.6666666666,19.069314660147366,58.1612301823617,False,True
2003-10-28 20:00:00,5.449999809265137,5.539999961853027,5.289999961853027,5.369999885559082,558800,5.032999976476034,1009450.0,19.68144375869562,57.282528530757894,False,True
2003-10-29 20:00:00,5.269999980926514,5.46999979019165,5.25,5.300000190734863,655700,5.045999987920125,1002770.0,19.993610161420964,55.18742946708629,False,True
2003-10-30 20:00:00,5.409999847412109,5.670000076293945,5.289999961853027,5.309999942779541,712600,5.059666649500529,1011163.3333333334,20.99654966359384,55.43816920981295,False,True
2003-10-31 20:00:00,5.300000190734863,5.449999809265137,5.28000020980835,5.28000020980835,364800,5.063999986648559,890280.0,21.86056648073445,54.453785903780094,False,True
2003-11-03 20:00:00,5.349999904632568,5.449999809265137,5.28000020980835,5.289999961853027,422300,5.077333323160807,852203.3333333334,22.66286781093645,54.742258632180565,False,True
2003-11-04 20:00:00,5.289999961853027,5.550000190734863,5.090000152587891,5.5,684700,5.095999987920125,835186.6666666666,22.13303286865994,60.41277220979791,False,True
2003-11-05 20:00:00,5.070000171661377,5.46999979019165,5.019999980926514,5.28000020980835,1076700,5.097666660944621,751453.3333333334,21.225192818454236,52.9306571767299,False,False
2003-11-06 20:00:00,5.349999904632568,5.46999979019165,5.199999809265137,5.409999847412109,398000,5.116999991734823,723713.3333333334,20.382198486120366,56.369338808140725,False,True
2003-11-07 20:00:00,5.409999847412109,6.059999942779541,5.21999979019165,6.0,1453900,5.165666659673055,740413.3333333334,21.738150352141066,67.8492710309064,False,False
2003-11-10 20:00:00,6.070000171661377,6.119999885559082,5.650000095367432,5.75,823800,5.197666660944621,745153.3333333334,23.14856900591991,60.576135785930774,False,False
2003-11-11 20:00:00,5.829999923706055,5.829999923706055,5.300000190734863,5.489999771118164,921200,5.226333316167196,757360.0,22.639337528353906,54.08298436327659,False,False
2003-11-12 20:00:00,5.539999961853027,5.960000038146973,5.409999847412109,5.909999847412109,824700,5.265999984741211,762093.3333333334,22.56933651690326,61.29954630821154,False,False
2003-11-13 20:00:00,5.800000190734863,5.909999847412109,5.659999847412109,5.75,516000,5.295333321889242,768440.0,22.504335577699088,57.586484812069884,False,True
2003-11-14 20:00:00,5.829999923706055,5.829999923706055,5.300000190734863,5.360000133514404,829200,5.3339999993642175,762976.6666666666,20.902198544607327,49.68623939460365,False,False
2003-11-17 20:00:00,5.289999961853027,5.639999866485596,5.0,5.25,623600,5.357000001271566,748796.6666666666,20.38569934942629,47.69859346550112,True,True
2003-11-18 20:00:00,5.28000020980835,5.650000095367432,5.150000095367432,5.159999847412109,605300,5.357000001271566,724313.3333333334,19.8662546464314,46.074546146842636,True,True
2003-11-19 20:00:00,5.119999885559082,5.409999847412109,5.099999904632568,5.28000020980835,493400,5.36633334159851,703746.6666666666,19.543657056067254,48.58805895225371,True,True
2003-11-20 20:00:00,5.210000038146973,5.5,5.130000114440918,5.139999866485596,557700,5.3740000089009605,701086.6666666666,18.852541069488044,45.90004434299781,True,True
2003-11-21 20:00:00,5.150000095367432,5.429999828338623,5.110000133514404,5.179999828338623,1730500,5.379666662216186,746696.6666666666,18.28318754559382,46.80553439859619,True,False
2003-11-24 20:00:00,5.260000228881836,5.75,5.260000228881836,5.699999809265137,781800,5.395333321889241,756503.3333333334,17.485535744536637,56.90393937777338,False,False
2003-11-25 20:00:00,5.739999771118164,5.989999771118164,5.650000095367432,5.829999923706055,494800,5.418999989827474,756866.6666666666,17.513836226567754,58.999501594395255,False,True
2003-11-26 20:00:00,5.920000076293945,6.21999979019165,5.699999809265137,6.170000076293945,826200,5.45,745423.3333333334,18.166792243833207,63.93837945319564,False,False
2003-11-28 20:00:00,6.110000133514404,6.179999828338623,5.860000133514404,6.050000190734863,242600,5.476333332061768,740896.6666666666,18.7731085455797,61.139110242665275,False,True
2003-12-01 20:00:00,6.210000038146973,6.559999942779541,6.090000152587891,6.559999942779541,845500,5.516333325703939,717763.3333333334,20.22636831010713,67.62620785778243,False,False
2003-12-02 20:00:00,6.53000020980835,7.269999980926514,6.53000020980835,6.820000171661377,1522200,5.564666668574016,738890.0,22.683871054640726,70.34412884942775,False,False
2003-12-03 20:00:00,7.059999942779541,7.090000152587891,6.349999904632568,6.400000095367432,616900,5.597666676839193,732876.6666666666,24.247441707746635,61.37959710052442,False,True
2003-12-04 20:00:00,6.409999847412109,6.639999866485596,6.300000190734863,6.599999904632568,581500,5.641000000635783,728506.6666666666,25.50223801945435,63.74872207251529,False,True
2003-12-05 20:00:00,6.400000095367432,6.670000076293945,6.239999771118164,6.25,518900,5.669999996821086,723756.6666666666,26.423576103429248,57.14249636639541,False,True
2003-12-08 20:00:00,6.239999771118164,6.409999847412109,6.050000190734863,6.150000095367432,495700,5.6980000019073485,723513.3333333334,26.529165448722743,55.37676020399487,False,True
2003-12-09 20:00:00,6.199999809265137,6.320000171661377,5.909999847412109,6.03000020980835,644300,5.719000005722046,727443.3333333334,26.108486731307032,53.25031256677752,False,True
2003-12-10 20:00:00,5.989999771118164,6.210000038146973,5.769999980926514,5.880000114440918,495500,5.736000013351441,725333.3333333334,25.221310862492025,50.63299653147323,False,True
2003-12-11 20:00:00,5.909999847412109,6.420000076293945,5.860000133514404,6.420000076293945,484800,5.773333342870076,719636.6666666666,24.92250932709914,58.534470252975325,False,True
2003-12-12 20:00:00,6.429999828338623,6.619999885559082,6.300000190734863,6.590000152587891,328200,5.816000016530355,706823.3333333334,25.098093425069795,60.66873979022125,False,True
2003-12-15 20:00:00,6.599999904632568,6.78000020980835,6.090000152587891,6.199999809265137,534400,5.846666669845581,712476.6666666666,24.503530701763772,53.82425683792032,False,True
2003-12-16 20:00:00,5.570000171661377,6.489999771118164,5.570000171661377,6.460000038146973,378900,5.885666672388712,711030.0,23.070664493627323,57.28411654809108,False,True
2003-12-17 20:00:00,6.420000076293945,6.489999771118164,6.119999885559082,6.369999885559082,200800,5.914666668574015,694900.0,21.740145871786332,55.72754633255958,False,True
2003-12-18 20:00:00,6.199999809265137,6.489999771118164,6.070000171661377,6.369999885559082,329500,5.95099999109904,669993.3333333334,20.64021574036358,55.72754633255958,False,True
2003-12-19 20:00:00,6.610000133514404,6.619999885559082,6.090000152587891,6.139999866485596,368200,5.9753333250681555,669000.0,19.218720114454676,51.573997822356866,False,True
2003-12-22 20:00:00,6.119999885559082,6.389999866485596,6.03000020980835,6.369999885559082,309000,5.987666654586792,630836.6666666666,18.07966311482249,55.17216865005422,False,True
2003-12-23 20:00:00,6.480000019073486,6.679999828338623,6.369999885559082,6.650000095367432,318300,6.017666657765706,613986.6666666666,17.419370614094948,59.151369243108455,False,True
2003-12-24 20:00:00,6.599999904632568,6.71999979019165,6.360000133514404,6.650000095367432,159000,6.056333335240682,588580.0,16.917701477531,59.151369243108455,False,True
2003-12-26 20:00:00,6.650000095367432,6.690000057220459,6.550000190734863,6.610000133514404,76000,6.079666678110758,563623.3333333334,16.45186585072162,58.294049323625174,False,True
2003-12-29 20:00:00,6.519999980926514,6.909999847412109,6.46999979019165,6.829999923706055,413000,6.115666675567627,560190.0,16.649315903553763,61.59132186557944,False,True
2003-12-30 20:00:00,6.800000190734863,6.929999828338623,6.619999885559082,6.909999847412109,283500,6.167333332697551,542000.0,16.887739655399866,62.744764817424716,False,True
2003-12-31 20:00:00,6.840000152587891,7.0,6.539999961853027,6.840000152587891,640500,6.2203333377838135,542563.3333333334,16.770656858157746,61.01806653073388,False,False
2004-01-02 20:00:00,6.769999980926514,7.0,6.769999980926514,6.820000171661377,311900,6.275666681925456,532783.3333333334,16.661937117861495,60.505732032603255,False,True
2004-01-05 20:00:00,6.860000133514404,7.349999904632568,6.860000133514404,7.28000020980835,638900,6.342333348592122,537633.3333333334,17.571553700495393,67.30535398385892,False,False
2004-01-06 20:00:00,7.110000133514404,7.610000133514404,7.110000133514404,7.349999904632568,658300,6.416000016530355,540986.6666666666,19.010347490404857,68.20250704000513,False,False
2004-01-07 20:00:00,7.369999885559082,7.699999809265137,7.199999809265137,7.599999904632568,610900,6.496666685740153,503666.6666666667,20.533542412253336,71.23805246636016,False,False
2004-01-08 20:00:00,7.710000038146973,8.210000038146973,7.650000095367432,8.170000076293945,948200,6.5790000279744465,509213.3333333333,22.81858510100303,76.69971386446187,False,False
2004-01-09 20:00:00,8.199999809265137,8.75,7.909999847412109,8.579999923706055,1226200,6.670666694641113,533593.3333333334,25.581117180306556,79.68758243612606,False,False
2004-01-12 20:00:00,8.600000381469727,8.850000381469727,8.390000343322754,8.489999771118164,1026400,6.74800001780192,540266.6666666666,28.246197544074455,77.3430001250275,False,False
2004-01-13 20:00:00,8.510000228881836,8.649999618530273,8.119999885559082,8.59000015258789,828500,6.832666683197021,559796.6666666666,29.60976531040188,78.11353714071898,False,False
2004-01-14 20:00:00,8.680000305175781,9.40999984741211,8.539999961853027,9.359999656677246,1086800,6.926000006993612,567840.0,31.720437251053244,82.928009838559,False,False
2004-01-15 20:00:00,9.539999961853027,9.6899995803833,8.630000114440918,8.890000343322754,957500,6.995000012715658,549016.6666666666,33.91893800045769,72.45159765943102,False,False
2004-01-16 20:00:00,8.930000305175781,9.4399995803833,8.899999618530273,9.390000343322754,645600,7.094666687647502,549973.3333333334,35.96040298204754,75.93465686299041,False,False
2004-01-20 20:00:00,9.460000038146973,9.529999732971191,9.020000457763672,9.479999542236328,567900,7.190666675567627,549520.0,37.935300811883614,76.51035421252155,False,False
2004-01-21 20:00:00,9.460000038146973,9.640000343322754,9.0,9.460000038146973,429100,7.297666676839193,546526.6666666666,39.866568441326436,76.07483386438028,False,True
2004-01-22 20:00:00,9.300000190734863,9.529999732971191,8.770000457763672,8.770000457763672,464300,7.385000022252401,545480.0,40.74270844170122,62.794117983505046,False,True
2004-01-23 20:00:00,8.829999923706055,9.350000381469728,8.829999923706055,9.350000381469728,528900,7.4956666946411135,541633.3333333334,41.5562670134778,67.87144826801558,False,True
2004-01-26 20:00:00,9.130000114440918,9.989999771118164,9.130000114440918,9.899999618530272,818700,7.629666678110758,552406.6666666666,42.99812314603639,71.80126479197988,False,False
2004-01-27 20:00:00,9.800000190734863,9.90999984741211,9.289999961853027,9.40999984741211,559800,7.729333337148031,554906.6666666666,44.3369895548408,64.26006014567251,False,False
2004-01-28 20:00:00,9.40999984741211,9.550000190734863,8.770000457763672,8.899999618530273,369200,7.80633331934611,556273.3333333334,43.74236041652375,57.491846397911964,False,True
2004-01-29 20:00:00,8.880000114440918,9.369999885559082,8.199999809265137,8.680000305175781,1198700,7.889000002543131,578416.6666666666,41.654228991850864,54.810032510234066,False,False
2004-01-30 20:00:00,8.680000305175781,9.140000343322754,8.619999885559082,8.920000076293945,496300,7.971000003814697,582330.0,39.71524981179747,57.15786787834536,False,True
2004-02-02 20:00:00,9.93000030517578,10.239999771118164,9.600000381469728,9.710000038146973,1744700,8.082333342234294,633793.3333333334,39.510813052473786,63.82106052708517,False,False
2004-02-03 20:00:00,9.109999656677246,10.239999771118164,9.100000381469728,9.420000076293944,1605200,8.184000015258789,676316.6666666666,38.21218123104443,60.12433558514226,False,False
2004-02-04 20:00:00,9.5,9.5,8.550000190734863,8.739999771118164,1110800,8.270666678746542,701070.0,35.97973937960156,52.4522553195598,False,False
2004-02-05 20:00:00,8.760000228881836,9.199999809265137,8.720000267028809,8.720000267028809,701300,8.349000024795533,714146.6666666666,33.90675766040461,52.24111552609562,False,True
2004-02-06 20:00:00,8.800000190734863,8.960000038146973,8.59000015258789,8.869999885559082,756100,8.42300001780192,728740.0,31.741572596755372,53.74501927240648,False,False
2004-02-09 20:00:00,9.149999618530272,9.25,8.550000190734863,9.09000015258789,1454600,8.504333353042602,771926.6666666666,30.21477291720828,55.93661988257917,False,False
2004-02-10 20:00:00,9.100000381469728,9.40999984741211,8.90999984741211,9.399999618530272,713300,8.597333335876465,793170.0,29.053548314227744,58.89224335099688,False,True
2004-02-11 20:00:00,9.420000076293944,9.699999809265137,9.050000190734863,9.210000038146973,1155600,8.676666673024496,817923.3333333334,28.421048409308046,56.39539965786543,False,False
2004-02-12 20:00:00,8.579999923706055,8.600000381469727,8.0,8.3100004196167,4540400,8.723333358764648,959820.0,26.841075217337043,46.36728499014979,True,False
2004-02-13 20:00:00,8.489999771118164,8.550000190734863,8.100000381469727,8.1899995803833,5872200,8.768333339691162,1134210.0,25.373957253363965,45.21286385109454,True,False
2004-02-17 20:00:00,8.229999542236328,8.470000267028809,8.229999542236328,8.350000381469727,3599000,8.819333346684774,1243780.0,24.01163342967468,47.10389572496831,True,False
2004-02-18 20:00:00,8.369999885559082,8.5,8.279999732971191,8.34000015258789,3790700,8.854666678110759,1348840.0,22.687348312048382,46.99471606283714,True,False
2004-02-19 20:00:00,8.449999809265137,8.520000457763672,8.229999542236328,8.369999885559082,1683900,8.888666677474976,1383026.6666666667,21.550949337399793,47.38867980249192,True,False
2004-02-20 20:00:00,8.239999771118164,8.40999984741211,8.100000381469727,8.260000228881836,1018500,8.910666688283284,1396613.3333333333,20.743738606955922,46.037517236875495,True,True
2004-02-23 20:00:00,8.25,8.399999618530273,7.849999904632568,7.980000019073486,2020400,8.904333353042603,1432353.3333333333,20.453287974821645,42.70007795774266,True,False
2004-02-24 20:00:00,7.920000076293945,8.279999732971191,7.800000190734863,8.15999984741211,1378800,8.890333350499471,1437440.0,20.273990645917188,45.438414836199776,True,True
2004-02-25 20:00:00,8.0600004196167,8.319999694824219,8.020000457763672,8.279999732971191,562500,8.883333349227906,1421976.6666666667,19.998672138338115,47.24834717610839,True,True
2004-02-26 20:00:00,8.180000305175781,8.399999618530273,7.949999809265137,8.359999656677246,896900,8.875666666030884,1424256.6666666667,19.5179114429981,48.47545562184978,True,True
2004-02-27 20:00:00,8.4399995803833,8.640000343322754,8.319999694824219,8.640000343322754,1013800,8.851666688919067,1421823.3333333333,18.42081132060365,52.62895408640191,True,True
2004-03-01 20:00:00,8.699999809265137,8.75,8.489999771118164,8.729999542236328,548500,8.846333328882853,1408190.0,17.118014590804997,53.914905635811195,True,True
2004-03-02 20:00:00,8.720000267028809,8.989999771118164,8.5,8.710000038146973,483700,8.823666652043661,1402793.3333333333,16.471435249370057,53.566910241810675,True,True
2004-03-03 20:00:00,8.819999694824219,9.100000381469728,8.699999809265137,9.029999732971191,1993300,8.808666658401489,1450306.6666666667,16.1274626781691,58.21428316906666,False,False
2004-03-04 20:00:00,8.979999542236328,9.390000343322754,8.899999618530273,9.350000381469728,820200,8.805000003178915,1463343.3333333333,16.437832084830543,62.2800040084507,False,True
2004-03-05 20:00:00,9.289999961853027,9.550000190734863,9.100000381469728,9.460000038146973,889300,8.82799998919169,1477510.0,17.044020081160504,63.59141451850914,False,True
2004-03-08 20:00:00,9.489999771118164,9.68000030517578,8.970000267028809,9.010000228881836,645200,8.816666650772095,1481386.6666666667,17.19024828956199,55.144891128520854,False,True
2004-03-09 20:00:00,9.039999961853027,9.170000076293944,8.5,8.680000305175781,625900,8.77600000699361,1474960.0,16.01742679240064,49.90950236717266,True,True
2004-03-10 20:00:00,8.65999984741211,9.100000381469728,8.350000381469727,8.420000076293945,1099000,8.743000014623005,1492933.3333333333,15.179734655111314,46.18880019326322,True,True
2004-03-11 20:00:00,8.470000267028809,8.569999694824219,8.149999618530273,8.25,645600,8.721333360671997,1502146.6666666667,14.861684789461549,43.885135927721564,True,True
2004-03-12 20:00:00,8.300000190734863,8.979999542236328,8.229999542236328,8.6899995803833,709500,8.72166666984558,1485840.0,14.056463767646346,50.73398739291379,True,True
2004-03-15 20:00:00,8.779999732971191,8.859999656677246,7.840000152587891,7.849999904632568,500400,8.685999997456868,1485976.6666666667,13.661449197009063,40.55703825234738,True,True
2004-03-16 20:00:00,7.889999866485596,8.350000381469727,7.579999923706055,7.730000019073486,583500,8.619999996821086,1447270.0,13.800770041406542,39.342891237085034,True,True
2004-03-17 20:00:00,7.860000133514404,8.630000114440918,7.25,8.539999961853027,2037600,8.590666659673055,1461683.3333333333,14.507245018051384,50.18377520999513,True,False
2004-03-18 20:00:00,8.5,8.539999961853027,8.199999809265137,8.449999809265137,716200,8.580999994277954,1448530.0,15.163257496364452,49.133025119725,True,True
2004-03-19 20:00:00,8.479999542236328,8.619999885559082,8.350000381469727,8.369999885559082,786900,8.56933331489563,1451383.3333333333,15.54082018604718,48.16759230653406,True,True
2004-03-22 20:00:00,8.34000015258789,8.399999618530273,7.929999828338623,8.039999961853027,897500,8.541666650772095,1456096.6666666667,16.62483754250397,44.30065076181572,True,True
2004-03-23 20:00:00,8.010000228881836,8.350000381469727,7.75,7.860000133514404,403700,8.500666650136312,1421066.6666666667,17.90966053185002,42.305602140507844,True,True
2004-03-24 20:00:00,7.789999961853027,7.889999866485596,7.610000133514404,7.610000133514404,407300,8.441000000635784,1410866.6666666667,19.312767314178608,39.63577390393404,True,True
2004-03-25 20:00:00,7.610000133514404,8.079999923706055,7.599999904632568,8.0,1875000,8.400666666030883,1434846.6666666667,20.00964976426631,45.422202276713165,True,False
2004-03-26 20:00:00,7.980000019073486,8.130000114440918,7.760000228881836,7.929999828338623,320300,8.387999979654948,1294176.6666666667,20.498373923732885,44.595888309635,True,True
2004-03-29 20:00:00,7.980000019073486,8.350000381469727,7.980000019073486,8.229999542236328,487800,8.389333311716715,1114696.6666666667,20.270124526874998,48.88740910590677,True,True
2004-03-30 20:00:00,8.350000381469727,8.609999656677246,8.229999542236328,8.460000038146973,1144900,8.392999966939291,1032893.3333333334,19.325627806968946,51.959734692559934,False,False
2004-03-31 20:00:00,8.539999961853027,8.609999656677246,8.300000190734863,8.3100004196167,752900,8.391999975840251,931633.3333333334,18.448595138484755,49.85501502720053,True,True
2004-04-01 20:00:00,8.300000190734863,8.539999961853027,8.149999618530273,8.220000267028809,1146300,8.386999988555909,913713.3333333334,18.001144626790886,48.583407527943365,True,False
2004-04-02 20:00:00,8.229999542236328,8.609999656677246,8.199999809265137,8.569999694824219,1140900,8.39733330408732,917793.3333333334,17.36910844887493,53.54566452576973,False,False
2004-04-04 20:00:00,8.710000038146973,8.760000228881836,8.380000114440918,8.489999771118164,1465100,8.414333295822143,899283.3333333334,16.324538029604856,52.30312413789691,False,False
2004-04-05 20:00:00,8.449999809265137,8.710000038146973,8.369999885559082,8.529999732971191,1010500,8.42666662534078,887006.6666666666,15.383734844578983,52.891748019733754,False,False
2004-04-06 20:00:00,8.539999961853027,8.670000076293945,8.130000114440918,8.40999984741211,390000,8.43099996248881,881256.6666666666,15.187069138906546,50.86377365547553,True,True
2004-04-07 20:00:00,8.449999809265137,8.579999923706055,8.09000015258789,8.09000015258789,332600,8.421999979019166,862446.6666666666,15.112170774657786,45.81866643019428,True,True
2004-04-11 20:00:00,8.100000381469727,8.279999732971191,7.909999847412109,7.949999809265137,447800,8.398999961217244,843580.0,15.516038790516692,43.773011085063914,True,True
2004-04-12 20:00:00,7.96999979019165,8.140000343322754,7.559999942779541,7.579999923706055,1135700,8.360666640599568,863153.3333333334,16.678579863632297,38.837839514101866,True,False
2004-04-13 20:00:00,7.590000152587891,8.09000015258789,7.559999942779541,7.650000095367432,1106000,8.325333309173583,883896.6666666666,17.758082288668216,40.211241179893804,True,False
2004-04-14 20:00:00,7.670000076293945,7.800000190734863,7.489999771118164,7.630000114440918,768900,8.278666655222574,843083.3333333334,18.912810632019415,39.935318711599386,True,True
2004-04-15 20:00:00,7.650000095367432,8.069999694824219,7.610000133514404,8.029999732971191,911000,8.234666633605958,846110.0,18.885461641908304,47.66941937569988,True,False
2004-04-18 20:00:00,8.149999618530273,8.319999694824219,7.829999923706055,8.260000228881836,541800,8.194666639963787,834526.6666666666,17.989430052460236,51.53382963661306,False,True
2004-04-19 20:00:00,8.15999984741211,8.3100004196167,7.820000171661377,7.860000133514404,423100,8.156333303451538,827123.3333333334,17.186904146371443,45.272353230210136,True,True
2004-04-20 20:00:00,7.849999904632568,8.1899995803833,7.840000152587891,8.09000015258789,488600,8.136666631698608,822546.6666666666,16.44170151928899,49.101826064962204,True,True
2004-04-21 20:00:00,8.149999618530273,8.4399995803833,8.0600004196167,8.260000228881836,734800,8.131333303451537,810406.6666666666,15.649367414891026,51.787174998608606,False,True
2004-04-22 20:00:00,8.279999732971191,8.3100004196167,7.929999828338623,8.0,854300,8.122999970118205,817363.3333333334,14.598714802766434,47.64678348702675,True,False
2004-04-25 20:00:00,8.0,8.350000381469727,8.0,8.239999771118164,451600,8.107999976476034,808766.6666666666,13.628651097570748,51.501309507558766,False,True
2004-04-26 20:00:00,8.199999809265137,8.34000015258789,7.989999771118164,8.270000457763672,1000000,8.121999994913738,825420.0,12.690388726796112,51.9772793361083,False,False
2004-04-27 20:00:00,8.079999923706055,8.130000114440918,7.78000020980835,7.78000020980835,526600,8.123666667938233,823523.3333333334,12.503442678810824,44.3256441526548,True,True
2004-04-28 20:00:00,7.670000076293945,8.0600004196167,7.659999847412109,7.739999771118164,728800,8.096999994913737,779896.6666666666,12.720206396690246,43.759320861514475,True,True
2004-04-29 20:00:00,7.739999771118164,8.25,7.239999771118164,7.949999809265137,1250300,8.08033332824707,797700.0,14.04586058752852,47.54818628923077,True,False
2004-05-02 20:00:00,7.940000057220459,8.199999809265137,7.679999828338623,7.75,709100,8.0596666653951,795106.6666666666,15.276825193306916,44.47512850371809,True,True
2004-05-03 20:00:00,7.639999866485596,7.889999866485596,7.199999809265137,7.300000190734863,731200,8.035000006357828,789563.3333333334,17.392215846322078,38.453186877481,True,True
2004-05-04 20:00:00,7.619999885559082,7.869999885559082,7.440000057220459,7.849999904632568,843600,8.0346666653951,804226.6666666666,19.35650716697901,47.76284372948666,True,False
2004-05-05 20:00:00,7.840000152587891,7.840000152587891,7.28000020980835,7.53000020980835,432800,8.032000001271566,805076.6666666666,21.46048699547696,43.62794702863542,True,True
2004-05-06 20:00:00,7.599999904632568,7.849999904632568,7.260000228881836,7.300000190734863,537700,8.00866667429606,760500.0,23.448861038089554,40.888052145621884,True,True
2004-05-09 20:00:00,7.309999942779541,7.440000057220459,6.929999828338623,7.059999942779541,768000,7.979666678110759,775423.3333333334,25.81754320487966,38.19268565814722,True,True
2004-05-10 20:00:00,7.090000152587891,7.510000228881836,6.949999809265137,7.210000038146973,716600,7.945666694641114,783050.0,27.660226798167937,40.818545637829764,True,True
2004-05-11 20:00:00,7.230000019073486,7.5,6.929999828338623,7.480000019073486,924800,7.913000027338664,775713.3333333334,29.40487906149858,45.32157299233833,True,False
2004-05-12 20:00:00,7.400000095367432,7.53000020980835,7.269999980926514,7.320000171661377,426400,7.880000019073487,764830.0,30.85699894644542,43.22276819726323,True,True
2004-05-13 20:00:00,7.329999923706055,7.389999866485596,7.03000020980835,7.070000171661377,466300,7.841666682561239,742163.3333333334,32.627332274229936,40.09815283621054,True,True
2004-05-16 20:00:00,6.96999979019165,7.070000171661377,6.789999961853027,6.789999961853027,378600,7.782333358128866,716753.3333333334,34.62715948711316,36.882239744133685,True,True
2004-05-17 20:00:00,6.78000020980835,7.150000095367432,6.78000020980835,7.0,650600,7.7326666990915935,689603.3333333334,36.03939322640517,40.72212513961437,True,True
2004-05-18 20:00:00,7.139999866485596,7.210000038146973,6.730000019073486,6.789999961853027,500400,7.674666706720988,672600.0,37.01594069170669,38.21819862092416,True,True
2004-05-19 20:00:00,6.710000038146973,7.0,6.610000133514404,6.710000038146973,422500,7.61800004641215,673683.3333333334,38.1431988608049,37.277833119780325,True,True
2004-05-20 20:00:00,6.760000228881836,7.0,6.639999866485596,6.769999980926514,1327200,7.5740000406901045,706836.6666666666,39.18993858925324,38.50004698319344,True,False
2004-05-23 20:00:00,6.820000171661377,7.0,6.650000095367432,6.809999942779541,944500,7.536000045140584,723393.3333333334,40.16191119424098,39.34856420738628,True,False
2004-05-24 20:00:00,6.75,7.039999961853027,6.730000019073486,7.019999980926514,405900,7.517333380381266,699066.6666666666,40.79252735569809,43.73740772593963,True,True
2004-05-25 20:00:00,7.050000190734863,7.46999979019165,6.949999809265137,7.46999979019165,870400,7.511333370208741,691213.3333333334,38.99563251711619,51.788221840096504,True,False
2004-05-26 20:00:00,7.46999979019165,7.619999885559082,7.289999961853027,7.489999771118164,580200,7.506666692097982,684923.3333333334,36.68632166123161,52.116174258539004,True,True
2004-05-27 20:00:00,7.519999980926514,7.519999980926514,7.050000190734863,7.170000076293945,733800,7.4780000368754065,679016.6666666666,35.328040612805786,46.64852924746623,True,False
2004-05-31 20:00:00,7.070000171661377,7.300000190734863,7.059999942779541,7.170000076293945,412200,7.44166669845581,674696.6666666666,34.066779639267516,46.64852924746623,True,True
2004-06-01 20:00:00,7.190000057220459,7.480000019073486,7.110000133514404,7.480000019073486,414200,7.429000027974447,674400.0,32.11376812218288,52.274062162012356,False,True
2004-06-02 20:00:00,7.480000019073486,7.480000019073486,7.139999866485596,7.25,568100,7.401000022888184,677050.0,30.30025742774715,48.21220014340975,True,True
2004-06-03 20:00:00,7.25,7.369999885559082,7.119999885559082,7.199999809265137,491500,7.365666675567627,668940.0,28.695200118725722,47.35081992811418,True,True
2004-06-06 20:00:00,7.199999809265137,7.360000133514404,7.119999885559082,7.25,386500,7.340666675567627,653346.6666666666,27.20478976034868,48.344707926853694,True,True
2004-06-07 20:00:00,7.28000020980835,7.400000095367432,7.190000057220459,7.289999961853027,481000,7.309000015258789,654326.6666666666,25.614883998289336,49.17136779958143,True,True
2004-06-08 20:00:00,7.28000020980835,7.320000171661377,6.940000057220459,7.0,565400,7.266666666666667,639840.0,25.174141999070837,43.70983831751263,True,True
2004-06-09 20:00:00,7.099999904632568,7.099999904632568,6.619999885559082,6.929999828338623,1194000,7.238333320617675,662086.6666666666,25.764502312883515,42.48323147067894,True,False
2004-06-13 20:00:00,6.960000038146973,7.0,6.599999904632568,6.599999904632568,404000,7.200333325068156,651260.0,26.367644817585038,37.185400843476,True,True
2004-06-14 20:00:00,6.650000095367432,6.800000190734863,6.610000133514404,6.800000190734863,521400,7.16200000445048,626963.3333333334,26.927705714807878,41.913204225859104,True,True
2004-06-15 20:00:00,6.869999885559082,7.0,6.650000095367432,6.989999771118164,305600,7.136666663487753,613513.3333333334,26.31464690419276,46.06624487164307,True,True
2004-06-16 20:00:00,6.920000076293945,7.0,6.599999904632568,6.739999771118164,396900,7.1179999828338625,602370.0,25.92526461925658,41.828515103848154,True,True
2004-06-17 20:00:00,6.599999904632568,6.800000190734863,6.570000171661377,6.710000038146973,383700,7.079999987284342,587040.0,25.674142397574656,41.337095509218294,True,True
2004-06-20 20:00:00,6.809999942779541,6.809999942779541,6.590000152587891,6.599999904632568,738600,7.048999977111817,597233.3333333334,25.38005815021122,39.504417410771154,True,False
2004-06-21 20:00:00,6.599999904632568,6.659999847412109,6.400000095367432,6.639999866485596,385400,7.026999966303507,592156.6666666666,25.805915469177222,40.536811414291044,True,True
2004-06-22 20:00:00,6.610000133514404,7.099999904632568,6.579999923706055,7.050000190734863,597700,7.026666641235352,586480.0,23.975300167699775,49.96274897274455,False,False
2004-06-23 20:00:00,7.050000190734863,7.150000095367432,6.980000019073486,7.099999904632568,1129200,7.022999970118205,600233.3333333334,22.452031652938356,50.98319345291888,False,False
2004-06-24 20:00:00,7.010000228881836,8.680000305175781,6.929999828338623,6.960000038146973,1671500,7.005666637420655,625123.3333333334,24.388083838727688,48.02960655210675,True,False
2004-06-27 20:00:00,7.059999942779541,7.190000057220459,6.949999809265137,7.019999980926514,491900,6.995666631062826,627306.6666666666,26.185846582674923,49.38300894825742,False,True
2004-06-28 20:00:00,7.0,7.420000076293945,6.96999979019165,7.400000095367432,545500,7.006666628519694,629946.6666666666,28.13442051979115,57.017501378651794,False,True
2004-06-29 20:00:00,7.400000095367432,7.639999866485596,7.179999828338623,7.639999866485596,650700,7.0349999586741125,639016.6666666666,30.189532551120603,61.01671046974384,False,False
2004-06-30 20:00:00,7.599999904632568,7.619999885559082,7.309999942779541,7.460000038146973,436900,7.050333293279012,631893.3333333334,32.097850865926524,56.75181715616758,False,True
2004-07-01 20:00:00,7.400000095367432,7.690000057220459,7.400000095367432,7.619999885559082,567600,7.077999957402548,634133.3333333334,33.95160299833035,59.464078841686444,False,True
2004-07-05 20:00:00,7.510000228881836,7.510000228881836,7.21999979019165,7.21999979019165,451000,7.09499994913737,635083.3333333334,34.89961154878047,50.87420864661013,False,True
2004-07-06 20:00:00,7.309999942779541,7.420000076293945,7.010000228881836,7.070000171661377,297800,7.104999955495199,600770.0,34.946564730331794,48.06993626445381,True,True
2004-07-07 20:00:00,7.070000171661377,7.150000095367432,6.739999771118164,6.739999771118164,350400,7.102666616439819,580966.6666666666,34.03278903172003,42.51732288633585,True,True
2004-07-08 20:00:00,6.829999923706055,6.989999771118164,6.75,6.800000190734863,363500,7.095333290100098,579553.3333333334,33.18428302586624,43.788693223556706,True,True
2004-07-11 20:00:00,6.849999904632568,6.949999809265137,6.400000095367432,6.460000038146973,828900,7.061666631698609,578170.0,31.267232304037968,38.581288594340016,True,False
2004-07-12 20:00:00,6.849999904632568,7.039999961853027,6.679999828338623,6.699999809265137,1597400,7.035333299636841,612076.6666666666,29.718556052494666,43.67330730385458,True,False
2004-07-13 20:00:00,6.739999771118164,6.900000095367432,6.599999904632568,6.760000228881836,508500,7.021666638056437,604566.6666666666,28.02957142876379,44.90313514602155,True,True
2004-07-14 20:00:00,6.820000171661377,6.889999866485596,6.610000133514404,6.699999809265137,296100,7.0059999624888105,600696.6666666666,26.461228563870836,43.87156705519118,True,True
2004-07-15 20:00:00,6.670000076293945,6.769999980926514,6.340000152587891,6.349999904632568,415400,6.968333292007446,600736.6666666666,24.98207764900693,38.338625357077824,True,True
2004-07-18 20:00:00,6.409999847412109,6.630000114440918,6.199999809265137,6.269999980926514,341400,6.9356666247049965,593180.0,24.00311916684307,37.184272541988896,True,True
2004-07-19 20:00:00,6.190000057220459,6.510000228881836,6.130000114440918,6.5,729700,6.912333297729492,601120.0,23.28795998798372,42.54081411928076,True,False
2004-07-20 20:00:00,6.449999809265137,6.570000171661377,6.139999866485596,6.269999980926514,643500,6.879666630427042,609686.6666666666,22.400270901406294,38.962732999367695,True,False
2004-07-21 20:00:00,6.179999828338623,6.300000190734863,5.78000020980835,6.179999828338623,630300,6.8426666259765625,614663.3333333334,22.535584868872313,37.6290052707209,True,False
2004-07-22 20:00:00,6.050000190734863,6.090000152587891,5.800000190734863,5.820000171661377,524300,6.803333298365275,613293.3333333334,22.6612335529479,32.793430116612186,True,True
2004-07-25 20:00:00,5.800000190734863,5.860000133514404,5.489999771118164,5.5,677000,6.755666637420655,596060.0,23.485334906872563,29.201238617058223,True,False
2004-07-26 20:00:00,5.5,5.820000171661377,5.460000038146973,5.760000228881836,595000,6.727666648228963,602426.6666666666,24.31379106667282,35.393601122704624,True,True
2004-07-27 20:00:00,5.809999942779541,5.849999904632568,5.460000038146973,5.739999771118164,386100,6.692333300908406,597916.6666666666,24.945301336171894,35.13899378101842,True,True
2004-07-28 20:00:00,5.75,5.960000038146973,5.610000133514404,5.909999847412109,233300,6.656333303451538,595506.6666666666,25.024070804254535,39.146079189438346,True,True
2004-07-29 20:00:00,5.900000095367432,6.289999961853027,5.849999904632568,6.130000114440918,484800,6.635999981562296,598436.6666666666,23.773039440820554,43.97024693779262,True,True
2004-08-01 20:00:00,6.300000190734863,6.309999942779541,5.820000171661377,6.039999961853027,545800,6.613666645685831,603840.0,22.70514201657736,42.48640202754167,True,True
2004-08-02 20:00:00,6.010000228881836,6.289999961853027,5.849999904632568,5.849999904632568,541100,6.588666645685832,597256.6666666666,21.713522979780105,39.45899512189375,True,True
2004-08-03 20:00:00,5.849999904632568,6.139999866485596,5.519999980926514,6.079999923706055,672100,6.5699999809265135,606813.3333333334,21.79126357216652,44.60478359629682,True,False
2004-08-04 20:00:00,6.380000114440918,6.400000095367432,5.800000190734863,5.809999942779541,1283600,6.528666639328003,629676.6666666666,20.8537112439154,40.276870171584115,True,False
2004-08-05 20:00:00,5.800000190734863,5.889999866485596,5.53000020980835,5.599999904632568,405100,6.478666639328003,605540.0,20.727208784671145,37.24954917955836,True,True
2004-08-08 20:00:00,5.579999923706055,5.769999980926514,5.550000190734863,5.599999904632568,252600,6.43333330154419,558243.3333333334,20.609742215372908,37.24954917955836,True,True
2004-08-09 20:00:00,5.639999866485596,5.789999961853027,5.46999979019165,5.730000019073486,844100,6.390333302815756,569983.3333333334,20.718652297092575,40.46238068484797,True,False
2004-08-10 20:00:00,5.590000152587891,5.96999979019165,5.449999809265137,5.949999809265137,335400,6.341999959945679,562980.0,20.089296990688307,45.54376375900474,True,True
2004-08-11 20:00:00,5.849999904632568,5.920000076293945,5.449999809265137,5.449999809265137,2312000,6.26899995803833,618356.6666666666,19.504895634741484,37.673956069362724,True,False
2004-08-12 20:00:00,5.539999961853027,5.579999923706055,5.400000095367432,5.489999771118164,510700,6.2033332824707035,620816.6666666666,19.12751578642235,38.58819833848718,True,True
2004-08-15 20:00:00,5.460000038146973,5.829999923706055,5.460000038146973,5.699999809265137,504000,6.1393332799275715,618696.6666666666,17.76613681312435,43.29131540062752,True,True
2004-08-16 20:00:00,5.840000152587891,5.929999828338623,5.75,5.920000076293945,466400,6.0959999561309814,619210.0,16.854447900383793,47.80136782864205,True,True
2004-08-17 20:00:00,5.989999771118164,6.329999923706055,5.960000038146973,6.28000020980835,443800,6.069666624069214,624076.6666666666,17.223655861936358,54.21778969407902,False,True
2004-08-18 20:00:00,6.260000228881836,6.550000190734863,6.190000057220459,6.25,813200,6.053333298365275,639503.3333333334,18.100871079958775,53.62620468223884,False,False
2004-08-19 20:00:00,6.300000190734863,6.75,6.25,6.690000057220459,533200,6.049666627248128,645160.0,19.34778951422395,60.44342271837563,False,True
2004-08-22 20:00:00,6.849999904632568,6.849999904632568,6.369999885559082,6.389999866485596,291700,6.047333288192749,627253.3333333334,20.70905733569428,54.55471111933312,False,True
2004-08-23 20:00:00,6.519999980926514,6.670000076293945,6.480000019073486,6.650000095367432,197400,6.045666631062826,580586.6666666666,21.973091741345304,58.34262437723182,False,True
2004-08-24 20:00:00,6.599999904632568,6.96999979019165,6.5,6.96999979019165,900300,6.0526666164398195,593646.6666666666,23.733152425589584,62.48695153836936,False,False
2004-08-25 20:00:00,6.949999809265137,7.0,6.699999809265137,6.71999979019165,531600,6.053333282470703,601496.6666666666,25.421447582551995,57.66062605330345,False,True
2004-08-26 20:00:00,7.150000095367432,7.199999809265137,6.96999979019165,7.099999904632568,1691700,6.0783332824707035,644040.0,27.335808724743153,62.412832223965374,False,False
2004-08-29 20:00:00,6.900000095367432,7.059999942779541,6.75,6.769999980926514,727600,6.09499994913737,656913.3333333334,28.042663636520775,56.48372916491395,False,False
2004-08-30 20:00:00,6.75,6.909999847412109,6.699999809265137,6.829999923706055,415100,6.105999946594238,646426.6666666666,28.46832192824861,57.27839465318,False,True
2004-08-31 20:00:00,6.960000038146973,7.559999942779541,6.860000133514404,6.96999979019165,551400,6.129333273569743,643356.6666666666,30.03193006444185,59.152770814060915,False,True
2004-09-01 20:00:00,7.0,7.119999885559082,6.940000057220459,7.019999980926514,599700,6.157333278656006,642336.6666666666,31.483851905192715,59.83061994011489,False,True
2004-09-02 20:00:00,7.099999904632568,7.179999828338623,7.0,7.099999904632568,519800,6.199999936421713,642186.6666666666,32.92371218696319,60.947288344944226,False,True
2004-09-06 20:00:00,7.110000133514404,7.639999866485596,7.110000133514404,7.639999866485596,824600,6.271333265304565,647106.6666666666,34.868207511479135,67.51231764872107,False,False
2004-09-07 20:00:00,7.769999980926514,7.880000114440918,7.550000190734863,7.730000019073486,1245500,6.33699992497762,668790.0,36.92981173295311,68.46386018371619,False,False
2004-09-08 20:00:00,7.639999866485596,7.940000057220459,7.630000114440918,7.940000057220459,981200,6.4103332678476965,688626.6666666666,38.90540075172511,70.62576631454183,False,False
2004-09-09 20:00:00,7.949999809265137,8.1899995803833,7.849999904632568,8.180000305175781,855600,6.485999949773153,709370.0,40.98245333924674,72.91132833222875,False,False
2004-09-12 20:00:00,8.210000038146973,8.510000228881836,8.180000305175781,8.460000038146973,1226000,6.563666613896688,734076.6666666666,43.17816223533884,75.32366405898496,False,False
2004-09-13 20:00:00,8.729999542236328,8.770000457763672,8.34000015258789,8.739999771118164,1251100,6.653666607538859,757586.6666666666,45.40426552818408,77.48311359600092,False,False
2004-09-14 20:00:00,8.800000190734863,9.109999656677246,8.600000381469727,8.75,2863100,6.75033327738444,834986.6666666666,47.68296935431342,77.55864862455579,False,False
2004-09-15 20:00:00,8.760000228881836,8.979999542236328,8.390000343322754,8.4399995803833,1734600,6.828999932607015,870403.3333333334,48.89557312923402,69.74764831667427,False,False
2004-09-16 20:00:00,8.59000015258789,8.84000015258789,8.069999694824219,8.630000114440918,905700,6.922999938329061,857806.6666666666,48.78915100313542,71.63330402024995,False,False
2004-09-19 20:00:00,8.6899995803833,9.050000190734863,8.609999656677246,8.930000305175781,1055500,7.033999951680501,879486.6666666666,48.94935149531675,74.3517029246663,False,False
2004-09-20 20:00:00,8.90999984741211,9.65999984741211,8.90999984741211,9.609999656677246,1636900,7.167666610081991,925630.0,49.7186677085247,79.21405005476213,False,False
2004-09-21 20:00:00,9.470000267028809,9.59000015258789,9.0,9.210000038146973,1700100,7.283666610717773,954163.3333333334,50.433032763646374,70.72086213113681,False,False
2004-09-22 20:00:00,9.199999809265137,9.399999618530272,9.109999656677246,9.15999984741211,520500,7.39066661198934,960333.3333333334,51.0963717434022,69.71465049167092,False,True
2004-09-23 20:00:00,9.300000190734863,9.5,9.010000228881836,9.050000190734863,662200,7.510666624704997,905340.0,51.81318296804594,67.44127124829346,False,True
2004-09-26 20:00:00,9.010000228881836,9.100000381469728,8.789999961853027,8.8100004196167,310000,7.621333312988281,898650.0,51.59624445090493,62.641565429952564,False,True
2004-09-27 20:00:00,8.899999618530273,9.1899995803833,8.800000190734863,9.170000076293944,850900,7.736999988555908,910213.3333333334,51.514365968530115,66.49361914601627,False,True
2004-09-28 20:00:00,9.170000076293944,9.5,9.170000076293944,9.369999885559082,944700,7.8519999821980795,926156.6666666666,51.820976916515356,68.4405277962499,False,False
2004-09-29 20:00:00,9.420000076293944,9.90999984741211,9.31999969482422,9.630000114440918,1082700,7.963666645685832,947453.3333333334,52.52690528983698,70.81469409536425,False,False
2004-09-30 20:00:00,9.739999771118164,10.079999923706056,9.729999542236328,9.920000076293944,1709000,8.085999981562297,977313.3333333334,53.336233181544586,73.23340225940558,False,False
2004-10-03 20:00:00,10.100000381469728,11.15999984741211,10.010000228881836,10.960000038146973,2427500,8.228333314259848,1040456.6666666666,54.80501797613186,79.72328538165957,False,False
2004-10-04 20:00:00,11.0,11.0,10.020000457763672,10.170000076293944,1740800,8.354333321253458,1088760.0,56.168889571105744,66.52780188090924,False,False
2004-10-05 20:00:00,10.15999984741211,10.729999542236328,9.850000381469728,10.729999542236328,2033400,8.490333302815754,1149960.0,56.8357341341875,70.28267341756876,False,False
2004-10-06 20:00:00,10.739999771118164,10.739999771118164,10.020000457763672,10.210000038146973,2558700,8.598333311080932,1205240.0,57.46245882409318,63.193681123081234,False,False
2004-10-07 20:00:00,9.760000228881836,10.859999656677246,9.600000381469728,10.289999961853027,3638200,8.717333316802979,1308793.3333333333,56.61091638346261,63.79864902973953,False,False
2004-10-10 20:00:00,10.449999809265137,10.600000381469728,10.079999923706056,10.289999961853027,883800,8.823666652043661,1281863.3333333333,55.820198402877075,63.79864902973953,False,True
2004-10-11 20:00:00,10.31999969482422,10.550000190734863,9.920000076293944,10.420000076293944,878200,8.945333321889242,1286883.3333333333,54.557654672636055,64.88634985487552,False,True
2004-10-12 20:00:00,10.449999809265137,10.75,9.710000038146973,9.739999771118164,1784700,9.042333316802978,1332536.6666666667,52.72400218342077,55.493879680777226,False,False
2004-10-13 20:00:00,9.720000267028809,10.170000076293944,9.640000343322754,9.65999984741211,1409800,9.131999985376995,1361150.0,50.80505149773244,54.494468846314334,False,False
2004-10-14 20:00:00,9.65999984741211,10.130000114440918,9.350000381469728,9.899999618530272,813300,9.22799997329712,1368270.0,48.17031026450819,56.99658707807885,False,True
2004-10-17 20:00:00,9.869999885559082,10.149999618530272,9.779999732971191,10.029999732971191,411400,9.32566663424174,1364656.6666666667,45.7667837488578,58.33303815374957,False,True
2004-10-18 20:00:00,10.100000381469728,10.199999809265137,9.770000457763672,9.829999923706056,582700,9.39866663614909,1356593.3333333333,43.647824348977686,55.47656445791321,False,True
2004-10-19 20:00:00,9.760000228881836,10.0,9.75,10.0,338300,9.474333302179973,1326353.3333333333,41.61469105793368,57.38670350618455,False,True
2004-10-20 20:00:00,9.920000076293944,10.34000015258789,9.920000076293944,10.25,583800,9.551333300272624,1313106.6666666667,40.492407515378986,60.097821955758036,False,True
2004-10-21 20:00:00,10.380000114440918,10.630000114440918,10.229999542236328,10.260000228881836,899500,9.620666631062825,1314570.0,40.00077495289472,60.20688206903317,False,True
2004-10-24 20:00:00,10.40999984741211,10.479999542236328,10.029999732971191,10.40999984741211,427600,9.685666624704997,1287956.6666666667,38.8599008526942,61.88947541449066,False,True
2004-10-25 20:00:00,10.359999656677246,10.489999771118164,10.130000114440918,10.15999984741211,884800,9.732999960581461,1275746.6666666667,37.82139089706269,57.52378262079931,False,True
2004-10-26 20:00:00,10.149999618530272,10.380000114440918,10.0600004196167,10.09000015258789,836400,9.777666632334391,1208190.0,36.60683092194188,56.325708046975464,False,True
2004-10-27 20:00:00,10.06999969482422,10.270000457763672,9.920000076293944,10.050000190734863,681900,9.83133331934611,1173100.0,34.98522376255337,55.612920292823546,False,True
2004-10-28 20:00:00,10.010000228881836,10.420000076293944,9.979999542236328,10.399999618530272,441500,9.890333302815755,1157626.6666666667,33.86032094539109,60.3420018005151,False,True
2004-11-01 20:00:00,10.65999984741211,10.6899995803833,10.279999732971191,10.380000114440918,757500,9.93866662979126,1147693.3333333333,33.43411718121953,59.948960256293496,False,True
2004-11-02 20:00:00,9.84000015258789,9.9399995803833,9.699999809265137,9.75,4575900,9.943333307902018,1245660.0,31.22320343143466,49.099627571352656,True,False
2004-11-03 20:00:00,9.90999984741211,9.90999984741211,9.31999969482422,9.510000228881836,3805300,9.953333314259847,1315833.3333333333,29.715795898305085,45.70610700124877,True,False
2004-11-04 20:00:00,9.5,9.539999961853027,8.229999542236328,9.010000228881836,5718300,9.948333326975504,1489093.3333333333,30.08330077092001,39.57013119619753,True,False
2004-11-05 20:00:00,9.300000190734863,9.760000228881836,9.100000381469728,9.59000015258789,2551100,9.966333325703939,1552056.6666666667,29.880729185453873,48.24913083282798,True,False
2004-11-08 20:00:00,9.68000030517578,9.75,9.449999809265137,9.75,940000,9.99766664505005,1573056.6666666667,29.6926269989496,50.366839738010796,True,True
2004-11-09 20:00:00,9.68000030517578,10.079999923706056,9.68000030517578,10.079999923706056,1285300,10.027999973297119,1587536.6666666667,28.705136312216347,54.502240292627015,False,True
2004-11-10 20:00:00,10.0,10.3100004196167,9.970000267028809,10.149999618530272,807500,10.053999964396159,1582963.3333333333,27.267590936152935,55.352035558174876,False,True
2004-11-11 20:00:00,10.149999618530272,10.470000267028809,10.100000381469728,10.40999984741211,1309300,10.079999955495198,1590516.6666666667,25.58370082406781,58.4558545860834,False,True
2004-11-12 20:00:00,10.43000030517578,10.43000030517578,10.010000228881836,10.18000030517578,2024300,10.088666629791259,1601026.6666666667,24.20264424182405,54.82498089358106,False,False
2004-11-15 20:00:00,10.25,10.25,9.93000030517578,10.119999885559082,1063200,10.060666624704997,1555550.0,23.086136130518184,53.88469364883115,False,True
2004-11-16 20:00:00,10.029999732971191,10.18000030517578,9.970000267028809,10.06999969482422,1585000,10.057333278656007,1550356.6666666667,22.04937859859131,53.06789321612624,False,False
2004-11-17 20:00:00,10.109999656677246,10.390000343322754,9.979999542236328,10.050000190734863,568300,10.034666633605957,1501520.0,20.542786335622583,52.72363199067435,False,True
2004-11-18 20:00:00,10.1899995803833,10.1899995803833,9.890000343322754,10.06999969482422,473500,10.029999955495198,1432013.3333333333,19.36562064891793,53.05162269342594,False,True
2004-11-19 20:00:00,10.100000381469728,10.149999618530272,9.949999809265137,10.0,1294000,10.020333290100098,1353873.3333333333,18.27253822554932,51.69965389908451,True,True
2004-11-22 20:00:00,9.899999618530272,10.100000381469728,9.800000190734863,10.029999732971191,701400,10.011666615804037,1347793.3333333333,17.649111605652966,52.261148887160225,False,True
2004-11-23 20:00:00,10.010000228881836,10.149999618530272,9.890000343322754,10.06999969482422,594100,9.999999936421712,1338323.3333333333,16.912940079964272,53.04494812615128,False,True
2004-11-24 20:00:00,10.050000190734863,10.479999542236328,9.979999542236328,10.130000114440918,352800,10.012999947865804,1290593.3333333333,16.13887078382465,54.25813073668184,False,True
2004-11-26 20:00:00,10.130000114440918,10.270000457763672,10.0600004196167,10.15999984741211,248000,10.02966661453247,1251866.6666666667,15.420092151695,54.885762990174335,False,True
2004-11-29 20:00:00,10.079999923706056,10.5,10.079999923706056,10.350000381469728,474400,10.044666639963786,1240570.0,15.368345995487957,58.7465328646648,False,True
2004-11-30 20:00:00,10.390000343322754,10.479999542236328,10.25,10.270000457763672,677300,10.052666664123535,1249433.3333333333,15.320295993295703,56.55206998186122,False,True
2004-12-01 20:00:00,10.449999809265137,10.5,10.239999771118164,10.489999771118164,700000,10.074666659037272,1253343.3333333333,15.331555847269515,60.879829983892485,False,True
2004-12-02 20:00:00,10.289999961853027,10.720000267028809,10.1899995803833,10.68000030517578,1066700,10.097333335876465,1277623.3333333333,15.933596928162217,64.19674797383176,False,True
2004-12-03 20:00:00,10.729999542236328,10.90999984741211,10.470000267028809,10.899999618530272,890300,10.118999989827474,1287840.0,16.947481540698497,67.62016508818739,False,True
2004-12-06 20:00:00,10.789999961853027,10.84000015258789,10.460000038146973,10.609999656677246,598000,10.130666637420655,1277790.0,17.84514884588537,59.53857077039997,False,True
2004-12-07 20:00:00,10.489999771118164,10.59000015258789,9.949999809265137,10.020000457763672,676100,10.117666657765707,1286073.3333333333,16.776809037496026,47.18341208944802,True,True
2004-12-08 20:00:00,10.100000381469728,10.170000076293944,9.890000343322754,10.079999923706056,532100,10.11499999364217,1274316.6666666667,15.598215858466967,48.35706976891213,True,True
2004-12-09 20:00:00,10.09000015258789,10.229999542236328,9.9399995803833,10.18000030517578,350200,10.117999998728434,1258110.0,14.693360021788783,50.33784685653886,False,True
2004-12-10 20:00:00,10.079999923706056,10.489999771118164,10.039999961853027,10.270000457763672,444900,10.125333340962728,1250210.0,14.619065279599734,52.117865306791565,False,True
2004-12-13 20:00:00,10.289999961853027,10.699999809265137,10.229999542236328,10.670000076293944,1072300,10.134333356221516,1271236.6666666667,15.090751722350978,59.12937106050601,False,True
2004-12-14 20:00:00,10.729999542236328,10.75,10.380000114440918,10.479999542236328,684000,10.137666670481364,1268786.6666666667,15.652447510480338,55.00886636239958,False,True
2004-12-15 20:00:00,10.350000381469728,10.630000114440918,10.289999961853027,10.510000228881836,820800,10.163000011444092,1143616.6666666667,15.81505913678674,55.53575535961443,False,True
2004-12-16 20:00:00,10.449999809265137,10.5600004196167,10.220000267028809,10.220000267028809,538300,10.186666679382324,1034716.6666666666,15.687222556807681,49.50102568773589,False,True
2004-12-17 20:00:00,10.289999961853027,10.380000114440918,10.050000190734863,10.289999961853027,987800,10.22933333714803,877033.3333333334,14.919579085772588,50.888270951797544,False,False
2004-12-20 20:00:00,10.25,10.489999771118164,9.9399995803833,9.949999809265137,1007800,10.24133332570394,825590.0,13.89530485707861,44.49465963068766,True,False
2004-12-21 20:00:00,10.020000457763672,10.210000038146973,9.899999618530272,10.010000228881836,524400,10.25,811736.6666666666,13.087522200986987,45.78907951824201,True,True
2004-12-22 20:00:00,10.09000015258789,10.09000015258789,9.760000228881836,9.789999961853027,1933300,10.2403333346049,833336.6666666666,12.829351324488707,41.928086201143195,True,False
2004-12-23 20:00:00,9.770000457763672,10.010000228881836,9.75,9.880000114440918,320300,10.231333351135254,817096.6666666666,12.624596331027403,44.008103910006994,True,True
2004-12-27 20:00:00,9.949999809265137,10.0,9.760000228881836,9.920000076293944,665300,10.215000025431316,795630.0,12.434466694241907,44.95182750672412,True,True
2004-12-28 20:00:00,9.75,10.220000267028809,9.75,10.220000267028809,465400,10.216333357493083,743666.6666666666,11.787165560025375,51.5478125938001,False,True
2004-12-29 20:00:00,10.09000015258789,10.229999542236328,9.880000114440918,9.979999542236328,254400,10.211666679382324,716706.6666666666,11.226827174056961,46.724382026265204,True,True
2004-12-30 20:00:00,9.869999885559082,10.149999618530272,9.869999885559082,10.0,327200,10.209333356221517,674780.0,10.659626472067986,47.16804636975798,True,True
2004-12-31 20:00:00,10.029999732971191,10.149999618530272,9.859999656677246,9.989999771118164,340100,10.207333342234294,667173.3333333334,10.083104763926602,46.95748169386042,True,True
2005-01-03 20:00:00,10.0,10.109999656677246,9.550000190734863,9.640000343322754,674300,10.193000030517577,673866.6666666666,10.526387477678037,40.19439171321275,True,False
2005-01-04 20:00:00,9.529999732971191,9.850000381469728,9.229999542236328,9.270000457763672,1090900,10.168666712443034,667096.6666666666,11.953424570883147,34.53221137766611,True,False
2005-01-05 20:00:00,9.199999809265137,9.539999961853027,9.199999809265137,9.25,772000,10.142666721343994,669450.0,13.3622033441693,34.251332720278825,True,False
2005-01-06 20:00:00,9.380000114440918,9.640000343322754,9.260000228881836,9.300000190734863,549700,10.117000071207682,667970.0,14.133703320348744,35.66026470498385,True,True
2005-01-07 20:00:00,9.260000228881836,9.479999542236328,9.109999656677246,9.109999656677246,391800,10.083000055948894,669270.0,15.307237587761053,32.78519310802587,True,True
2005-01-10 20:00:00,9.0600004196167,9.75,8.989999771118164,9.65999984741211,598000,10.066333389282226,680936.6666666666,15.085811563827592,46.28561675325963,True,True
2005-01-11 20:00:00,9.68000030517578,9.68000030517578,9.15999984741211,9.34000015258789,616400,10.032666714986165,685670.0,14.880201684460806,41.11170160960026,True,True
2005-01-12 20:00:00,9.4399995803833,9.449999809265137,8.949999809265137,9.029999732971191,592700,9.991333357493083,682850.0,15.395037051020052,36.818009022050525,True,True
2005-01-13 20:00:00,9.109999656677246,9.199999809265137,8.880000114440918,8.930000305175781,528900,9.939333375295003,677146.6666666666,16.08920285390146,35.528964374458,True,True
2005-01-14 20:00:00,9.100000381469728,9.149999618530272,8.760000228881836,8.979999542236328,617100,9.882666683197021,662160.0,17.091604368120276,36.72188551726984,True,True
2005-01-18 20:00:00,8.979999542236328,9.15999984741211,8.550000190734863,8.989999771118164,648500,9.819000021616619,654100.0,18.5812005896155,36.97307672986501,True,True
2005-01-19 20:00:00,9.06999969482422,9.31999969482422,9.050000190734863,9.260000228881836,862800,9.774000040690105,662926.6666666666,19.135417925818793,43.49501818222816,True,False
2005-01-20 20:00:00,9.199999809265137,9.300000190734863,8.819999694824219,8.9399995803833,868100,9.738000011444091,669326.6666666666,20.256347154665157,38.420602906857,True,False
2005-01-21 20:00:00,9.0,9.100000381469728,8.869999885559082,8.970000267028809,457900,9.701000022888184,666853.3333333334,21.2972100100225,39.13750730407352,True,True
2005-01-24 20:00:00,8.960000038146973,9.010000228881836,8.630000114440918,8.680000305175781,519500,9.651000022888184,672496.6666666666,22.83345498681501,34.90702330350586,True,True
2005-01-25 20:00:00,8.670000076293945,9.0,8.630000114440918,8.800000190734863,350800,9.602000013987224,669360.0,24.259968179550913,37.89837472148396,True,True
2005-01-26 20:00:00,8.859999656677246,9.0,8.8100004196167,9.0,234600,9.546333344777425,641436.6666666666,25.58458757280568,42.63041512562615,True,True
2005-01-27 20:00:00,9.010000228881836,9.050000190734863,8.84000015258789,8.859999656677246,547900,9.492333348592123,636900.0,26.49977816091726,40.31465975866701,True,True
2005-01-28 20:00:00,8.970000267028809,8.979999542236328,8.699999809265137,8.800000190734863,967400,9.435333347320556,641786.6666666666,27.72423200539377,39.32864133838504,True,False
2005-01-31 20:00:00,8.869999885559082,9.149999618530272,8.75,8.960000038146973,443500,9.393333339691162,638626.6666666666,27.833331937282377,43.310463014163346,True,True
2005-02-01 20:00:00,9.039999961853027,9.25,8.970000267028809,9.25,1140700,9.358666674296062,643723.3333333334,27.383683841359673,49.74793108798958,True,False
2005-02-02 20:00:00,9.300000190734863,9.350000381469728,9.18000030517578,9.220000267028809,752900,9.334333356221517,635226.6666666666,26.441917233771907,49.126444665835514,True,False
2005-02-03 20:00:00,9.1899995803833,9.270000457763672,9.0,9.130000114440918,857600,9.305000019073486,646333.3333333334,26.209645036870192,47.22055292102604,True,False
2005-02-04 20:00:00,9.100000381469728,9.399999618530272,9.100000381469728,9.390000343322754,476700,9.29166669845581,597780.0,25.33083954472504,52.904820557548945,False,True
2005-02-07 20:00:00,9.449999809265137,9.449999809265137,9.100000381469728,9.119999885559082,520100,9.266333357493084,604440.0,24.26852333666641,47.21772887775565,True,True
2005-02-08 20:00:00,9.100000381469728,9.149999618530272,8.829999923706055,8.970000267028809,545100,9.234666697184245,600433.3333333334,24.239432696529565,44.36447344694429,True,True
2005-02-09 20:00:00,9.039999961853027,9.149999618530272,8.550000190734863,8.569999694824219,467700,9.179666678110758,600510.0,24.991343223607338,37.80408660078926,True,True
2005-02-10 20:00:00,8.579999923706055,8.649999618530273,8.289999961853027,8.5,702700,9.130333360036214,615453.3333333334,26.273301351283703,36.77910632620949,True,False
2005-02-11 20:00:00,8.449999809265137,8.84000015258789,8.4399995803833,8.619999885559082,509800,9.084333356221517,621540.0,26.54739335382953,39.79276993640005,True,True
2005-02-14 20:00:00,8.59000015258789,8.680000305175781,8.270000457763672,8.649999618530273,638300,9.039666684468587,631480.0,27.199240436370125,40.5556668249872,True,False
2005-02-15 20:00:00,8.59000015258789,9.140000343322754,8.59000015258789,8.75,997200,9.01000000635783,642243.3333333334,25.980020246080695,43.141961585801845,True,False
2005-02-16 20:00:00,8.710000038146973,8.760000228881836,8.449999809265137,8.670000076293945,422200,8.98999999364217,619953.3333333334,25.220979620988377,41.58327481882731,True,True
2005-02-17 20:00:00,8.619999885559082,8.84000015258789,8.380000114440918,8.380000114440918,365600,8.960999997456868,606406.6666666666,24.231633857513327,36.44320958738334,True,True
2005-02-18 20:00:00,8.420000076293945,8.449999809265137,8.220000267028809,8.229999542236328,398100,8.925333309173585,601353.3333333334,23.751208254210376,34.09558956468096,True,True
2005-02-22 20:00:00,8.210000038146973,8.210000038146973,7.960000038146973,7.989999771118164,625600,8.887999979654948,609146.6666666666,23.941813559546997,30.689164451941693,True,False
2005-02-23 20:00:00,8.0,8.239999771118164,7.920000076293945,8.170000076293945,693200,8.838333320617675,612320.0,24.21124139876547,35.86458502291652,True,False
2005-02-24 20:00:00,8.300000190734863,8.350000381469727,7.800000190734863,8.0600004196167,1089200,8.79566666285197,628080.0,24.739040363270455,34.184701844187934,True,False
2005-02-25 20:00:00,8.449999809265137,8.829999923706055,8.40999984741211,8.819999694824219,1334700,8.788666661580404,652813.3333333334,23.461405070261712,51.19419240424612,False,False
2005-02-28 20:00:00,8.880000114440918,8.880000114440918,8.5,8.729999542236328,723600,8.781999969482422,659303.3333333334,22.117343915521566,49.560701759060734,True,False
2005-03-01 20:00:00,8.699999809265137,8.770000457763672,8.520000457763672,8.520000457763672,1886600,8.766666666666667,701620.0,20.869287128977145,45.881979965027,True,False
2005-03-02 20:00:00,8.470000267028809,8.59000015258789,8.0,8.079999923706055,1048100,8.736333338419596,714940.0,21.06908344582143,39.29979257906354,True,False
2005-03-03 20:00:00,8.079999923706055,8.100000381469727,7.659999847412109,7.699999809265137,1352800,8.684333324432373,731273.3333333334,21.926151367383167,34.67342589116754,True,False
2005-03-04 20:00:00,7.710000038146973,7.860000133514404,7.320000171661377,7.429999828338623,1803200,8.633999999364217,762443.3333333334,23.281866538324635,31.8082320168598,True,False
2005-03-07 20:00:00,7.480000019073486,7.510000228881836,6.949999809265137,7.03000020980835,1666700,8.569333330790203,802736.6666666666,25.050132572882593,28.103187971466287,True,False
2005-03-08 20:00:00,7.070000171661377,7.139999866485596,6.900000095367432,7.0,1533000,8.513333320617676,836520.0,26.756153532786943,27.841253876002785,True,False
2005-03-09 20:00:00,7.0,7.380000114440918,6.900000095367432,7.239999771118164,1404100,8.461333306630452,871630.0,27.46894224540009,33.204810276685066,True,False
2005-03-10 20:00:00,7.25,7.429999828338623,7.190000057220459,7.21999979019165,968200,8.401999966303508,896083.3333333334,27.954570576024484,32.9847807760397,True,False
2005-03-11 20:00:00,7.630000114440918,8.029999732971191,7.369999885559082,7.630000114440918,2410100,8.360999981562296,958156.6666666666,26.59189249995493,41.537369090864,True,False
2005-03-14 20:00:00,7.550000190734863,7.78000020980835,7.449999809265137,7.670000076293945,1407400,8.323333311080933,972823.3333333334,25.32654857217606,42.310900486265005,True,False
2005-03-15 20:00:00,7.760000228881836,7.869999885559082,7.449999809265137,7.5,791500,8.2746666431427,984423.3333333334,23.903893939011976,39.894930550435994,True,True
2005-03-16 20:00:00,7.449999809265137,7.730000019073486,7.179999828338623,7.320000171661377,1309700,8.210333315531413,990056.6666666666,23.213228136944913,37.45616408696967,True,False
2005-03-17 20:00:00,7.28000020980835,7.400000095367432,7.25,7.340000152587891,380900,8.147666645050048,977656.6666666666,22.57189560645407,37.91032947139129,True,True
2005-03-18 20:00:00,7.309999942779541,7.309999942779541,7.179999828338623,7.300000190734863,821500,8.08666664759318,976453.3333333334,22.143539090956775,37.32653249311225,True,True
2005-03-21 20:00:00,7.260000228881836,7.389999866485596,7.170000076293945,7.239999771118164,704300,8.014999961853027,984040.0,21.47521466309241,36.42052888753884,True,True
2005-03-22 20:00:00,7.199999809265137,7.340000152587891,7.070000171661377,7.110000133514404,605600,7.947999970118205,986890.0,21.11569315587736,34.46841083887389,True,True
2005-03-23 20:00:00,7.070000171661377,7.230000019073486,7.050000190734863,7.210000038146973,589900,7.889333295822143,988383.3333333334,20.835242853716675,37.254435688414446,True,True
2005-03-24 20:00:00,7.239999771118164,7.340000152587891,7.179999828338623,7.25,486200,7.84533330599467,989000.0,20.153618675132986,38.382880572484545,True,True
2005-03-28 20:00:00,7.199999809265137,7.289999961853027,6.880000114440918,6.920000076293945,852200,7.792666641871135,993983.3333333334,20.336543155160392,33.09482136192948,True,True
2005-03-29 20:00:00,6.889999866485596,7.099999904632568,6.539999961853027,6.590000152587891,921500,7.724999984105428,1007706.6666666666,21.256132195378637,28.818976146063097,True,True
2005-03-30 20:00:00,6.570000171661377,6.900000095367432,6.519999980926514,6.880000114440918,610300,7.6660000006357825,1006773.3333333334,22.15073013595676,36.57423714581844,True,True
2005-03-31 20:00:00,6.829999923706055,7.119999885559082,6.699999809265137,6.829999923706055,638800,7.601999998092651,994826.6666666666,22.10445522306273,35.84902030094932,True,True
2005-04-01 20:00:00,6.920000076293945,7.059999942779541,6.550000190734863,6.699999809265137,664300,7.536333322525024,1002896.6666666666,22.415464995858834,33.96337417467268,True,True
2005-04-03 20:00:00,6.699999809265137,6.699999809265137,6.429999828338623,6.550000190734863,926400,7.4753333250681555,1021590.0,22.97523614968563,31.879707107164535,True,True
2005-04-04 20:00:00,6.539999961853027,6.639999866485596,6.480000019073486,6.639999866485596,590900,7.4223333358764645,1028016.6666666666,23.495023649667655,34.477148521002995,True,True
2005-04-05 20:00:00,6.78000020980835,6.860000133514404,6.599999904632568,6.800000190734863,931100,7.382666683197021,1038200.0,23.058089733312496,38.93500594801426,True,True
2005-04-06 20:00:00,6.739999771118164,7.090000152587891,6.710000038146973,7.090000152587891,844900,7.346666685740153,1043256.6666666666,21.812785550742976,46.09371264133442,True,True
2005-04-07 20:00:00,7.159999847412109,7.159999847412109,6.900000095367432,6.900000095367432,349500,7.308000008265178,1018600.0,20.416678061076027,42.57235302843872,True,True
2005-04-10 20:00:00,6.889999866485596,7.099999904632568,6.889999866485596,6.96999979019165,1352400,7.246333344777425,1019190.0,19.154256904033527,44.261815714671755,True,False
2005-04-11 20:00:00,6.920000076293945,7.28000020980835,6.840000152587891,7.210000038146973,1218200,7.195666694641114,1035676.6666666666,18.222656225999593,49.72311720950168,False,False
2005-04-12 20:00:00,7.230000019073486,7.28000020980835,7.0,7.050000190734863,861000,7.146666685740153,1001490.0,17.357598453539513,46.45520572426006,True,True
2005-04-13 20:00:00,7.070000171661377,7.190000057220459,7.0,7.099999904632568,410500,7.114000018437704,980236.6666666666,16.55433052196944,47.61387853795663,True,True
2005-04-14 20:00:00,7.090000152587891,7.260000228881836,7.019999980926514,7.03000020980835,570400,7.0916666984558105,954156.6666666666,16.077885267502204,46.109533016778045,True,True
2005-04-17 20:00:00,6.989999771118164,7.170000076293945,6.829999923706055,6.889999866485596,547900,7.073666699727377,912313.3333333334,15.048374809233371,43.17167645016517,True,True
2005-04-18 20:00:00,6.909999847412109,7.019999980926514,6.71999979019165,6.949999809265137,597900,7.0710000197092695,876686.6666666666,14.524361140909482,44.79507120246517,True,True
2005-04-19 20:00:00,6.960000038146973,7.010000228881836,6.75,6.840000152587891,444800,7.065666691462199,840413.3333333334,14.037777020323016,42.40348509280277,True,True
2005-04-20 20:00:00,6.849999904632568,7.119999885559082,6.739999771118164,7.059999942779541,403700,7.0596666971842446,807066.6666666666,13.073740812203358,48.34360860724683,False,True
2005-04-21 20:00:00,7.090000152587891,7.090000152587891,6.889999866485596,7.059999942779541,495700,7.054333368937175,791316.6666666666,12.178564333235105,48.343608607246836,False,True
2005-04-24 20:00:00,7.019999980926514,7.159999847412109,6.929999828338623,7.03000020980835,279700,7.034333372116089,720303.3333333334,11.606337449519302,47.567760923129576,True,True
2005-04-25 20:00:00,7.0,7.260000228881836,6.980000019073486,7.070000171661377,1095500,7.014333375295004,709906.6666666666,11.535041954228587,48.74881075389602,False,False
2005-04-26 20:00:00,7.03000020980835,7.090000152587891,6.889999866485596,6.960000038146973,271400,6.996333376566569,692570.0,10.985662447257482,45.70017197033088,True,True
2005-04-27 20:00:00,6.989999771118164,6.989999771118164,6.650000095367432,6.650000095367432,508400,6.974000040690104,665860.0,11.034523850114669,38.409977939579576,True,True
2005-04-28 20:00:00,6.699999809265137,6.840000152587891,6.489999771118164,6.550000190734863,863500,6.947666708628336,681946.6666666666,11.691057031378067,36.393173289820346,True,False
2005-05-01 20:00:00,6.510000228881836,6.949999809265137,6.510000228881836,6.949999809265137,774800,6.936000029246013,680390.0,11.726023657266069,48.12625408709194,False,False
2005-05-02 20:00:00,6.75,6.900000095367432,6.699999809265137,6.820000171661377,884200,6.922000042597452,686386.6666666666,11.758492667019214,45.2075721918338,True,False
2005-05-03 20:00:00,6.849999904632568,7.460000038146973,6.789999961853027,7.360000133514404,2495700,6.930333375930786,749390.0,12.317886099412666,56.900286925954816,False,False
2005-05-04 20:00:00,7.559999942779541,8.050000190734863,7.369999885559082,7.940000057220459,1524400,6.954666709899902,780540.0,14.234095998238994,65.43281482666401,False,False
2005-05-05 20:00:00,7.829999923706055,8.0600004196167,7.829999923706055,7.949999809265137,807900,6.9780000368754065,791263.3333333334,16.032643978043502,65.5594107990617,False,False
2005-05-08 20:00:00,7.869999885559082,8.109999656677246,7.869999885559082,8.109999656677246,952200,7.01766668955485,794596.6666666666,17.8033092989066,67.60380613999637,False,False
2005-05-09 20:00:00,8.130000114440918,8.460000038146973,7.989999771118164,8.300000190734863,1375400,7.074666690826416,809726.6666666666,20.077717806942342,69.8895692282929,False,False
2005-05-10 20:00:00,8.260000228881836,8.430000305175781,8.1899995803833,8.430000305175781,525900,7.126333363850912,806913.3333333334,22.189668564404105,71.37761614444807,False,True
2005-05-11 20:00:00,8.399999618530273,8.5,8.0,8.079999923706055,852900,7.168000030517578,814050.0,23.23352695832761,62.431889902782686,False,False
2005-05-12 20:00:00,8.0600004196167,8.100000381469727,7.75,7.840000152587891,542000,7.20600004196167,809973.3333333334,23.14344007096392,57.143233312409116,False,True
2005-05-15 20:00:00,7.820000171661377,8.029999732971191,7.769999980926514,8.029999732971191,420900,7.255333360036214,793123.3333333334,23.05978796126907,60.0299246597595,False,True
2005-05-16 20:00:00,7.989999771118164,8.039999961853027,7.789999961853027,7.940000057220459,635600,7.298666699727376,794613.3333333334,23.010002050823328,58.035810630239396,False,True
2005-05-17 20:00:00,7.909999847412109,8.140000343322754,7.880000114440918,7.980000019073486,529000,7.338000027338664,781210.0,23.247346353467083,58.692581022351874,False,True
2005-05-18 20:00:00,8.0,8.100000381469727,7.880000114440918,8.100000381469727,978200,7.371666701634725,785653.3333333334,23.467737491636285,60.6807252663599,False,False
2005-05-19 20:00:00,8.109999656677246,8.109999656677246,7.920000076293945,7.949999809265137,816200,7.406666692097982,801210.0,23.703406209445692,56.98838895091498,False,False
2005-05-22 20:00:00,7.900000095367432,7.989999771118164,7.769999980926514,7.929999828338623,626600,7.438666693369547,777016.6666666666,23.134884634619613,56.49478323000412,False,True
2005-05-23 20:00:00,7.869999885559082,7.989999771118164,7.800000190734863,7.889999866485596,767700,7.461333354314168,762000.0,22.606971743709682,55.4601427479524,False,False
2005-05-24 20:00:00,7.860000133514404,7.860000133514404,7.519999980926514,7.699999809265137,415800,7.4830000082651775,747160.0,21.17737359202199,50.7095308623311,False,True
2005-05-25 20:00:00,7.489999771118164,7.78000020980835,7.460000038146973,7.570000171661377,626200,7.498666683832805,754350.0,20.09528657920529,47.698948802881844,False,True
2005-05-26 20:00:00,7.579999923706055,7.699999809265137,7.460000038146973,7.650000095367432,216200,7.519333346684774,742543.3333333334,19.0904914958755,49.67885013360134,False,True
2005-05-30 20:00:00,7.619999885559082,7.869999885559082,7.619999885559082,7.630000114440918,432400,7.544000021616617,738693.3333333334,18.082880667570073,49.17763353139552,False,True
2005-05-31 20:00:00,7.619999885559082,7.800000190734863,7.570000171661377,7.679999828338623,446500,7.568333355585734,733646.6666666666,16.90841153497371,50.521611291781895,False,True
2005-06-01 20:00:00,7.679999828338623,7.75,7.53000020980835,7.619999885559082,536400,7.594333346684774,736700.0,15.777391812566648,48.85210343560394,False,True
2005-06-02 20:00:00,7.619999885559082,7.690000057220459,7.340000152587891,7.369999885559082,526500,7.604666678110759,740793.3333333334,15.57646351219293,42.54368826433956,True,True
2005-06-05 20:00:00,7.440000057220459,7.440000057220459,6.949999809265137,7.099999904632568,1593100,7.606000010172526,777373.3333333334,16.694911358138395,36.98835158003856,True,False
2005-06-06 20:00:00,7.090000152587891,7.46999979019165,7.079999923706055,7.230000019073486,843400,7.612666670481364,796163.3333333334,17.573248782856613,40.984193321578616,True,False
2005-06-07 20:00:00,7.230000019073486,7.389999866485596,7.090000152587891,7.150000095367432,679600,7.615333334604899,782300.0,18.38884782009496,39.33125823027532,True,True
2005-06-08 20:00:00,7.130000114440918,7.239999771118164,7.079999923706055,7.159999847412109,444300,7.621999994913737,788063.3333333334,19.179485052951378,39.6588532641153,True,True
2005-06-09 20:00:00,7.190000057220459,7.360000133514404,7.170000076293945,7.199999809265137,246900,7.6403333187103275,779346.6666666666,19.19055202425287,41.030538649355705,True,True
2005-06-12 20:00:00,7.199999809265137,7.349999904632568,7.190000057220459,7.260000228881836,499200,7.66399998664856,767203.3333333334,19.200828497604256,43.11928355606475,True,True
2005-06-13 20:00:00,7.269999980926514,7.269999980926514,7.179999828338623,7.210000038146973,264600,7.67266666094462,750196.6666666666,19.25359076084508,41.790845057761864,True,True
2005-06-14 20:00:00,7.25,7.25,6.860000133514404,6.929999828338623,859500,7.676333316167196,749373.3333333334,20.47717589923767,35.242799466150004,True,False
2005-06-15 20:00:00,7.050000190734863,7.230000019073486,6.900000095367432,7.070000171661377,995700,7.666666650772095,699373.3333333334,21.613362099173646,40.281246558582204,True,False
2005-06-16 20:00:00,7.170000076293945,7.230000019073486,7.059999942779541,7.139999866485596,1447400,7.639999977747599,696806.6666666666,22.66839214197134,42.68255097366629,True,False
2005-06-19 20:00:00,7.079999923706055,7.420000076293945,7.050000190734863,7.300000190734863,779200,7.61833332379659,695850.0,22.360356889394534,47.84484920447252,True,False
2005-06-20 20:00:00,7.300000190734863,7.409999847412109,7.239999771118164,7.25,403100,7.589666668574015,677546.6666666666,22.07432415485893,46.43731543333979,True,True
2005-06-21 20:00:00,7.329999923706055,7.75,7.25,7.75,983900,7.5713333288828535,664496.6666666666,21.006386572286452,59.32408339104861,False,False
2005-06-22 20:00:00,7.800000190734863,7.829999923706055,7.519999980926514,7.570000171661377,695900,7.542666657765706,670163.3333333334,20.357894140213727,54.26269353235234,False,False
2005-06-23 20:00:00,7.550000190734863,7.690000057220459,7.309999942779541,7.46999979019165,1600700,7.522333319981893,695090.0,19.071733098034844,51.62737539992158,True,False
2005-06-26 20:00:00,7.380000114440918,7.449999809265137,7.050000190734863,7.099999904632568,792600,7.497666645050049,703443.3333333334,18.891392642032184,43.25655138906973,True,False
2005-06-27 20:00:00,7.150000095367432,7.21999979019165,7.079999923706055,7.199999809265137,567900,7.469999980926514,708343.3333333334,18.723933647172572,45.813724585746655,True,True
2005-06-28 20:00:00,7.199999809265137,7.309999942779541,7.099999904632568,7.300000190734863,526800,7.44866665204366,704716.6666666666,18.109386651803362,48.3217887564745,True,True
2005-06-29 20:00:00,7.320000171661377,7.429999828338623,7.119999885559082,7.150000095367432,615100,7.420999987920125,707586.6666666666,16.961631214737146,44.96014556908269,True,True
2005-06-30 20:00:00,7.199999809265137,7.400000095367432,7.099999904632568,7.360000133514404,335000,7.396333312988281,686146.6666666666,15.986804405334725,50.185077020411015,True,True
2005-07-04 20:00:00,7.349999904632568,7.789999961853027,7.349999904632568,7.789999961853027,650900,7.390999984741211,680636.6666666666,16.190533298712893,58.80792257670257,False,True
2005-07-05 20:00:00,7.789999961853027,8.09000015258789,7.71999979019165,7.949999809265137,1087200,7.391666650772095,695990.0,17.254143313091216,61.479794920232166,False,False
2005-07-06 20:00:00,7.71999979019165,8.109999656677246,7.659999847412109,7.920000076293945,733400,7.392666657765706,694846.6666666666,17.947170625543528,60.684980513865696,False,False
2005-07-07 20:00:00,8.069999694824219,8.600000381469727,8.069999694824219,8.529999732971191,1926900,7.420333321889242,745216.6666666666,19.72158225610594,69.35919841386688,False,False
2005-07-10 20:00:00,8.5,8.6899995803833,8.229999542236328,8.569999694824219,1004600,7.453666639328003,757830.0,21.53725140257978,69.82927886726297,False,False
2005-07-11 20:00:00,8.5,8.789999961853027,8.5,8.65999984741211,416400,7.487333297729492,764503.3333333334,23.406956783269955,70.91064920194404,False,True
2005-07-12 20:00:00,8.720000267028809,8.819999694824219,8.460000038146973,8.600000381469727,786500,7.519666639963786,776306.6666666666,24.93422934150728,69.13173485136369,False,False
2005-07-13 20:00:00,8.640000343322754,8.890000343322754,8.539999961853027,8.729999542236328,760900,7.554666630427042,786786.6666666666,26.494260690334148,70.8387135567505,False,True
2005-07-14 20:00:00,8.75,8.949999809265137,8.550000190734863,8.949999809265137,738800,7.5989999612172445,793533.3333333334,28.065031149586797,73.50857399731132,False,True
2005-07-17 20:00:00,8.970000267028809,9.0,8.710000038146973,8.84000015258789,1341500,7.647999970118205,820700.0,29.62674693948549,70.05496166525273,False,False
2005-07-18 20:00:00,8.850000381469727,9.100000381469728,8.670000076293945,8.869999885559082,1129400,7.706999969482422,805243.3333333334,31.28054489881731,70.46254776421667,False,False
2005-07-19 20:00:00,8.850000381469727,9.029999732971191,8.770000457763672,8.899999618530273,939400,7.762666622797648,808443.3333333334,32.816214432482575,70.88925740755076,False,False
2005-07-20 20:00:00,8.850000381469727,8.920000076293945,8.619999885559082,8.819999694824219,604100,7.818333276112875,805926.6666666666,33.25869708608919,68.06540043325577,False,True
2005-07-21 20:00:00,8.800000190734863,8.829999923706055,8.449999809265137,8.760000228881836,1316600,7.871666622161865,835003.3333333334,32.685619110522005,65.94372834801179,False,False
2005-07-24 20:00:00,7.840000152587891,8.199999809265137,6.519999980926514,7.420000076293945,9317600,7.878999964396159,1137360.0,33.448961990965905,37.688349909226886,True,False
2005-07-25 20:00:00,7.559999942779541,8.039999961853027,7.420000076293945,8.020000457763672,1920100,7.904333305358887,1184723.3333333333,34.15778037994953,48.35824166659046,False,False
2005-07-26 20:00:00,8.039999961853027,8.050000190734863,7.760000228881836,7.849999904632568,795000,7.92566663424174,1202403.3333333333,34.78236578495177,45.95705226545072,True,True
2005-07-27 20:00:00,7.940000057220459,8.050000190734863,7.800000190734863,8.050000190734863,676800,7.962999979654948,1196313.3333333333,35.362337946739565,49.15567741596166,False,True
2005-07-28 20:00:00,8.069999694824219,8.130000114440918,7.860000133514404,7.96999979019165,726200,7.992999966939291,1187330.0,35.599321340962454,47.933567413893336,True,True
2005-07-31 20:00:00,8.0,8.140000343322754,7.96999979019165,8.09000015258789,953800,8.0246666431427,1170876.6666666667,35.780136895036435,49.943903514849254,False,True
2005-08-01 20:00:00,8.170000076293945,8.470000267028809,7.809999942779541,7.960000038146973,1557800,8.046666638056438,1196830.0,34.73045723320708,47.79110311821164,True,False
2005-08-02 20:00:00,7.889999866485596,7.949999809265137,7.630000114440918,7.829999923706055,1005000,8.065999968846638,1216893.3333333333,34.136748950987474,45.67104897735106,True,True
2005-08-03 20:00:00,7.800000190734863,8.319999694824219,7.710000038146973,7.860000133514404,3094500,8.069666639963787,1287246.6666666667,32.410209338189055,46.26347579466025,True,False
2005-08-04 20:00:00,7.829999923706055,7.909999847412109,7.5,7.559999942779541,1135000,8.069333299001057,1301883.3333333333,31.280892289564555,41.401614254553046,True,True
2005-08-07 20:00:00,7.579999923706055,7.71999979019165,7.25,7.25,871700,8.061999972661336,1277583.3333333333,30.746452740334917,37.06676696956361,True,True
2005-08-08 20:00:00,7.360000133514404,7.360000133514404,7.230000019073486,7.25,668100,8.06699997584025,1273433.3333333333,30.290365936406193,37.066766969563616,True,True
2005-08-09 20:00:00,7.369999885559082,7.369999885559082,7.170000076293945,7.300000190734863,818900,8.070333321889242,1281800.0,29.992704675690607,38.27567234719772,True,True
2005-08-10 20:00:00,7.300000190734863,7.409999847412109,7.21999979019165,7.340000152587891,251300,8.07166665395101,1272616.6666666667,29.56812585053516,39.2805488773352,True,True
2005-08-11 20:00:00,7.340000152587891,7.380000114440918,7.179999828338623,7.239999771118164,582700,8.0746666431427,1271536.6666666667,29.268299118932134,37.63113219438486,True,True
2005-08-14 20:00:00,7.25,7.389999866485596,7.179999828338623,7.349999904632568,567300,8.074333302179973,1279280.0,28.948121807798156,40.58651732942358,True,True
2005-08-15 20:00:00,7.309999942779541,7.599999904632568,7.309999942779541,7.440000057220459,1001100,8.06266663869222,1290953.3333333333,27.800334927209942,42.967747968941026,True,True
2005-08-16 20:00:00,7.420000076293945,7.449999809265137,7.25,7.300000190734863,1036500,8.04099998474121,1289263.3333333333,26.91202128525567,40.264372048543954,True,True
2005-08-17 20:00:00,7.28000020980835,7.380000114440918,7.119999885559082,7.130000114440918,561000,8.014666652679443,1283516.6666666667,26.464382555171998,37.203443664247104,True,True
2005-08-18 20:00:00,7.119999885559082,7.260000228881836,6.96999979019165,7.090000152587891,1312900,7.966666666666667,1263050.0,26.45658478319527,36.5003321674774,True,False
2005-08-21 20:00:00,7.130000114440918,7.179999828338623,6.900000095367432,7.050000190734863,837500,7.916000016530355,1257480.0,26.63293346438773,35.772263794337306,True,True
2005-08-22 20:00:00,7.070000171661377,7.309999942779541,6.980000019073486,7.03000020980835,1832200,7.861666695276896,1304673.3333333333,26.19582558778149,35.392129777566474,True,False
2005-08-23 20:00:00,7.019999980926514,7.510000228881836,7.019999980926514,7.239999771118164,1230800,7.816333341598511,1319483.3333333333,24.95016665143329,42.322696481893324,True,True
2005-08-24 20:00:00,7.21999979019165,7.409999847412109,7.21999979019165,7.25,428100,7.767000023523966,1308390.0,23.793483353395676,42.638256449235655,True,True
2005-08-25 20:00:00,7.260000228881836,7.329999923706055,7.159999847412109,7.179999828338623,641200,7.708000024159749,1305136.6666666667,22.933374658925384,40.94937905387124,True,True
2005-08-28 20:00:00,7.230000019073486,7.369999885559082,7.110000133514404,7.369999885559082,336900,7.659000015258789,1271650.0,22.315093846191267,47.07688060871235,True,True
2005-08-29 20:00:00,7.369999885559082,7.429999828338623,7.210000038146973,7.269999980926514,381100,7.60566668510437,1246706.6666666667,21.449858778411254,44.46184857066181,True,True
2005-08-30 20:00:00,7.230000019073486,7.369999885559082,7.210000038146973,7.360000133514404,689100,7.554333368937175,1238363.3333333333,20.64642621547267,47.29921089263078,True,True
2005-08-31 20:00:00,7.360000133514404,7.630000114440918,7.360000133514404,7.619999885559082,485200,7.514333375295004,1234400.0,19.639410960344744,54.526797283538556,False,True
2005-09-01 20:00:00,7.579999923706055,7.659999847412109,7.480000019073486,7.53000020980835,299600,7.47333337465922,1200500.0,18.828059226687607,51.87472896017182,False,True
2005-09-05 20:00:00,7.550000190734863,7.730000019073486,7.480000019073486,7.730000019073486,746100,7.483666706085205,914783.3333333334,18.366240591554256,56.892396872845396,False,True
2005-09-06 20:00:00,7.75,7.849999904632568,7.610000133514404,7.820000171661377,781500,7.477000029881795,876830.0,18.41269751302659,58.96575135374046,False,True
2005-09-07 20:00:00,7.78000020980835,8.079999923706055,7.760000228881836,7.909999847412109,815000,7.479000027974447,877496.6666666666,19.23956645896346,60.986520718575285,False,True
2005-09-08 20:00:00,7.96999979019165,8.079999923706055,7.880000114440918,7.929999828338623,625300,7.4750000158945715,875780.0,20.007373337333405,61.44095372453023,False,True
2005-09-11 20:00:00,7.980000019073486,8.1899995803833,7.900000095367432,8.109999656677246,535300,7.479666678110759,869416.6666666666,21.06988064824478,65.35254700251737,False,True
2005-09-12 20:00:00,8.0600004196167,8.100000381469727,7.869999885559082,7.909999847412109,383400,7.473666667938232,850403.3333333334,21.86268197290435,58.27835466203302,False,True
2005-09-13 20:00:00,7.900000095367432,7.909999847412109,7.5,7.670000076293945,837300,7.4640000025431315,826386.6666666666,20.608284668537404,51.126389369891776,False,False
2005-09-14 20:00:00,7.619999885559082,7.739999771118164,7.510000228881836,7.670000076293945,439100,7.458666674296061,807523.3333333334,19.44348717162524,51.12638936989177,False,True
2005-09-15 20:00:00,7.739999771118164,7.739999771118164,7.409999847412109,7.639999866485596,1287700,7.451333332061767,747296.6666666666,18.209305021905788,50.23269822652059,False,False
2005-09-18 20:00:00,7.559999942779541,7.730000019073486,7.46999979019165,7.559999942779541,475400,7.451333332061767,725310.0,17.06327874002344,47.83161433722827,False,True
2005-09-19 20:00:00,7.53000020980835,7.769999980926514,7.199999809265137,7.28000020980835,708600,7.45233333905538,719873.3333333334,17.135164510342495,40.5295545388024,True,True
2005-09-20 20:00:00,7.289999961853027,7.320000171661377,7.070000171661377,7.179999828338623,433700,7.45,712060.0,17.656866851504642,38.28178760225906,True,True
2005-09-21 20:00:00,7.159999847412109,7.349999904632568,7.059999942779541,7.139999866485596,387100,7.444666655858358,697666.6666666666,17.972833374685514,37.38856269995775,True,True
2005-09-22 20:00:00,7.150000095367432,7.340000152587891,7.090000152587891,7.25,265600,7.4416666507720945,698143.3333333334,18.266230860496325,41.43545550826989,True,True
2005-09-25 20:00:00,7.25,7.510000228881836,7.239999771118164,7.389999866485596,464700,7.446666653951009,694210.0,17.57277228121513,46.201491884386634,True,True
2005-09-26 20:00:00,7.409999847412109,7.409999847412109,7.130000114440918,7.239999771118164,600500,7.442999982833863,695316.6666666666,17.396870838439465,42.23552505487541,True,True
2005-09-27 20:00:00,4.889999866485596,5.150000095367432,3.880000114440918,4.269999980926514,25811200,7.337333313624064,1522320.0,21.448423471394474,14.922179378122285,True,False
2005-09-28 20:00:00,4.420000076293945,4.670000076293945,4.28000020980835,4.650000095367432,5586500,7.248999977111817,1673986.6666666667,25.21057948770984,21.882913317598078,True,False
2005-09-29 20:00:00,4.760000228881836,5.070000171661377,4.659999847412109,4.699999809265137,4359100,7.16799996693929,1800590.0,27.581380091333212,22.77816932922073,True,False
2005-10-02 20:00:00,4.71999979019165,4.800000190734863,4.619999885559082,4.699999809265137,1539500,7.088333288828532,1808143.3333333333,29.811443256476263,22.778169329220734,True,True
2005-10-03 20:00:00,4.710000038146973,4.75,4.639999866485596,4.670000076293945,995100,7.008999951680502,1813396.6666666667,31.882216195537666,22.597954891289856,True,True
2005-10-04 20:00:00,4.699999809265137,4.769999980926514,4.5,4.610000133514404,1298300,6.928333282470703,1795600.0,33.915748493466175,22.219320834143826,True,True
2005-10-05 20:00:00,4.639999866485596,4.78000020980835,4.340000152587891,4.420000076293945,1077600,6.834333292643229,1790493.3333333333,35.9293176753697,21.018338815410555,True,True
2005-10-06 20:00:00,4.619999885559082,4.619999885559082,4.420000076293945,4.460000038146973,848400,6.741333293914795,1804503.3333333333,37.79906048713726,21.97450370795566,True,True
2005-10-09 20:00:00,4.579999923706055,4.579999923706055,4.369999885559082,4.369999885559082,412300,6.647666629155477,1796873.3333333333,39.57796477344559,21.34826841947179,True,True
2005-10-10 20:00:00,4.510000228881836,4.579999923706055,4.28000020980835,4.360000133514404,1558800,6.547333304087321,1837603.3333333333,41.30887877307733,21.27571909419556,True,True
2005-10-11 20:00:00,4.400000095367432,4.400000095367432,4.130000114440918,4.320000171661377,1724600,6.448999977111816,1882386.6666666667,43.0469062497654,20.968747463276056,True,True
2005-10-12 20:00:00,4.289999961853027,4.400000095367432,4.130000114440918,4.329999923706055,1186300,6.347999970118205,1898960.0,44.66078890669003,21.274551683071383,True,True
2005-10-13 20:00:00,4.400000095367432,4.679999828338623,4.300000190734863,4.619999885559082,469700,6.2479999701182045,1898443.3333333333,44.991675228336995,29.762575335977715,True,True
2005-10-16 20:00:00,4.650000095367432,4.869999885559082,4.650000095367432,4.769999980926514,925100,6.15599996248881,1919293.3333333333,44.58155271677274,33.741894128529154,True,True
2005-10-17 20:00:00,4.789999961853027,4.880000114440918,4.630000114440918,4.710000038146973,880800,6.055333296457927,1923783.3333333333,44.233565447494605,32.938031608914926,True,True
2005-10-18 20:00:00,4.690000057220459,4.860000133514404,4.420000076293945,4.860000133514404,1613900,5.956666628519694,1951530.0,44.24992438486271,36.980202823561086,True,True
2005-10-19 20:00:00,4.849999904632568,4.860000133514404,4.71999979019165,4.829999923706055,793900,5.853999964396158,1950826.6666666667,44.26511482670452,36.50626297380997,True,True
2005-10-20 20:00:00,4.809999942779541,4.940000057220459,4.78000020980835,4.809999942779541,450100,5.749999968210856,1944986.6666666667,43.931919351482634,36.173424489687875,True,True
2005-10-23 20:00:00,4.800000190734863,4.989999771118164,4.800000190734863,4.940000057220459,574200,5.64433331489563,1946283.3333333333,43.40163608449006,40.00253495452319,True,True
2005-10-24 20:00:00,4.929999828338623,4.96999979019165,4.849999904632568,4.920000076293945,458300,5.544666655858358,1948780.0,42.90923019371123,39.60884075721693,True,True
2005-10-25 20:00:00,4.900000095367432,5.0,4.900000095367432,4.960000038146973,384200,5.454333321253459,1933676.6666666667,42.303974557725816,40.86241416497852,True,True
2005-10-26 20:00:00,4.920000076293945,4.989999771118164,4.760000228881836,4.800000190734863,402700,5.358666658401489,1932463.3333333333,42.07391660578906,37.50850827825467,True,True
2005-10-27 20:00:00,4.800000190734863,4.920000076293945,4.789999961853027,4.880000114440918,357800,5.266666666666667,1901466.6666666667,41.86029136470493,40.15347653997577,True,True
2005-10-31 20:00:00,4.900000095367432,5.090000152587891,4.900000095367432,4.989999771118164,796700,5.180999994277954,1912176.6666666667,40.7602165561406,43.683072291558354,True,True
2005-11-01 20:00:00,5.010000228881836,5.070000171661377,4.860000133514404,5.050000190734863,699000,5.1066666603088375,1911856.6666666667,39.856815693308356,45.56881094865328,True,True
2005-11-02 20:00:00,5.03000020980835,5.079999923706055,4.920000076293945,5.0,575500,5.033999999364217,1916583.3333333333,38.962888452589695,44.23941609691556,True,True
2005-11-03 20:00:00,5.0,5.139999866485596,4.960000038146973,5.079999923706055,310700,4.965333334604899,1914036.6666666667,37.7924372959273,46.90821715219125,False,True
2005-11-04 20:00:00,5.03000020980835,5.150000095367432,4.949999809265137,5.090000152587891,314200,4.8933333396911625,1915656.6666666667,36.70558979331222,47.24810217457952,False,True
2005-11-07 20:00:00,5.099999904632568,5.170000076293945,5.03000020980835,5.150000095367432,350400,4.81866668065389,1911846.6666666667,35.57151937504065,49.34349531192386,False,True
2005-11-08 20:00:00,5.110000133514404,5.150000095367432,4.980000019073486,5.079999923706055,520200,4.746666685740153,1909170.0,34.72754305819431,46.99797331037354,False,True
2005-11-09 20:00:00,5.059999942779541,5.099999904632568,4.96999979019165,4.96999979019165,439700,4.770000012715657,1063453.3333333333,33.98687841424803,43.49879839868917,False,True
2005-11-10 20:00:00,4.920000076293945,5.139999866485596,4.900000095367432,5.099999904632568,360900,4.785000006357829,889266.6666666666,33.60282126314935,48.389383023457896,False,True
2005-11-11 20:00:00,5.050000190734863,5.099999904632568,4.949999809265137,5.0,236700,4.795000012715658,751853.3333333334,33.246196765700574,45.15181542148936,False,True
2005-11-14 20:00:00,4.989999771118164,5.03000020980835,4.949999809265137,4.989999771118164,1016100,4.804666678110759,734406.6666666666,32.915045446640995,44.828801731732725,False,False
2005-11-15 20:00:00,4.980000019073486,5.0,4.789999961853027,4.789999961853027,572300,4.808666674296061,720313.3333333334,33.312675656361776,38.84371085057283,True,True
2005-11-16 20:00:00,4.789999961853027,4.96999979019165,4.730000019073486,4.769999980926514,382200,4.814000002543131,689776.6666666666,33.91431133977473,38.29313241696144,True,True
2005-11-17 20:00:00,4.800000190734863,4.869999885559082,4.71999979019165,4.789999961853027,340000,4.826333332061767,665190.0,34.51211036189594,39.22089629185781,True,True
2005-11-18 20:00:00,4.840000152587891,4.880000114440918,4.730000019073486,4.800000190734863,255800,4.837666670481364,645436.6666666666,34.96531498316843,39.70901045682865,True,True
2005-11-21 20:00:00,6.179999828338623,6.650000095367432,5.78000020980835,5.860000133514404,11922600,4.887333345413208,1029113.3333333334,36.154435769111636,68.54508780924627,False,False
2005-11-22 20:00:00,6.0,6.150000095367432,5.869999885559082,5.96999979019165,3300900,4.941000000635783,1087183.3333333333,37.258619356058894,70.14107049176879,False,False
2005-11-23 20:00:00,5.929999828338623,6.079999923706055,5.880000114440918,6.0,1171800,4.996999994913737,1068756.6666666667,38.28393268679564,70.57950757576693,False,False
2005-11-25 20:00:00,6.0,6.050000190734863,5.929999828338623,5.949999809265137,208600,5.050999991099039,1036166.6666666666,39.23600935105118,68.76714090139494,False,True
2005-11-28 20:00:00,5.949999809265137,6.019999980926514,5.699999809265137,5.699999809265137,752700,5.086999988555908,1045600.0,39.005399794907056,60.41386044489235,False,True
2005-11-29 20:00:00,5.699999809265137,6.0,5.699999809265137,5.849999904632568,978600,5.122999986012776,1047383.3333333334,38.79126234991609,63.29483538467973,False,True
2005-11-30 20:00:00,5.800000190734863,5.849999904632568,5.559999942779541,5.559999942779541,1834000,5.151333316167196,1079156.6666666667,37.934334241885814,54.966045413601805,False,False
2005-12-01 20:00:00,5.650000095367432,5.980000019073486,5.630000114440918,5.929999828338623,1443300,5.1869999726613365,1073470.0,37.47035703806825,61.861535951611124,False,False
2005-12-02 20:00:00,5.900000095367432,5.960000038146973,5.800000190734863,5.940000057220459,853500,5.223999977111816,1075456.6666666667,37.0395210630948,62.030755321235475,False,True
2005-12-05 20:00:00,5.940000057220459,6.239999771118164,5.820000171661377,6.03000020980835,1555700,5.264666652679443,1112310.0,37.30939029919904,63.59624789411203,False,False
2005-12-06 20:00:00,6.099999904632568,6.130000114440918,5.889999866485596,5.909999847412109,1126700,5.296999979019165,1130726.6666666667,37.559983161295825,60.04160990872599,False,True
2005-12-07 20:00:00,5.880000114440918,5.960000038146973,5.760000228881836,5.789999961853027,530700,5.325999975204468,1133140.0,37.102603376946774,56.63271047435152,False,True
2005-12-08 20:00:00,6.090000152587891,6.090000152587891,5.78000020980835,5.809999942779541,611200,5.354333305358887,1140706.6666666667,37.01621429139141,57.070186537423965,False,True
2005-12-09 20:00:00,6.050000190734863,6.099999904632568,5.900000095367432,6.0,661000,5.394333299001058,1149316.6666666667,36.96194560038638,61.086278221911115,False,True
2005-12-12 20:00:00,6.019999980926514,6.090000152587891,5.900000095367432,5.920000076293945,405100,5.428999964396159,1150893.3333333333,36.91155324445314,58.60047757163404,False,True
2005-12-13 20:00:00,5.900000095367432,5.929999828338623,5.789999961853027,5.829999923706055,495400,5.456999969482422,1140850.0,36.208549530734764,55.84712511336535,False,True
2005-12-14 20:00:00,5.820000171661377,5.889999866485596,5.710000038146973,5.75,272300,5.4803332964579266,1126626.6666666667,35.100500137553425,53.44339500506944,False,True
2005-12-15 20:00:00,5.739999771118164,5.949999809265137,5.679999828338623,5.949999809265137,699300,5.511999956766764,1130753.3333333333,34.29215003060007,58.27813663622842,False,True
2005-12-16 20:00:00,5.940000057220459,5.949999809265137,5.75,5.78000020980835,817100,5.535333299636841,1147633.3333333333,33.541539217000526,53.21915671378827,False,True
2005-12-19 20:00:00,5.769999980926514,5.789999961853027,5.550000190734863,5.650000095367432,639400,5.553999964396159,1158473.3333333333,31.6878078683499,49.66842234576932,False,True
2005-12-20 20:00:00,5.559999942779541,5.659999847412109,5.460000038146973,5.639999866485596,632000,5.5703332901000975,1167860.0,29.5083004603353,49.395406628997165,False,True
2005-12-21 20:00:00,5.690000057220459,5.809999942779541,5.579999923706055,5.760000228881836,376800,5.59299996693929,1163080.0,28.166843683211862,52.75163402397873,False,True
2005-12-22 20:00:00,5.699999809265137,5.800000190734863,5.599999904632568,5.639999866485596,668800,5.615333302815755,1170716.6666666667,26.92120524731153,49.23505373017644,False,True
2005-12-23 20:00:00,5.650000095367432,5.679999828338623,5.599999904632568,5.630000114440918,447500,5.632999976476033,1173603.3333333333,25.76454098540408,48.94226118915818,True,True
2005-12-27 20:00:00,5.599999904632568,5.659999847412109,5.360000133514404,5.440000057220459,962800,5.647666645050049,1197806.6666666667,24.43843456993854,43.63282823790712,True,True
2005-12-28 20:00:00,5.409999847412109,5.5,5.349999904632568,5.380000114440918,625900,5.660666656494141,1184800.0,23.254859511988,42.0803509635348,True,True
2005-12-29 20:00:00,5.369999885559082,5.429999828338623,5.320000171661377,5.360000133514404,562000,5.679666662216187,1184456.6666666667,22.305676231130853,41.549658675886555,True,True
2005-12-30 20:00:00,5.360000133514404,5.449999809265137,5.28000020980835,5.340000152587891,616700,5.698666667938232,1192273.3333333333,21.627906521237435,40.99291295639271,True,True
2006-01-03 20:00:00,5.320000171661377,5.400000095367432,5.150000095367432,5.340000152587891,589000,5.7170000076293945,1200573.3333333333,21.619794502057406,40.99291295639271,True,True
2006-01-04 20:00:00,5.329999923706055,5.449999809265137,5.289999961853027,5.300000190734863,483900,5.733666674296061,1208176.6666666667,21.267846564209584,39.75723593209557,True,True
2006-01-05 20:00:00,5.340000152587891,5.53000020980835,5.269999980926514,5.349999904632568,949300,5.716666666666667,842400.0,20.40759978765831,42.10643131185941,True,False
2006-01-06 20:00:00,5.349999904632568,5.559999942779541,5.349999904632568,5.519999980926514,1097800,5.701666673024495,768963.3333333334,19.412242152171473,49.339899493805525,True,False
2006-01-09 20:00:00,5.559999942779541,5.630000114440918,5.480000019073486,5.519999980926514,818600,5.685666672388712,757190.0,18.035173724802647,49.339899493805525,True,False
2006-01-10 20:00:00,5.53000020980835,5.599999904632568,5.449999809265137,5.5,907000,5.670666678746541,780470.0,16.947247559737054,48.51286614959913,True,False
2006-01-11 20:00:00,5.53000020980835,5.630000114440918,5.389999866485596,5.579999923706055,752000,5.666666682561239,780446.6666666666,16.315166605651637,51.98015622691712,True,True
2006-01-12 20:00:00,5.579999923706055,5.619999885559082,5.429999828338623,5.5,754900,5.655000019073486,772990.0,15.72823429114375,48.46530389522407,True,True
2006-01-13 20:00:00,5.550000190734863,5.579999923706055,5.440000057220459,5.460000038146973,509300,5.651666688919067,728833.3333333334,15.183225713386422,46.76266161631967,True,True
2006-01-17 20:00:00,5.460000038146973,5.510000228881836,5.300000190734863,5.309999942779541,386600,5.631000026067098,693610.0,15.576382367395349,40.952484529200895,True,True
2006-01-18 20:00:00,5.199999809265137,5.349999904632568,5.199999809265137,5.309999942779541,559200,5.610000022252401,683800.0,16.481514643422766,40.952484529200895,True,True
2006-01-19 20:00:00,5.340000152587891,5.340000152587891,5.199999809265137,5.21999979019165,1099200,5.583000008265177,668583.3333333334,17.32199461401965,37.69353183330455,True,False
2006-01-20 20:00:00,5.260000228881836,5.349999904632568,5.110000133514404,5.159999847412109,623300,5.558000008265178,651803.3333333334,18.566253849287403,35.656362579607155,True,True
2006-01-23 20:00:00,5.199999809265137,5.230000019073486,5.099999904632568,5.150000095367432,428000,5.536666679382324,648380.0,19.77157449298023,35.31380945872721,True,True
2006-01-24 20:00:00,5.170000076293945,5.25,5.019999980926514,5.090000152587891,500600,5.512666686375936,644693.3333333334,21.280446239586258,33.24973496405634,True,True
2006-01-25 20:00:00,5.070000171661377,5.119999885559082,5.010000228881836,5.039999961853027,641700,5.48066668510437,644050.0,22.72902048145854,31.592549987307763,True,True
2006-01-26 20:00:00,5.110000133514404,5.119999885559082,5.019999980926514,5.070000171661377,575800,5.4523333549499515,649740.0,24.07412513462566,33.72686076190951,True,True
2006-01-27 20:00:00,5.050000190734863,5.269999980926514,5.050000190734863,5.130000114440918,497800,5.429000027974447,649820.0,23.66855246294779,37.8999478449308,True,True
2006-01-30 20:00:00,5.110000133514404,5.139999866485596,5.050000190734863,5.059999942779541,291500,5.406000026067098,650460.0,23.291949267818342,35.12135970298928,True,True
2006-01-31 20:00:00,5.039999961853027,5.119999885559082,5.010000228881836,5.090000152587891,434500,5.377333370844523,641633.3333333334,23.22302120879656,37.244824116015565,True,True
2006-02-01 20:00:00,5.059999942779541,5.159999847412109,5.010000228881836,5.110000133514404,647000,5.355000034968058,635963.3333333334,22.728103142329672,38.68559764240517,True,False
2006-02-02 20:00:00,5.150000095367432,5.510000228881836,5.150000095367432,5.429999828338623,1631600,5.347666692733765,669036.6666666666,22.57631248550018,56.065763550924174,False,False
2006-02-03 20:00:00,5.420000076293945,5.429999828338623,5.28000020980835,5.369999885559082,547700,5.3386666933695475,666226.6666666666,22.435364018444215,53.030455781403774,False,True
2006-02-06 20:00:00,5.400000095367432,5.46999979019165,5.320000171661377,5.429999828338623,706900,5.327666680018107,677230.0,22.533349695569843,55.61804934417296,False,False
2006-02-07 20:00:00,5.429999828338623,5.480000019073486,5.21999979019165,5.239999771118164,740900,5.31433334350586,679633.3333333334,21.757662158517274,46.821495315387786,True,False
2006-02-08 20:00:00,5.289999961853027,5.289999961853027,5.119999885559082,5.170000076293945,357900,5.29900000890096,676646.6666666666,20.27588261620353,44.05686233974693,True,True
2006-02-09 20:00:00,5.199999809265137,5.269999980926514,5.119999885559082,5.170000076293945,372400,5.290000009536743,656966.6666666666,18.899944469769338,44.05686233974692,True,True
2006-02-10 20:00:00,5.170000076293945,5.300000190734863,5.079999923706055,5.28000020980835,325200,5.286666679382324,646943.3333333334,17.783596713881,49.49209333372032,True,True
2006-02-13 20:00:00,5.25,5.429999828338623,5.119999885559082,5.150000095367432,613300,5.279666678110758,648653.3333333334,17.23307743513865,44.04568990081006,True,True
2006-02-14 20:00:00,5.150000095367432,5.340000152587891,5.150000095367432,5.260000228881836,278000,5.277000013987223,637363.3333333334,16.721880962020755,49.14532422305643,True,True
2006-02-15 20:00:00,5.25,5.400000095367432,5.239999771118164,5.369999885559082,277100,5.278000005086263,626966.6666666666,16.662812641739492,53.690573376742876,False,True
2006-02-16 20:00:00,5.320000171661377,5.400000095367432,5.179999828338623,5.380000114440918,731600,5.280666669209798,635223.3333333334,16.06868869321011,54.09228626309809,False,False
2006-02-17 20:00:00,5.349999904632568,5.789999961853027,5.329999923706055,5.75,1204100,5.2940000057220455,643716.6666666666,17.567390750479003,65.88407810591491,False,False
2006-02-21 20:00:00,5.739999771118164,5.739999771118164,5.440000057220459,5.440000057220459,1498300,5.291333341598511,657066.6666666666,18.959042660800115,53.487747375000296,False,False
2006-02-22 20:00:00,5.440000057220459,5.539999961853027,5.380000114440918,5.46999979019165,907400,5.289666668574015,660026.6666666666,19.733204896145157,54.38226087079456,False,False
2006-02-23 20:00:00,5.440000057220459,5.53000020980835,5.349999904632568,5.46999979019165,424200,5.288666661580404,643933.3333333334,20.19518305915896,54.38226087079456,False,True
2006-02-24 20:00:00,5.440000057220459,5.539999961853027,5.349999904632568,5.53000020980835,554600,5.28700000445048,637353.3333333334,20.676076068068976,56.330335733709845,False,True
2006-02-27 20:00:00,5.909999847412109,6.179999828338623,5.789999961853027,6.090000152587891,2515100,5.30666667620341,696026.6666666666,23.2330019121531,69.44532484410466,False,False
2006-02-28 20:00:00,6.03000020980835,6.099999904632568,5.849999904632568,5.880000114440918,1207600,5.320666678746542,719303.3333333334,25.6072901959455,61.933741770673066,False,False
2006-03-01 20:00:00,5.889999866485596,5.949999809265137,5.769999980926514,5.909999847412109,629700,5.340666675567627,727406.6666666666,27.193132121644005,62.556821846342025,False,True
2006-03-02 20:00:00,5.909999847412109,6.25,5.800000190734863,6.199999809265137,1628200,5.370333337783814,763040.0,29.34696621212785,68.00821368857316,False,False
2006-03-03 20:00:00,6.199999809265137,6.199999809265137,6.0,6.010000228881836,791600,5.396666685740153,752786.6666666666,31.346955010434275,61.672895674869764,False,False
2006-03-06 20:00:00,6.059999942779541,6.130000114440918,5.949999809265137,6.050000190734863,829200,5.426333363850912,759650.0,32.82062463173065,62.465630247344194,False,False
2006-03-07 20:00:00,5.989999771118164,6.059999942779541,5.920000076293945,6.019999980926514,796700,5.455333360036215,771940.0,33.954875160271705,61.43922952478869,False,False
2006-03-08 20:00:00,6.019999980926514,6.090000152587891,5.920000076293945,6.03000020980835,931600,5.486666695276896,786306.6666666666,35.09129568195505,61.66534884437682,False,False
2006-03-09 20:00:00,6.079999923706055,6.079999923706055,5.860000133514404,5.900000095367432,520000,5.515333366394043,782250.0,35.64751897570431,56.98706333764017,False,True
2006-03-10 20:00:00,5.869999885559082,5.980000019073486,5.840000152587891,5.960000038146973,406700,5.54500002861023,776613.3333333334,35.99603701813091,58.5500709952386,False,True
2006-03-13 20:00:00,5.900000095367432,6.110000133514404,5.889999866485596,5.960000038146973,526600,5.5726666927337645,777573.3333333334,36.75853528515144,58.5500709952386,False,True
2006-03-14 20:00:00,5.989999771118164,6.070000171661377,5.920000076293945,6.010000228881836,415800,5.604333368937175,781716.6666666666,37.46656939024193,59.95639494253954,False,True
2006-03-15 20:00:00,6.059999942779541,6.070000171661377,5.949999809265137,6.039999961853027,318900,5.636000029246012,777863.3333333334,38.1240296306831,60.815422625380236,False,True
2006-03-16 20:00:00,6.110000133514404,6.199999809265137,6.03000020980835,6.090000152587891,416000,5.668666696548462,770163.3333333334,39.169867896315225,62.26826893906679,False,True
2006-03-17 20:00:00,6.110000133514404,6.130000114440918,5.960000038146973,6.03000020980835,787500,5.68866670926412,742026.6666666666,39.46279353201911,59.42112616694647,False,False
2006-03-20 20:00:00,5.989999771118164,6.059999942779541,5.849999904632568,5.980000019073486,532900,5.709000047047933,741533.3333333334,38.76083728764613,57.07892731248688,False,True
2006-03-21 20:00:00,5.960000038146973,6.110000133514404,5.900000095367432,5.960000038146973,535800,5.726666720708211,735830.0,38.332750821317866,56.125935687711795,False,True
2006-03-22 20:00:00,5.940000057220459,6.139999866485596,5.800000190734863,6.010000228881836,618800,5.752333402633667,731760.0,37.1055565824128,58.01328356110849,False,True
2006-03-23 20:00:00,6.03000020980835,6.139999866485596,6.0,6.139999866485596,428700,5.784666728973389,734120.0,35.966019074858096,62.526846424180945,False,True
2006-03-24 20:00:00,6.099999904632568,6.119999885559082,5.920000076293945,6.010000228881836,736300,5.812666734059651,746250.0,34.2581719237725,56.039239887271734,False,True
2006-03-27 20:00:00,5.980000019073486,6.010000228881836,5.929999828338623,5.96999979019165,244500,5.835666720072428,743560.0,32.67231385490731,54.17656632823776,False,True
2006-03-28 20:00:00,5.929999828338623,5.96999979019165,5.820000171661377,5.869999885559082,251900,5.859666713078817,731513.3333333334,30.34391395628197,49.726636963116206,False,True
2006-03-29 20:00:00,5.880000114440918,6.039999961853027,5.829999923706055,6.019999980926514,511300,5.8850000381469725,739290.0,28.66913408738599,55.61571730613457,False,True
2006-03-30 20:00:00,6.03000020980835,6.110000133514404,5.949999809265137,6.090000152587891,361300,5.909000047047933,742096.6666666666,27.569453784032795,58.08339209651685,False,True
2006-03-31 20:00:00,6.070000171661377,6.090000152587891,5.949999809265137,6.019999980926514,532100,5.930333375930786,735446.6666666666,26.54832207377626,54.80213057731754,False,True
2006-04-02 20:00:00,4.340000152587891,4.619999885559082,3.549999952316284,3.5799999237060547,12944600,5.858000040054321,1126796.6666666667,29.621851191971114,17.56125624285517,True,False
2006-04-03 20:00:00,3.609999895095825,3.7699999809265137,3.509999990463257,3.5999999046325684,6117500,5.796666701634725,1280770.0,32.50400059588033,18.052821138568344,True,False
2006-04-04 20:00:00,3.640000104904175,3.740000009536743,3.609999895095825,3.650000095367432,3547000,5.736000045140584,1368756.6666666667,35.1802821852246,19.34759399519523,True,False
2006-04-05 20:00:00,3.680000066757202,3.829999923706055,3.5999999046325684,3.799999952316284,3126500,5.6803333838780725,1458833.3333333333,37.26830225414108,23.264642653571077,True,False
2006-04-06 20:00:00,3.900000095367432,3.990000009536743,3.849999904632568,3.950000047683716,2704000,5.627666711807251,1530480.0,38.5151224936384,27.078651563972638,True,False
2006-04-09 20:00:00,3.990000009536743,3.990000009536743,3.7799999713897705,3.880000114440918,2404200,5.554000043869019,1526783.3333333333,39.76025053028602,26.418735079008133,True,False
2006-04-10 20:00:00,3.880000114440918,3.910000085830689,3.680000066757202,3.700000047683716,801900,5.481333374977112,1513260.0,41.04200116730438,24.748525406296686,True,True
2006-04-11 20:00:00,3.7300000190734863,3.890000104904175,3.670000076293945,3.799999952316284,657400,5.411000045140584,1514183.3333333333,42.24512495658151,27.4911209671948,True,True
2006-04-12 20:00:00,3.7799999713897705,3.950000047683716,3.759999990463257,3.940000057220459,937500,5.335666720072428,1491160.0,43.058899179246204,31.26788557152925,True,True
2006-04-16 20:00:00,3.9600000381469727,3.9600000381469727,3.7300000190734863,3.829999923706055,601800,5.263000043233236,1484833.3333333333,43.861835751474906,29.947971462183837,True,True
2006-04-17 20:00:00,3.839999914169312,4.039999961853027,3.75,3.9700000286102295,1514400,5.193666704495748,1507673.3333333333,44.17324629640073,33.7793947567418,True,False
2006-04-18 20:00:00,3.950000047683716,4.170000076293945,3.930000066757202,4.150000095367432,1954500,5.131333374977112,1546266.6666666667,43.77961137269763,38.44124417699475,True,False
2006-04-19 20:00:00,4.179999828338623,4.179999828338623,4.070000171661377,4.170000076293945,671200,5.069333370526632,1537586.6666666667,43.36146024689389,38.95546949134738,True,True
2006-04-20 20:00:00,4.090000152587891,4.210000038146973,4.079999923706055,4.179999828338623,885800,5.012000028292338,1549780.0,42.806885369524146,39.228811061587194,True,True
2006-04-23 20:00:00,4.159999847412109,4.25,4.03000020980835,4.210000038146973,694000,4.953666694959005,1559356.6666666667,42.42719105758812,40.09545055673651,True,True
2006-04-24 20:00:00,4.190000057220459,4.210000038146973,4.070000171661377,4.199999809265137,823600,4.895000020662944,1569256.6666666667,42.074617767933226,39.891235124073276,True,True
2006-04-25 20:00:00,4.190000057220459,4.210000038146973,3.9800000190734863,4.050000190734863,745900,4.829666686058045,1580260.0,42.00545749926034,36.8587481783783,True,True
2006-04-26 20:00:00,4.019999980926514,4.159999847412109,3.9700000286102295,4.139999866485596,363800,4.766333349545797,1581756.6666666667,41.97014924974127,39.81502445744996,True,True
2006-04-27 20:00:00,4.110000133514404,4.170000076293945,4.019999980926514,4.170000076293945,450000,4.702333347002665,1582890.0,41.863096540794494,40.80985534937681,True,True
2006-04-30 20:00:00,4.150000095367432,4.28000020980835,4.150000095367432,4.190000057220459,1169300,4.6410000085830685,1595616.6666666667,40.960323021060674,41.50404318043583,True,True
2006-05-01 20:00:00,4.170000076293945,4.260000228881836,4.099999904632568,4.119999885559082,682400,4.579000004132589,1600600.0,40.31270107038769,39.746985578942926,True,True
2006-05-02 20:00:00,4.099999904632568,4.21999979019165,4.099999904632568,4.170000076293945,631700,4.519333338737487,1603796.6666666667,39.71133783047706,41.64725052194036,True,True
2006-05-03 20:00:00,4.159999847412109,4.260000228881836,4.099999904632568,4.210000038146973,902000,4.459333332379659,1613236.6666666667,38.83440551415347,43.19082108907074,True,True
2006-05-04 20:00:00,4.25,4.340000152587891,4.199999809265137,4.329999923706055,1046400,4.3990000009536745,1633826.6666666667,37.402256395497936,47.663576444533604,True,True
2006-05-07 20:00:00,4.0,4.380000114440918,4.0,4.349999904632568,1089900,4.343666656812032,1645613.3333333333,36.9687430324484,48.39286568948321,False,True
2006-05-08 20:00:00,4.369999885559082,4.369999885559082,4.199999809265137,4.300000190734863,955700,4.288000003496806,1669320.0,36.56619490961669,46.64299942317603,False,True
2006-05-09 20:00:00,4.320000171661377,4.320000171661377,4.179999828338623,4.269999980926514,771800,4.234666673342387,1686650.0,36.27874500300658,45.578069810407605,False,True
2006-05-10 20:00:00,4.25,4.309999942779541,4.010000228881836,4.050000190734863,1054400,4.169000013669332,1704753.3333333333,36.68053867046067,38.6153751557435,True,True
2006-05-11 20:00:00,4.010000228881836,4.090000152587891,3.7899999618530273,3.9800000190734863,1077600,4.098666675885519,1728630.0,37.72617573915507,36.6945639797915,True,True
2006-05-14 20:00:00,3.950000047683716,4.0,3.7899999618530273,3.829999923706055,705900,4.0256666739781695,1734423.3333333333,38.69712444579987,32.91614202150793,True,True
2006-05-15 20:00:00,3.809999942779541,3.910000085830689,3.799999952316284,3.849999904632568,707300,4.034666673342387,1326513.3333333333,39.59871967339861,33.893548692351914,True,True
2006-05-16 20:00:00,3.880000114440918,3.880000114440918,3.700000047683716,3.740000009536743,980700,4.039333343505859,1155286.6666666667,40.728891389056976,31.20094527544105,True,True
2006-05-17 20:00:00,3.7799999713897705,4.0,3.740000009536743,3.869999885559082,832400,4.046666669845581,1064800.0,40.68823728320386,37.518409311608494,True,True
2006-05-18 20:00:00,3.869999885559082,4.050000190734863,3.849999904632568,4.010000228881836,924000,4.053666679064433,991383.3333333334,40.227985120675775,43.53199617393777,True,True
2006-05-21 20:00:00,3.950000047683716,4.070000171661377,3.859999895095825,3.9700000286102295,1369200,4.0543333450953165,946890.0,39.62940133418845,42.279912537960904,True,False
2006-05-22 20:00:00,3.990000009536743,4.03000020980835,3.819999933242798,3.859999895095825,556200,4.0536666711171465,885290.0,39.25384627965645,38.961177637055684,True,True
2006-05-23 20:00:00,3.839999914169312,3.9700000286102295,3.7799999713897705,3.9600000381469727,566000,4.062333337465922,877426.6666666666,39.08489727730444,43.31712333665661,True,True
2006-05-24 20:00:00,3.9700000286102295,4.119999885559082,3.9600000381469727,4.070000171661377,616100,4.071333344777425,876050.0,37.61672932703103,47.73547794786365,True,True
2006-05-25 20:00:00,4.070000171661377,4.099999904632568,3.990000009536743,4.070000171661377,430500,4.075666681925456,859150.0,36.25343051606287,47.73547794786365,True,True
2006-05-29 20:00:00,4.090000152587891,4.179999828338623,4.010000228881836,4.070000171661377,1164400,4.0836666901906336,877903.3333333334,34.33899567729138,47.73547794786365,True,False
2006-05-30 20:00:00,4.099999904632568,4.210000038146973,4.099999904632568,4.170000076293945,757900,4.090333358446757,852686.6666666666,32.32672183914669,51.98505353842368,False,True
2006-05-31 20:00:00,4.150000095367432,4.269999980926514,4.139999866485596,4.269999980926514,826100,4.0943333546320595,815073.3333333334,30.037501874780048,55.8509041932589,False,False
2006-06-01 20:00:00,4.269999980926514,4.28000020980835,4.190000057220459,4.28000020980835,718400,4.098000025749206,816646.6666666666,27.98857289649522,56.2304253467478,False,True
2006-06-04 20:00:00,4.269999980926514,4.28000020980835,3.990000009536743,4.0,847600,4.092000031471253,815373.3333333334,27.25675552938537,44.65541466599731,True,False
2006-06-05 20:00:00,4.0,4.199999809265137,3.940000057220459,4.090000152587891,669300,4.088000035285949,814550.0,26.86085811440568,48.33671793659657,False,True
2006-06-06 20:00:00,4.130000114440918,4.289999961853027,4.019999980926514,4.199999809265137,582500,4.088000035285949,806513.3333333334,25.749270480938577,52.49574492275254,False,True
2006-06-07 20:00:00,4.150000095367432,4.199999809265137,4.019999980926514,4.199999809265137,635400,4.093000022570292,802830.0,24.717081964147695,52.49574492275254,False,True
2006-06-08 20:00:00,4.179999828338623,4.289999961853027,4.110000133514404,4.130000114440918,314700,4.092666697502136,801193.3333333334,23.040863455359936,49.55171244169313,False,True
2006-06-11 20:00:00,4.099999904632568,4.199999809265137,4.019999980926514,4.039999961853027,544200,4.088333360354105,804333.3333333334,22.109420915737697,45.981199791973225,True,True
2006-06-12 20:00:00,4.090000152587891,4.159999847412109,3.9700000286102295,3.990000009536743,635300,4.081666692097982,786533.3333333334,21.56817071951233,44.08085273187022,True,True
2006-06-13 20:00:00,4.099999904632568,4.099999904632568,3.9700000286102295,3.9800000190734863,798900,4.077000029881796,790416.6666666666,21.065581251588778,43.69192538012048,True,False
2006-06-14 20:00:00,3.9800000190734863,4.159999847412109,3.9800000190734863,4.119999885559082,1035800,4.0753333568573,803886.6666666666,20.063198161994055,50.30285667564844,False,False
2006-06-15 20:00:00,4.099999904632568,4.150000095367432,3.990000009536743,4.039999961853027,1810800,4.069666687647501,834180.0,19.132413864513243,46.91336052765479,True,False
2006-06-18 20:00:00,4.070000171661377,4.119999885559082,4.0,4.050000190734863,546400,4.060333363215128,817513.3333333334,18.268114159709633,47.39057227267326,True,True
2006-06-19 20:00:00,4.050000190734863,4.210000038146973,4.010000228881836,4.119999885559082,1104700,4.052666695912679,818006.6666666666,17.29634939582215,50.72933245819119,False,False
2006-06-20 20:00:00,4.150000095367432,4.269999980926514,4.110000133514404,4.25,615400,4.051000022888184,806663.3333333334,16.889369222263213,56.27873964765557,False,True
2006-06-21 20:00:00,4.21999979019165,4.269999980926514,4.159999847412109,4.199999809265137,518200,4.0486666838328045,798210.0,16.51145906110134,53.770247248725425,False,True
2006-06-22 20:00:00,4.159999847412109,4.190000057220459,4.099999904632568,4.119999885559082,285500,4.051000006993612,772580.0,15.540352593304414,49.935141804612726,False,True
2006-06-25 20:00:00,4.150000095367432,4.300000190734863,4.150000095367432,4.289999961853027,491300,4.061333338419597,753036.6666666666,15.561993053627742,56.960197507814634,False,True
2006-06-26 20:00:00,4.269999980926514,4.360000133514404,4.099999904632568,4.150000095367432,896200,4.072000010808309,759380.0,16.018159774733885,50.65624459445649,False,False
2006-06-27 20:00:00,4.179999828338623,4.190000057220459,4.03000020980835,4.150000095367432,376600,4.082000017166138,748356.6666666666,15.714141936750044,50.65624459445649,False,True
2006-06-28 20:00:00,4.199999809265137,4.369999885559082,4.079999923706055,4.349999904632568,672700,4.1023333470026655,738090.0,16.61587501321652,58.302113443793324,False,True
2006-06-29 20:00:00,4.309999942779541,4.610000133514404,4.300000190734863,4.599999904632568,1723500,4.126666680971781,767793.3333333334,18.54062836574024,65.49868165239613,False,False
2006-07-02 20:00:00,4.559999942779541,4.590000152587891,4.460000038146973,4.519999980926514,347000,4.143666672706604,748560.0,20.327899335940835,61.821738913084566,False,True
2006-07-04 20:00:00,4.420000076293945,4.579999923706055,4.420000076293945,4.570000171661377,796400,4.163666677474976,729466.6666666666,21.583029631406127,63.21178683835581,False,False
2006-07-05 20:00:00,4.590000152587891,4.630000114440918,4.539999961853027,4.610000133514404,605900,4.188666685422262,731123.3333333334,22.97216145640385,64.33066111586375,False,True
2006-07-06 20:00:00,4.559999942779541,4.630000114440918,4.429999828338623,4.489999771118164,497700,4.206333343187968,728846.6666666666,23.187102896459887,58.575032085447376,False,True
2006-07-09 20:00:00,4.46999979019165,4.510000228881836,4.340000152587891,4.389999866485596,379000,4.216999999682108,720943.3333333334,22.613312366061717,54.221441820649204,False,True
2006-07-10 20:00:00,4.349999904632568,4.389999866485596,4.28000020980835,4.380000114440918,469200,4.227333331108094,722233.3333333334,21.60247517028107,53.79089723176398,False,True
2006-07-11 20:00:00,4.389999866485596,4.420000076293945,4.28000020980835,4.320000171661377,535100,4.2356666644414265,701256.6666666666,20.86224739044576,51.165640522725944,False,True
2006-07-12 20:00:00,4.300000190734863,4.400000095367432,4.139999866485596,4.199999809265137,348800,4.236666655540466,687620.0,19.620660803330885,46.29877958919997,True,True
2006-07-13 20:00:00,4.159999847412109,4.239999771118164,3.9800000190734863,4.039999961853027,550900,4.228999988238017,678446.6666666666,19.43329345856167,40.73511249473968,True,True
2006-07-16 20:00:00,4.010000228881836,4.150000095367432,3.950000047683716,4.019999980926514,383700,4.220333313941955,667290.0,19.42235795038508,40.0866482510796,True,True
2006-07-17 20:00:00,4.050000190734863,4.050000190734863,3.849999904632568,4.0,417000,4.220333313941955,652936.6666666666,19.930265832216143,39.41100214875283,True,True
2006-07-18 20:00:00,3.990000009536743,4.260000228881836,3.900000095367432,4.21999979019165,781800,4.2246666351954145,656686.6666666666,18.875489155991705,49.494971548065436,True,False
2006-07-19 20:00:00,4.25,4.260000228881836,4.070000171661377,4.110000133514404,270400,4.221666646003723,646283.3333333334,17.896053670926154,45.42418233799854,True,True
2006-07-20 20:00:00,4.079999923706055,4.099999904632568,3.920000076293945,3.9600000381469727,387500,4.213666653633117,638020.0,17.81798638721117,40.52900563549953,True,True
2006-07-23 20:00:00,4.0,4.260000228881836,3.9600000381469727,4.199999809265137,349200,4.215999976793925,639170.0,16.714572853452587,49.842652945960644,True,True
2006-07-24 20:00:00,4.190000057220459,4.269999980926514,4.099999904632568,4.260000228881836,345000,4.223333319028218,632530.0,15.6296629213018,51.871929251682445,False,True
2006-07-25 20:00:00,4.239999771118164,4.349999904632568,4.139999866485596,4.210000038146973,603300,4.230666653315226,631463.3333333334,14.885413590735364,50.05452302773029,True,True
2006-07-26 20:00:00,4.289999961853027,4.349999904632568,4.099999904632568,4.170000076293945,220200,4.236999988555908,612173.3333333334,13.935106695344972,48.58789397159068,True,True
2006-07-27 20:00:00,4.190000057220459,4.289999961853027,4.110000133514404,4.239999771118164,276300,4.240999984741211,586856.6666666666,13.052678863911037,51.278316533117895,True,True
2006-07-30 20:00:00,4.289999961853027,4.289999961853027,4.150000095367432,4.260000228881836,298300,4.248333326975504,536440.0,12.23328159186524,52.050407541050504,False,True
2006-07-31 20:00:00,4.210000038146973,4.289999961853027,4.139999866485596,4.210000038146973,247700,4.253666655222575,526483.3333333334,11.395096122063592,49.92059034231177,True,True
2006-08-01 20:00:00,4.239999771118164,4.360000133514404,4.230000019073486,4.340000152587891,321400,4.260999997456868,500373.3333333333,11.145234886292853,55.068446326203016,False,True
2006-08-02 20:00:00,4.28000020980835,4.400000095367432,4.230000019073486,4.389999866485596,227900,4.265666659673055,487456.6666666667,11.201071042414629,56.90337390368578,False,True
2006-08-03 20:00:00,4.389999866485596,4.389999866485596,4.21999979019165,4.360000133514404,287400,4.271000003814697,479763.3333333333,11.159834620470187,55.4404268449754,False,True
2006-08-06 20:00:00,4.320000171661377,4.340000152587891,4.110000133514404,4.130000114440918,277100,4.2713333447774255,479483.3333333333,10.561594258747215,45.73279120146421,True,True
2006-08-07 20:00:00,4.150000095367432,4.369999885559082,4.070000171661377,4.110000133514404,358300,4.265333350499471,475050.0,10.320747109729652,44.99499318137841,True,True
2006-08-08 20:00:00,4.099999904632568,4.360000133514404,4.03000020980835,4.070000171661377,287100,4.262666686375936,454746.6666666667,10.405561499999308,43.48402878610457,True,True
2006-08-09 20:00:00,4.059999942779541,4.260000228881836,4.010000228881836,4.210000038146973,190100,4.264666684468588,448530.0,10.638811621918235,49.833746732378664,True,True
2006-08-10 20:00:00,4.179999828338623,4.21999979019165,4.079999923706055,4.130000114440918,129300,4.257333358128865,430416.6666666667,10.855401020842953,46.611054709604375,True,True
2006-08-13 20:00:00,4.130000114440918,4.340000152587891,4.110000133514404,4.119999885559082,344000,4.241333357493082,384433.3333333333,10.283733561007946,46.20877808400871,True,True
2006-08-14 20:00:00,4.210000038146973,4.369999885559082,4.179999828338623,4.260000228881836,412000,4.2326666990915935,386600.0,10.014233172241603,52.402148584598315,False,False
2006-08-15 20:00:00,4.340000152587891,4.5,4.260000228881836,4.340000152587891,390800,4.225000031789144,373080.0,10.762185581045483,55.551478282502266,False,False
2006-08-16 20:00:00,4.320000171661377,4.639999866485596,4.320000171661377,4.599999904632568,340700,4.224666690826416,364240.0,12.295862736728555,63.909316041871655,False,True
2006-08-17 20:00:00,4.630000114440918,4.920000076293945,4.480000019073486,4.889999866485596,348500,4.238000027338663,359266.6666666667,14.888502496274652,70.5589732394016,False,True
2006-08-20 20:00:00,4.820000171661377,4.869999885559082,4.639999866485596,4.75,281700,4.250000031789144,356023.3333333333,17.29595370156746,64.39098447594004,False,True
2006-08-21 20:00:00,4.71999979019165,4.760000228881836,4.630000114440918,4.690000057220459,405700,4.260333363215128,353906.6666666667,19.42636992498314,61.89382354289307,False,False
2006-08-22 20:00:00,4.670000076293945,4.760000228881836,4.539999961853027,4.599999904632568,191500,4.269666687647502,342453.3333333333,20.4845424890103,58.2449656226514,False,True
2006-08-23 20:00:00,4.599999904632568,4.809999942779541,4.539999961853027,4.800000190734863,317200,4.289666700363159,341400.0,21.700927040467935,63.40761271853126,False,True
2006-08-24 20:00:00,4.75,4.760000228881836,4.639999866485596,4.71999979019165,264000,4.31233336130778,331836.6666666667,22.83042698110717,60.201231214998764,False,True
2006-08-27 20:00:00,4.760000228881836,4.929999828338623,4.710000038146973,4.869999885559082,190600,4.340666691462199,325400.0,24.611538388383224,63.88848906844371,False,True
2006-08-28 20:00:00,4.860000133514404,5.070000171661377,4.800000190734863,5.039999961853027,267500,4.3753333568573,320416.6666666667,26.73936405555488,67.55705559573457,False,True
2006-08-29 20:00:00,5.010000228881836,5.199999809265137,4.96999979019165,5.139999866485596,406600,4.406000026067098,307910.0,29.082302655195978,69.5186961536974,False,False
2006-08-30 20:00:00,5.130000114440918,5.179999828338623,5.039999961853027,5.110000133514404,287100,4.439333359400432,308466.6666666667,31.257888497719854,68.18670493855741,False,True
2006-08-31 20:00:00,5.110000133514404,5.110000133514404,4.909999847412109,4.920000076293945,306100,4.471333360671997,305753.3333333333,31.960671726661865,60.30573961469452,False,False
2006-09-04 20:00:00,4.96999979019165,5.150000095367432,4.849999904632568,5.050000190734863,369200,4.499666706720988,306420.0,32.06561894823418,63.420946291507555,False,False
2006-09-05 20:00:00,5.0,5.019999980926514,4.760000228881836,4.880000114440918,392000,4.520333369572957,307986.6666666667,31.394003273239857,57.109124635116245,False,False
2006-09-06 20:00:00,4.840000152587891,4.920000076293945,4.670000076293945,4.800000190734863,191500,4.540000041325887,294260.0,30.0698390481836,54.36702813098203,False,True
2006-09-07 20:00:00,4.789999961853027,4.860000133514404,4.679999828338623,4.840000152587891,167800,4.562333377202352,292513.3333333333,28.84025798205993,55.51710008126711,False,True
2006-09-10 20:00:00,4.78000020980835,4.820000171661377,4.659999847412109,4.760000228881836,255100,4.579666725794474,291806.6666666667,27.53575121597135,52.65864971440523,False,True
2006-09-11 20:00:00,4.78000020980835,5.0,4.659999847412109,4.96999979019165,319500,4.603333377838135,292513.3333333333,27.369778120428276,58.673756131044485,False,False
2006-09-12 20:00:00,4.949999809265137,4.989999771118164,4.760000228881836,4.880000114440918,287900,4.625666713714599,293853.3333333333,27.215660245995423,55.423597013900626,False,True
2006-09-13 20:00:00,4.840000152587891,4.889999866485596,4.71999979019165,4.869999885559082,250700,4.643333371480306,291496.6666666667,26.71057381882743,55.05864152304171,False,True
2006-09-14 20:00:00,4.929999828338623,4.960000038146973,4.710000038146973,4.829999923706055,621800,4.658000040054321,304626.6666666667,26.64580144699433,53.53999112211743,False,False
2006-09-17 20:00:00,4.789999961853027,4.96999979019165,4.730000019073486,4.809999942779541,156900,4.673000033696493,300276.6666666667,26.642813765682973,52.75644862235579,False,True
2006-09-18 20:00:00,4.789999961853027,4.909999847412109,4.639999866485596,4.889999866485596,419400,4.698333358764648,305020.0,25.784180322533697,55.558145285964265,False,False
2006-09-19 20:00:00,5.019999980926514,5.090000152587891,4.909999847412109,4.960000038146973,487500,4.726666688919067,309326.6666666667,26.019510202844295,57.91021145672553,False,False
2006-09-20 20:00:00,4.449999809265137,4.53000020980835,4.329999923706055,4.349999904632568,1174900,4.736000013351441,338920.0,25.49630304490861,38.69255938023992,True,False
2006-09-21 20:00:00,4.349999904632568,4.400000095367432,4.210000038146973,4.210000038146973,565100,4.736000013351441,351420.0,25.452899684202976,35.75951165407481,True,False
2006-09-24 20:00:00,4.199999809265137,4.329999923706055,4.179999828338623,4.25,363900,4.740000009536743,359240.0,25.52042743428489,37.22372332683048,True,False
2006-09-25 20:00:00,4.25,4.400000095367432,4.25,4.300000190734863,290400,4.746000019709269,357453.3333333333,25.149080945295253,39.092521575005776,True,True
2006-09-26 20:00:00,4.269999980926514,4.480000019073486,4.269999980926514,4.340000152587891,924700,4.748666683832805,374543.3333333333,24.324136401138183,40.6155643396151,True,False
2006-09-27 20:00:00,4.369999885559082,4.460000038146973,4.320000171661377,4.340000152587891,313300,4.748666683832805,371960.0,23.558116467278044,40.6155643396151,True,True
2006-09-28 20:00:00,4.349999904632568,4.449999809265137,4.170000076293945,4.230000019073486,594000,4.736333354314168,380403.3333333333,23.515314237761952,37.61562315302493,True,False
2006-10-01 20:00:00,4.239999771118164,4.46999979019165,4.150000095367432,4.190000057220459,705000,4.713000027338664,392286.6666666667,23.475569310354157,36.55818275894962,True,False
2006-10-02 20:00:00,4.190000057220459,4.269999980926514,4.119999885559082,4.139999866485596,365400,4.692666689554851,395076.6666666667,23.573539655625943,35.22516055328975,True,True
2006-10-03 20:00:00,4.130000114440918,4.309999942779541,4.130000114440918,4.309999942779541,369500,4.6800000190734865,393870.0,23.361339228398418,42.85465532196843,True,True
2006-10-04 20:00:00,4.28000020980835,4.429999828338623,4.260000228881836,4.409999847412109,312200,4.6736666838328045,397893.3333333333,22.311753741315165,46.82248163815611,True,True
2006-10-05 20:00:00,4.380000114440918,4.599999904632568,4.269999980926514,4.510000228881836,838700,4.6640000184377035,415276.6666666667,21.117190514626266,50.52220211594049,True,False
2006-10-08 20:00:00,4.480000019073486,4.650000095367432,4.480000019073486,4.630000114440918,681700,4.661000029246012,429200.0,20.27698028992668,54.603748178827026,True,False
2006-10-09 20:00:00,4.619999885559082,4.710000038146973,4.619999885559082,4.639999866485596,884100,4.653333361943563,452316.6666666667,19.814215111400962,54.937346749964256,True,False
2006-10-10 20:00:00,4.599999904632568,4.699999809265137,4.599999904632568,4.679999828338623,461600,4.641333357493083,458786.6666666667,19.243924798564745,56.320088155462265,False,False
2006-10-11 20:00:00,4.739999771118164,4.860000133514404,4.670000076293945,4.849999904632568,492300,4.631666692097982,461643.3333333333,19.531069644875917,61.69915332317034,False,False
2006-10-12 20:00:00,4.849999904632568,4.869999885559082,4.699999809265137,4.849999904632568,364800,4.62300001780192,464233.3333333333,19.84513062083557,61.69915332317034,False,True
2006-10-15 20:00:00,4.820000171661377,4.900000095367432,4.699999809265137,4.869999885559082,571800,4.621333344777425,473090.0,20.284530644978396,62.332070143500985,False,False
2006-10-16 20:00:00,4.820000171661377,4.889999866485596,4.699999809265137,4.869999885559082,258200,4.615333334604899,469390.0,20.69254495311102,62.33207014350099,False,True
2006-10-17 20:00:00,4.869999885559082,4.949999809265137,4.78000020980835,4.889999866485596,196800,4.615666659673055,462883.3333333333,21.385067142218663,63.04039895049893,False,True
2006-10-18 20:00:00,4.900000095367432,5.0,4.869999885559082,4.989999771118164,377700,4.621999979019165,469090.0,22.279517706691376,66.43866279942472,False,True
2006-10-19 20:00:00,5.010000228881836,5.050000190734863,4.829999923706055,4.980000019073486,236700,4.626666641235351,471386.6666666667,23.3538503613042,65.78726545417342,False,True
2006-10-22 20:00:00,4.940000057220459,5.050000190734863,4.800000190734863,4.880000114440918,319900,4.630666637420655,473546.6666666667,24.03475020412254,59.504250039308445,False,True
2006-10-23 20:00:00,4.829999923706055,4.880000114440918,4.650000095367432,4.800000190734863,321900,4.624999984105428,473626.6666666667,23.261191212442277,54.98039368664095,False,True
2006-10-24 20:00:00,4.78000020980835,4.829999923706055,4.659999847412109,4.71999979019165,322700,4.619666639963786,474786.6666666667,22.542886434453465,50.81957207992247,False,True
2006-10-25 20:00:00,4.730000019073486,4.829999923706055,4.710000038146973,4.800000190734863,265000,4.617333316802979,475263.3333333333,21.87588914060671,54.52571224142439,False,True
2006-10-26 20:00:00,4.769999980926514,4.800000190734863,4.670000076293945,4.769999980926514,364600,4.615333318710327,466690.0,20.876410038778726,52.91533400628777,False,True
2006-10-30 20:00:00,4.71999979019165,4.809999942779541,4.670000076293945,4.760000228881836,373200,4.613666661580404,473900.0,20.030556366028257,52.360225761056135,False,True
2006-10-31 20:00:00,4.789999961853027,4.800000190734863,4.699999809265137,4.760000228881836,424600,4.609333340326945,474073.3333333333,19.245120812759968,52.360225761056135,False,True
2006-11-01 20:00:00,4.690000057220459,4.800000190734863,4.559999942779541,4.650000095367432,425600,4.59900000890096,472010.0,18.538994246716637,46.17976061802966,False,True
2006-11-02 20:00:00,4.579999923706055,4.75,4.5,4.650000095367432,492900,4.609000015258789,449276.6666666667,18.35098474638058,46.17976061802966,False,False
2006-11-03 20:00:00,4.650000095367432,4.75,4.619999885559082,4.699999809265137,400300,4.625333340962728,443783.3333333333,18.176404496068525,49.33253232019097,False,True
2006-11-06 20:00:00,4.699999809265137,4.920000076293945,4.699999809265137,4.849999904632568,453900,4.645333337783813,446783.3333333333,17.330079031493657,57.39575215466309,False,False
2006-11-07 20:00:00,4.860000133514404,5.0,4.809999942779541,4.829999923706055,474300,4.66299999554952,452913.3333333333,17.137044595443275,56.11351168582428,False,False
2006-11-08 20:00:00,4.789999961853027,5.03000020980835,4.78000020980835,4.989999771118164,578900,4.684666649500529,441386.6666666667,17.168464431551854,63.197005994276935,False,False
2006-11-09 20:00:00,4.989999771118164,5.019999980926514,4.800000190734863,4.900000095367432,870500,4.703333314259847,459960.0,17.197639993652675,57.568328121205084,False,False
2006-11-10 20:00:00,4.880000114440918,4.960000038146973,4.829999923706055,4.940000057220459,292100,4.7269999821980795,449896.6666666667,17.224731587032014,59.30322322329836,False,True
2006-11-13 20:00:00,4.96999979019165,5.099999904632568,4.860000133514404,4.960000038146973,592000,4.7526666482289635,446130.0,18.23664904762376,60.179901202396294,False,False
2006-11-14 20:00:00,5.0,5.199999809265137,4.940000057220459,5.190000057220459,594700,4.787666654586792,453773.3333333333,19.735955262886822,68.56604164352524,False,False
2006-11-15 20:00:00,5.179999828338623,5.300000190734863,5.059999942779541,5.269999980926514,708000,4.819666655858358,465056.6666666667,21.603586201928703,70.86446084535844,False,False
2006-11-16 20:00:00,5.269999980926514,5.300000190734863,5.070000171661377,5.21999979019165,287400,4.846666653951009,464230.0,23.33781493103902,67.54046125489323,False,True
2006-11-17 20:00:00,5.21999979019165,5.380000114440918,5.099999904632568,5.360000133514404,480000,4.874999984105428,452273.3333333333,25.3047264690303,71.56266033840343,False,False
2006-11-20 20:00:00,5.329999923706055,5.429999828338623,5.289999961853027,5.340000152587891,540100,4.89866665204366,447553.3333333333,27.33626174667068,70.22393481617627,False,False
2006-11-21 20:00:00,5.099999904632568,5.559999942779541,5.099999904632568,5.519999980926514,720100,4.927999989191691,442086.6666666667,27.10274713255024,74.79412289648897,False,False
2006-11-22 20:00:00,5.380000114440918,5.570000171661377,5.260000228881836,5.46999979019165,440700,4.954333321253459,441390.0,26.944615653960426,71.51073450023007,False,True
2006-11-24 20:00:00,5.420000076293945,5.559999942779541,5.360000133514404,5.46999979019165,139700,4.974999984105428,429636.6666666667,26.797779280984173,71.51073450023007,False,True
2006-11-27 20:00:00,5.429999828338623,5.449999809265137,5.320000171661377,5.340000152587891,597300,4.9913333257039385,437386.6666666667,26.23494885930199,63.15129951283372,False,False
2006-11-28 20:00:00,5.309999942779541,5.320000171661377,5.150000095367432,5.239999771118164,276200,5.003666655222575,427533.3333333333,24.534697525442258,57.5757287995341,False,True
2006-11-29 20:00:00,5.300000190734863,5.420000076293945,5.21999979019165,5.25,518100,5.016333325703939,436196.6666666667,23.355684788626487,57.97530952095056,False,False
2006-11-30 20:00:00,5.21999979019165,5.260000228881836,5.159999847412109,5.239999771118164,652100,5.027999989191691,451373.3333333333,21.783256391183905,57.39315945279711,False,False
2006-12-01 20:00:00,5.21999979019165,5.289999961853027,5.050000190734863,5.159999847412109,803200,5.033666658401489,465556.6666666667,20.91977752327923,52.82350455017462,False,False
2006-12-04 20:00:00,5.150000095367432,5.559999942779541,5.050000190734863,5.489999771118164,1336300,5.0506666501363116,502210.0,20.484403953552285,65.14990320467925,False,False
2006-12-05 20:00:00,5.53000020980835,5.78000020980835,5.5,5.760000228881836,1276800,5.079999987284342,534106.6666666666,21.077756053926716,71.6716893549328,False,False
2006-12-06 20:00:00,5.769999980926514,5.809999942779541,5.550000190734863,5.739999771118164,800200,5.111333306630453,550050.0,21.748326009753008,70.61746078493194,False,False
2006-12-07 20:00:00,5.71999979019165,5.849999904632568,5.690000057220459,5.789999961853027,599000,5.146999979019165,559260.0,22.533217664968134,71.73670867422757,False,False
2006-12-08 20:00:00,5.769999980926514,5.980000019073486,5.690000057220459,5.920000076293945,612800,5.184333308537801,570853.3333333334,23.754927532127592,74.4606829170269,False,False
2006-12-11 20:00:00,5.929999828338623,5.929999828338623,5.800000190734863,5.869999885559082,400900,5.220999972025553,572063.3333333334,24.889372408775664,71.60230356557251,False,True
2006-12-12 20:00:00,5.900000095367432,5.980000019073486,5.840000152587891,5.920000076293945,1049800,5.259666633605957,594616.6666666666,26.131454340672786,72.72967704821387,False,False
2006-12-13 20:00:00,5.96999979019165,6.0,5.880000114440918,5.929999828338623,499900,5.298666620254517,597126.6666666666,27.361094340915866,72.96087268168802,False,True
2006-12-14 20:00:00,5.96999979019165,6.0,5.900000095367432,5.960000038146973,780800,5.342333285013835,608966.6666666666,28.502902912570157,73.6817576537,False,False
2006-12-15 20:00:00,5.989999771118164,6.050000190734863,5.860000133514404,5.920000076293945,685400,5.384666617711385,615383.3333333334,29.769173504801646,70.96508086693552,False,False
2006-12-18 20:00:00,5.920000076293945,6.099999904632568,5.840000152587891,6.059999942779541,1229600,5.429999955495199,643026.6666666666,31.144621457299824,74.50780942952723,False,False
2006-12-19 20:00:00,6.0,6.050000190734863,5.920000076293945,5.980000019073486,523300,5.4676666259765625,645340.0,32.421823127476706,69.30399096885077,False,True
2006-12-20 20:00:00,5.980000019073486,6.099999904632568,5.849999904632568,5.980000019073486,363200,5.5059999624888105,641636.6666666666,32.77936683874457,69.30399096885077,False,True
2006-12-21 20:00:00,5.949999809265137,6.039999961853027,5.889999866485596,5.980000019073486,338600,5.538999970753988,633626.6666666666,33.111371713493305,69.30399096885078,False,True
2006-12-22 20:00:00,5.96999979019165,6.03000020980835,5.809999942779541,5.980000019073486,185700,5.574999968210856,610800.0,32.50176815212016,69.30399096885077,False,True
2006-12-26 20:00:00,5.949999809265137,5.960000038146973,5.5,5.880000114440918,457500,5.606333303451538,616313.3333333334,30.922367851327778,62.0210287875955,False,True
2006-12-27 20:00:00,5.880000114440918,6.0,5.820000171661377,5.980000019073486,488300,5.640333302815756,612856.6666666666,29.15978316831695,65.88217166920676,False,True
2006-12-28 20:00:00,5.989999771118164,5.989999771118164,5.769999980926514,5.809999942779541,326300,5.660999965667725,603910.0,27.845230230208788,55.54399391269359,False,True
2006-12-29 20:00:00,5.78000020980835,5.980000019073486,5.71999979019165,5.840000152587891,512300,5.679999971389771,597386.6666666666,26.93853438589209,56.831366477105924,False,True
2007-01-03 20:00:00,5.860000133514404,6.199999809265137,5.840000152587891,6.019999980926514,903400,5.706666644414266,617920.0,25.48844555673632,63.635646252521205,False,False
2007-01-04 20:00:00,6.0,6.199999809265137,5.920000076293945,6.190000057220459,697000,5.734333308537801,625153.3333333334,24.141934501091676,68.65994369427898,False,False
2007-01-05 20:00:00,6.130000114440918,6.190000057220459,5.960000038146973,6.039999961853027,564700,5.7576666355133055,625973.3333333334,22.89160280656451,60.69180922759059,False,True
2007-01-08 20:00:00,6.409999847412109,6.489999771118164,6.230000019073486,6.360000133514404,1502700,5.785666640599569,652060.0,23.35591288907296,68.96613232046982,False,False
2007-01-09 20:00:00,6.449999809265137,7.079999923706055,6.449999809265137,7.059999942779541,2165900,5.838666645685832,709566.6666666666,25.50411317224927,79.25385458770383,False,False
2007-01-10 20:00:00,7.0,7.010000228881836,6.599999904632568,6.829999923706055,2405600,5.8839999834696455,785096.6666666666,27.498870578055836,70.93337113408064,False,False
2007-01-11 20:00:00,6.869999885559082,7.179999828338623,6.869999885559082,7.119999885559082,1341600,5.9433333079020185,809906.6666666666,29.690926749618733,74.55997743561691,False,False
2007-01-12 20:00:00,7.130000114440918,7.329999923706055,7.090000152587891,7.320000171661377,843400,6.012666654586792,828813.3333333334,31.99064903205591,76.71748804760375,False,False
2007-01-16 20:00:00,7.420000076293945,7.5,7.170000076293945,7.230000019073486,661700,6.078666655222575,833600.0,34.39142993152147,73.68893596915012,False,True
2007-01-17 20:00:00,7.170000076293945,7.320000171661377,7.159999847412109,7.179999828338623,624900,6.143333323796591,832693.3333333334,36.548142384212426,71.98866595376244,False,True
2007-01-18 20:00:00,7.150000095367432,7.28000020980835,7.039999961853027,7.110000133514404,692800,6.208333333333333,829013.3333333334,37.68706473225661,69.56854161866816,False,True
2007-01-19 20:00:00,7.079999923706055,7.21999979019165,6.869999885559082,7.159999847412109,528000,6.264000002543131,802070.0,37.64675802754467,70.33566328876526,False,True
2007-01-22 20:00:00,7.170000076293945,7.380000114440918,6.989999771118164,7.320000171661377,746300,6.316000000635783,784386.6666666666,38.02563218099964,72.70668635117757,False,True
2007-01-23 20:00:00,7.239999771118164,7.380000114440918,7.199999809265137,7.309999942779541,614600,6.368333339691162,778200.0,38.3774438949221,72.3176241435707,False,True
2007-01-24 20:00:00,7.360000133514404,7.579999923706055,7.320000171661377,7.420000076293945,976300,6.422666676839193,790776.6666666666,39.18683376476526,73.96777603817907,False,False
2007-01-25 20:00:00,7.420000076293945,7.5,7.25,7.300000190734863,1280800,6.46866668065389,813043.3333333334,39.4813564044264,69.12673349100275,False,False
2007-01-26 20:00:00,7.329999923706055,7.380000114440918,7.179999828338623,7.309999942779541,860200,6.5166666825612385,828353.3333333334,39.30440119254301,69.30700565854542,False,False
2007-01-29 20:00:00,7.289999961853027,7.480000019073486,7.260000228881836,7.440000057220459,546400,6.567333348592123,811573.3333333334,39.42539134480579,71.62652409028995,False,True
2007-01-30 20:00:00,7.420000076293945,7.480000019073486,7.260000228881836,7.340000152587891,1110400,6.614333359400431,831923.3333333334,39.5377393433355,67.40662847309297,False,False
2007-01-31 20:00:00,7.320000171661377,7.480000019073486,7.260000228881836,7.429999828338623,538900,6.66333335240682,823860.0,39.642062484827385,69.16725049311412,False,True
2007-02-01 20:00:00,7.460000038146973,7.5,7.25,7.449999809265137,429600,6.714333343505859,815333.3333333334,39.80464248243687,69.56074992602798,False,True
2007-02-02 20:00:00,7.449999809265137,7.699999809265137,7.449999809265137,7.579999923706055,723100,6.7650000095367435,798450.0,40.55205864767079,72.05708248666487,False,True
2007-02-05 20:00:00,7.590000152587891,7.599999904632568,7.309999942779541,7.340000152587891,920800,6.810333347320556,811700.0,40.196556264681355,61.955285592251705,False,False
2007-02-06 20:00:00,7.349999904632568,7.46999979019165,7.150000095367432,7.349999904632568,765600,6.856000010172526,825113.3333333334,38.82621116534416,62.193109768886586,False,True
2007-02-07 20:00:00,7.380000114440918,7.440000057220459,7.21999979019165,7.269999980926514,732500,6.89900000890096,838243.3333333334,37.55374785881677,59.01472072718737,False,True
2007-02-08 20:00:00,7.239999771118164,7.360000133514404,7.150000095367432,7.260000228881836,719900,6.941666682561238,856050.0,35.925411619346114,58.611510040437885,False,True
2007-02-09 20:00:00,7.239999771118164,7.369999885559082,7.119999885559082,7.21999979019165,830200,6.9863333384195965,868473.3333333334,34.22239830785731,56.93573088378198,False,True
2007-02-12 20:00:00,7.21999979019165,7.25,6.96999979019165,7.090000152587891,672400,7.023333342870076,874610.0,31.80730942495786,51.75654799672559,False,True
2007-02-13 20:00:00,7.139999866485596,7.170000076293945,7.0,7.159999847412109,528200,7.068333339691162,881340.0,29.56472689083694,54.17383675970085,False,True
2007-02-14 20:00:00,7.210000038146973,7.289999961853027,7.130000114440918,7.170000076293945,723400,7.112666670481364,888376.6666666666,28.095861653174378,54.52440055886084,False,True
2007-02-15 20:00:00,7.119999885559082,7.179999828338623,6.860000133514404,6.940000057220459,1481800,7.1433333396911625,907656.6666666666,26.887134801830054,45.83897533969704,True,False
2007-02-16 20:00:00,6.920000076293945,6.949999809265137,6.800000190734863,6.889999866485596,1166200,7.166666666666667,923296.6666666666,26.033857096527075,44.19095691030775,True,False
2007-02-20 20:00:00,6.849999904632568,7.019999980926514,6.769999980926514,7.0,745400,7.198666667938232,929320.0,24.82614239293335,48.5715864284579,True,True
2007-02-21 20:00:00,6.949999809265137,6.989999771118164,6.820000171661377,6.96999979019165,877900,7.218999989827474,908493.3333333334,23.7046930253106,47.47704699956376,True,True
2007-02-22 20:00:00,6.940000057220459,7.03000020980835,6.860000133514404,6.929999828338623,701500,7.214666652679443,859680.0,22.41046703054237,45.98897872969055,True,True
2007-02-23 20:00:00,6.909999847412109,6.96999979019165,6.800000190734863,6.820000171661377,623200,7.214333327611287,800266.6666666666,21.54451063245214,42.08273324455632,True,True
2007-02-26 20:00:00,6.820000171661377,7.309999942779541,6.820000171661377,7.210000038146973,1446100,7.21733333269755,803750.0,21.106819520319238,56.26616051479177,True,False
2007-02-27 20:00:00,7.210000038146973,7.269999980926514,6.480000019073486,6.570000171661377,2404600,7.19233333269755,855790.0,20.152027022513757,39.270455769476804,True,False
2007-02-28 20:00:00,6.570000171661377,6.590000152587891,6.340000152587891,6.409999847412109,1916900,7.164999993642171,897630.0,19.80383927492641,36.317018524894635,True,False
2007-03-01 20:00:00,6.320000171661377,6.510000228881836,6.099999904632568,6.349999904632568,1184900,7.137333329518636,916296.6666666666,20.273664090255277,35.246504131096856,True,False
2007-03-02 20:00:00,6.260000228881836,6.329999923706055,5.96999979019165,6.03000020980835,1209700,7.101333332061768,933526.6666666666,21.08340437762562,30.143163429593095,True,False
2007-03-05 20:00:00,6.0,6.199999809265137,5.989999771118164,6.010000228881836,1176000,7.063000011444092,955126.6666666666,21.835306073040936,29.85223904407811,True,False
2007-03-06 20:00:00,6.079999923706055,6.340000152587891,6.039999961853027,6.300000190734863,765800,7.029000012079875,955776.6666666666,21.7675405798791,39.03962516319142,True,True
2007-03-07 20:00:00,6.28000020980835,6.300000190734863,6.130000114440918,6.150000095367432,982200,6.990333350499471,968030.0,21.704615479085966,36.3851389669195,True,False
2007-03-08 20:00:00,6.21999979019165,6.349999904632568,6.179999828338623,6.21999979019165,639300,6.950333340962728,956796.6666666666,21.364289533824117,38.48712652860149,True,True
2007-03-09 20:00:00,6.289999961853027,6.440000057220459,6.239999771118164,6.389999866485596,544300,6.919999996821086,932246.6666666666,20.551126348983708,43.38015650705061,True,True
2007-03-11 20:00:00,6.329999923706055,6.389999866485596,6.210000038146973,6.309999942779541,628400,6.886666663487753,924520.0,19.93055099537305,41.69916931223605,True,True
2007-03-12 20:00:00,6.340000152587891,6.389999866485596,6.03000020980835,6.039999961853027,760800,6.839999993642171,931666.6666666666,20.103914774891674,36.551222598723484,True,True
2007-03-13 20:00:00,6.010000228881836,6.21999979019165,6.0,6.21999979019165,695700,6.802666648228963,917843.3333333334,20.380941507974942,41.71706435864059,True,True
2007-03-14 20:00:00,6.230000019073486,6.289999961853027,6.099999904632568,6.21999979019165,428000,6.762333313624064,914146.6666666666,20.19580022614246,41.7170643586406,True,True
2007-03-15 20:00:00,6.210000038146973,6.320000171661377,6.090000152587891,6.110000133514404,847600,6.717666657765706,928080.0,19.834277571575264,39.441149505946235,True,True
2007-03-18 20:00:00,6.159999847412109,6.480000019073486,6.159999847412109,6.480000019073486,682500,6.680999994277954,926726.6666666666,18.55610115338734,49.43412343306984,True,True
2007-03-19 20:00:00,6.440000057220459,6.539999961853027,6.360000133514404,6.5,672400,6.652999989191691,918446.6666666666,17.414197032864962,49.91522364180325,True,True
2007-03-20 20:00:00,6.53000020980835,6.659999847412109,6.460000038146973,6.659999847412109,716800,6.629999987284342,916820.0,16.959225670493062,53.70962586745922,False,True
2007-03-21 20:00:00,6.690000057220459,6.71999979019165,6.539999961853027,6.550000190734863,784700,6.605999994277954,918560.0,16.82104878485933,50.857000036975286,True,True
2007-03-22 20:00:00,6.570000171661377,6.820000171661377,6.570000171661377,6.769999980926514,556500,6.589666652679443,913113.3333333334,17.14395227609913,55.90164590109746,False,True
2007-03-25 20:00:00,6.739999771118164,6.75,6.460000038146973,6.489999771118164,392600,6.565333318710327,898526.6666666666,16.742304771596437,49.00649973234219,True,True
2007-03-26 20:00:00,6.449999809265137,6.5,6.400000095367432,6.489999771118164,293200,6.54533330599467,885886.6666666666,16.007823144402092,49.00649973234219,True,True
2007-03-27 20:00:00,6.429999828338623,6.519999980926514,6.239999771118164,6.449999809265137,460700,6.521666638056437,883636.6666666666,15.279833072142855,48.025073842001916,True,True
2007-03-28 20:00:00,6.510000228881836,6.559999942779541,6.309999942779541,6.539999961853027,510200,6.50066663424174,876530.0,14.376267221212869,50.4304719355079,False,True
2007-03-29 20:00:00,6.679999828338623,6.730000019073486,6.550000190734863,6.590000152587891,686100,6.488999970753988,850006.6666666666,14.049416631328256,51.76601927215068,False,True
2007-04-01 20:00:00,6.630000114440918,6.75,6.610000133514404,6.679999828338623,616300,6.4819999694824215,831676.6666666666,13.843284677396184,54.160117495475845,False,True
2007-04-02 20:00:00,6.71999979019165,6.789999961853027,6.659999847412109,6.679999828338623,662900,6.471333297093709,828926.6666666666,13.851919739876825,54.160117495475845,False,True
2007-04-03 20:00:00,6.699999809265137,6.78000020980835,6.519999980926514,6.53000020980835,730500,6.456666644414266,824013.3333333334,12.99538581850641,49.41879409540358,False,True
2007-04-04 20:00:00,6.5,6.829999923706055,6.460000038146973,6.800000190734863,680600,6.452333323160807,823316.6666666666,12.2742349559583,56.75706017392089,False,True
2007-04-08 20:00:00,6.820000171661377,7.039999961853027,6.699999809265137,7.019999980926514,1153100,6.458999983469645,840980.0,12.29108646640732,61.64044602933152,False,False
2007-04-09 20:00:00,7.510000228881836,7.809999942779541,7.449999809265137,7.579999923706055,3609800,6.471333312988281,913103.3333333334,14.628933663223362,70.70824083089036,False,False
2007-04-10 20:00:00,7.630000114440918,7.699999809265137,7.25,7.300000190734863,1993800,6.495666646957398,899410.0,15.824466075041661,62.72428423807712,False,False
2007-04-11 20:00:00,7.329999923706055,7.670000076293945,7.329999923706055,7.639999866485596,2330800,6.53666664759318,913206.6666666666,16.934603314587225,67.52015673641115,False,False
2007-04-12 20:00:00,7.679999828338623,7.75,7.570000171661377,7.75,996100,6.583333317438761,906913.3333333334,18.170617017239923,68.9136680841853,False,False
2007-04-15 20:00:00,7.78000020980835,8.029999732971191,7.710000038146973,7.920000076293945,1876400,6.646333312988281,929136.6666666666,19.958358655909468,70.98548995551089,False,False
2007-04-16 20:00:00,7.940000057220459,8.029999732971191,7.769999980926514,7.809999942779541,754400,6.706333303451538,915083.3333333334,21.618404463245472,67.83508704752505,False,True
2007-04-17 20:00:00,7.800000190734863,7.929999828338623,7.75,7.829999923706055,449100,6.757333294550578,904526.6666666666,23.045712166359642,68.11219070120114,False,True
2007-04-18 20:00:00,7.769999980926514,7.960000038146973,7.639999866485596,7.829999923706055,594300,6.813333288828532,891596.6666666666,23.743879645382602,68.11219070120114,False,True
2007-04-19 20:00:00,7.989999771118164,8.0,7.849999904632568,7.900000095367432,565500,6.869333299001058,889136.6666666666,24.50594177805029,69.1896368644397,False,True
2007-04-22 20:00:00,7.900000095367432,8.079999923706055,7.889999866485596,8.010000228881836,809500,6.923333311080933,897976.6666666666,25.44116952169524,70.85610596216327,False,True
2007-04-23 20:00:00,8.010000228881836,8.100000381469727,7.909999847412109,8.050000190734863,730500,6.98133331934611,901380.0,26.367143527709477,71.46060587828177,False,True
2007-04-24 20:00:00,8.09000015258789,8.300000190734863,8.050000190734863,8.239999771118164,1055400,7.054666646321615,911200.0,27.764036924693333,74.19824193613198,False,False
2007-04-25 20:00:00,8.25,8.260000228881836,8.029999732971191,8.109999656677246,781300,7.117666641871135,914053.3333333334,28.925906072140826,69.30000271769764,False,True
2007-04-26 20:00:00,8.100000381469727,8.119999885559082,7.860000133514404,7.880000114440918,627800,7.172999986012777,920713.3333333334,28.912581882290898,61.55727981786744,False,True
2007-04-29 20:00:00,7.860000133514404,7.949999809265137,7.559999942779541,7.710000038146973,1058500,7.226333316167196,927743.3333333334,27.356372422424847,56.52985946532997,False,False
2007-04-30 20:00:00,7.730000019073486,7.75,7.489999771118164,7.699999809265137,802000,7.266999975840251,931726.6666666666,25.601578795739652,56.23888959334107,False,True
2007-05-01 20:00:00,7.670000076293945,8.0600004196167,7.659999847412109,7.900000095367432,840100,7.3136666456858315,937316.6666666666,25.095717949636516,60.60610307183681,False,True
2007-05-02 20:00:00,7.860000133514404,8.010000228881836,7.75,7.829999923706055,1602000,7.352666648228963,966823.3333333334,24.625990021112177,58.409006828879306,False,False
2007-05-03 20:00:00,7.789999961853027,7.809999942779541,7.550000190734863,7.630000114440918,818900,7.388666645685832,967963.3333333334,23.275521399457286,52.5476133495386,False,True
2007-05-06 20:00:00,7.590000152587891,7.639999866485596,7.420000076293945,7.480000019073486,791800,7.412333313624064,975806.6666666666,21.735213461383466,48.60781669868493,False,True
2007-05-07 20:00:00,7.440000057220459,7.5,7.349999904632568,7.460000038146973,751600,7.444666655858358,987773.3333333334,20.579867368126383,48.09009168794754,False,True
2007-05-08 20:00:00,7.420000076293945,7.420000076293945,7.300000190734863,7.409999847412109,1088700,7.4753333250681555,1014290.0,19.70431166765264,46.7494992730262,True,False
2007-05-09 20:00:00,7.369999885559082,7.409999847412109,7.090000152587891,7.099999904632568,836300,7.496999994913737,1026810.0,19.65627275315394,39.4134784683787,True,True
2007-05-10 20:00:00,7.099999904632568,7.309999942779541,7.010000228881836,7.25,1133900,7.520666662851969,1047600.0,19.876163469716,43.993198864247134,True,False
2007-05-13 20:00:00,7.269999980926514,7.320000171661377,7.110000133514404,7.199999809265137,933100,7.540999984741211,1055833.3333333333,20.026704445029555,42.830985613603715,True,True
2007-05-14 20:00:00,7.25,7.389999866485596,7.139999866485596,7.190000057220459,1003200,7.557999992370606,1068730.0,19.782310990197374,42.58866155956512,True,True
2007-05-15 20:00:00,7.199999809265137,7.21999979019165,7.079999923706055,7.179999828338623,504700,7.574666659037272,1063456.6666666667,19.788337255371346,42.330732878469576,True,True
2007-05-16 20:00:00,7.170000076293945,7.230000019073486,7.0,7.010000228881836,421200,7.590666659673055,1053146.6666666667,20.0982711956788,38.105803878078234,True,True
2007-05-17 20:00:00,7.039999961853027,7.130000114440918,7.0,7.130000114440918,863200,7.601666657129924,1059233.3333333333,20.38606699739287,42.47066657275841,True,True
2007-05-20 20:00:00,7.099999904632568,7.289999961853027,7.050000190734863,7.25,429100,7.609333324432373,1035100.0,19.67988046595081,46.53139718134214,True,True
2007-05-21 20:00:00,7.230000019073486,7.300000190734863,7.199999809265137,7.260000228881836,458500,7.598666667938232,930056.6666666666,18.966236622472362,46.86797461917601,True,True
2007-05-22 20:00:00,7.260000228881836,7.5,7.25,7.300000190734863,606000,7.598666667938232,883796.6666666666,17.988430630459604,48.27065104273925,True,True
2007-05-23 20:00:00,7.309999942779541,7.349999904632568,7.0,7.019999980926514,594700,7.578000005086263,825926.6666666666,17.49344996552381,40.25860692937494,True,True
2007-05-24 20:00:00,7.059999942779541,7.130000114440918,7.019999980926514,7.110000133514404,555700,7.55666667620341,811246.6666666666,17.03382506236914,43.504566407955245,True,True
2007-05-28 20:00:00,7.110000133514404,7.349999904632568,7.110000133514404,7.329999923706055,730300,7.53700000445048,773043.3333333334,16.11172855668009,50.5740327319765,True,True
2007-05-29 20:00:00,7.289999961853027,7.300000190734863,7.110000133514404,7.199999809265137,636100,7.516666666666667,769100.0,15.255496087111686,46.843834808039446,True,True
2007-05-30 20:00:00,7.199999809265137,7.199999809265137,7.03000020980835,7.090000152587891,826300,7.492000007629395,781673.3333333334,14.276652813084992,43.89371974167198,True,False
2007-05-31 20:00:00,7.119999885559082,7.21999979019165,7.059999942779541,7.110000133514404,439000,7.468000014623006,776496.6666666666,13.262806916175744,44.577156376039184,True,True
2007-06-03 20:00:00,7.099999904632568,7.199999809265137,7.019999980926514,7.039999961853027,527100,7.43933334350586,775216.6666666666,12.53700525637743,42.620306309151474,True,True
2007-06-04 20:00:00,7.019999980926514,7.289999961853027,7.010000228881836,7.199999809265137,883900,7.412333329518636,777696.6666666666,11.922319717793936,48.21590695573193,True,False
2007-06-05 20:00:00,7.159999847412109,7.159999847412109,7.03000020980835,7.03000020980835,596400,7.378333330154419,773226.6666666666,11.351540289109263,43.375859772382285,True,True
2007-06-06 20:00:00,7.019999980926514,7.039999961853027,6.650000095367432,6.670000076293945,1110700,7.3260000069936115,775070.0,12.118723964560386,35.295691624974324,True,False
2007-06-07 20:00:00,6.639999866485596,6.800000190734863,6.599999904632568,6.71999979019165,485200,7.279666678110758,765200.0,13.02178796963311,37.04965278854463,True,True
2007-06-10 20:00:00,6.699999809265137,6.699999809265137,6.5,6.519999980926514,481000,7.234333340326945,760306.6666666666,14.229707547402482,33.17570566654183,True,True
2007-06-11 20:00:00,6.5,6.510000228881836,6.28000020980835,6.309999942779541,745800,7.187666670481364,749883.3333333334,16.052182069580628,29.667933927750855,True,True
2007-06-12 20:00:00,6.340000152587891,6.480000019073486,6.289999961853027,6.400000095367432,760600,7.144333346684774,748503.3333333334,17.744479840174623,32.94043963658885,True,False
2007-06-13 20:00:00,6.389999866485596,6.610000133514404,6.389999866485596,6.489999771118164,560800,7.097333335876465,739193.3333333334,18.44186588373362,36.14033695513847,True,True
2007-06-14 20:00:00,6.619999885559082,6.849999904632568,6.550000190734863,6.809999942779541,1239200,7.0633333365122475,727100.0,17.738980283784574,46.00577939588298,True,False
2007-06-17 20:00:00,6.809999942779541,6.829999923706055,6.670000076293945,6.800000190734863,1012100,7.035666672388713,733540.0,17.086300798117605,45.767835797854254,True,False
2007-06-18 20:00:00,6.760000228881836,6.929999828338623,6.610000133514404,6.880000114440918,861000,7.015666675567627,735846.6666666666,15.961579715580362,48.08133917896099,True,False
2007-06-19 20:00:00,6.900000095367432,6.900000095367432,6.599999904632568,6.619999885559082,698300,6.987666670481364,734070.0,14.967576949848748,41.8350468788602,True,True
2007-06-20 20:00:00,6.570000171661377,6.639999866485596,6.360000133514404,6.380000114440918,871600,6.953333346048991,726833.3333333334,15.135767585125413,37.050297171487465,True,False
2007-06-21 20:00:00,6.329999923706055,6.380000114440918,6.150000095367432,6.199999809265137,1377800,6.923333342870077,744883.3333333334,16.048622636312775,33.91711949679606,True,False
2007-06-24 20:00:00,6.210000038146973,6.239999771118164,5.960000038146973,6.090000152587891,1216900,6.884666681289673,747650.0,17.467738508254527,32.129012600551974,True,False
2007-06-25 20:00:00,6.139999866485596,6.139999866485596,5.900000095367432,6.0,793400,6.844666687647502,742993.3333333334,18.951978943125223,30.702784840675147,True,False
2007-06-26 20:00:00,5.929999828338623,6.269999980926514,5.789999961853027,6.25,602900,6.813333352406819,729650.0,19.557705312352663,38.82619607773399,True,True
2007-06-27 20:00:00,6.260000228881836,6.28000020980835,6.190000057220459,6.28000020980835,519500,6.783333365122477,730143.3333333334,20.06155639883333,39.739104482282016,True,True
2007-06-28 20:00:00,6.309999942779541,6.369999885559082,6.0,6.0,684200,6.749666690826416,738910.0,21.139646423208518,34.555855033388916,True,True
2007-07-01 20:00:00,6.039999961853027,6.190000057220459,5.989999771118164,6.099999904632568,812700,6.715333350499471,737226.6666666666,22.171091813141988,37.682098293166774,True,False
2007-07-02 20:00:00,6.099999904632568,6.139999866485596,6.059999942779541,6.099999904632568,142800,6.677000013987223,727683.3333333334,23.128862532365922,37.682098293166774,True,True
2007-07-04 20:00:00,6.090000152587891,6.099999904632568,5.980000019073486,6.019999980926514,881500,6.635666672388712,741783.3333333334,24.282024025539325,36.082863183438796,True,False
2007-07-05 20:00:00,6.010000228881836,6.059999942779541,5.960000038146973,6.0,544800,6.59233333269755,739743.3333333334,25.418751171602416,35.67523076018345,True,True
2007-07-08 20:00:00,6.0,6.010000228881836,5.869999885559082,5.889999866485596,621200,6.554666662216187,740626.6666666666,26.76736558933211,33.43778003488531,True,True
2007-07-09 20:00:00,5.860000133514404,5.96999979019165,5.800000190734863,5.809999942779541,946200,6.511333322525024,753643.3333333334,28.23586802660441,31.872184536340836,True,False
2007-07-10 20:00:00,5.809999942779541,5.849999904632568,5.739999771118164,5.78000020980835,633800,6.459666665395101,750426.6666666666,29.779202680129647,31.28071644720663,True,True
2007-07-11 20:00:00,5.809999942779541,5.860000133514404,5.710000038146973,5.789999961853027,391400,6.4126666704813635,742270.0,31.30213918561365,31.73546481645917,True,True
2007-07-12 20:00:00,5.760000228881836,5.840000152587891,5.730000019073486,5.789999961853027,253400,6.369333330790202,723173.3333333334,32.71629451213452,31.73546481645917,True,True
2007-07-15 20:00:00,5.78000020980835,5.789999961853027,5.659999847412109,5.710000038146973,522300,6.322666660944621,725950.0,34.251400101461904,29.899652112665816,True,True
2007-07-16 20:00:00,5.710000038146973,5.829999923706055,5.570000171661377,5.78000020980835,798900,6.280666669209798,735010.0,35.94137941851709,33.52330937451551,True,False
2007-07-17 20:00:00,5.760000228881836,5.809999942779541,5.670000076293945,5.78000020980835,914800,6.233333349227905,736040.0,37.51064592721118,33.52330937451551,True,False
2007-07-18 20:00:00,5.809999942779541,6.019999980926514,5.760000228881836,5.980000019073486,645700,6.198333342870076,737683.3333333334,36.94255051900113,43.24479198327056,True,True
2007-07-19 20:00:00,5.96999979019165,5.96999979019165,5.650000095367432,5.710000038146973,705500,6.166333341598511,724176.6666666666,36.87780227069121,35.662597499907676,True,True
2007-07-22 20:00:00,5.730000019073486,5.809999942779541,5.570000171661377,5.610000133514404,819800,6.129333353042602,735330.0,37.12467711396565,33.331620081633204,True,False
2007-07-23 20:00:00,5.639999866485596,5.789999961853027,5.400000095367432,5.420000076293945,970900,6.09266668955485,751660.0,37.921922970126786,29.399682907969254,True,False
2007-07-24 20:00:00,5.429999828338623,5.449999809265137,5.25,5.309999942779541,948400,6.059333356221517,758413.3333333334,39.07743815167222,27.385516938749344,True,False
2007-07-25 20:00:00,5.349999904632568,5.800000190734863,5.329999923706055,5.769999980926514,1740300,6.03833335240682,791070.0,37.72612628813806,44.506962933278196,True,False
2007-07-26 20:00:00,5.760000228881836,5.889999866485596,5.409999847412109,5.519999980926514,1588000,6.006000026067098,825310.0,35.97795144196429,39.10975543720155,True,False
2007-07-29 20:00:00,5.53000020980835,5.639999866485596,5.360000133514404,5.409999847412109,1471100,5.959333356221517,833040.0,34.560669560243504,36.98455711480707,True,False
2007-07-30 20:00:00,5.369999885559082,5.5,5.300000190734863,5.320000171661377,1030600,5.910000022252401,833656.6666666666,33.49141214174228,35.29467664239938,True,False
2007-07-31 20:00:00,5.28000020980835,5.329999923706055,4.769999980926514,4.980000019073486,2236900,5.846666685740153,879520.0,34.11569436521571,29.762158564380197,True,False
2007-08-01 20:00:00,5.0,5.090000152587891,4.96999979019165,5.0,792800,5.79266668955485,882670.0,34.695385001298185,30.452761905148325,True,True
2007-08-02 20:00:00,5.03000020980835,5.070000171661377,4.75,4.809999942779541,1230800,5.740333350499471,894643.3333333334,35.72622102702075,27.669420875461043,True,False
2007-08-05 20:00:00,5.0,5.380000114440918,4.929999828338623,5.360000133514404,1899100,5.71233336130778,912020.0,35.04984963106072,43.70841141751031,True,False
2007-08-06 20:00:00,5.340000152587891,5.46999979019165,5.25,5.389999866485596,1133600,5.689000018437704,909243.3333333334,34.0091588672988,44.432209535626754,True,False
2007-08-07 20:00:00,5.539999961853027,6.489999771118164,5.539999961853027,5.929999828338623,2418200,5.686666679382324,963403.3333333334,33.20078747243328,55.51907501315221,False,False
2007-08-08 20:00:00,5.78000020980835,5.909999847412109,5.03000020980835,5.079999923706055,3598600,5.647666676839193,1063260.0,31.032703968134467,41.48734731709253,True,False
2007-08-09 20:00:00,5.079999923706055,5.670000076293945,5.019999980926514,5.349999904632568,1701400,5.616666666666666,1102656.6666666667,28.9944783521259,46.1435925555271,True,False
2007-08-12 20:00:00,5.5,5.510000228881836,5.0,5.059999942779541,975800,5.585333331425985,1112376.6666666667,27.048558101306956,42.25425696023362,True,True
2007-08-13 20:00:00,5.099999904632568,5.170000076293945,4.980000019073486,5.099999904632568,668500,5.5519999980926515,1107570.0,25.18511192978654,42.96830367175109,True,True
2007-08-14 20:00:00,5.110000133514404,5.25,5.0,5.0,677100,5.515333334604899,1125380.0,23.684070303275053,41.58391907517488,True,True
2007-08-15 20:00:00,5.019999980926514,5.329999923706055,4.980000019073486,5.329999923706055,1058900,5.492333332697551,1131293.3333333333,22.521122414638775,47.58541652265373,True,True
2007-08-16 20:00:00,5.559999942779541,5.659999847412109,5.170000076293945,5.510000228881836,821200,5.476000006993612,1140506.6666666667,22.30313119497841,50.56856268371989,False,True
2007-08-19 20:00:00,5.53000020980835,5.699999809265137,5.429999828338623,5.619999885559082,466700,5.4670000076293945,1135356.6666666667,22.196920796415604,52.353235386151006,False,True
2007-08-20 20:00:00,5.670000076293945,5.960000038146973,5.670000076293945,5.880000114440918,781700,5.469333346684774,1129873.3333333333,22.69109826898623,56.36349412732403,False,True
2007-08-21 20:00:00,5.960000038146973,6.0,5.820000171661377,5.889999866485596,696200,5.473000001907349,1131953.3333333333,23.23639818763395,56.51508664705195,False,True
2007-08-22 20:00:00,5.929999828338623,5.929999828338623,5.710000038146973,5.78000020980835,369300,5.472666676839193,1131216.6666666667,23.294831347116077,54.281185704566745,False,True
2007-08-23 20:00:00,5.769999980926514,5.869999885559082,5.639999866485596,5.869999885559082,319600,5.475333340962728,1133423.3333333333,23.06622410726476,55.8199086209926,False,True
2007-08-26 20:00:00,5.849999904632568,5.880000114440918,5.659999847412109,5.690000057220459,276800,5.474666674931844,1125240.0,22.88184020581694,52.04699426715229,False,True
2007-08-27 20:00:00,5.659999847412109,5.800000190734863,5.510000228881836,5.510000228881836,640600,5.465666675567627,1119963.3333333333,22.080925087218194,48.515541576004175,False,True
2007-08-28 20:00:00,5.550000190734863,5.820000171661377,5.550000190734863,5.820000171661377,660700,5.4670000076293945,1111493.3333333333,21.40281766112332,54.270337660833654,False,True
2007-08-29 20:00:00,5.75,5.920000076293945,5.650000095367432,5.730000019073486,544400,5.458666674296061,1108116.6666666667,21.104169563796386,52.437752458936274,False,True
2007-08-30 20:00:00,5.829999923706055,5.920000076293945,5.690000057220459,5.840000152587891,443800,5.463000011444092,1099393.3333333333,20.82685347342138,54.46176186024058,False,True
2007-09-03 20:00:00,5.800000190734863,5.909999847412109,5.599999904632568,5.699999809265137,1429100,5.466000000635783,1119703.3333333333,20.130295782780582,51.46023330668839,False,False
2007-09-04 20:00:00,5.639999866485596,5.739999771118164,5.5,5.699999809265137,1245700,5.4753333250681555,1128863.3333333333,19.015073315398872,51.46023330668837,False,False
2007-09-05 20:00:00,5.710000038146973,5.75,5.639999866485596,5.670000076293945,470200,5.487333329518636,1112923.3333333333,18.022600493515316,50.76493324666941,False,True
2007-09-06 20:00:00,5.590000152587891,5.869999885559082,5.409999847412109,5.809999942779541,702700,5.488666661580404,1078336.6666666667,17.385557874615248,53.8956065149351,False,True
2007-09-09 20:00:00,5.840000152587891,6.199999809265137,5.820000171661377,6.059999942779541,1218800,5.506666660308838,1066030.0,16.841091638534888,58.91904218622026,False,False
2007-09-10 20:00:00,6.110000133514404,6.260000228881836,6.050000190734863,6.21999979019165,624000,5.533666658401489,1037793.3333333334,16.546613197301546,61.788604584662906,False,True
2007-09-11 20:00:00,6.190000057220459,6.320000171661377,6.099999904632568,6.179999828338623,758400,5.562333313624064,1028720.0,16.485566010511626,60.648048527342404,False,True
2007-09-12 20:00:00,6.210000038146973,6.28000020980835,6.099999904632568,6.139999866485596,374900,5.600999975204468,966653.3333333334,16.42887933706384,59.46592967290378,False,True
2007-09-13 20:00:00,6.070000171661377,6.239999771118164,6.010000228881836,6.21999979019165,224100,5.641666634877523,947696.6666666666,15.913878818116055,61.099053663414395,False,True
2007-09-16 20:00:00,6.190000057220459,6.190000057220459,6.010000228881836,6.079999923706055,598600,5.683999967575073,926623.3333333334,15.435664050521682,56.787125104596726,False,True
2007-09-17 20:00:00,6.119999885559082,6.5,6.019999980926514,6.480000019073486,591000,5.721333297093709,883020.0,16.176169320955605,64.4965909089181,False,True
2007-09-18 20:00:00,6.5,6.75,6.429999828338623,6.690000057220459,602200,5.764666636784871,865306.6666666666,17.58948457566026,67.74963345422027,False,True
2007-09-19 20:00:00,6.670000076293945,6.71999979019165,6.389999866485596,6.449999809265137,296900,5.781999969482422,794596.6666666666,18.677993610567004,60.883726507101656,False,True
2007-09-20 20:00:00,6.510000228881836,6.599999904632568,6.309999942779541,6.519999980926514,806700,5.82999997138977,701533.3333333334,19.239995437868227,62.09046056339881,False,False
2007-09-23 20:00:00,6.510000228881836,6.539999961853027,6.199999809265137,6.380000114440918,568100,5.864333311716716,663756.6666666666,19.170215443137245,58.221864341064475,False,True
2007-09-24 20:00:00,6.329999923706055,6.449999809265137,6.260000228881836,6.369999885559082,368200,5.907999976476034,643503.3333333334,19.105419733744192,57.944145663852176,False,True
2007-09-25 20:00:00,6.590000152587891,7.349999904632568,6.559999942779541,7.230000019073486,2866600,5.978999980290731,716773.3333333334,21.282107685962107,70.83031802792357,False,False
2007-09-26 20:00:00,7.449999809265137,7.760000228881836,7.25,7.449999809265137,1982300,6.060666640599568,760280.0,23.873159054739602,73.10093120235565,False,False
2007-09-27 20:00:00,7.369999885559082,7.400000095367432,7.079999923706055,7.150000095367432,1109600,6.121333312988281,761970.0,25.536489857281417,65.60180743261867,False,False
2007-09-30 20:00:00,7.119999885559082,7.300000190734863,7.050000190734863,7.179999828338623,732100,6.176999966303508,759000.0,26.950822436009567,65.97767327067038,False,True
2007-10-01 20:00:00,7.179999828338623,7.5,7.179999828338623,7.429999828338623,988800,6.237333297729492,776403.3333333334,28.582974419697713,69.0160480667524,False,False
2007-10-02 20:00:00,7.369999885559082,7.5,7.320000171661377,7.389999866485596,602900,6.287666622797648,770443.3333333334,30.098544118836706,67.97012520555509,False,True
2007-10-03 20:00:00,7.429999828338623,7.590000152587891,7.380000114440918,7.5,442000,6.341333293914795,761970.0,31.652426446332647,69.34592761370473,False,True
2007-10-04 20:00:00,7.599999904632568,7.639999866485596,7.449999809265137,7.53000020980835,659800,6.399666627248128,771653.3333333334,33.17741439915822,69.72783674664673,False,True
2007-10-07 20:00:00,7.539999961853027,7.849999904632568,7.5,7.840000152587891,567900,6.465333302815755,779930.0,34.920620851508275,73.41379356615924,False,True
2007-10-08 20:00:00,7.849999904632568,8.180000305175781,7.849999904632568,8.09000015258789,960000,6.54533330599467,802703.3333333334,36.968251749030124,75.95634820500045,False,False
2007-10-09 20:00:00,8.079999923706055,8.319999694824219,8.0,8.319999694824219,946500,6.638999954859416,812900.0,39.027630465888926,78.03734060774994,False,False
2007-10-10 20:00:00,8.380000114440918,8.579999923706055,8.079999923706055,8.270000457763672,1203300,6.720666631062826,830986.6666666666,41.20457139677405,76.48751894189827,False,False
2007-10-11 20:00:00,8.260000228881836,8.479999542236328,8.15999984741211,8.479999542236328,594000,6.8123332818349205,832640.0,43.22601654688167,78.42553761215413,False,True
2007-10-14 20:00:00,8.479999542236328,8.640000343322754,8.369999885559082,8.59000015258789,1233600,6.903999948501587,858966.6666666666,45.2594096032519,79.38410799282896,False,False
2007-10-15 20:00:00,8.579999923706055,8.90999984741211,8.479999542236328,8.619999885559082,829000,7.001333284378052,838963.3333333334,47.380850725575094,79.64966789596825,False,True
2007-10-16 20:00:00,8.720000267028809,8.869999885559082,8.670000076293945,8.859999656677246,1497500,7.106666612625122,847356.6666666666,49.35076033916091,81.68251340747574,False,False
2007-10-17 20:00:00,8.760000228881836,8.819999694824219,7.96999979019165,8.489999771118164,1548300,7.200666602452596,883293.3333333334,47.961059045620594,70.06279098866983,False,False
2007-10-18 20:00:00,8.449999809265137,8.449999809265137,8.180000305175781,8.260000228881836,1151800,7.282333278656006,898263.3333333334,46.6706221301903,63.97080953367098,False,False
2007-10-21 20:00:00,8.149999618530273,8.369999885559082,7.860000133514404,8.260000228881836,651200,7.355666621526082,879343.3333333334,44.357572349663094,63.970809533670995,False,True
2007-10-22 20:00:00,8.34000015258789,8.470000267028809,8.260000228881836,8.460000038146973,569900,7.430333296457927,877540.0,42.44767772987162,66.87545442154939,False,True
2007-10-23 20:00:00,8.380000114440918,8.399999618530273,8.100000381469727,8.369999885559082,629900,7.503333298365275,873256.6666666666,40.146913069240824,64.36091138279937,False,True
2007-10-24 20:00:00,8.399999618530273,8.4399995803833,8.199999809265137,8.279999732971191,776300,7.574666627248129,886636.6666666666,38.117029975825915,61.8561858226232,False,True
2007-10-25 20:00:00,8.399999618530273,8.510000228881836,8.289999961853027,8.510000228881836,653500,7.650999975204468,900950.0,36.42359746301971,65.54633251216914,False,True
2007-10-28 20:00:00,8.520000457763672,8.680000305175781,8.5,8.59000015258789,653400,7.734666649500529,902776.6666666666,35.30093115342175,66.75120451459277,False,True
2007-10-29 20:00:00,8.569999694824219,8.640000343322754,8.489999771118164,8.59000015258789,781600,7.804999987284343,909130.0,34.218455887319394,66.75120451459277,False,True
2007-10-30 20:00:00,8.529999732971191,8.779999732971191,8.430000305175781,8.65999984741211,1223300,7.870666646957398,929833.3333333334,33.586171268099136,67.89069904798126,False,False
2007-10-31 20:00:00,8.760000228881836,8.800000190734863,8.069999694824219,8.119999885559082,1337400,7.926333316167196,964516.6666666666,31.626445830214163,52.84472691115386,False,False
2007-11-01 20:00:00,8.1899995803833,8.260000228881836,7.789999961853027,7.849999904632568,1199700,7.9706666469573975,977616.6666666666,29.790835105137344,47.2108601310154,True,False
2007-11-05 20:00:00,7.650000095367432,7.96999979019165,7.610000133514404,7.739999771118164,717800,8.01599996884664,982606.6666666666,28.57699207497105,45.10122469109414,True,True
2007-11-06 20:00:00,7.800000190734863,7.960000038146973,7.610000133514404,7.940000057220459,849500,8.068333307902018,998650.0,27.44985211838806,49.51817613400493,True,True
2007-11-07 20:00:00,7.829999923706055,7.849999904632568,7.5,7.5,831700,8.077333307266235,930820.0,26.709715792918114,41.5902698714066,True,True
2007-11-08 20:00:00,7.610000133514404,7.659999847412109,7.019999980926514,7.409999847412109,736100,8.075999975204468,889280.0,27.134690539269037,40.17347031708493,True,True
2007-11-09 20:00:00,7.289999961853027,8.010000228881836,7.190000057220459,8.0,1271400,8.104333305358887,894673.3333333334,26.311474642334485,51.77214098740033,True,False
2007-11-12 20:00:00,7.96999979019165,8.34000015258789,7.840000152587891,8.300000190734863,1182700,8.141666650772095,909693.3333333334,24.59381505473031,56.40072126643544,False,False
2007-11-13 20:00:00,8.380000114440918,8.380000114440918,8.149999618530273,8.369999885559082,728400,8.172999986012776,901013.3333333334,22.890410511338718,57.42741090749314,False,True
2007-11-14 20:00:00,8.369999885559082,8.600000381469727,8.369999885559082,8.5600004196167,928400,8.21200000445048,911863.3333333334,21.78368205837264,60.16913041341009,False,False
2007-11-15 20:00:00,8.510000228881836,8.729999542236328,8.489999771118164,8.550000190734863,576000,8.247000010808309,916330.0,21.07955759783547,59.95029174599895,False,True
2007-11-16 20:00:00,8.460000038146973,8.539999961853027,8.1899995803833,8.329999923706055,1004700,8.273666667938233,927826.6666666666,19.58855926720526,55.19428572982012,False,False
2007-11-19 20:00:00,8.350000381469727,8.369999885559082,7.989999771118164,8.100000381469727,1224500,8.282333342234294,949713.3333333334,18.71870873007619,50.66865688571849,True,False
2007-11-20 20:00:00,8.119999885559082,8.260000228881836,7.900000095367432,8.199999809265137,917700,8.285999997456868,948303.3333333334,18.134566496246364,52.492559621919014,True,True
2007-11-21 20:00:00,8.149999618530273,8.399999618530273,8.050000190734863,8.140000343322754,642300,8.280000019073487,938163.3333333334,17.16896126643812,51.26778041799015,True,True
2007-11-23 20:00:00,8.220000267028809,8.25,8.0,8.199999809265137,219900,8.277666664123535,905383.3333333334,16.40993915485055,52.462272173776036,True,True
2007-11-26 20:00:00,8.180000305175781,8.229999542236328,7.829999923706055,8.0,767100,8.261666679382325,911153.3333333334,16.164826485279693,48.21943862402801,True,True
2007-11-27 20:00:00,8.0,8.180000305175781,7.800000190734863,8.010000228881836,827900,8.242333348592123,897630.0,16.017516863630224,48.44395783653369,True,True
2007-11-28 20:00:00,8.109999656677246,8.579999923706055,8.09000015258789,8.479999542236328,1129000,8.237666670481364,907630.0,15.141310370110494,57.72229458587079,False,False
2007-11-29 20:00:00,8.5,8.75,8.5,8.609999656677246,714800,8.22933333714803,881540.0,14.787126011018577,59.87336438740362,False,True
2007-11-30 20:00:00,8.75,8.770000457763672,8.5,8.579999923706055,708500,8.232333342234293,853546.6666666666,14.512104797908618,59.1257492434705,False,True
2007-12-03 20:00:00,8.550000190734863,9.06999969482422,8.550000190734863,8.989999771118164,1060100,8.256666660308838,850490.0,15.016476169495323,65.47137803286734,False,False
2007-12-04 20:00:00,8.970000267028809,9.68000030517578,8.819999694824219,9.470000267028809,2044400,8.296999994913737,896930.0,16.646104631504155,71.12350609991465,False,False
2007-12-05 20:00:00,9.609999656677246,9.609999656677246,9.079999923706056,9.34000015258789,1058700,8.326333332061768,913223.3333333334,18.159331060512354,67.88251809602086,False,False
2007-12-06 20:00:00,9.34000015258789,9.760000228881836,9.260000228881836,9.710000038146973,1031100,8.371000003814697,926596.6666666666,19.812345149731264,71.8186416867744,False,False
2007-12-07 20:00:00,9.720000267028809,9.720000267028809,8.949999809265137,9.199999809265137,1410300,8.401666673024495,947730.0,20.23195238978379,60.764379298324315,False,False
2007-12-10 20:00:00,9.199999809265137,9.899999618530272,9.199999809265137,9.869999885559082,1383300,8.446999994913737,972056.6666666666,20.96467040485311,67.78054631533722,False,False
2007-12-11 20:00:00,9.899999618530272,10.289999961853027,9.699999809265137,10.06999969482422,1636100,8.49633331298828,1004813.3333333334,22.295711611529324,69.53201561117793,False,False
2007-12-12 20:00:00,10.170000076293944,10.649999618530272,10.170000076293944,10.43000030517578,1963800,8.557666651407878,1044220.0,24.028942975734413,72.43654847368836,False,False
2007-12-13 20:00:00,10.350000381469728,10.84000015258789,10.279999732971191,10.779999732971191,1461300,8.628333314259846,1052153.3333333333,25.873056141281797,74.93802610687531,False,False
2007-12-14 20:00:00,10.550000190734863,10.68000030517578,10.460000038146973,10.5,923600,8.707666651407878,1038360.0,27.58544693786151,69.50369745705754,False,True
2007-12-17 20:00:00,10.880000114440918,10.93000030517578,10.460000038146973,10.510000228881836,889800,8.796333328882854,1028030.0,29.482803551349093,69.58852134859941,False,True
2007-12-18 20:00:00,10.5,10.760000228881836,10.329999923706056,10.609999656677246,1243600,8.891999991734822,1045556.6666666666,30.739991218309505,70.47295102827533,False,False
2007-12-19 20:00:00,10.550000190734863,10.699999809265137,10.329999923706056,10.65999984741211,1071900,8.982666651407877,1052970.0,31.907379766201313,70.92820779199253,False,False
2007-12-20 20:00:00,10.789999961853027,10.789999961853027,10.399999618530272,10.75,795100,9.090999984741211,1051750.0,33.125539784411195,71.77188158931594,False,True
2007-12-21 20:00:00,10.869999885559082,10.890000343322754,10.56999969482422,10.59000015258789,1646000,9.196999994913737,1082080.0,34.40521204309085,67.99411528501682,False,False
2007-12-24 20:00:00,10.600000381469728,10.649999618530272,10.40999984741211,10.520000457763672,346800,9.281000010172527,1051260.0,34.885807718702175,66.34870403423214,False,True
2007-12-26 20:00:00,10.460000038146973,10.699999809265137,10.420000076293944,10.5600004196167,579400,9.356333351135254,1031150.0,35.42289037863064,66.84248374434014,False,True
2007-12-27 20:00:00,10.470000267028809,10.630000114440918,10.050000190734863,10.199999809265137,761100,9.417333348592122,1032240.0,34.427927568637976,58.51981291008593,False,True
2007-12-28 20:00:00,10.329999923706056,10.449999809265137,10.170000076293944,10.25,464900,9.473666667938232,1016790.0,33.504033530787645,59.27819876888503,False,True
2007-12-31 20:00:00,10.18000030517578,10.3100004196167,9.960000038146973,10.050000190734863,477700,9.523666667938233,1013513.3333333334,31.881238588981944,54.95043766390988,False,True
2008-01-02 20:00:00,10.039999961853027,10.220000267028809,9.75,9.979999542236328,773900,9.578666655222575,1005820.0,29.6883470751958,53.478779535441966,False,True
2008-01-03 20:00:00,10.010000228881836,10.149999618530272,9.93000030517578,10.0,1152400,9.641999975840251,1003416.6666666666,27.65209066953724,53.85900855139793,False,False
2008-01-04 20:00:00,9.420000076293944,9.68000030517578,9.300000190734863,9.380000114440918,1616200,9.68133331934611,1026700.0,27.267361188374345,42.31357528469803,True,False
2008-01-07 20:00:00,9.470000267028809,9.670000076293944,9.300000190734863,9.470000267028809,1221400,9.725666650136311,1046003.3333333334,26.910112384437372,44.18402782881133,True,False
2008-01-08 20:00:00,9.529999732971191,12.720000267028809,9.529999732971191,11.390000343322754,10012200,9.832000001271565,1372413.3333333333,28.33555943633752,68.01249547699182,False,False
2008-01-09 20:00:00,11.220000267028809,11.579999923706056,10.800000190734863,11.050000190734863,3770500,9.933666674296061,1472526.6666666667,29.65918884167337,62.8921789147497,False,False
2008-01-10 20:00:00,11.0,11.260000228881836,10.949999809265137,11.18000030517578,2686200,10.03933334350586,1534470.0,30.88827328948523,64.00792231220966,False,False
2008-01-11 20:00:00,11.06999969482422,11.350000381469728,10.800000190734863,10.81999969482422,1142600,10.117333348592123,1534923.3333333333,31.677449359575228,58.74069414451143,False,True
2008-01-14 20:00:00,11.039999961853027,11.40999984741211,10.899999618530272,11.359999656677246,1425400,10.20900001525879,1558610.0,32.46936735957519,63.58177515076196,False,True
2008-01-15 20:00:00,11.25,11.6899995803833,11.15999984741211,11.15999984741211,1522500,10.295000012715658,1585743.3333333333,33.47798774645001,60.73921200095693,False,True
2008-01-16 20:00:00,11.1899995803833,11.970000267028809,11.149999618530272,11.5,2551100,10.37866668701172,1635443.3333333333,34.67074176371714,63.70953842408975,False,False
2008-01-17 20:00:00,11.5600004196167,12.010000228881836,11.020000457763672,11.979999542236328,2394200,10.462333329518636,1647103.3333333333,35.4298447035708,67.45322531422087,False,False
2008-01-18 20:00:00,11.739999771118164,12.029999732971191,11.359999656677246,11.390000343322754,1409900,10.530666669209799,1658810.0,36.1556419673485,59.34893091573773,False,True
2008-01-22 20:00:00,10.890000343322754,11.670000076293944,10.329999923706056,11.270000457763672,2035100,10.582666683197022,1692276.6666666667,34.44888091807377,57.82712870579706,False,False
2008-01-23 20:00:00,11.25,11.649999618530272,11.0,11.640000343322754,2033000,10.664000034332275,1713033.3333333333,32.86403137231866,61.13612901156088,False,False
2008-01-24 20:00:00,11.729999542236328,11.880000114440918,11.31999969482422,11.5,1753100,10.718333371480306,1725360.0,31.743147709153213,59.242016960332464,False,False
2008-01-25 20:00:00,11.43000030517578,11.720000267028809,11.199999809265137,11.3100004196167,1181700,10.75966672897339,1710213.3333333333,30.447155496738066,56.67568556401146,False,True
2008-01-28 20:00:00,11.3100004196167,11.579999923706056,11.119999885559082,11.539999961853027,1054700,10.796666717529297,1679910.0,29.069924082985498,58.99156077761596,False,True
2008-01-29 20:00:00,11.59000015258789,12.239999771118164,11.550000190734863,12.0,2601300,10.837333393096923,1717910.0,28.805578311899435,63.225510420594034,False,False
2008-01-30 20:00:00,11.75,12.43000030517578,11.6899995803833,12.140000343322754,3984000,10.892000071207683,1819923.3333333333,28.811871302023594,64.42922009690932,False,False
2008-01-31 20:00:00,11.90999984741211,12.68000030517578,11.850000381469728,11.979999542236328,2569600,10.941000048319498,1875916.6666666667,29.13628750127088,61.9341485185243,False,False
2008-02-01 20:00:00,12.050000190734863,12.5,12.050000190734863,12.359999656677246,1553000,10.999333381652832,1886230.0,29.43753111485764,65.36471007052836,False,True
2008-02-04 20:00:00,12.369999885559082,12.380000114440918,11.75,11.800000190734863,3499300,11.037333393096924,1967143.3333333333,28.95252449392255,57.185618695447026,False,False
2008-02-05 20:00:00,11.75,11.949999809265137,11.510000228881836,11.550000190734863,1154500,11.06400006612142,1979123.3333333333,27.935411778075043,53.94061853730739,False,True
2008-02-06 20:00:00,11.619999885559082,11.869999885559082,11.399999618530272,11.489999771118164,972700,11.094000053405761,1956680.0,26.737400443704605,53.16093304150065,False,True
2008-02-07 20:00:00,11.460000038146973,11.899999618530272,11.380000114440918,11.880000114440918,861000,11.139333375295003,1973820.0,25.682111948051126,57.46469704234739,False,True
2008-02-08 20:00:00,11.829999923706056,12.15999984741211,11.779999732971191,11.979999542236328,1178800,11.186666679382324,1993800.0,25.189818047873,58.51720510511961,False,True
2008-02-11 20:00:00,11.949999809265137,11.989999771118164,11.520000457763672,11.640000343322754,901300,11.234666697184245,1998473.3333333333,24.0787354716795,53.6558428509371,False,True
2008-02-12 20:00:00,11.75,12.289999961853027,11.640000343322754,11.899999618530272,1351800,11.289666684468587,2028036.6666666667,23.611150861164038,56.62346237317442,False,True
2008-02-13 20:00:00,12.18000030517578,12.210000038146973,11.850000381469728,12.1899995803833,1285300,11.360999997456869,2054956.6666666667,23.17696515139968,59.721568351856604,False,True
2008-02-14 20:00:00,12.289999961853027,12.829999923706056,12.210000038146973,12.420000076293944,4421200,11.442333348592122,2176533.3333333335,23.794035136094998,62.037429481512284,False,False
2008-02-15 20:00:00,12.289999961853027,12.68000030517578,12.100000381469728,12.199999809265137,2110500,11.515666675567626,2208470.0,24.06542695224988,58.5685926710046,False,True
2008-02-19 20:00:00,12.390000343322754,12.420000076293944,11.90999984741211,12.0,2030200,11.603000005086264,2222270.0,23.804918614579496,55.52883015253809,False,True
2008-02-20 20:00:00,11.869999885559082,12.119999885559082,10.300000190734863,10.539999961853027,4892700,11.638666661580404,2344646.6666666665,23.56312909051234,39.43749297054904,True,False
2008-02-21 20:00:00,10.59000015258789,10.65999984741211,9.75,10.5,4815400,11.608999983469646,2171420.0,23.96914652036292,39.10316179189316,True,False
2008-02-22 20:00:00,10.5,10.5,9.81999969482422,9.90999984741211,1945100,11.570999972025554,2110573.3333333335,24.34616270522417,34.46239008844367,True,True
2008-02-25 20:00:00,10.0,10.600000381469728,9.90999984741211,10.56999969482422,1613700,11.550666618347169,2074823.3333333333,24.48524360967218,42.66041559091276,True,True
2008-02-26 20:00:00,10.399999618530272,11.039999961853027,10.34000015258789,10.5600004196167,1759700,11.54199997584025,2095393.3333333333,23.73287512876554,42.57352601922389,True,True
2008-02-27 20:00:00,10.300000190734863,10.539999961853027,10.220000267028809,10.289999961853027,1415400,11.50633331934611,2095060.0,23.205727479840267,40.19299623692993,True,True
2008-02-28 20:00:00,10.399999618530272,10.399999618530272,10.039999961853027,10.220000267028809,539500,11.475,2062293.3333333333,22.973899255096917,39.575160517310614,True,True
2008-02-29 20:00:00,10.079999923706056,10.15999984741211,9.75,9.90999984741211,801300,11.421999994913737,2003966.6666666667,23.156631053095943,36.8720098079733,True,True
2008-03-03 20:00:00,9.899999618530272,10.18000030517578,9.75,9.90999984741211,1115200,11.353000005086264,1961333.3333333333,23.280187367623142,36.8720098079733,True,True
2008-03-04 20:00:00,9.789999961853027,9.920000076293944,9.5600004196167,9.760000228881836,2009400,11.298666667938232,1981316.6666666667,23.663147938381304,35.51085976396322,True,False
2008-03-05 20:00:00,9.84000015258789,10.739999771118164,9.829999923706056,10.260000228881836,2532500,11.26499999364217,1997896.6666666667,22.286235409211095,43.05683424396108,True,False
2008-03-06 20:00:00,10.18000030517578,10.380000114440918,9.649999618530272,9.65999984741211,1738700,11.198999977111816,1988086.6666666667,21.299095393908487,37.40120936849715,True,True
2008-03-07 20:00:00,9.579999923706056,9.970000267028809,9.359999656677246,9.460000038146973,1617600,11.130999978383382,1983570.0,20.833151202152653,35.71707356958223,True,True
2008-03-09 20:00:00,9.479999542236328,9.550000190734863,8.329999923706055,8.529999732971191,2352400,11.038333288828532,2022593.3333333333,21.670620671789727,29.14510744887498,True,False
2008-03-10 20:00:00,8.760000228881836,8.9399995803833,8.329999923706055,8.59000015258789,2927600,10.939999961853028,2085023.3333333333,22.448270893595584,30.039500119269263,True,False
2008-03-11 20:00:00,8.65999984741211,9.880000114440918,8.40999984741211,9.40999984741211,4336900,10.853666623433432,2142876.6666666665,21.457626595643195,41.000513458379785,True,False
2008-03-12 20:00:00,9.25,9.460000038146973,8.819999694824219,9.289999961853027,2204700,10.758666610717773,2083566.6666666667,20.537742604687406,40.01253895525992,True,False
2008-03-13 20:00:00,9.31999969482422,9.65999984741211,8.880000114440918,9.270000457763672,1859000,10.668333307902019,2059880.0,19.35217334421586,39.84023256483559,True,True
2008-03-16 20:00:00,9.0,9.270000457763672,8.510000228881836,8.569999694824219,1941600,10.54199997584025,2072833.3333333333,18.78957354784991,34.27650586923394,True,True
2008-03-17 20:00:00,8.84000015258789,9.489999771118164,8.760000228881836,9.43000030517578,1374400,10.462999979654947,2002003.3333333333,17.886297064543744,44.52631680687371,True,True
2008-03-18 20:00:00,9.470000267028809,9.59000015258789,9.229999542236328,9.31999969482422,934300,10.38866662979126,1994663.3333333333,16.874081920638325,43.589914982332935,True,True
2008-03-19 20:00:00,9.470000267028809,9.539999961853027,8.890000343322754,9.479999542236328,1935900,10.321666622161866,2026770.0,16.465764402866625,45.388932138432565,True,True
2008-03-23 20:00:00,9.539999961853027,10.109999656677246,9.470000267028809,9.949999809265137,3656300,10.257333278656006,2119946.6666666665,15.464989639643639,50.39364418017055,True,False
2008-03-24 20:00:00,9.989999771118164,10.550000190734863,9.960000038146973,10.460000038146973,954100,10.206666628519693,2112456.6666666665,15.179477634275871,55.19218448356359,False,True
2008-03-25 20:00:00,10.369999885559082,10.539999961853027,10.25,10.369999885559082,625500,10.164333279927572,2103263.3333333335,14.914359343577228,54.19587196104171,False,True
2008-03-26 20:00:00,10.399999618530272,10.489999771118164,10.229999542236328,10.229999542236328,1524300,10.108666610717773,2109013.3333333335,14.629583465536012,52.60506989753654,False,True
2008-03-27 20:00:00,10.300000190734863,10.470000267028809,10.020000457763672,10.06999969482422,516900,10.037999947865805,2083400.0,13.953426928018034,50.77089841317236,False,True
2008-03-30 20:00:00,10.010000228881836,10.609999656677246,9.979999542236328,10.510000228881836,879100,9.9743332862854,1965330.0,13.569195130360782,55.37849903887787,False,True
2008-03-31 20:00:00,10.609999656677246,11.130000114440918,10.609999656677246,10.979999542236328,1454500,9.933666610717774,1943463.3333333333,14.033722060681914,59.7157712080029,False,True
2008-04-01 20:00:00,11.050000190734863,11.100000381469728,10.800000190734863,10.920000076293944,996000,9.897666613260904,1908990.0,14.465068495980107,58.92830613015151,False,True
2008-04-02 20:00:00,10.770000457763672,11.399999618530272,10.770000457763672,11.300000190734863,778700,9.922999954223632,1771856.6666666667,15.308735767319387,62.317547107070496,False,True
2008-04-03 20:00:00,11.329999923706056,11.550000190734863,11.149999618530272,11.270000457763672,749400,9.948666636149088,1636323.3333333333,16.30340160361866,61.88338467797087,False,True
2008-04-06 20:00:00,11.329999923706056,11.380000114440918,10.8100004196167,10.970000267028809,1019500,9.983999983469646,1605470.0,16.40367005293079,57.56437195269818,False,True
2008-04-07 20:00:00,10.800000190734863,11.170000076293944,10.800000190734863,10.949999809265137,432000,9.996666653951008,1566080.0,16.473089921624084,57.27736228717462,False,True
2008-04-08 20:00:00,10.920000076293944,11.06999969482422,10.6899995803833,10.84000015258789,583600,10.005999978383382,1526876.6666666667,16.266788292796715,55.63441968399439,False,True
2008-04-09 20:00:00,10.859999656677246,11.06999969482422,10.739999771118164,10.81999969482422,748500,10.02366663614909,1504646.6666666667,16.075222494599867,55.32368924093603,False,True
2008-04-10 20:00:00,10.800000190734863,11.010000228881836,10.390000343322754,10.460000038146973,538500,10.031666628519694,1504613.3333333333,15.033414892163876,49.91919959216963,False,True
2008-04-13 20:00:00,10.449999809265137,10.949999809265137,10.369999885559082,10.789999961853027,1150900,10.060999965667724,1516266.6666666667,14.018826777189682,54.324016858536204,False,True
2008-04-14 20:00:00,10.829999923706056,10.890000343322754,10.350000381469728,10.5,738600,10.080666637420654,1503713.3333333333,13.02656831934101,50.14962593211428,False,True
2008-04-15 20:00:00,10.619999885559082,11.0600004196167,10.520000457763672,11.0,944700,10.121999963124592,1468223.3333333333,12.532587069852493,56.37409657542759,False,True
2008-04-16 20:00:00,10.970000267028809,11.0,10.210000038146973,10.239999771118164,1640200,10.121333281199137,1438480.0,11.998795665549356,46.80712707498236,False,False
2008-04-17 20:00:00,10.4399995803833,10.6899995803833,10.31999969482422,10.529999732971191,462900,10.15033327738444,1395953.3333333333,11.503132218696445,50.27481572213161,False,True
2008-04-20 20:00:00,10.550000190734863,10.960000038146973,10.510000228881836,10.890000343322754,714800,10.197999954223633,1365860.0,11.041357875703719,54.26105000415073,False,True
2008-04-21 20:00:00,10.859999656677246,10.960000038146973,10.470000267028809,10.779999732971191,1006400,10.272999954223632,1320993.3333333333,10.499253938580162,52.866470505246475,False,True
2008-04-22 20:00:00,10.84000015258789,10.9399995803833,10.670000076293944,10.899999618530272,673000,10.349999936421712,1245840.0,9.995871711251144,54.24792412013382,False,True
2008-04-23 20:00:00,10.90999984741211,11.390000343322754,10.630000114440918,11.239999771118164,716600,10.41099993387858,1125163.3333333333,10.663683496504802,58.0037053133301,False,True
2008-04-24 20:00:00,11.3100004196167,11.449999809265137,11.130000114440918,11.220000267028809,653700,10.47533327738444,1073463.3333333333,11.41682339188552,57.703638836961616,False,True
2008-04-27 20:00:00,11.18000030517578,11.5,11.09000015258789,11.34000015258789,1358700,10.544333267211915,1056786.6666666667,12.23042944176407,59.07177992956022,False,False
2008-04-28 20:00:00,11.300000190734863,11.350000381469728,11.010000228881836,11.239999771118164,762000,10.633333269755045,1017466.6666666666,12.689430057595377,57.40535484079847,False,True
2008-04-29 20:00:00,11.34000015258789,11.6899995803833,10.84000015258789,10.850000381469728,2589200,10.68066660563151,1057960.0,13.89406535522046,51.32433996935494,False,False
2008-04-30 20:00:00,10.81999969482422,11.109999656677246,10.710000038146973,11.029999732971191,1349300,10.737666606903076,1071793.3333333333,14.528847555418366,53.75902262103408,False,False
2008-05-01 20:00:00,11.140000343322754,11.149999618530272,10.890000343322754,10.93000030517578,1083000,10.785999965667724,1043363.3333333334,15.212214245296055,52.19700002183934,False,False
2008-05-04 20:00:00,11.0,11.100000381469728,10.850000381469728,11.09000015258789,907600,10.823999977111816,951740.0,15.687139903714753,54.476193803319205,False,True
2008-05-05 20:00:00,11.0,11.029999732971191,10.579999923706056,10.760000228881836,958600,10.833999983469646,951890.0,15.120557929273755,49.25950319207606,True,False
2008-05-06 20:00:00,10.760000228881836,10.779999732971191,10.279999732971191,10.34000015258789,1001400,10.832999992370606,964420.0,14.42298220105973,43.54420489454412,True,False
2008-05-07 20:00:00,10.359999656677246,10.649999618530272,10.09000015258789,10.609999656677246,1372400,10.84566666285197,959356.6666666666,14.293217384472703,47.74180946002271,True,False
2008-05-08 20:00:00,10.470000267028809,10.859999656677246,10.420000076293944,10.779999732971191,511000,10.869333330790202,959160.0,13.500478946973331,50.24998014106421,True,True
2008-05-11 20:00:00,10.81999969482422,11.020000457763672,10.710000038146973,10.75,726000,10.877333323160807,954056.6666666666,12.78099913014928,49.79577901564787,True,True
2008-05-12 20:00:00,10.789999961853027,10.789999961853027,10.520000457763672,10.729999542236328,710500,10.868999989827474,929256.6666666666,12.183557661681872,49.47470676642491,True,True
2008-05-13 20:00:00,10.75,10.75,10.220000267028809,10.229999542236328,889700,10.845999972025554,925713.3333333334,12.408723920672639,42.15671734504806,True,True
2008-05-14 20:00:00,10.279999732971191,10.619999885559082,10.279999732971191,10.399999618530272,778400,10.815999952952067,925703.3333333334,12.617806875449778,45.128513844080445,True,True
2008-05-15 20:00:00,10.460000038146973,10.479999542236328,9.859999656677246,10.229999542236328,834700,10.781333255767823,928546.6666666666,13.75814390304572,42.7625174264557,True,True
2008-05-18 20:00:00,10.210000038146973,10.420000076293944,10.020000457763672,10.270000457763672,665800,10.757999928792318,916756.6666666666,14.81702828581338,43.51295983469702,True,True
2008-05-19 20:00:00,10.199999809265137,10.220000267028809,9.770000457763672,9.81999969482422,1056800,10.720333258310953,937583.3333333334,16.29755568219784,37.548662119649606,True,False
2008-05-20 20:00:00,9.859999656677246,9.989999771118164,9.649999618530272,9.800000190734863,823100,10.685666592915853,945566.6666666666,17.893199241757493,37.30393281942299,True,True
2008-05-21 20:00:00,9.800000190734863,10.050000190734863,9.779999732971191,9.920000076293944,401600,10.655666605631511,934003.3333333334,19.12550712584243,39.8376748835826,True,True
2008-05-22 20:00:00,9.850000381469728,10.029999732971191,9.729999542236328,9.779999732971191,242300,10.632999928792318,924130.0,20.372166600434046,37.91263798440107,True,True
2008-05-26 20:00:00,9.8100004196167,10.039999961853027,9.75,9.989999771118164,307000,10.606333255767822,896000.0,21.48356304851315,42.40816822842125,True,True
2008-05-27 20:00:00,9.890000343322754,10.029999732971191,9.699999809265137,9.800000190734863,636400,10.582999928792317,892593.3333333334,22.62940457383279,39.61344815245373,True,True
2008-05-28 20:00:00,9.789999961853027,10.109999656677246,9.710000038146973,9.949999809265137,674700,10.547999922434489,883593.3333333334,23.28968492084153,42.8173225585846,True,True
2008-05-29 20:00:00,9.960000038146973,9.960000038146973,9.609999656677246,9.710000038146973,788300,10.530333264668782,855196.6666666666,24.157908253063987,39.23084384381016,True,True
2008-06-01 20:00:00,9.720000267028809,9.720000267028809,9.020000457763672,9.029999732971191,1150500,10.480333264668783,878116.6666666666,26.116263899564508,31.24512550921717,True,False
2008-06-02 20:00:00,9.079999923706056,9.100000381469728,8.229999542236328,8.279999732971191,4811400,10.393333244323731,1014670.0,28.850901641036153,25.161531211800014,True,False
2008-06-03 20:00:00,8.210000038146973,8.699999809265137,8.149999618530273,8.479999542236328,1819000,10.316666571299235,1041756.6666666666,31.461594932357407,29.12455579100039,True,False
2008-06-04 20:00:00,8.5,8.90999984741211,8.470000267028809,8.90999984741211,1342800,10.250333245595296,1064083.3333333333,33.017117557442596,36.86547692070089,True,False
2008-06-05 20:00:00,8.789999961853027,8.949999809265137,8.5,8.5,1153000,10.158999919891357,1078630.0,34.298893625630605,33.147957571278994,True,False
2008-06-08 20:00:00,8.5,8.569999694824219,8.100000381469727,8.239999771118164,812700,10.05966657002767,1083930.0,35.972290751140655,31.01225189267989,True,True
2008-06-09 20:00:00,8.15999984741211,8.239999771118164,8.09000015258789,8.09000015258789,982100,9.951333236694335,1071376.6666666667,37.53733242986527,29.81861243645288,True,True
2008-06-10 20:00:00,8.050000190734863,8.239999771118164,7.889999866485596,7.940000057220459,911800,9.841333246231079,1076370.0,39.21264061886359,28.63181970468383,True,True
2008-06-11 20:00:00,8.229999542236328,8.869999885559082,8.1899995803833,8.479999542236328,3091900,9.762333218256632,1093126.6666666667,38.46550008725706,38.172048668157984,True,False
2008-06-12 20:00:00,8.59000015258789,8.890000343322754,8.319999694824219,8.460000038146973,827700,9.676666561762492,1075740.0,37.709191203147384,37.96960656706613,True,True
2008-06-15 20:00:00,8.819999694824219,8.890000343322754,8.470000267028809,8.75,1000000,9.603999884923299,1072973.3333333333,37.006904382188395,42.713864478214425,True,True
2008-06-16 20:00:00,8.760000228881836,8.859999656677246,8.649999618530273,8.760000228881836,711200,9.526333220799764,1066426.6666666667,36.35478090558362,42.87611204635567,True,True
2008-06-17 20:00:00,8.720000267028809,8.899999618530273,8.65999984741211,8.6899995803833,543900,9.457333199183147,1052603.3333333333,35.59668400371137,41.97982705961707,True,True
2008-06-18 20:00:00,8.670000076293945,8.8100004196167,8.510000228881836,8.770000457763672,586900,9.40499987602234,1038786.6666666666,35.22789098236107,43.43513483864309,True,True
2008-06-19 20:00:00,8.720000267028809,8.899999618530273,8.34000015258789,8.489999771118164,1018900,9.33433321317037,1027003.3333333334,35.24121655693664,39.68338737179569,True,True
2008-06-22 20:00:00,8.5600004196167,8.569999694824219,8.149999618530273,8.149999618530273,616600,9.246666542689006,1030523.3333333334,35.61960801878085,35.65594717326451,True,True
2008-06-23 20:00:00,8.079999923706055,8.270000457763672,7.78000020980835,7.949999809265137,1356500,9.153333202997844,1051540.0,36.576854123574655,33.50204099157906,True,False
2008-06-24 20:00:00,7.949999809265137,8.039999961853027,7.889999866485596,7.909999847412109,845400,9.059333213170369,1056036.6666666667,37.46572550659747,33.071745690212516,True,True
2008-06-25 20:00:00,7.840000152587891,7.860000133514404,7.449999809265137,7.5,1544500,8.968333228429158,1077863.3333333333,38.889744315598236,28.96516677607947,True,False
2008-06-26 20:00:00,7.449999809265137,7.690000057220459,7.449999809265137,7.599999904632568,2816800,8.874999904632569,1145810.0,40.21204749538466,31.208823264885165,True,False
2008-06-29 20:00:00,7.519999980926514,7.710000038146973,7.510000228881836,7.610000133514404,613500,8.787666591008504,1138436.6666666667,41.34329927580962,31.442028340488353,True,True
2008-06-30 20:00:00,7.650000095367432,7.679999828338623,7.380000114440918,7.570000171661377,1296500,8.697666581471761,1159460.0,42.571849391757894,30.989491407570856,True,False
2008-07-01 20:00:00,7.559999942779541,7.670000076293945,7.349999904632568,7.46999979019165,1425000,8.619333251317341,1171733.3333333333,43.75381663966257,29.833449164518832,True,False
2008-07-02 20:00:00,7.480000019073486,7.480000019073486,7.230000019073486,7.309999942779541,342300,8.536333243052164,1155706.6666666667,45.016359192907295,28.03163389582683,True,True
2008-07-06 20:00:00,7.340000152587891,7.340000152587891,7.010000228881836,7.190000057220459,1277000,8.445333242416382,1184886.6666666667,46.46523498642783,26.727818066936575,True,False
2008-07-07 20:00:00,7.21999979019165,7.610000133514404,7.159999847412109,7.610000133514404,918500,8.37299992243449,1207426.6666666667,46.42779841613606,37.65745177681545,True,True
2008-07-08 20:00:00,7.630000114440918,8.15999984741211,7.610000133514404,8.100000381469727,1423500,8.309999942779541,1244643.3333333333,44.26222956523567,47.49713467103366,True,False
2008-07-09 20:00:00,8.0600004196167,8.380000114440918,8.0,8.260000228881836,1008000,8.258666610717773,1257030.0,41.58017652830216,50.257894752696544,False,True
2008-07-10 20:00:00,8.140000343322754,8.289999961853027,7.980000019073486,8.130000114440918,783000,8.197999954223633,1260640.0,39.14207619481802,48.04723010275487,True,True
2008-07-13 20:00:00,8.260000228881836,8.510000228881836,8.109999656677246,8.289999961853027,849000,8.150666618347168,1262663.3333333333,36.4680797191706,50.909288046229086,False,True
2008-07-14 20:00:00,8.180000305175781,8.680000305175781,8.130000114440918,8.489999771118164,677700,8.132666619618734,1246903.3333333333,34.44984431056252,54.298471929090134,False,True
2008-07-15 20:00:00,8.510000228881836,9.15999984741211,8.359999656677246,9.050000190734863,1525400,8.15833330154419,1137370.0,33.674310497169614,62.17324943084894,False,False
2008-07-16 20:00:00,9.119999885559082,9.229999542236328,8.850000381469727,8.979999542236328,1775200,8.174999968210857,1135910.0,33.094108297512726,60.76379558516237,False,False
2008-07-17 20:00:00,8.9399995803833,9.010000228881836,8.579999923706055,8.699999809265137,724400,8.16799996693929,1115296.6666666667,31.69214238790077,55.35790585338628,False,True
2008-07-20 20:00:00,8.649999618530273,9.039999961853027,8.619999885559082,8.9399995803833,810600,8.182666619618734,1103883.3333333333,30.460695559276747,58.745789328515215,False,True
2008-07-21 20:00:00,8.90999984741211,9.119999885559082,8.84000015258789,9.029999732971191,935700,8.208999951680502,1107983.3333333333,29.5106956220818,59.97254749562641,False,True
2008-07-22 20:00:00,9.0,9.34000015258789,9.0,9.050000190734863,550400,8.240999952952068,1093593.3333333333,29.135855135806626,60.25539363111905,False,True
2008-07-23 20:00:00,9.0,9.010000228881836,8.520000457763672,8.600000381469727,693900,8.262999963760375,1086330.0,27.299560251204106,51.446779781469154,False,True
2008-07-24 20:00:00,8.729999542236328,9.079999923706056,8.729999542236328,9.079999923706056,744300,8.282999976476033,1008076.6666666666,25.77141262070074,58.427922947498786,False,True
2008-07-27 20:00:00,9.039999961853027,9.34000015258789,8.899999618530273,8.970000267028809,748300,8.299999984105428,1005430.0,24.977990002470847,56.42566341904107,False,True
2008-07-28 20:00:00,9.020000457763672,9.1899995803833,8.949999809265137,9.18000030517578,685900,8.314333327611287,994960.0,24.241240428400232,59.29363578623733,False,True
2008-07-29 20:00:00,8.619999885559082,9.06999969482422,8.289999961853027,8.739999771118164,2342200,8.313666645685831,1049326.6666666667,23.223907539718773,51.62646586427908,False,False
2008-07-30 20:00:00,8.619999885559082,9.65999984741211,8.399999618530273,9.260000228881836,1773800,8.33266666730245,1090323.3333333333,22.198678763778442,58.46247762050187,False,False
2008-07-31 20:00:00,9.670000076293944,9.84000015258789,9.449999809265137,9.630000114440918,4828000,8.361333322525024,1231693.3333333333,21.593970406191264,62.52097959370593,False,False
2008-08-03 20:00:00,9.59000015258789,10.050000190734863,9.300000190734863,9.979999542236328,1284300,8.410999981562297,1240540.0,21.419563907739814,65.91375252067874,False,False
2008-08-04 20:00:00,10.050000190734863,10.18000030517578,9.829999923706056,9.960000038146973,2224700,8.471333328882853,1294143.3333333333,21.48975242981937,65.54860647479609,False,False
2008-08-05 20:00:00,9.979999542236328,10.420000076293944,9.880000114440918,10.300000190734863,1539300,8.549666674931844,1300236.6666666667,21.965119138598602,68.72100622504085,False,False
2008-08-06 20:00:00,10.029999732971191,10.210000038146973,9.579999923706056,9.59000015258789,1862200,8.60566668510437,1334130.0,21.577272132163273,56.93145350305533,False,False
2008-08-07 20:00:00,9.609999656677246,10.010000228881836,9.609999656677246,9.949999809265137,931400,8.687333345413208,1313693.3333333333,21.217128483330466,60.62044008325549,False,True
2008-08-10 20:00:00,9.960000038146973,10.229999542236328,9.880000114440918,10.199999809265137,1097400,8.77400000890096,1256380.0,21.309214512943296,62.991132759946744,False,True
2008-08-11 20:00:00,10.15999984741211,10.289999961853027,9.960000038146973,10.279999732971191,606400,8.86299999554952,1256143.3333333333,21.508636219383963,63.74332121979798,False,True
2008-08-12 20:00:00,10.260000228881836,10.300000190734863,10.0600004196167,10.18000030517578,818000,8.95,1240193.3333333333,21.71376533697731,62.04575938213628,False,True
2008-08-13 20:00:00,10.06999969482422,10.289999961853027,10.020000457763672,10.239999771118164,616600,9.04233333269755,1213246.6666666667,21.765597857197417,62.68782008763317,False,True
2008-08-14 20:00:00,10.329999923706056,10.329999923706056,9.979999542236328,10.050000190734863,895700,9.13366667429606,1231693.3333333333,21.669174542437165,59.26857515282358,False,True
2008-08-17 20:00:00,10.06999969482422,10.170000076293944,9.600000381469728,9.770000457763672,550100,9.219666687647502,1207463.3333333333,20.33558903927016,54.54679321304319,False,True
2008-08-18 20:00:00,9.6899995803833,9.880000114440918,9.609999656677246,9.710000038146973,537900,9.289666684468587,1194776.6666666667,19.09725964347223,53.562056705882796,False,True
2008-08-19 20:00:00,9.609999656677246,9.890000343322754,9.5600004196167,9.789999961853027,1075800,9.346000003814698,1183186.6666666667,17.78850704359174,54.73541152142442,False,True
2008-08-20 20:00:00,9.6899995803833,9.739999771118164,9.5,9.539999961853027,793600,9.388666661580404,1176040.0,16.657994387135208,50.44581317196021,False,True
2008-08-21 20:00:00,9.579999923706056,9.84000015258789,9.479999542236328,9.770000457763672,735800,9.443333339691161,1174466.6666666667,15.666456659707944,54.01628601517394,False,True
2008-08-24 20:00:00,9.739999771118164,9.739999771118164,9.40999984741211,9.609999656677246,608500,9.487333329518636,1166450.0,14.597551840610427,51.249877697562596,False,True
2008-08-25 20:00:00,9.619999885559082,9.800000190734863,9.5600004196167,9.619999885559082,459500,9.525,1159176.6666666667,13.722643168690068,51.41735085967925,False,True
2008-08-26 20:00:00,9.800000190734863,10.029999732971191,9.729999542236328,9.979999542236328,854900,9.555999978383381,1136826.6666666667,13.685551748622087,57.12724124372864,False,True
2008-08-27 20:00:00,9.979999542236328,10.31999969482422,9.979999542236328,10.270000457763672,670700,9.59900000890096,1100010.0,14.464152661327022,61.094077396421085,False,True
2008-08-28 20:00:00,10.1899995803833,10.31999969482422,10.029999732971191,10.229999542236328,1417700,9.65,1123120.0,15.187139223124461,60.26577517636997,False,False
2008-09-01 20:00:00,10.329999923706056,10.359999656677246,9.779999732971191,9.90999984741211,917600,9.682333342234294,1126686.6666666667,14.826947269020975,53.9627621825509,False,True
2008-09-02 20:00:00,9.920000076293944,10.140000343322754,9.75,10.079999923706056,774100,9.717333348592122,1121300.0,14.376369781941303,56.561918088937055,False,True
2008-09-03 20:00:00,10.029999732971191,10.09000015258789,9.609999656677246,9.630000114440918,957800,9.736666679382324,1134880.0,13.422737487264145,48.72068514275224,True,True
2008-09-04 20:00:00,9.630000114440918,10.06999969482422,9.489999771118164,9.920000076293944,710300,9.780666669209799,1135426.6666666667,12.8231083911168,53.22136448100041,False,True
2008-09-07 20:00:00,10.100000381469728,10.210000038146973,9.81999969482422,9.93000030517578,635000,9.809000015258789,1131783.3333333333,12.073274603449248,53.373337632393124,False,True
2008-09-08 20:00:00,9.880000114440918,9.949999809265137,9.130000114440918,9.130000114440918,1328000,9.81433334350586,1151106.6666666667,13.025004739823602,41.70157154664341,True,False
2008-09-09 20:00:00,9.300000190734863,9.470000267028809,9.100000381469728,9.34000015258789,975100,9.81966667175293,1160746.6666666667,13.975505426576094,45.09573138747006,True,True
2008-09-10 20:00:00,9.18000030517578,9.550000190734863,9.020000457763672,9.449999809265137,834900,9.843333339691162,1110503.3333333333,15.040836067409403,46.84157052053832,True,True
2008-09-11 20:00:00,9.3100004196167,9.43000030517578,9.0600004196167,9.170000076293944,592800,9.8403333346049,1071136.6666666667,16.030071662468906,43.08592570745795,True,True
2008-09-14 20:00:00,9.029999732971191,9.100000381469728,8.680000305175781,8.829999923706055,817300,9.813666661580404,937446.6666666666,17.76426749305415,38.99716002014295,True,True
2008-09-15 20:00:00,8.90999984741211,9.460000038146973,8.6899995803833,9.460000038146973,1066200,9.796333344777425,930176.6666666666,17.963819546872298,48.709801814108026,True,False
2008-09-16 20:00:00,9.350000381469728,9.4399995803833,8.5,8.5,1526600,9.747666676839193,906906.6666666666,18.569486601445792,38.619405806517946,True,False
2008-09-17 20:00:00,8.829999923706055,9.130000114440918,7.760000228881836,8.979999542236328,2093600,9.703666655222575,925383.3333333334,20.37742790019496,44.77897793507148,True,False
2008-09-18 20:00:00,9.600000381469728,9.649999618530272,8.949999809265137,9.06999969482422,1918500,9.686333306630452,927260.0,20.49296991209826,45.875705629145074,True,False
2008-09-21 20:00:00,9.050000190734863,9.18000030517578,8.5600004196167,8.630000114440918,1193800,9.64233331680298,936006.6666666666,21.209897208021882,41.53281006686688,True,False
2008-09-22 20:00:00,8.609999656677246,8.779999732971191,8.34000015258789,8.59000015258789,805800,9.588666661580403,926286.6666666666,22.18488914479728,41.15141645468343,True,True
2008-09-23 20:00:00,8.59000015258789,8.710000038146973,7.949999809265137,7.960000038146973,1236500,9.511333338419597,947290.0,23.58500042753987,35.60559281744548,True,False
2008-09-24 20:00:00,8.020000457763672,8.300000190734863,7.690000057220459,8.020000457763672,2524700,9.43933334350586,1004180.0,25.18002970921139,36.48353502406914,True,False
2008-09-25 20:00:00,7.889999866485596,8.199999809265137,7.739999771118164,7.980000019073486,1536400,9.364000018437704,1034840.0,26.661128327906365,36.129880309956036,True,False
2008-09-28 20:00:00,7.849999904632568,7.940000057220459,7.510000228881836,7.570000171661377,1630800,9.281333351135254,1059343.3333333333,28.298481687000557,32.637634259236776,True,False
2008-09-29 20:00:00,7.639999866485596,7.900000095367432,7.329999923706055,7.650000095367432,902200,9.210666672388713,1071080.0,30.01362362078492,33.97858765304455,True,True
2008-09-30 20:00:00,7.610000133514404,7.670000076293945,7.329999923706055,7.409999847412109,1349800,9.133999999364217,1098143.3333333333,31.606255416441826,31.925351772578626,True,False
2008-10-01 20:00:00,7.400000095367432,7.480000019073486,6.559999942779541,6.619999885559082,1876600,9.02833333015442,1124836.6666666667,33.8057098009163,26.293171369270553,True,False
2008-10-02 20:00:00,6.800000190734863,6.96999979019165,6.480000019073486,6.690000057220459,2011100,8.933333333333334,1165420.0,35.910159836481405,27.513438968749355,True,False
2008-10-05 20:00:00,6.519999980926514,6.639999866485596,5.340000152587891,5.800000190734863,1956700,8.80099999109904,1206116.6666666667,38.55143346514059,22.429097853526354,True,False
2008-10-06 20:00:00,5.989999771118164,6.110000133514404,5.300000190734863,5.300000190734863,2095400,8.657333342234294,1255680.0,41.02302162874103,20.17362084983142,True,False
2008-10-07 20:00:00,5.25,5.460000038146973,4.900000095367432,5.050000190734863,1697900,8.505000019073487,1296960.0,43.501115311993395,19.137373079801936,True,False
2008-10-08 20:00:00,5.099999904632568,5.300000190734863,4.619999885559082,4.630000114440918,1266800,8.32666670481364,1310690.0,45.91864107933059,17.5100931943756,True,True
2008-10-09 20:00:00,4.539999961853027,4.730000019073486,3.880000114440918,4.409999847412109,2117700,8.131333351135254,1358923.3333333333,48.42304985073134,16.708637547854508,True,False
2008-10-12 20:00:00,4.670000076293945,5.079999923706055,4.670000076293945,5.059999942779541,1126400,7.959000031153361,1349213.3333333333,49.772120637995506,27.29677577851405,True,True
2008-10-13 20:00:00,5.25,5.400000095367432,4.840000152587891,4.989999771118164,1156500,7.79500002861023,1357176.6666666667,50.19754786053102,26.900182606844897,True,True
2008-10-14 20:00:00,5.0,5.079999923706055,4.199999809265137,4.380000114440918,1327200,7.605000034968058,1375613.3333333333,51.00290178177478,23.672484615271262,True,True
2008-10-15 20:00:00,4.429999828338623,5.010000228881836,4.199999809265137,5.0,1581800,7.4506666978200276,1396413.3333333333,51.75073042292971,32.53330263096496,True,False
2008-10-16 20:00:00,4.860000133514404,5.239999771118164,4.789999961853027,4.889999866485596,1173200,7.283000024159749,1411843.3333333333,51.85340412206724,31.827343803017783,True,True
2008-10-19 20:00:00,5.019999980926514,5.71999979019165,4.949999809265137,5.710000038146973,1130100,7.142333348592122,1428346.6666666667,50.81748823401444,41.94135699217092,True,True
2008-10-20 20:00:00,5.619999885559082,5.929999828338623,5.519999980926514,5.679999828338623,911200,7.027333339055379,1414453.3333333333,49.39987255371533,41.69762103121744,True,True
2008-10-21 20:00:00,5.570000171661377,5.800000190734863,5.300000190734863,5.389999866485596,575900,6.895666662851969,1401146.6666666667,48.32903147891704,39.31893454480985,True,True
2008-10-22 20:00:00,5.420000076293945,5.420000076293945,4.639999866485596,4.989999771118164,711700,6.746999994913737,1397040.0,47.983941311888955,36.247437677827925,True,True
2008-10-23 20:00:00,4.53000020980835,4.75,4.510000228881836,4.630000114440918,690600,6.595666662851969,1400300.0,47.778749118020116,33.69617259710727,True,True
2008-10-26 20:00:00,4.550000190734863,4.599999904632568,3.7200000286102295,3.740000009536743,1166700,6.425999999046326,1411946.6666666667,48.20554123187405,28.378306448575707,True,True
2008-10-27 20:00:00,3.819999933242798,4.059999942779541,3.680000066757202,3.849999904632568,1840200,6.238999994595845,1437746.6666666667,48.62996800404748,29.85183993133194,True,False
2008-10-28 20:00:00,3.890000104904175,4.0,3.619999885559082,3.75,1416800,6.080666661262512,1434086.6666666667,49.06850545791913,29.26242952187958,True,True
2008-10-29 20:00:00,3.930000066757202,4.21999979019165,3.849999904632568,4.21999979019165,1006300,5.922000002861023,1397843.3333333333,48.91368536786477,35.68947689583829,True,True
2008-10-30 20:00:00,4.199999809265137,4.25,3.950000047683716,4.150000095367432,930900,5.758000016212463,1364923.3333333333,48.69216355957381,35.17684990013322,True,True
2008-11-03 20:00:00,4.150000095367432,4.659999847412109,4.110000133514404,4.349999904632568,1157000,5.615333342552185,1363696.6666666667,47.46219905996745,37.920493311835585,True,True
2008-11-04 20:00:00,4.389999866485596,4.449999809265137,4.079999923706055,4.239999771118164,981600,5.470333329836527,1369556.6666666667,46.357729616649856,36.99309455214465,True,True
2008-11-05 20:00:00,4.150000095367432,4.28000020980835,3.799999952316284,3.819999933242798,906900,5.332333326339722,1358570.0,45.68063815577068,33.61291830183545,True,True
2008-11-06 20:00:00,3.920000076293945,4.059999942779541,3.75,3.990000009536743,1466100,5.197999978065491,1323283.3333333333,45.11327221525608,36.1557924192596,True,False
2008-11-07 20:00:00,4.039999961853027,4.570000171661377,3.900000095367432,4.389999866485596,1659000,5.078333306312561,1327370.0,43.30690268314705,41.804227290450996,True,False
2008-11-10 20:00:00,4.480000019073486,4.630000114440918,4.099999904632568,4.130000114440918,866600,4.963666637738545,1301896.6666666667,41.49081699121827,39.36625636463103,True,True
2008-11-11 20:00:00,4.130000114440918,4.409999847412109,3.9700000286102295,4.130000114440918,1551400,4.846333305040996,1323536.6666666667,40.018227447333814,39.36625636463103,True,False
2008-11-12 20:00:00,4.079999923706055,4.300000190734863,3.670000076293945,3.670000076293945,830600,4.721666646003723,1306230.0,39.12022159794612,35.15899861047183,True,True
2008-11-13 20:00:00,3.680000066757202,4.170000076293945,3.5999999046325684,4.150000095367432,1145500,4.639333319664002,1281860.0,38.392303559145596,42.111418326425806,True,True
2008-11-14 20:00:00,4.090000152587891,4.090000152587891,3.5899999141693115,3.5899999141693115,790200,4.535999981562297,1241163.3333333333,37.73229550952049,37.111870680718106,True,True
2008-11-17 20:00:00,3.609999895095825,3.900000095367432,3.609999895095825,3.660000085830689,896100,4.464666644732158,1205810.0,37.11943089201146,38.10112783459843,True,True
2008-11-18 20:00:00,3.660000085830689,3.7200000286102295,3.220000028610229,3.430000066757202,964200,4.402333307266235,1168103.3333333333,37.17884472469715,36.092186886205184,True,True
2008-11-19 20:00:00,3.4100000858306885,3.680000066757202,3.049999952316284,3.049999952316284,772000,4.335666632652282,1137240.0,37.478174289991806,32.99662559482943,True,True
2008-11-20 20:00:00,3.049999952316284,3.3399999141693115,2.3399999141693115,2.490000009536743,2433700,4.264333295822143,1176136.6666666667,38.58773587155053,29.043311816915413,True,False
2008-11-21 20:00:00,2.539999961853028,2.8499999046325684,1.850000023841858,2.819999933242798,2507100,4.211333298683167,1189116.6666666667,40.04968195636804,34.05714674894445,True,False
2008-11-24 20:00:00,2.930000066757202,3.4600000381469727,2.6700000762939453,2.9200000762939453,2239500,4.139999969800313,1226220.0,39.73642945111427,35.543476054399065,True,False
2008-11-25 20:00:00,2.9600000381469727,3.1600000858306885,2.9100000858306885,3.150000095367432,1442100,4.078666647275289,1235740.0,39.4455521248072,38.95173487239463,True,False
2008-11-26 20:00:00,3.0899999141693115,3.5,3.0899999141693115,3.3299999237060547,1393000,4.04366664091746,1237933.3333333333,38.334222860918494,41.5562831759425,True,False
2008-11-28 20:00:00,3.309999942779541,3.430000066757202,3.2100000381469727,3.3399999141693115,357800,3.988333304723104,1197133.3333333333,37.30227425873613,41.705082842250405,True,True
2008-12-01 20:00:00,3.25,3.25,2.9200000762939453,2.930000066757202,1418400,3.9229999780654907,1205306.6666666667,36.77398534074499,37.490503839874876,True,False
2008-12-02 20:00:00,3.0,3.180000066757202,2.8399999141693115,3.009999990463257,3252400,3.8329999764760334,1276050.0,36.398360292253464,38.79030226631512,True,False
2008-12-03 20:00:00,2.930000066757202,3.3299999237060547,2.859999895095825,3.200000047683716,2421600,3.75033331712087,1326396.6666666667,35.63343162790627,41.88127334398572,True,False
2008-12-04 20:00:00,3.1700000762939453,3.4100000858306885,3.009999990463257,3.130000114440918,1783300,3.674999992052714,1366643.3333333333,34.700385055813435,41.05863714941471,True,False
2008-12-05 20:00:00,3.0999999046325684,3.5899999141693115,3.0899999141693115,3.5799999237060547,1555000,3.627999997138977,1394753.3333333333,33.337474911534706,48.1142597235423,True,False
2008-12-08 20:00:00,3.650000095367432,3.650000095367432,3.359999895095825,3.619999885559082,1754700,3.5943333228429157,1430223.3333333333,31.907142865452563,48.70208306668318,False,False
2008-12-09 20:00:00,3.670000076293945,3.670000076293945,3.1600000858306885,3.2100000381469727,1417400,3.5766666571299237,1438580.0,30.99281369561371,43.28855158060601,True,True
2008-12-10 20:00:00,3.5299999713897705,3.5299999713897705,3.0899999141693115,3.299999952316284,880400,3.558333325386047,1406586.6666666667,30.285776750658837,44.74060417070611,True,True
2008-12-11 20:00:00,3.25,3.3499999046325684,3.0,3.069999933242798,1391800,3.535666656494141,1405753.3333333333,29.814693186838504,41.79543075231108,True,True
2008-12-12 20:00:00,3.0,3.1600000858306885,2.9600000381469727,3.049999952316284,3775500,3.496666661898295,1498060.0,29.461769593144485,41.53936278698161,True,False
2008-12-15 20:00:00,3.0799999237060547,3.150000095367432,3.0,3.0199999809265137,1075300,3.458999991416931,1502873.3333333333,29.13405482757147,41.13227774275783,True,True
2008-12-16 20:00:00,3.0,3.240000009536743,3.0,3.220000028610229,1114600,3.421333328882853,1501460.0,28.48290435671151,45.00188645690728,True,True
2008-12-17 20:00:00,3.180000066757202,3.470000028610229,3.109999895095825,3.359999895095825,1274100,3.3919999996821084,1511210.0,27.049512988977103,47.59854800533211,True,True
2008-12-18 20:00:00,3.470000028610229,3.7300000190734863,3.380000114440918,3.660000085830689,1213100,3.386666671435038,1521416.6666666667,25.331717553097626,52.74698786615291,False,True
2008-12-19 20:00:00,3.7200000286102295,3.75,3.470000028610229,3.680000066757202,3192200,3.3763333400090536,1578953.3333333333,23.79653553491566,53.077967955487125,False,False
2008-12-22 20:00:00,3.75,3.9800000190734863,3.25,3.509999990463257,1803500,3.347000010808309,1583770.0,23.03544494386003,49.87979982540947,False,False
2008-12-23 20:00:00,3.569999933242798,3.5899999141693115,3.309999942779541,3.470000028610229,756700,3.325000007947286,1580106.6666666667,22.32871796645123,49.129687759199754,False,True
2008-12-24 20:00:00,3.5199999809265137,3.5199999809265137,3.390000104904175,3.470000028610229,241100,3.303000005086263,1536430.0,21.672471487428773,49.129687759199754,False,True
2008-12-26 20:00:00,3.490000009536743,3.549999952316284,3.4100000858306885,3.4800000190734863,275500,3.296666669845581,1517926.6666666667,21.159355018485396,49.35053181516369,False,True
2008-12-29 20:00:00,3.539999961853028,3.539999961853028,3.180000066757202,3.240000009536743,445200,3.266333333651225,1494583.3333333333,19.754307530618064,44.37173834582289,True,True
2008-12-30 20:00:00,3.2799999713897705,3.690000057220459,3.2699999809265137,3.670000076293945,653800,3.269000005722046,1490036.6666666667,18.96933911534569,53.43586143335568,False,True
2008-12-31 20:00:00,3.670000076293945,3.839999914169312,3.630000114440918,3.7899999618530273,765900,3.2733333349227904,1485696.6666666667,18.720603662513554,55.609643162415814,False,True
2009-01-02 20:00:00,3.799999952316284,3.890000104904175,3.700000047683716,3.849999904632568,745200,3.287333329518636,1478396.6666666667,18.64518784331056,56.698136158645006,False,True
2009-01-05 20:00:00,3.869999885559082,3.930000066757202,3.740000009536743,3.900000095367432,802900,3.315666667620341,1479426.6666666667,18.702884156403773,57.6305219043716,False,True
2009-01-06 20:00:00,3.9700000286102295,4.210000038146973,3.7899999618530273,3.9600000381469727,1671400,3.3646666685740154,1454016.6666666667,19.565882171809175,58.77758247549539,False,False
2009-01-07 20:00:00,3.950000047683716,4.010000228881836,3.7200000286102295,3.849999904632568,1103300,3.3990000009536745,1407223.3333333333,20.026310345532874,55.79524043825093,False,True
2009-01-08 20:00:00,3.839999914169312,4.079999923706055,3.799999952316284,4.079999923706055,402600,3.437666662534078,1345993.3333333333,20.653702344630908,60.3278734202531,False,True
2009-01-09 20:00:00,4.079999923706055,4.130000114440918,3.7699999809265137,3.7799999713897705,600600,3.4586666584014893,1317943.3333333333,21.38001904665474,52.73267198074629,False,True
2009-01-12 20:00:00,3.759999990463257,3.910000085830689,3.619999885559082,3.7899999618530273,896800,3.4739999930063883,1301403.3333333333,21.272495697358327,52.94533259876839,False,True
2009-01-13 20:00:00,3.7899999618530273,3.930000066757202,3.5999999046325684,3.930000066757202,1846400,3.493666664759318,1351023.3333333333,21.070988776636987,55.93442228380234,False,False
2009-01-14 20:00:00,3.849999904632568,3.9600000381469727,3.7899999618530273,3.900000095367432,923500,3.5259999990463258,1334526.6666666667,20.993492874035223,55.126308871622165,False,True
2009-01-15 20:00:00,3.839999914169312,3.880000114440918,3.619999885559082,3.880000114440918,1098000,3.555000003178914,1262713.3333333333,20.038668052577727,54.560377268317836,False,True
2009-01-16 20:00:00,3.920000076293945,3.920000076293945,3.490000009536743,3.630000114440918,1075400,3.5693333387374877,1217840.0,18.663791666008905,47.93577382619732,False,True
2009-01-20 20:00:00,3.559999942779541,3.7200000286102295,3.0799999237060547,3.0799999237060547,1260900,3.5676666657129923,1200426.6666666667,18.874290441463245,37.22684050141286,True,False
2009-01-21 20:00:00,3.200000047683716,3.3499999046325684,2.9600000381469727,3.3299999237060547,1017500,3.559333332379659,1182510.0,19.41715156940061,43.41484773672724,True,True
2009-01-22 20:00:00,3.2300000190734863,3.2300000190734863,2.900000095367432,3.0,1832800,3.53866666952769,1185113.3333333333,20.09101926622294,38.07881199999258,True,False
2009-01-23 20:00:00,2.9100000858306885,3.009999990463257,2.789999961853028,2.940000057220459,1483000,3.5296666701634725,1187300.0,21.021666909628436,37.1839468139326,True,False
2009-01-26 20:00:00,2.940000057220459,3.1700000762939453,2.9100000858306885,3.059999942779541,600500,3.521666669845581,1177970.0,21.068967393290745,40.21027124713452,True,True
2009-01-27 20:00:00,3.059999942779541,3.220000028610229,3.039999961853028,3.109999895095825,443100,3.5230000019073486,1146346.6666666667,20.86865893933731,41.47546275608468,True,True
2009-01-28 20:00:00,3.180000066757202,3.299999952316284,3.0799999237060547,3.140000104904175,432800,3.5260000069936117,1034923.3333333334,20.29254375519202,42.264884545026504,True,True
2009-01-29 20:00:00,3.0199999809265137,3.0999999046325684,2.900000095367432,2.950000047683716,673800,3.523666675885518,1021540.0,20.384395080096613,38.70412612274732,True,True
2009-01-30 20:00:00,3.0,3.140000104904175,2.900000095367432,2.930000066757202,409600,3.5140000104904177,998040.0,20.265448846008887,38.33798155057776,True,True
2009-02-02 20:00:00,2.9200000762939453,3.0899999141693115,2.900000095367432,2.990000009536743,495800,3.5016666809717814,972096.6666666666,20.15499877149885,40.166689303715046,True,True
2009-02-03 20:00:00,3.009999990463257,3.3299999237060547,3.009999990463257,3.309999942779541,779800,3.490000009536743,957653.3333333334,18.85984290560707,48.875166360888876,True,True
2009-02-04 20:00:00,3.299999952316284,3.7300000190734863,3.25,3.4200000762939453,1045300,3.481333343187968,886090.0,18.836985106057806,51.48893986753782,True,False
2009-02-05 20:00:00,3.380000114440918,3.5299999713897705,3.220000028610229,3.440000057220459,715100,3.4790000120798745,849810.0,18.680131635560986,51.969748171920784,True,True
2009-02-06 20:00:00,3.450000047683716,3.700000047683716,3.450000047683716,3.640000104904175,745100,3.484666681289673,849423.3333333334,19.064691013611252,56.601941690922466,False,True
2009-02-09 20:00:00,3.5999999046325684,3.690000057220459,3.450000047683716,3.509999990463257,553500,3.4860000133514406,859836.6666666666,19.421781864657927,53.02238373670516,False,True
2009-02-10 20:00:00,3.470000028610229,3.4800000190734863,3.150000095367432,3.2699999809265137,737200,3.4790000120798745,875226.6666666666,18.387295836934516,47.100307198799115,True,True
2009-02-11 20:00:00,3.2799999713897705,3.380000114440918,3.2100000381469727,3.380000114440918,362200,3.483666682243347,872460.0,17.426701668334204,49.864249210233105,True,True
2009-02-12 20:00:00,3.299999952316284,3.4800000190734863,3.2300000190734863,3.430000066757202,534500,3.4756666819254556,868483.3333333334,16.91661124654409,51.11455547436804,True,True
2009-02-13 20:00:00,3.359999895095825,3.4200000762939453,3.289999961853028,3.309999942779541,435600,3.459666681289673,857473.3333333334,16.44295585488184,48.019400454429444,True,True
2009-02-17 20:00:00,3.200000047683716,3.309999942779541,3.109999895095825,3.150000095367432,495500,3.436333354314168,849150.0,15.361505333969502,44.17818844773318,True,True
2009-02-18 20:00:00,3.150000095367432,3.2699999809265137,2.9200000762939453,3.109999895095825,917800,3.4100000143051146,852980.0,15.109503099281934,43.24679589393385,True,False
2009-02-19 20:00:00,3.1700000762939453,3.190000057220459,2.789999961853028,2.8299999237060547,924700,3.3723333438237506,828090.0,15.334529298933615,37.3161476566723,True,False
2009-02-20 20:00:00,2.7699999809265137,2.8299999237060547,2.559999942779541,2.559999942779541,857800,3.3293333450953164,819906.6666666666,16.255453944176875,32.66442628431771,True,False
2009-02-23 20:00:00,2.5999999046325684,2.690000057220459,2.549999952316284,2.650000095367432,1117300,3.2816666841506956,843730.0,17.139703380021423,35.54854931997142,True,False
2009-02-24 20:00:00,2.7100000381469727,2.789999961853028,2.630000114440918,2.690000057220459,1127900,3.2453333536783853,861306.6666666666,17.431394192863397,36.84331026904263,True,False
2009-02-25 20:00:00,2.6700000762939453,2.759999990463257,2.5,2.6700000762939453,1410300,3.2080000241597495,878423.3333333334,18.122259120982598,36.44903672351039,True,False
2009-02-26 20:00:00,2.7100000381469727,2.7699999809265137,2.3299999237060547,2.490000009536743,935700,3.1600000222524005,848066.6666666666,19.259054790564615,33.0237770140867,True,False
2009-02-27 20:00:00,2.430000066757202,2.5299999713897705,2.180000066757202,2.309999942779541,952000,3.1070000171661376,849016.6666666666,20.705209949130968,29.988826552969307,True,False
2009-03-02 20:00:00,2.220000028610229,2.299999952316284,2.119999885559082,2.2799999713897705,1056800,3.053666679064433,847643.3333333334,22.197044226795224,29.50218200841498,True,False
2009-03-03 20:00:00,2.3399999141693115,2.390000104904175,2.130000114440918,2.220000028610229,657600,3.0066666762034098,833716.6666666666,23.0487737380335,28.505856697550826,True,True
2009-03-04 20:00:00,2.259999990463257,2.470000028610229,2.259999990463257,2.4200000762939453,920300,2.984666681289673,822363.3333333334,23.379124442604052,36.23598380554232,True,False
2009-03-05 20:00:00,2.359999895095825,2.4100000858306885,2.069999933242798,2.150000095367432,1302200,2.9453333536783854,831853.3333333334,24.251535916683427,31.31367823183655,True,False
2009-03-06 20:00:00,2.180000066757202,2.2699999809265137,2.0999999046325684,2.140000104904175,771500,2.916666690508525,796476.6666666666,25.061632285471422,31.144931090621785,True,True
2009-03-08 20:00:00,2.119999885559082,2.289999961853028,2.049999952316284,2.049999952316284,606500,2.887000020345052,767260.0,25.962629498237447,29.598940492860997,True,True
2009-03-09 20:00:00,2.109999895095825,2.259999990463257,2.0299999713897705,2.25,591900,2.8600000222524007,766973.3333333334,26.86042893403129,37.074099729775966,True,True
2009-03-10 20:00:00,2.259999990463257,2.299999952316284,2.0799999237060547,2.0799999237060547,509300,2.8256666898727416,769180.0,27.40971706748783,33.78988415277209,True,True
2009-03-11 20:00:00,2.109999895095825,2.400000095367432,2.069999933242798,2.380000114440918,646000,2.8003333568573,776286.6666666666,27.229534860436512,43.330332887473695,True,True
2009-03-12 20:00:00,2.390000104904175,2.470000028610229,2.240000009536743,2.4200000762939453,714700,2.7826666911443074,777650.0,26.604067101552975,44.479078458817426,True,True
2009-03-15 20:00:00,2.490000009536743,2.490000009536743,2.1700000762939453,2.190000057220459,636900,2.7580000241597493,785226.6666666666,26.328487346863177,39.51855789008195,True,True
2009-03-16 20:00:00,2.190000057220459,2.319999933242798,2.0799999237060547,2.200000047683716,726200,2.7316666920979817,792906.6666666666,26.44594993072888,39.8327447884435,True,True
2009-03-17 20:00:00,2.2300000190734863,2.390000104904175,2.190000057220459,2.3499999046325684,897800,2.699666690826416,796840.0,26.064766656648725,44.49082188754582,True,False
2009-03-18 20:00:00,2.400000095367432,2.5799999237060547,2.289999961853028,2.490000009536743,1052700,2.668666688601176,797086.6666666666,24.538418810265963,48.49846333800475,True,False
2009-03-19 20:00:00,2.5199999809265137,2.539999961853028,2.2799999713897705,2.299999952316284,715100,2.6306666851043703,797086.6666666666,23.172989477698366,43.869374081508575,True,True
2009-03-22 20:00:00,2.390000104904175,2.539999961853028,2.3299999237060547,2.5299999713897705,827300,2.59366668065389,799826.6666666666,21.905090811742742,50.08083443206567,True,False
2009-03-23 20:00:00,2.490000009536743,2.509999990463257,2.319999933242798,2.3399999141693115,1432400,2.5546666781107583,829123.3333333334,20.786958512560734,45.5923817071889,True,False
2009-03-24 20:00:00,2.369999885559082,2.5,2.2699999809265137,2.450000047683716,623600,2.5273333470026653,825336.6666666666,20.050441197861797,48.471733913731704,True,True
2009-03-25 20:00:00,2.490000009536743,2.5,2.380000114440918,2.490000009536743,1453000,2.497666676839193,861696.6666666666,19.36653226278421,49.517954045792074,True,False
2009-03-26 20:00:00,2.440000057220459,2.4600000381469727,2.2699999809265137,2.289999961853028,1080200,2.459666673342387,879886.6666666666,19.390873212374522,44.63777973763729,True,False
2009-03-29 20:00:00,2.220000028610229,2.2799999713897705,2.150000095367432,2.2300000190734863,467100,2.4236666758855185,880936.6666666666,20.03319319111868,43.26035419224478,True,True
2009-03-30 20:00:00,2.259999990463257,2.5,2.180000066757202,2.3399999141693115,1322700,2.396666669845581,908510.0,19.017241293273766,46.518674878734984,True,False
2009-03-31 20:00:00,2.299999952316284,2.309999942779541,2.2100000381469727,2.2300000190734863,603900,2.3673333406448362,898046.6666666666,18.07385738813206,43.809364022456016,True,True
2009-04-01 20:00:00,2.289999961853028,2.4800000190734863,2.259999990463257,2.390000104904175,812400,2.3526666800181073,894303.3333333334,17.39668641279794,48.50712851528535,False,True
2009-04-02 20:00:00,2.390000104904175,2.4200000762939453,2.319999933242798,2.390000104904175,418700,2.347000018755595,879666.6666666666,16.767884792844832,48.50712851528535,False,True
2009-04-05 20:00:00,2.3499999046325684,2.4200000762939453,2.259999990463257,2.2799999713897705,369700,2.334666681289673,854746.6666666666,15.774609756786763,45.475688756310525,True,True
2009-04-06 20:00:00,2.25,2.3399999141693115,2.200000047683716,2.2100000381469727,430400,2.31866668065389,831496.6666666666,14.838571203270789,43.60802417580945,True,True
2009-04-07 20:00:00,2.220000028610229,2.3499999046325684,2.2100000381469727,2.319999933242798,355500,2.307000009218852,796336.6666666666,13.8992773258656,47.27269128654654,False,True
2009-04-08 20:00:00,2.380000114440918,2.650000095367432,2.380000114440918,2.650000095367432,791400,2.312333345413208,791526.6666666666,14.499997739489723,56.422048711341745,False,True
2009-04-12 20:00:00,2.5999999046325684,2.640000104904175,2.4600000381469727,2.4800000190734863,430300,2.318000014623006,774136.6666666666,15.057809552140693,51.467462473172844,False,True
2009-04-13 20:00:00,2.6600000858306885,2.7100000381469727,2.2799999713897705,2.319999933242798,1203000,2.3193333466847736,779010.0,14.343473222738842,47.26099812297921,False,False
2009-04-14 20:00:00,2.299999952316284,2.4100000858306885,2.180000066757202,2.299999952316284,1216300,2.322000010808309,797633.3333333334,13.541713126650347,46.74668298726387,True,False
2009-04-15 20:00:00,2.3399999141693115,2.430000066757202,2.25,2.2799999713897705,617000,2.3173333406448364,787523.3333333334,12.675794064859398,46.20517887985668,True,True
2009-04-16 20:00:00,2.289999961853028,2.289999961853028,2.200000047683716,2.240000009536743,562600,2.3203333377838136,762870.0,12.170978577651171,45.0804347634529,True,True
2009-04-19 20:00:00,2.2100000381469727,2.240000009536743,2.039999961853028,2.059999942779541,925700,2.3176666657129923,768010.0,12.563522214923044,40.32357963387385,True,False
2009-04-20 20:00:00,2.0799999237060547,2.1700000762939453,2.0799999237060547,2.150000095367432,886300,2.321000003814697,777336.6666666666,12.928027020961212,43.531987654013406,True,False
2009-04-21 20:00:00,2.3399999141693115,2.3399999141693115,2.0799999237060547,2.0999999046325684,1166000,2.316000000635783,796473.3333333334,12.123398951943699,42.175365870839045,True,False
2009-04-22 20:00:00,2.109999895095825,2.1600000858306885,1.9600000381469729,2.059999942779541,2687400,2.315333334604899,869076.6666666666,12.034408245192692,41.07262035791927,True,False
2009-04-23 20:00:00,2.0999999046325684,2.180000066757202,2.0899999141693115,2.1700000762939453,789200,2.308333333333333,873850.0,11.82077989363108,45.30769424898454,True,True
2009-04-26 20:00:00,2.190000057220459,2.2799999713897705,2.0999999046325684,2.1700000762939453,614200,2.3,870500.0,10.985452847674155,45.30769424898454,True,True
2009-04-27 20:00:00,2.150000095367432,2.299999952316284,2.109999895095825,2.200000047683716,777700,2.300333333015442,875193.3333333334,10.315554506925066,46.52333478818288,True,True
2009-04-28 20:00:00,2.2100000381469727,2.359999895095825,2.180000066757202,2.3299999237060547,984600,2.3046666622161864,883806.6666666666,10.065710326779065,51.54894666695456,False,False
2009-04-29 20:00:00,2.2300000190734863,2.470000028610229,2.2300000190734863,2.359999895095825,920100,2.3049999952316282,884550.0,10.463779600115528,52.65471450513375,False,False
2009-04-30 20:00:00,2.3499999046325684,2.400000095367432,2.289999961853028,2.289999961853028,490700,2.2983333269755044,865816.6666666666,10.833415353927958,49.79882565369358,True,True
2009-05-03 20:00:00,2.299999952316284,2.5,2.299999952316284,2.4600000381469727,755500,2.303666663169861,867163.3333333334,11.723484076447521,56.035365224390546,False,True
2009-05-04 20:00:00,2.490000009536743,2.5,2.400000095367432,2.440000057220459,465900,2.300666666030884,855116.6666666666,12.54997646164426,55.16705531527021,False,True
2009-05-05 20:00:00,2.4800000190734863,2.490000009536743,2.369999885559082,2.470000028610229,713100,2.305000003178914,831140.0,13.047876976337832,56.26188989587967,False,True
2009-05-06 20:00:00,2.470000028610229,2.569999933242798,2.309999942779541,2.450000047683716,1197600,2.305000003178914,850273.3333333334,13.97467816421602,55.29247279037538,False,False
2009-05-07 20:00:00,2.490000009536743,2.559999942779541,2.369999885559082,2.539999961853028,1082900,2.3066666682561237,837936.6666666666,14.835279267245767,58.73791323384715,False,False
2009-05-10 20:00:00,3.0299999713897705,3.0299999713897705,2.700000047683716,3.0,2055900,2.3303333361943563,870460.0,17.510545067354723,71.02776317305143,False,False
2009-05-11 20:00:00,3.3299999237060547,3.3299999237060547,2.809999942779541,2.9100000858306885,1733600,2.353000005086263,912676.6666666666,20.6632981399836,66.83347427222832,False,False
2009-05-12 20:00:00,2.859999895095825,2.9100000858306885,2.7100000381469727,2.7799999713897705,949600,2.3676666736602785,900240.0,22.831204431368207,61.2107803585281,False,False
2009-05-13 20:00:00,2.7699999809265137,2.799999952316284,2.690000057220459,2.789999961853028,704500,2.3863333384195964,903593.3333333334,24.693543611877992,61.47924416198096,False,True
2009-05-14 20:00:00,2.799999952316284,2.8299999237060547,2.549999952316284,2.559999942779541,870800,2.3919999996821084,905540.0,25.409317166633695,52.482202733105055,False,True
2009-05-17 20:00:00,2.5999999046325684,2.789999961853028,2.5999999046325684,2.789999961853028,508000,2.40533332824707,908516.6666666666,26.073964038906848,58.951449405289324,False,True
2009-05-18 20:00:00,2.799999952316284,2.8299999237060547,2.720000028610229,2.799999952316284,705200,2.422666660944621,919700.0,26.833878203813725,59.21146054946866,False,True
2009-05-19 20:00:00,2.7799999713897705,2.869999885559082,2.759999990463257,2.7699999809265137,635100,2.4413333257039387,926523.3333333334,27.683774077714663,58.02403068454504,False,True
2009-05-20 20:00:00,2.740000009536743,2.759999990463257,2.5199999809265137,2.5999999046325684,716300,2.450666658083598,938550.0,26.778909795875283,51.69725240685784,False,True
2009-05-21 20:00:00,2.630000114440918,2.75,2.5999999046325684,2.680000066757202,501600,2.4516666571299237,928890.0,25.93867867702443,54.22663207452059,False,True
2009-05-25 20:00:00,2.700000047683716,2.990000009536743,2.6600000858306885,2.940000057220459,1101800,2.4669999917348227,951273.3333333334,26.162858644663064,61.31645795447071,False,False
2009-05-26 20:00:00,2.9800000190734863,3.0899999141693115,2.880000114440918,2.9600000381469727,604600,2.488333328564962,931326.6666666666,26.721149146212763,61.806522001480516,False,True
2009-05-27 20:00:00,2.9600000381469727,3.049999952316284,2.8299999237060547,2.930000066757202,771800,2.509333332379659,916510.0,26.896193905726534,60.567043702525545,False,True
2009-05-28 20:00:00,3.009999990463257,3.450000047683716,2.9800000190734863,3.289999961853028,2193600,2.542999998728434,969063.3333333334,28.253339055218184,68.6831675834396,False,False
2009-05-31 20:00:00,3.3499999046325684,3.75,3.3299999237060547,3.5799999237060547,1817100,2.587666662534078,1010880.0,30.1325328565886,73.42774920759763,False,False
2009-06-01 20:00:00,3.619999885559082,3.759999990463257,3.549999952316284,3.660000085830689,1124500,2.641000000635783,1017506.6666666666,31.89605290130853,74.57222361993517,False,False
2009-06-02 20:00:00,3.660000085830689,3.660000085830689,3.430000066757202,3.5,1124700,2.6859999974568685,1025453.3333333334,32.77280767804864,68.2416735858881,False,False
2009-06-03 20:00:00,3.630000114440918,3.630000114440918,3.470000028610229,3.4800000190734863,867500,2.7320000012715657,1015503.3333333334,33.58693711359303,67.47064011373192,False,True
2009-06-04 20:00:00,3.5899999141693115,4.099999904632568,3.569999933242798,3.839999914169312,3892200,2.7913333336512247,1055663.3333333333,35.29239755005975,73.31512469047746,False,False
2009-06-07 20:00:00,4.019999980926514,4.050000190734863,3.4200000762939453,3.4200000762939453,2936900,2.8330000003178912,1127253.3333333333,36.02525108012051,59.81311153217814,False,False
2009-06-08 20:00:00,3.549999952316284,3.549999952316284,3.430000066757202,3.440000057220459,1377100,2.875333333015442,1152683.3333333333,36.70575792946264,60.189097909567366,False,False
2009-06-09 20:00:00,3.549999952316284,3.559999942779541,3.309999942779541,3.3399999141693115,1052500,2.9133333285649616,1161843.3333333333,36.65584705013758,57.3023055469168,False,True
2009-06-10 20:00:00,3.400000095367432,3.450000047683716,3.309999942779541,3.319999933242798,1051900,2.946333328882853,1164086.6666666667,36.60950123362145,56.71641014277588,False,True
2009-06-11 20:00:00,3.3499999046325684,3.440000057220459,3.2300000190734863,3.3299999237060547,1079300,2.978666663169861,1169393.3333333333,36.097650288386795,56.95340639225,False,True
2009-06-14 20:00:00,3.319999933242798,3.369999885559082,3.0999999046325684,3.1600000858306885,1123200,3.0076666673024497,1190476.6666666667,34.90233117363134,51.764413209088836,False,True
2009-06-15 20:00:00,3.25,3.289999961853028,3.119999885559082,3.1600000858306885,902500,3.03100000222524,1195376.6666666667,33.79239199564413,51.764413209088836,False,True
2009-06-16 20:00:00,3.220000028610229,3.259999990463257,3.119999885559082,3.220000028610229,646600,3.057000001271566,1201400.0,32.76173418751315,53.498620194032284,False,True
2009-06-17 20:00:00,3.220000028610229,3.240000009536743,3.059999942779541,3.0999999046325684,1065400,3.077999997138977,1213143.3333333333,31.43840063036558,49.65359159256617,False,True
2009-06-18 20:00:00,3.1700000762939453,3.25,3.109999895095825,3.240000009536743,1333100,3.1043333292007445,1217660.0,30.256468645550523,53.82334888209537,False,False
2009-06-21 20:00:00,3.2699999809265137,3.3399999141693115,3.130000114440918,3.1700000762939453,678000,3.125333333015442,1204163.3333333333,29.57870576398557,51.52551529087071,False,True
2009-06-22 20:00:00,3.259999990463257,3.259999990463257,3.0899999141693115,3.2100000381469727,640800,3.1323333342870074,1156993.3333333333,28.673393575328593,52.766439276107214,False,True
2009-06-23 20:00:00,3.25,3.470000028610229,3.1700000762939453,3.400000095367432,917100,3.1486666679382322,1129776.6666666667,28.741852890936496,58.235559646670424,False,True
2009-06-24 20:00:00,3.380000114440918,3.5299999713897705,3.299999952316284,3.509999990463257,746300,3.1730000019073485,1123000.0,29.031641174600423,61.04761625057349,False,True
2009-06-25 20:00:00,3.5,3.549999952316284,3.400000095367432,3.509999990463257,1204800,3.197000002861023,1139676.6666666667,29.377049170682287,61.04761625057349,False,False
2009-06-28 20:00:00,3.559999942779541,3.559999942779541,3.359999895095825,3.4100000858306885,1158800,3.225333340962728,1149276.6666666667,29.381175695800398,57.00113461120013,False,False
2009-06-29 20:00:00,3.470000028610229,3.470000028610229,3.25,3.289999961853028,1128600,3.2420000076293944,1169963.3333333333,28.55937064491996,52.50369324819395,False,True
2009-06-30 20:00:00,3.2300000190734863,3.440000057220459,3.220000028610229,3.390000104904175,1074500,3.261666679382324,1182273.3333333333,27.58107104075935,55.64444517776088,False,True
2009-07-01 20:00:00,3.309999942779541,3.4100000858306885,3.220000028610229,3.369999885559082,1015200,3.2816666762034097,1194943.3333333333,26.67264997975307,54.86304674269788,False,True
2009-07-05 20:00:00,3.359999895095825,3.390000104904175,3.299999952316284,3.359999895095825,767800,3.307000009218852,1196660.0,25.8291161373901,54.45132040738464,False,True
2009-07-06 20:00:00,3.3499999046325684,3.400000095367432,3.319999933242798,3.3499999046325684,492100,3.3293333371480305,1196343.3333333333,25.10986131286383,54.01477843413759,False,True
2009-07-07 20:00:00,3.3499999046325684,3.390000104904175,3.2799999713897705,3.319999933242798,1407300,3.3419999996821086,1206526.6666666667,24.083240755118442,52.651041825915854,True,False
2009-07-08 20:00:00,3.309999942779541,3.450000047683716,3.299999952316284,3.430000066757202,942200,3.3576666673024493,1217780.0,23.54754243535992,56.943568367585605,False,True
2009-07-09 20:00:00,3.430000066757202,3.630000114440918,3.380000114440918,3.5799999237060547,950500,3.379333329200745,1223736.6666666667,24.09070159348446,62.00230561866278,False,True
2009-07-12 20:00:00,3.5899999141693115,3.75,3.5299999713897705,3.660000085830689,798000,3.3916666666666666,1177216.6666666667,25.142978324595905,64.40437432524828,False,True
2009-07-13 20:00:00,3.650000095367432,3.660000085830689,3.5,3.5299999713897705,891800,3.390000001589457,1146373.3333333333,25.831311099136208,57.989141665479394,False,True
2009-07-14 20:00:00,3.609999895095825,3.75,3.5199999809265137,3.700000047683716,1059200,3.391333333651225,1144196.6666666667,26.87110880795033,63.15732870230758,False,True
2009-07-15 20:00:00,3.700000047683716,3.880000114440918,3.630000114440918,3.839999914169312,783200,3.4026666641235352,1132813.3333333333,28.339037343577242,66.78158394972502,False,True
2009-07-16 20:00:00,3.849999904632568,3.920000076293945,3.819999933242798,3.839999914169312,652300,3.4146666606267293,1125640.0,29.843422442658785,66.781583949725,False,True
2009-07-19 20:00:00,3.799999952316284,4.03000020980835,3.7300000190734863,3.990000009536743,1036200,3.4196666638056437,1030440.0,31.602717514829436,70.39980812926848,False,False
2009-07-20 20:00:00,4.409999847412109,4.690000057220459,4.28000020980835,4.559999942779541,4333400,3.4576666593551635,1076990.0,34.514805756970766,79.5259652340334,False,False
2009-07-21 20:00:00,4.53000020980835,4.539999961853027,4.320000171661377,4.429999828338623,1990300,3.490666651725769,1097430.0,37.218887696101994,73.92769098804058,False,False
2009-07-22 20:00:00,4.449999809265137,5.389999866485596,4.409999847412109,5.320000171661377,6134100,3.5566666603088377,1266816.6666666667,40.459920492521185,82.83599427487538,False,False
2009-07-23 20:00:00,5.079999923706055,5.670000076293945,5.079999923706055,5.659999847412109,3565600,3.634666657447815,1350606.6666666667,43.613700512142714,84.95136128658814,False,False
2009-07-26 20:00:00,5.900000095367432,5.949999809265137,5.679999828338623,5.840000152587891,2741900,3.7183333317438763,1406026.6666666667,46.66428116210564,85.9393498153861,False,False
2009-07-27 20:00:00,5.849999904632568,6.159999847412109,5.71999979019165,5.880000114440918,2312700,3.808999999364217,1445676.6666666667,49.57739306660402,86.15685049323818,False,False
2009-07-28 20:00:00,5.829999923706055,6.059999942779541,5.699999809265137,6.03000020980835,2083200,3.9046666701634725,1485033.3333333333,52.17032358200454,86.97078613324929,False,False
2009-07-29 20:00:00,5.920000076293945,5.989999771118164,5.110000133514404,5.320000171661377,5994600,3.9746666749318442,1663300.0,51.78847101607248,66.9153386477192,False,False
2009-07-30 20:00:00,5.309999942779541,5.489999771118164,5.099999904632568,5.199999809265137,1817100,4.04466667175293,1688356.6666666667,51.39382656791556,64.21985232579036,False,False
2009-08-02 20:00:00,5.070000171661377,5.230000019073486,5.010000228881836,5.21999979019165,1769500,4.1106666644414265,1702903.3333333333,50.65433543249872,64.47668874158107,False,False
2009-08-03 20:00:00,5.119999885559082,5.389999866485596,4.960000038146973,5.300000190734863,2787400,4.181666668256124,1773216.6666666667,50.23713505633794,65.54217914859426,False,False
2009-08-04 20:00:00,5.380000114440918,5.71999979019165,5.25,5.539999961853027,2247600,4.259333332379659,1826776.6666666667,50.34025645797809,68.58627862063996,False,False
2009-08-05 20:00:00,5.550000190734863,5.619999885559082,5.349999904632568,5.409999847412109,1522300,4.326333324114482,1846950.0,50.43601204521537,65.22501327742987,False,True
2009-08-06 20:00:00,5.53000020980835,5.659999847412109,5.429999828338623,5.590000152587891,1098400,4.395666662851969,1858686.6666666667,50.58426536998627,67.59319977350526,False,True
2009-08-09 20:00:00,5.599999904632568,5.900000095367432,5.5,5.809999942779541,1187000,4.472333327929179,1858093.3333333333,51.061073699932265,70.25905972798115,False,True
2009-08-10 20:00:00,5.75,5.949999809265137,5.579999923706055,5.849999904632568,1520000,4.553666655222575,1870133.3333333333,51.57080377620294,70.73051260404674,False,True
2009-08-11 20:00:00,5.849999904632568,5.909999847412109,5.739999771118164,5.769999980926514,1311100,4.636333322525024,1876216.6666666667,52.044124561311435,68.3953098453382,False,True
2009-08-12 20:00:00,5.809999942779541,5.840000152587891,5.590000152587891,5.78000020980835,987200,4.715999992688497,1873306.6666666667,51.6822416414058,68.53515532482962,False,True
2009-08-13 20:00:00,5.840000152587891,5.889999866485596,5.599999904632568,5.789999961853027,1284700,4.796666661898295,1882290.0,51.44023383387933,68.68437358549167,False,True
2009-08-16 20:00:00,5.699999809265137,6.329999923706055,5.619999885559082,6.139999866485596,3392300,4.889333327611287,1969773.3333333333,51.91896506016541,73.433317910283,False,False
2009-08-17 20:00:00,6.21999979019165,6.21999979019165,6.0,6.090000152587891,2626800,4.980666669209798,2040930.0,52.36350119885963,71.75915556109678,False,False
2009-08-18 20:00:00,6.0,6.659999847412109,6.0,6.380000114440918,2566900,5.082666675249736,2079583.3333333333,53.31723652898976,75.27944051913488,False,False
2009-08-19 20:00:00,6.400000095367432,6.510000228881836,6.260000228881836,6.5,1648200,5.1850000063578285,2103116.6666666665,54.20284790696773,76.58035294405096,False,True
2009-08-20 20:00:00,6.550000190734863,6.590000152587891,6.369999885559082,6.46999979019165,2158500,5.281333335240682,2143383.3333333335,55.1151975406287,75.51049715944124,False,False
2009-08-23 20:00:00,6.099999904632568,6.440000057220459,6.099999904632568,6.239999771118164,3065400,5.367333324750264,2218963.3333333335,54.557001563715424,67.70151345769803,False,False
2009-08-24 20:00:00,6.150000095367432,6.369999885559082,6.039999961853027,6.25,2820900,5.457999992370605,2283266.6666666665,53.75011533017918,67.85715953898196,False,False
2009-08-25 20:00:00,6.199999809265137,6.440000057220459,6.139999866485596,6.349999904632568,3393200,5.546333320935568,2361066.6666666665,53.135865407664824,69.44293601517084,False,False
2009-08-26 20:00:00,6.320000171661377,6.46999979019165,6.079999923706055,6.420000076293945,3263200,5.6323333263397215,2443733.3333333335,52.25620693219539,70.53864357786463,False,False
2009-08-27 20:00:00,6.449999809265137,6.800000190734863,6.409999847412109,6.760000228881836,2889700,5.729666670163472,2518313.3333333335,52.07411855202089,75.1917578508622,False,False
2009-08-30 20:00:00,6.710000038146973,6.730000019073486,6.5,6.590000152587891,1149000,5.816333341598511,2522073.3333333335,51.90503648471601,69.29832417927788,False,True
2009-08-31 20:00:00,6.539999961853027,6.900000095367432,6.349999904632568,6.449999809265137,1905300,5.87933333714803,2441136.6666666665,52.04378084391452,64.7943104829521,False,True
2009-09-01 20:00:00,6.409999847412109,6.579999923706055,6.320000171661377,6.539999961853027,736800,5.949666674931844,2399353.3333333335,52.00333058491459,66.31022231829064,False,True
2009-09-02 20:00:00,6.599999904632568,6.670000076293945,6.559999942779541,6.659999847412109,914100,5.994333330790202,2225353.3333333335,52.13008805331367,68.27189903520579,False,True
2009-09-03 20:00:00,6.769999980926514,6.929999828338623,6.519999980926514,6.929999828338623,934800,6.036666663487752,2137660.0,52.672171282158345,72.1949231451442,False,True
2009-09-07 20:00:00,6.949999809265137,7.0,6.769999980926514,6.860000133514404,927300,6.070666662851969,2077173.3333333333,53.278910945982936,69.78578897394134,False,True
2009-09-08 20:00:00,6.880000114440918,7.119999885559082,6.78000020980835,6.989999771118164,785900,6.107666651407878,2026280.0,54.01485827799916,71.6761195549677,False,True
2009-09-09 20:00:00,7.0,7.239999771118164,7.0,7.179999828338623,1247400,6.145999972025553,1998420.0,54.861557215233994,74.21525366035708,False,True
2009-09-10 20:00:00,7.199999809265137,7.340000152587891,7.019999980926514,7.130000114440918,1006400,6.206333303451538,1832146.6666666667,55.77781755098707,72.37647776714454,False,True
2009-09-13 20:00:00,6.989999771118164,7.380000114440918,6.989999771118164,7.380000114440918,1258200,6.278999980290731,1813516.6666666667,56.68046862807373,75.6279817655118,False,True
2009-09-14 20:00:00,7.380000114440918,7.690000057220459,7.25,7.28000020980835,1947800,6.347666660944621,1819460.0,57.874807287675694,71.97833130182411,False,False
2009-09-15 20:00:00,7.349999904632568,7.559999942779541,7.349999904632568,7.409999847412109,1097400,6.417999982833862,1763126.6666666667,58.98383604302036,73.75169290089077,False,True
2009-09-16 20:00:00,7.409999847412109,7.519999980926514,7.21999979019165,7.300000190734863,879900,6.476666657129924,1717536.6666666667,59.13048040410803,69.73045579626917,False,True
2009-09-17 20:00:00,7.360000133514404,7.420000076293945,7.170000076293945,7.289999961853027,1182000,6.5393333276112875,1706193.3333333333,58.93667281678234,69.3602004645873,False,True
2009-09-20 20:00:00,7.579999923706055,8.069999694824219,7.449999809265137,7.96999979019165,3201700,6.618666648864746,1776303.3333333333,59.64872677888555,77.93844587336612,False,False
2009-09-21 20:00:00,8.170000076293945,8.180000305175781,7.909999847412109,8.130000114440918,2076300,6.695999987920126,1805946.6666666667,60.420150352919414,79.3998793581139,False,False
2009-09-22 20:00:00,7.5,7.570000171661377,7.25,7.269999980926514,6823400,6.74333332379659,1982726.6666666667,58.18019416642738,57.392789250539145,False,False
2009-09-23 20:00:00,7.289999961853027,7.460000038146973,6.630000114440918,6.880000114440918,7856000,6.78033332824707,2200890.0,54.28227931041848,50.55025815112671,False,False
2009-09-24 20:00:00,6.599999904632568,6.710000038146973,6.5,6.599999904632568,20766000,6.807666651407877,2860183.3333333335,50.46266369199224,46.28380406332304,True,False
2009-09-27 20:00:00,6.75,7.079999923706055,6.630000114440918,6.800000190734863,7427700,6.841333325703939,3064950.0,47.63265438904968,49.55862500412032,True,False
2009-09-28 20:00:00,6.840000152587891,6.909999847412109,6.539999961853027,6.760000228881836,5277300,6.86200000445048,3127783.3333333335,44.77214466756608,48.91630770120284,True,False
2009-09-29 20:00:00,6.849999904632568,6.849999904632568,6.449999809265137,6.75,3679100,6.883999999364217,3162860.0,41.88023853019318,48.74620694392386,True,False
2009-09-30 20:00:00,6.71999979019165,6.800000190734863,6.449999809265137,6.449999809265137,3138900,6.886333322525024,3181926.6666666665,39.19489711691834,43.82297078836146,True,True
2009-10-01 20:00:00,6.400000095367432,6.710000038146973,6.300000190734863,6.639999866485596,1972700,6.890999984741211,3192743.3333333335,36.50608912276529,47.44335263136289,True,True
2009-10-04 20:00:00,6.659999847412109,6.78000020980835,6.590000152587891,6.679999828338623,1627000,6.897999986012777,3175026.6666666665,33.986144125708606,48.20021016088724,True,True
2009-10-05 20:00:00,6.710000038146973,6.849999904632568,6.570000171661377,6.75,2321500,6.914999993642171,3150230.0,31.84812306005229,49.56891255398666,True,True
2009-10-06 20:00:00,6.690000057220459,6.820000171661377,6.519999980926514,6.789999961853027,1609900,6.932999992370606,3109863.3333333335,29.70270799861705,50.375812330035274,True,True
2009-10-07 20:00:00,6.829999923706055,6.829999923706055,6.480000019073486,6.519999980926514,1757700,6.938666661580403,3055346.6666666665,27.5841444185385,45.12715676986361,True,True
2009-10-08 20:00:00,6.5,6.739999771118164,6.480000019073486,6.739999771118164,1586700,6.949333318074545,2999463.3333333335,25.61690680846556,49.723711516494326,True,True
2009-10-11 20:00:00,6.829999923706055,7.0,6.699999809265137,6.730000019073486,1446100,6.948333311080932,2951343.3333333335,24.647083331832725,49.520656829812005,True,True
2009-10-12 20:00:00,6.71999979019165,6.789999961853027,6.489999771118164,6.5,2976600,6.945333305994669,3012263.3333333335,22.9857661435563,44.97169720952419,True,True
2009-10-13 20:00:00,6.619999885559082,6.619999885559082,6.28000020980835,6.360000133514404,3532700,6.942333316802978,3066510.0,21.91728704476112,42.4174957808528,True,False
2009-10-14 20:00:00,6.28000020980835,6.550000190734863,6.260000228881836,6.46999979019165,1493400,6.9399999777476,3091730.0,20.987111120079504,45.05789474472384,True,True
2009-10-15 20:00:00,6.389999866485596,6.440000057220459,6.25,6.28000020980835,724700,6.927333323160807,3085416.6666666665,20.156270692031573,41.51671490679183,True,True
2009-10-18 20:00:00,6.25,6.329999923706055,6.139999866485596,6.190000057220459,1094700,6.902666664123535,3090746.6666666665,19.750566369313727,39.91640606055834,True,True
2009-10-19 20:00:00,6.170000076293945,6.199999809265137,5.809999942779541,5.860000133514404,2504700,6.869333330790202,3143326.6666666665,20.31675213212498,34.64341750210783,True,True
2009-10-20 20:00:00,5.840000152587891,6.059999942779541,5.760000228881836,5.789999961853027,2153900,6.8293333371480305,3188926.6666666665,20.96940615740423,33.628608653942315,True,True
2009-10-21 20:00:00,5.760000228881836,6.0,5.579999923706055,5.929999828338623,3353400,6.7876666704813635,3259126.6666666665,22.013642780111656,37.56761468177289,True,False
2009-10-22 20:00:00,5.980000019073486,6.010000228881836,5.559999942779541,5.630000114440918,1854000,6.737666670481364,3287380.0,23.030672413395855,33.04225315588319,True,True
2009-10-25 20:00:00,5.610000133514404,5.710000038146973,5.300000190734863,5.449999809265137,3851300,6.673333326975505,3373816.6666666665,24.548837473951597,30.65612379453838,True,False
2009-10-26 20:00:00,5.460000038146973,5.800000190734863,5.409999847412109,5.78000020980835,4073600,6.623333326975504,3444676.6666666665,25.496160342215767,39.309244872495455,True,False
2009-10-27 20:00:00,6.010000228881836,6.190000057220459,5.559999942779541,5.619999885559082,4792200,6.563666661580403,3567836.6666666665,24.671591905326526,36.90467640836532,True,False
2009-10-28 20:00:00,5.710000038146973,6.019999980926514,5.710000038146973,5.989999771118164,2670800,6.519999980926514,3627533.3333333335,23.90592121392938,45.24581229983893,True,True
2009-10-29 20:00:00,5.960000038146973,6.0,5.670000076293945,5.889999866485596,4811100,6.473333311080933,3748503.3333333335,23.318961757721578,43.56935745865398,True,False
2009-11-02 20:00:00,6.010000228881836,6.28000020980835,6.010000228881836,6.28000020980835,4080400,6.416999991734823,3777793.3333333335,21.682908979718288,51.16848532590712,True,False
2009-11-03 20:00:00,6.21999979019165,6.710000038146973,6.159999847412109,6.699999809265137,3697100,6.36933331489563,3831820.0,21.390000314454532,57.76467542366181,False,True
2009-11-04 20:00:00,6.710000038146973,6.869999885559082,6.340000152587891,6.360000133514404,3060400,6.33899998664856,3706386.6666666665,21.512470161249684,51.67884212296862,False,True
2009-11-05 20:00:00,6.409999847412109,6.960000038146973,6.309999942779541,6.849999904632568,3935100,6.337999979654948,3575690.0,21.840435523104343,58.46970268024785,False,False
2009-11-06 20:00:00,6.869999885559082,7.340000152587891,6.739999771118164,7.25,2542100,6.359666649500529,2968226.6666666665,22.94011392609594,63.03647876426187,False,True
2009-11-09 20:00:00,7.25,7.460000038146973,7.099999904632568,7.349999904632568,3856400,6.377999973297119,2849183.3333333335,24.179726474919953,64.09932744231999,False,False
2009-11-10 20:00:00,7.329999923706055,7.940000057220459,7.25,7.610000133514404,4704100,6.406333303451538,2830076.6666666665,26.070746063044602,66.77436690382008,False,False
2009-11-11 20:00:00,7.690000057220459,7.880000114440918,7.679999828338623,7.880000114440918,3270400,6.443999973932902,2816453.3333333335,27.82669282344606,69.33009542532272,False,False
2009-11-12 20:00:00,7.820000171661377,7.989999771118164,7.639999866485596,7.71999979019165,3227000,6.486333306630453,2819390.0,29.612590141654387,66.08600631649585,False,False
2009-11-13 20:00:00,7.710000038146973,7.809999942779541,7.5,7.679999828338623,1790900,6.520999972025553,2813330.0,30.648938583497632,65.26382631871458,False,True
2009-11-16 20:00:00,7.789999961853027,8.130000114440918,7.739999771118164,8.069999694824219,2547800,6.567333300908406,2844023.3333333335,32.10219797736646,69.2771849551508,False,True
2009-11-17 20:00:00,8.100000381469727,8.319999694824219,8.0,8.180000305175781,2228700,6.614999977747599,2840930.0,33.70688258882462,70.31883597080665,False,True
2009-11-18 20:00:00,8.15999984741211,8.199999809265137,8.010000228881836,8.100000381469727,2017800,6.658666658401489,2854526.6666666665,35.19694687089291,68.49984727641169,False,True
2009-11-19 20:00:00,8.039999961853027,8.09000015258789,7.570000171661377,7.71999979019165,2170100,6.69866665204366,2868273.3333333335,34.77255149240944,60.49493260408695,False,True
2009-11-20 20:00:00,7.610000133514404,7.800000190734863,7.409999847412109,7.550000190734863,2522700,6.725666666030884,2899473.3333333335,33.822063372388776,57.270548612979475,False,True
2009-11-23 20:00:00,7.659999847412109,7.829999923706055,6.820000171661377,7.539999961853027,1727000,6.752666664123535,2908836.6666666665,31.548372277103216,57.07782191683377,False,True
2009-11-24 20:00:00,7.579999923706055,7.75,7.400000095367432,7.71999979019165,1893200,6.79333332379659,2872723.3333333335,29.437087688623766,59.70624406930958,False,True
2009-11-25 20:00:00,8.399999618530273,8.640000343322754,7.980000019073486,8.460000038146973,22448800,6.863333320617675,3503260.0,29.03192674797366,68.30053041978773,False,False
2009-11-27 20:00:00,8.199999809265137,8.59000015258789,8.149999618530273,8.390000343322754,3408200,6.927333339055379,3567086.6666666665,28.655705874512847,66.8480516708617,False,True
2009-11-30 20:00:00,8.4399995803833,8.5,8.020000457763672,8.329999923706055,5084400,6.99566666285197,3712410.0,27.94369516644823,65.56106358816012,False,False
2009-12-01 20:00:00,8.380000114440918,8.449999809265137,8.260000228881836,8.399999618530273,3984600,7.06933331489563,3808740.0,27.282542366102515,66.37442220027746,False,False
2009-12-02 20:00:00,8.369999885559082,8.420000076293945,8.0600004196167,8.34000015258789,3359200,7.151999982198079,3837223.3333333335,26.090399031801617,64.95829304373923,False,True
2009-12-03 20:00:00,8.329999923706055,8.390000343322754,8.050000190734863,8.069999694824219,2220000,7.227999973297119,3839426.6666666665,24.954503092698385,58.87123990786966,False,True
2009-12-04 20:00:00,8.34000015258789,8.399999618530273,8.079999923706055,8.289999961853027,2094600,7.306666644414266,3797466.6666666665,23.924920977282625,61.99618954831699,False,True
2009-12-07 20:00:00,8.260000228881836,8.390000343322754,7.900000095367432,7.929999828338623,2953400,7.383333301544189,3834113.3333333335,22.410596866438574,54.67546556244018,False,True
2009-12-08 20:00:00,7.929999828338623,8.300000190734863,7.679999828338623,8.210000038146973,6899700,7.475333309173584,3935726.6666666665,21.239976914287208,58.754915530646755,False,False
2009-12-09 20:00:00,8.119999885559082,8.279999732971191,7.920000076293945,8.180000305175781,2671800,7.555333312352499,3889000.0,20.1529726730038,58.15100968310817,False,True
2009-12-10 20:00:00,8.210000038146973,8.25,7.960000038146973,7.989999771118164,2635400,7.634333308537801,3817106.6666666665,19.143611591812064,54.34142061092461,False,True
2009-12-11 20:00:00,8.09000015258789,8.199999809265137,7.960000038146973,8.020000457763672,1594900,7.701999998092651,3781243.3333333335,18.206347730705453,54.84444966353239,False,True
2009-12-14 20:00:00,8.0600004196167,8.100000381469727,7.829999923706055,8.09000015258789,1755400,7.775333340962728,3679386.6666666665,17.761503061747902,56.06083754118901,False,True
2009-12-15 20:00:00,8.0,8.260000228881836,7.960000038146973,8.0600004196167,2581200,7.834666681289673,3629413.3333333335,16.728555330286067,55.37240677605445,False,True
2009-12-16 20:00:00,8.130000114440918,8.1899995803833,7.889999866485596,7.960000038146973,1784300,7.876666688919068,3565653.3333333335,16.012713939722463,53.034495212833164,False,True
2009-12-17 20:00:00,8.130000114440918,8.210000038146973,7.96999979019165,8.100000381469727,2588600,7.9346666971842446,3549926.6666666665,15.26627145527128,55.84525776928426,False,True
2009-12-18 20:00:00,8.220000267028809,8.619999885559082,8.149999618530273,8.489999771118164,11062500,7.989333359400431,3787506.6666666665,15.221830100774778,62.56617937777867,False,False
2009-12-21 20:00:00,8.880000114440918,9.050000190734863,8.699999809265137,8.729999542236328,6415700,8.038666677474975,3916626.6666666665,16.264376337577882,65.99629887430731,False,False
2009-12-22 20:00:00,8.720000267028809,9.079999923706056,8.6899995803833,9.050000190734863,2193500,8.095333353678386,3861196.6666666665,17.298527528486726,69.95008406789975,False,True
2009-12-23 20:00:00,9.109999656677246,9.25,8.930000305175781,9.220000267028809,1912000,8.149000024795532,3768126.6666666665,18.627090072625982,71.82440080096313,False,True
2009-12-24 20:00:00,9.289999961853027,9.470000267028809,9.170000076293944,9.270000457763672,1519000,8.195333369572957,3709746.6666666665,20.291149576820782,72.37026383777382,False,True
2009-12-28 20:00:00,9.300000190734863,9.5600004196167,9.300000190734863,9.399999618530272,1406800,8.251333363850911,3649073.3333333335,22.001307022032346,73.79193469041458,False,True
2009-12-29 20:00:00,9.449999809265137,9.5600004196167,9.130000114440918,9.279999732971191,1726700,8.30466669400533,3646933.3333333335,22.818310808053194,70.20113308860437,False,True
2009-12-30 20:00:00,9.260000228881836,9.329999923706056,9.100000381469728,9.289999961853027,1205200,8.345333369572957,3602180.0,23.443300034904034,70.33070282153041,False,True
2009-12-31 20:00:00,9.329999923706056,9.40999984741211,9.09000015258789,9.109999656677246,1267900,8.37633334795634,3570153.3333333335,24.21287142633665,64.86365102914854,False,True
2010-01-04 20:00:00,9.220000267028809,9.510000228881836,9.170000076293944,9.5,1865400,8.423000001907349,3565073.3333333335,25.16021008963932,70.25816605035683,False,True
2010-01-05 20:00:00,9.510000228881836,10.289999961853027,9.449999809265137,10.270000457763672,7608900,8.508000024159749,3746366.6666666665,27.352074312287844,77.57774042770089,False,False
2010-01-06 20:00:00,10.380000114440918,11.09000015258789,10.350000381469728,11.0,8046700,8.623000017801921,3930500.0,30.160116586257296,82.0803467190035,False,False
2010-01-07 20:00:00,11.0,11.0600004196167,10.619999885559082,10.81999969482422,3680300,8.732333342234293,3995610.0,32.76758441208607,77.92509556757095,False,True
2010-01-08 20:00:00,10.81999969482422,11.0,10.75,10.9399995803833,1529300,8.839666668574015,3983480.0,35.18880453606994,78.69928037754845,False,True
2010-01-11 20:00:00,10.960000038146973,11.239999771118164,10.880000114440918,11.09000015258789,2280600,8.927333339055378,3311206.6666666665,37.63729717891614,79.65957100340924,False,True
2010-01-12 20:00:00,10.989999771118164,11.0,10.34000015258789,10.359999656677246,4204600,8.992999982833862,3337753.3333333335,37.86202458206248,64.43499701738466,False,False
2010-01-13 20:00:00,10.359999656677246,10.460000038146973,10.039999961853027,10.329999923706056,2134900,9.05966664950053,3239436.6666666665,37.14600275135326,63.89455395552942,False,True
2010-01-14 20:00:00,10.3100004196167,10.390000343322754,10.079999923706056,10.15999984741211,2889600,9.11833332379659,3202936.6666666665,36.48112533712327,60.783345274819425,False,True
2010-01-15 20:00:00,9.979999542236328,10.0,9.640000343322754,9.859999656677246,2953100,9.168999973932902,3189400.0,34.6286634100271,55.634969355746975,False,True
2010-01-19 20:00:00,9.899999618530272,10.079999923706056,9.829999923706056,10.020000457763672,2622600,9.233999999364217,3202820.0,33.0733747411469,57.69314169665054,False,True
2010-01-20 20:00:00,9.960000038146973,10.100000381469728,9.68000030517578,9.8100004196167,1756000,9.284666681289673,3191533.3333333335,31.23001265921544,54.14285055556498,False,True
2010-01-21 20:00:00,9.859999656677246,9.890000343322754,9.289999961853027,9.40999984741211,1968100,9.33400001525879,3158690.0,29.41324211817003,48.07437820356108,False,True
2010-01-22 20:00:00,9.369999885559082,9.760000228881836,9.15999984741211,9.470000267028809,3400100,9.376000022888183,3042036.6666666665,28.008052365577306,48.99781129334409,False,False
2010-01-25 20:00:00,9.619999885559082,9.829999923706056,9.369999885559082,9.789999961853027,3232800,9.429666678110758,3060736.6666666665,26.517380558884355,53.72447832995698,False,False
2010-01-26 20:00:00,9.75,10.369999885559082,9.619999885559082,10.289999961853027,4569700,9.506333351135254,3125213.3333333335,25.37272414064261,59.96736556825424,False,False
2010-01-27 20:00:00,10.25,10.329999923706056,9.9399995803833,10.0600004196167,2430400,9.574333349863688,3153063.3333333335,24.309828895132416,56.210762616557055,False,True
2010-01-28 20:00:00,10.119999885559082,10.5,10.0,10.369999885559082,2736000,9.650333340962728,3185750.0,23.68521834329412,59.860571834473994,False,True
2010-01-29 20:00:00,10.5,10.850000381469728,10.380000114440918,10.68000030517578,4703000,9.737666670481364,3256476.6666666665,23.778508649905792,63.166768083857164,False,False
2010-02-01 20:00:00,10.760000228881836,10.779999732971191,10.470000267028809,10.630000114440918,1434900,9.826666673024496,3244830.0,23.865135363188053,62.27578244657239,False,True
2010-02-02 20:00:00,10.670000076293944,10.970000267028809,10.510000228881836,10.93000030517578,2048100,9.921000003814697,3226813.3333333335,24.297415426339516,65.4268356116592,False,True
2010-02-03 20:00:00,10.729999542236328,10.869999885559082,10.5600004196167,10.619999885559082,1983700,9.992000007629395,2924186.6666666665,24.69881834212302,59.86247118809631,False,True
2010-02-04 20:00:00,10.489999771118164,10.630000114440918,9.960000038146973,10.010000228881836,3111000,10.034666697184244,2814030.0,23.272399131409877,50.721296871044466,True,False
2010-02-05 20:00:00,10.0600004196167,10.3100004196167,9.850000381469728,10.1899995803833,2742600,10.072666676839193,2832333.3333333335,21.67207686947267,53.00191987354267,False,True
2010-02-08 20:00:00,10.210000038146973,10.239999771118164,9.880000114440918,9.960000038146973,1306100,10.097333335876465,2812136.6666666665,20.186063340530975,49.828601520568576,True,True
2010-02-09 20:00:00,10.149999618530272,10.449999809265137,10.079999923706056,10.279999732971191,2102400,10.130999978383382,2831583.3333333335,19.340568430276484,53.958843898760065,False,True
2010-02-10 20:00:00,10.34000015258789,10.449999809265137,10.09000015258789,10.449999809265137,1219600,10.16599998474121,2825343.3333333335,18.555466013611603,56.02975953818853,False,True
2010-02-11 20:00:00,10.460000038146973,10.739999771118164,10.300000190734863,10.65999984741211,1052500,10.211999988555908,2802870.0,18.532372999226656,58.51226845739009,False,True
2010-02-12 20:00:00,10.520000457763672,11.09000015258789,10.329999923706056,11.09000015258789,3544900,10.271999994913736,2880860.0,19.22888795266048,63.10558785573483,False,False
2010-02-16 20:00:00,11.149999618530272,11.239999771118164,10.890000343322754,11.199999809265137,3071600,10.341666666666667,2940983.3333333335,20.15067902463661,64.19759726115815,False,False
2010-02-17 20:00:00,11.1899995803833,11.289999961853027,10.989999771118164,11.0600004196167,2191200,10.39366668065389,2951843.3333333335,21.098288997554317,61.69475475416479,False,True
2010-02-18 20:00:00,10.90999984741211,11.15999984741211,10.710000038146973,10.720000267028809,2770200,10.408666674296061,2790553.3333333335,21.0027354935311,55.986113859354916,False,True
2010-02-19 20:00:00,10.739999771118164,11.170000076293944,10.43000030517578,10.859999656677246,2687300,10.403999996185302,2611906.6666666665,20.064653020843842,57.72088459758965,False,False
2010-02-22 20:00:00,10.869999885559082,10.970000267028809,10.600000381469728,10.710000038146973,1702500,10.400333340962728,2545980.0,19.193576439062813,55.210043894343485,False,True
2010-02-23 20:00:00,10.710000038146973,10.760000228881836,10.3100004196167,10.539999961853027,1768000,10.387000020345052,2553936.6666666665,18.081508374956535,52.426605787472205,False,True
2010-02-24 20:00:00,10.550000190734863,10.75,10.479999542236328,10.510000228881836,949100,10.36766668955485,2509553.3333333335,17.048873744000705,51.92906699006077,False,True
2010-02-25 20:00:00,10.31999969482422,10.600000381469728,10.199999809265137,10.579999923706056,1243200,10.375000031789144,2410840.0,16.82382492752423,53.04872663831435,False,True
2010-02-26 20:00:00,10.729999542236328,10.800000190734863,10.5,10.65999984741211,1191700,10.386000029246013,2379400.0,15.998293660856362,54.357167718367464,False,True
2010-03-01 20:00:00,10.710000038146973,11.5,10.670000076293944,11.5,3247100,10.430666700998943,2391316.6666666665,16.150000963546578,65.29389049669622,False,False
2010-03-02 20:00:00,11.56999969482422,11.739999771118164,11.40999984741211,11.4399995803833,1838600,10.483333365122478,2354166.6666666665,16.734284263516958,64.1121701807937,False,True
2010-03-03 20:00:00,11.5,11.649999618530272,11.270000457763672,11.43000030517578,1589900,10.530333360036215,2319743.3333333335,16.873085512919832,63.904596079287,False,True
2010-03-04 20:00:00,11.5,11.56999969482422,11.130000114440918,11.34000015258789,1368100,10.581333351135253,2306813.3333333335,16.60630452224169,61.960112438820644,False,True
2010-03-05 20:00:00,11.479999542236328,11.600000381469728,11.34000015258789,11.600000381469728,2195300,10.654333368937175,2314386.6666666665,16.424698157205274,65.24973096376134,False,True
2010-03-08 20:00:00,11.600000381469728,12.029999732971191,11.489999771118164,11.989999771118164,2243100,10.73833335240682,2275820.0,17.123139167069585,69.50915308463044,False,True
2010-03-09 20:00:00,11.989999771118164,12.619999885559082,11.770000457763672,12.59000015258789,4379900,10.831666692097981,2314056.6666666665,18.681942636523083,74.65598721547863,False,False
2010-03-10 20:00:00,12.56999969482422,12.800000190734863,12.359999656677246,12.420000076293944,3493200,10.902666695912679,2278173.3333333335,20.36354136800627,70.9991461626015,False,False
2010-03-11 20:00:00,12.420000076293944,13.25,12.420000076293944,13.06999969482422,3614200,11.003000005086262,2317633.3333333335,22.44621568526444,75.866663232535,False,False
2010-03-12 20:00:00,13.199999809265137,13.239999771118164,12.880000114440918,13.0,1936800,11.090666675567627,2290993.3333333335,24.380127551289885,74.41808185176887,False,True
2010-03-14 20:00:00,13.010000228881836,13.050000190734863,12.720000267028809,12.979999542236328,1163700,11.167333316802978,2173016.6666666665,25.647236576800733,73.98341675091919,False,True
2010-03-15 20:00:00,13.039999961853027,13.050000190734863,12.850000381469728,12.989999771118164,1349300,11.245999972025553,2170163.3333333335,26.823837814775093,74.06498431693205,False,True
2010-03-16 20:00:00,13.050000190734863,13.4399995803833,12.850000381469728,13.380000114440918,2145800,11.327666632334392,2173420.0,28.423906400188695,77.08265152814381,False,True
2010-03-17 20:00:00,13.390000343322754,13.40999984741211,12.949999809265137,13.109999656677246,1720900,11.410666624704996,2164660.0,29.90968437235847,70.92952200962874,False,True
2010-03-18 20:00:00,13.1899995803833,13.270000457763672,12.65999984741211,12.65999984741211,3261200,11.498999945322673,2169666.6666666665,30.268967660896845,62.040621169500874,False,False
2010-03-21 20:00:00,12.5600004196167,13.3100004196167,12.039999961853027,13.1899995803833,3749200,11.598999945322673,2203220.0,28.8618653887655,67.24683814709277,False,False
2010-03-22 20:00:00,13.369999885559082,14.31999969482422,13.270000457763672,14.149999618530272,5920600,11.738666598002116,2357036.6666666665,29.092215897325254,74.15999038613131,False,False
2010-03-23 20:00:00,14.050000190734863,14.289999961853027,13.989999771118164,14.109999656677246,1850900,11.866333262125652,2348653.3333333335,29.306112798130737,73.46421074496934,False,True
2010-03-24 20:00:00,14.229999542236328,14.4399995803833,13.90999984741211,13.920000076293944,1781200,11.981999937693278,2367373.3333333335,29.697763996041733,70.0998918991172,False,True
2010-03-25 20:00:00,13.9399995803833,14.489999771118164,13.9399995803833,14.06999969482422,2001500,12.095666599273681,2399006.6666666665,30.127039838082556,71.22043298016156,False,True
2010-03-28 20:00:00,14.109999656677246,14.279999732971191,14.010000228881836,14.0600004196167,1212500,12.194666608174641,2321260.0,30.52565311997761,71.02933511982404,False,True
2010-03-29 20:00:00,14.039999961853027,14.149999618530272,13.81999969482422,14.010000228881836,1520300,12.288333288828532,2269550.0,30.329310301080604,70.01764723097847,False,True
2010-03-30 20:00:00,13.890000343322754,14.220000267028809,13.880000114440918,13.93000030517578,979200,12.3839999516805,2229150.0,30.26389789660355,68.34043079804782,False,True
2010-03-31 20:00:00,14.09000015258789,14.5600004196167,14.06999969482422,14.300000190734863,1376600,12.503333282470702,2182696.6666666665,30.737467871273953,71.71511204802354,False,True
2010-04-04 20:00:00,14.300000190734863,14.710000038146973,14.15999984741211,14.600000381469728,1739300,12.627999973297118,2151096.6666666665,31.39328680418394,74.12355819283427,False,True
2010-04-05 20:00:00,14.550000190734863,14.710000038146973,14.399999618530272,14.539999961853027,1549400,12.755666637420655,2145993.3333333335,32.00226152760036,72.78861322589401,False,True
2010-04-06 20:00:00,14.479999542236328,14.5600004196167,13.979999542236328,14.229999542236328,2970700,12.87866662343343,2186083.3333333335,31.221546134438718,66.15899277352213,False,False
2010-04-07 20:00:00,14.229999542236328,14.640000343322754,14.029999732971191,14.59000015258789,1082000,13.0146666208903,2190513.3333333335,30.648178353978864,69.61954303320464,False,True
2010-04-08 20:00:00,14.630000114440918,14.869999885559082,14.399999618530272,14.649999618530272,1439000,13.15033327738444,2197040.0,30.537370678701024,70.16709613079915,False,True
2010-04-11 20:00:00,14.739999771118164,14.979999542236328,14.600000381469728,14.779999732971191,1435800,13.287666606903077,2205176.6666666665,30.627305395398253,71.3710727319797,False,True
2010-04-12 20:00:00,14.779999732971191,14.920000076293944,14.100000381469728,14.15999984741211,2342300,13.37633326848348,2175016.6666666665,29.231886139934403,59.117303610152284,False,False
2010-04-13 20:00:00,14.199999809265137,14.449999809265137,13.9399995803833,14.40999984741211,2026500,13.47533327738444,2181280.0,27.52860600265245,61.95385836922912,False,True
2010-04-14 20:00:00,14.40999984741211,14.5,14.15999984741211,14.210000038146973,1382600,13.567999935150146,2174370.0,26.061812147101964,58.45939712104878,False,True
2010-04-15 20:00:00,14.15999984741211,14.300000190734863,13.510000228881836,13.850000381469728,1929600,13.651666609446208,2193086.6666666665,25.169257638749865,52.697576882302855,False,True
2010-04-18 20:00:00,13.779999732971191,13.970000267028809,13.3100004196167,13.729999542236328,1815800,13.722666581471762,2180436.6666666665,24.710034331344467,50.896788690740124,False,True
2010-04-19 20:00:00,13.760000228881836,14.029999732971191,13.510000228881836,13.989999771118164,1622400,13.789333248138428,2159746.6666666665,24.122695672318056,54.52288259885576,False,True
2010-04-20 20:00:00,14.050000190734863,14.06999969482422,13.470000267028809,13.68000030517578,1384100,13.825666586558023,2059886.6666666667,23.465493761645273,49.80076235814624,True,True
2010-04-21 20:00:00,13.489999771118164,13.720000267028809,13.029999732971191,13.6899995803833,1902500,13.867999903361003,2006863.3333333333,23.68980889189997,49.951333935087845,True,True
2010-04-22 20:00:00,13.65999984741211,14.210000038146973,13.65999984741211,14.130000114440918,992300,13.903333250681559,1919466.6666666667,22.619271130980213,56.1799066753082,False,True
2010-04-25 20:00:00,14.06999969482422,14.289999961853027,13.949999809265137,13.960000038146973,859400,13.935333251953125,1883553.3333333333,21.436831144616907,53.41403506200321,False,True
2010-04-26 20:00:00,13.920000076293944,14.079999923706056,13.220000267028809,13.260000228881836,1986700,13.944666608174641,1910986.6666666667,21.63052501675396,43.842532407950685,True,False
2010-04-27 20:00:00,13.289999961853027,13.579999923706056,13.210000038146973,13.229999542236328,1611500,13.952666600545248,1919726.6666666667,21.82572731678137,43.48289805082168,True,True
2010-04-28 20:00:00,13.3100004196167,13.6899995803833,13.220000267028809,13.68000030517578,1998300,13.962666606903076,1914810.0,21.718653580959224,50.095494750953016,True,False
2010-04-29 20:00:00,13.640000343322754,13.84000015258789,13.25,13.4399995803833,1255300,13.973666604359945,1899290.0,21.22818273252246,46.94100907558658,True,True
2010-05-02 20:00:00,13.489999771118164,13.880000114440918,13.229999542236328,13.760000228881836,1838400,14.010333283742268,1851863.3333333333,20.666937787916748,51.34066809964389,True,True
2010-05-03 20:00:00,13.5,13.579999923706056,12.899999618530272,13.06999969482422,3295900,14.006333287556966,1836753.3333333333,20.781942784007928,43.05116987738018,True,False
2010-05-04 20:00:00,11.529999732971191,13.3100004196167,8.5,13.0600004196167,3701800,13.969999980926513,1762793.3333333333,24.198401856059323,42.942961099410375,True,False
2010-05-05 20:00:00,13.800000190734863,13.81999969482422,10.130000114440918,12.140000343322754,5306000,13.90433333714803,1877963.3333333333,26.536659807506986,34.38057675858351,True,False
2010-05-06 20:00:00,12.350000381469728,12.40999984741211,10.729999542236328,11.59000015258789,4512500,13.826666673024496,1969006.6666666667,28.70789933385124,30.469249554856848,True,False
2010-05-09 20:00:00,12.220000267028809,13.170000076293944,12.220000267028809,13.100000381469728,2775000,13.794333362579346,1994790.0,29.525677504228604,47.970211107523966,True,False
2010-05-10 20:00:00,12.869999885559082,13.699999809265137,12.5600004196167,13.270000457763672,2559400,13.768000030517578,2039686.6666666667,29.54100315134608,49.51098419981385,True,False
2010-05-11 20:00:00,13.3100004196167,14.260000228881836,13.239999771118164,14.1899995803833,2485400,13.77400000890096,2071856.6666666667,28.832635388283755,56.942222834492526,False,False
2010-05-12 20:00:00,14.100000381469728,14.350000381469728,13.859999656677246,13.890000343322754,2444300,13.772666676839192,2120693.3333333335,28.06108739162238,54.143695103846504,False,False
2010-05-13 20:00:00,13.850000381469728,13.869999885559082,13.15999984741211,13.489999771118164,2008800,13.745666662851969,2141766.6666666665,27.932148304214074,50.57464083909231,True,True
2010-05-16 20:00:00,13.609999656677246,13.760000228881836,13.020000457763672,13.630000114440918,1860100,13.713333320617675,2145793.3333333335,27.923851354047468,51.772896825608306,True,True
2010-05-17 20:00:00,13.760000228881836,14.0,13.210000038146973,13.34000015258789,2748600,13.673333326975504,2185766.6666666665,27.572984776178828,49.11657104703686,True,False
2010-05-18 20:00:00,13.25,13.300000190734863,12.520000457763672,12.9399995803833,1999300,13.63033332824707,2153386.6666666665,27.820439225277703,45.6383575719315,True,True
2010-05-19 20:00:00,12.520000457763672,12.600000381469728,11.989999771118164,12.0,2384300,13.543999989827475,2196796.6666666665,28.44126643411898,38.70224569604822,True,False
2010-05-20 20:00:00,11.739999771118164,12.760000228881836,11.56999969482422,12.460000038146973,2573700,13.471000003814698,2234620.0,29.305486176931847,43.247769235741416,True,False
2010-05-23 20:00:00,12.399999618530272,12.800000190734863,12.25,12.399999618530272,1531600,13.391666666666667,2237813.3333333335,30.043070138380212,42.80192439441375,True,True
2010-05-24 20:00:00,11.760000228881836,12.579999923706056,11.369999885559082,12.5600004196167,2287500,13.338333352406819,2235986.6666666665,31.300765940112797,44.4466109638392,True,False
2010-05-25 20:00:00,12.65999984741211,13.079999923706056,12.260000228881836,12.390000343322754,3167100,13.27100003560384,2274006.6666666665,31.675832723465962,43.03083938783556,True,False
2010-05-26 20:00:00,12.770000457763672,13.119999885559082,12.600000381469728,13.119999885559082,2039500,13.234666697184245,2295903.3333333335,31.961347694969646,50.34516419448658,True,True
2010-05-27 20:00:00,13.109999656677246,13.329999923706056,12.729999542236328,12.890000343322754,1373800,13.20266669591268,2277376.6666666665,31.886284761121964,48.243504770856,True,True
2010-05-31 20:00:00,12.720000267028809,13.25,12.619999885559082,12.649999618530272,1377200,13.16666669845581,2262756.6666666665,31.91240727033908,46.08176245582612,True,True
2010-06-01 20:00:00,12.630000114440918,13.279999732971191,12.630000114440918,13.279999732971191,2351200,13.143000030517578,2287050.0,31.883096011250977,52.14376804156441,False,False
2010-06-02 20:00:00,13.460000038146973,13.5,13.09000015258789,13.34000015258789,2478000,13.131666692097982,2323513.3333333335,31.453255234994515,52.68932255606222,False,False
2010-06-03 20:00:00,12.899999618530272,13.109999656677246,12.649999618530272,12.899999618530272,2154800,13.105333360036214,2331923.3333333335,31.501677426469737,48.337534392185134,True,True
2010-06-06 20:00:00,13.020000457763672,13.09000015258789,11.949999809265137,12.0,1707600,13.034333356221516,2355766.6666666665,32.15983464320502,40.89690925825229,True,True
2010-06-07 20:00:00,12.029999732971191,12.300000190734863,11.449999809265137,11.81999969482422,2936700,12.963000011444091,2425010.0,33.14646958944947,39.58451050499656,True,False
2010-06-08 20:00:00,11.989999771118164,12.31999969482422,11.779999732971191,11.859999656677246,1679800,12.916333325703938,2414780.0,34.02295636157733,40.04494951701317,True,True
2010-06-09 20:00:00,12.100000381469728,12.6899995803833,12.09000015258789,12.6899995803833,1832700,12.898333326975505,2422153.3333333335,34.104882390269424,48.76971471185384,True,True
2010-06-10 20:00:00,12.420000076293944,12.970000267028809,12.3100004196167,12.890000343322754,1753800,12.871999994913738,2414003.3333333335,33.65658548006585,50.633924819635986,False,True
2010-06-13 20:00:00,12.989999771118164,13.279999732971191,12.5,13.050000190734863,1215600,12.85900001525879,2412680.0,32.6850145002098,52.13451850817991,False,True
2010-06-14 20:00:00,13.010000228881836,13.369999885559082,12.890000343322754,13.34000015258789,3116500,12.845000012715657,2455283.3333333335,31.622826405211526,54.81546058294423,False,False
2010-06-15 20:00:00,13.130000114440918,13.489999771118164,13.039999961853027,13.270000457763672,950700,12.85166670481364,2377110.0,30.4169154166365,54.02882531585364,False,True
2010-06-16 20:00:00,13.149999618530272,13.399999618530272,13.0,13.25,844500,12.858000024159749,2281866.6666666665,29.353658082263994,53.7912994805248,False,True
2010-06-17 20:00:00,13.329999923706056,13.390000343322754,13.109999656677246,13.170000076293944,2171400,12.892333348592123,2177380.0,28.36634770034667,52.79156609576042,False,True
2010-06-20 20:00:00,13.479999542236328,13.5,12.75,12.890000343322754,1138300,12.935666688283284,2064906.6666666667,27.982389940230924,49.33548229145865,True,True
2010-06-21 20:00:00,12.90999984741211,13.130000114440918,12.039999961853027,12.0600004196167,2062300,12.901000022888184,2041150.0,28.49465219156915,40.80719891351133,True,False
2010-06-22 20:00:00,12.06999969482422,12.199999809265137,11.800000190734863,11.880000114440918,1273700,12.854666678110759,1998293.3333333333,29.2221593758932,39.22365476923599,True,True
2010-06-23 20:00:00,11.739999771118164,11.970000267028809,11.5,11.65999984741211,1502500,12.770333353678385,1965530.0,30.196415904304672,37.31757340465066,True,True
2010-06-24 20:00:00,11.960000038146973,12.40999984741211,11.609999656677246,12.210000038146973,1810700,12.71433334350586,1944410.0,30.10875896238065,44.56969328895208,True,True
2010-06-27 20:00:00,12.279999732971191,12.3100004196167,11.800000190734863,11.81999969482422,893000,12.658666674296061,1907216.6666666667,30.027363230594062,40.95162204050142,True,True
2010-06-28 20:00:00,11.550000190734863,11.600000381469728,11.09000015258789,11.239999771118164,1721100,12.578999996185303,1902583.3333333333,30.732953513690088,36.23997269344323,True,True
2010-06-29 20:00:00,11.210000038146973,11.630000114440918,10.979999542236328,11.06999969482422,1558800,12.503333314259846,1862923.3333333333,31.495652186243774,34.96997470015197,True,True
2010-06-30 20:00:00,11.050000190734863,11.050000190734863,10.210000038146973,10.5600004196167,3124800,12.42400000890096,1900440.0,32.868522605692085,31.413375660740154,True,False
2010-07-01 20:00:00,10.630000114440918,10.989999771118164,10.579999923706056,10.720000267028809,1303400,12.381333351135254,1864410.0,34.14333085232266,33.69183504312838,True,True
2010-07-05 20:00:00,10.949999809265137,11.220000267028809,10.699999809265137,10.760000228881836,2122700,12.324666690826415,1849376.6666666667,34.7656696050541,34.27963093719443,True,False
2010-07-06 20:00:00,10.779999732971191,11.350000381469728,10.68000030517578,11.270000457763672,1744800,12.287000052134196,1856483.3333333333,35.029613629178485,41.41097348837698,True,True
2010-07-07 20:00:00,11.420000076293944,11.56999969482422,11.15999984741211,11.5600004196167,1487300,12.253666718800863,1829810.0,34.74959875244072,45.06153821494851,True,True
2010-07-08 20:00:00,11.56999969482422,12.100000381469728,11.5600004196167,12.029999732971191,1153600,12.241666698455811,1762693.3333333333,33.355757495841935,50.45007373196133,True,True
2010-07-11 20:00:00,12.010000228881836,12.15999984741211,11.670000076293944,11.699999809265137,880100,12.194333362579346,1724046.6666666667,31.941749146702257,46.966808062361565,True,True
2010-07-12 20:00:00,11.9399995803833,12.34000015258789,11.68000030517578,12.260000228881836,1428400,12.173333358764648,1725866.6666666667,30.264662457727287,52.90869904031565,False,True
2010-07-13 20:00:00,12.199999809265137,12.470000267028809,11.979999542236328,12.380000114440918,1009700,12.164333375295003,1713616.6666666667,28.44602897634491,54.09558377369832,False,True
2010-07-14 20:00:00,12.380000114440918,12.489999771118164,12.18000030517578,12.420000076293944,1239800,12.135666720072429,1676570.0,26.71569334319753,54.507182590476745,False,True
2010-07-15 20:00:00,12.40999984741211,12.40999984741211,11.9399995803833,12.050000190734863,1991200,12.092666721343994,1660343.3333333333,25.567397937584015,50.03782816445192,True,False
2010-07-18 20:00:00,12.140000343322754,12.260000228881836,11.800000190734863,11.960000038146973,780300,12.061333401997883,1614526.6666666667,24.758965818787484,48.98565713549308,True,True
2010-07-19 20:00:00,11.75,12.210000038146973,11.539999961853027,12.15999984741211,1078500,12.066666730244954,1593556.6666666667,24.466142535974857,51.429811849520654,False,True
2010-07-20 20:00:00,12.300000190734863,12.420000076293944,11.9399995803833,12.010000228881836,1302000,12.073000081380208,1539066.6666666667,23.668058012483787,49.513758713231354,True,True
2010-07-21 20:00:00,12.25,12.420000076293944,12.09000015258789,12.15999984741211,1956200,12.083000087738037,1548280.0,22.926979526384937,51.461208445406534,False,False
2010-07-22 20:00:00,12.100000381469728,12.68000030517578,12.0,12.640000343322754,1275800,12.081333446502686,1529716.6666666667,21.586602611744862,57.15648163615232,False,True
2010-07-25 20:00:00,12.609999656677246,13.390000343322754,12.609999656677246,13.170000076293944,1647500,12.090666770935059,1526173.3333333333,21.17303887400771,62.40221815441157,False,False
2010-07-26 20:00:00,13.329999923706056,13.4399995803833,12.90999984741211,13.130000114440918,1064100,12.093333435058593,1521123.3333333333,20.87516299703176,61.78733945364525,False,True
2010-07-27 20:00:00,13.029999732971191,13.170000076293944,12.600000381469728,12.789999961853027,1402400,12.075000095367432,1463986.6666666667,19.86906285594367,56.67537265373029,False,True
2010-07-28 20:00:00,12.890000343322754,13.109999656677246,12.520000457763672,12.93000030517578,1119500,12.063666756947836,1469613.3333333333,18.754166610225752,58.20861214120407,False,True
2010-07-29 20:00:00,12.65999984741211,13.25,12.65999984741211,13.020000457763672,1423700,12.056000105539958,1488920.0,18.01110812252124,59.208033508886835,False,True
2010-08-01 20:00:00,13.300000190734863,13.40999984741211,13.050000190734863,13.220000267028809,1906500,12.057666778564453,1480090.0,17.64819088550786,61.41622903922419,False,False
2010-08-02 20:00:00,13.130000114440918,13.489999771118164,13.020000457763672,13.359999656677246,1481600,12.073333422342936,1491533.3333333333,17.474126497964242,62.92901757259764,False,True
2010-08-03 20:00:00,13.460000038146973,13.739999771118164,13.390000343322754,13.68000030517578,1946600,12.12733341852824,1487676.6666666667,17.80319142077799,66.19191570385597,False,False
2010-08-04 20:00:00,13.6899995803833,13.970000267028809,13.43000030517578,13.739999771118164,1529400,12.189333407084147,1496200.0,18.522329506389532,66.78228048727351,False,False
2010-08-05 20:00:00,13.5,13.989999771118164,13.369999885559082,13.960000038146973,1829300,12.266000080108643,1507093.3333333333,19.003323483617248,68.92502861535641,False,False
2010-08-08 20:00:00,13.989999771118164,14.15999984741211,13.890000343322754,14.140000343322754,1371300,12.330333423614501,1492446.6666666667,19.763519574737195,70.59626735026026,False,True
2010-08-09 20:00:00,13.890000343322754,14.119999885559082,13.609999656677246,13.68000030517578,1786600,12.392333443959554,1522233.3333333333,19.59572081924032,61.49436108304068,False,False
2010-08-10 20:00:00,13.460000038146973,13.479999542236328,13.029999732971191,13.119999885559082,1342400,12.455000114440917,1509610.0,18.41036371101375,52.60285896211258,False,True
2010-08-11 20:00:00,12.920000076293944,13.210000038146973,12.779999732971191,13.020000457763672,1348700,12.520000139872232,1502606.6666666667,17.827112147217466,51.179770100801306,False,True
2010-08-12 20:00:00,13.0,13.220000267028809,12.880000114440918,12.979999542236328,1132400,12.600666777292888,1436193.3333333333,17.260268752960428,50.590185619913186,False,True
2010-08-15 20:00:00,12.859999656677246,13.100000381469728,12.729999542236328,12.899999618530272,1373000,12.673333422342937,1438513.3333333333,17.05090687243876,49.3653597688876,False,True
2010-08-16 20:00:00,13.119999885559082,13.449999809265137,12.920000076293944,13.039999961853027,1627100,12.749333413441976,1421993.3333333333,15.957154187010982,51.57490435473405,False,False
2010-08-17 20:00:00,13.050000190734863,13.199999809265137,12.789999961853027,12.960000038146973,896600,12.805666732788087,1393720.0,15.237663566646606,50.22615839015293,False,True
2010-08-18 20:00:00,12.90999984741211,13.06999969482422,12.5,12.539999961853027,964800,12.838333384195964,1376303.3333333333,15.188264169275328,43.756533308417666,True,True
2010-08-19 20:00:00,12.460000038146973,12.529999732971191,12.09000015258789,12.220000267028809,1677800,12.844666735331218,1393776.6666666667,15.892576402237603,39.57396018305177,True,False
2010-08-22 20:00:00,12.300000190734863,12.449999809265137,11.989999771118164,12.0,1055500,12.854666741689046,1399623.3333333333,16.714005079601527,36.95835833915133,True,True
2010-08-23 20:00:00,11.760000228881836,12.010000228881836,11.710000038146973,11.869999885559082,1720700,12.841666730244954,1409366.6666666667,17.923675291130355,35.46663818660522,True,False
2010-08-24 20:00:00,11.760000228881836,12.18000030517578,11.710000038146973,12.140000343322754,1370100,12.83366673787435,1421380.0,18.537748352798957,40.81015676751448,True,True
2010-08-25 20:00:00,12.199999809265137,12.270000457763672,11.760000228881836,11.829999923706056,1049200,12.81400006612142,1415026.6666666667,18.841245620679047,37.01996247914319,True,True
2010-08-26 20:00:00,12.06999969482422,12.640000343322754,11.760000228881836,12.619999885559082,1506300,12.833000055948894,1398863.3333333333,18.109516522155523,49.81206681303594,True,False
2010-08-29 20:00:00,12.510000228881836,12.8100004196167,12.25,12.359999656677246,2501200,12.84633337656657,1456226.6666666667,17.01049413575937,46.46692628709273,True,False
2010-08-30 20:00:00,12.3100004196167,12.770000457763672,12.1899995803833,12.510000228881836,2041600,12.858000055948894,1488330.0,16.12994397397067,48.61106695638608,True,False
2010-08-31 20:00:00,12.81999969482422,13.09000015258789,12.710000038146973,12.899999618530272,1747500,12.887666702270508,1503180.0,15.418736825971772,53.79302966528006,False,False
2010-09-01 20:00:00,12.979999542236328,13.289999961853027,12.800000190734863,13.25,1034100,12.924000040690105,1472443.3333333333,15.19560035364749,57.896335197544914,False,True
2010-09-02 20:00:00,13.350000381469728,13.670000076293944,13.130000114440918,13.550000190734863,2007000,12.954333368937174,1496816.6666666667,15.726244954713874,61.086168937917904,False,False
2010-09-06 20:00:00,13.4399995803833,13.489999771118164,12.960000038146973,13.0,1713300,12.948666699727376,1499010.0,15.748662793245225,53.13780488726435,False,False
2010-09-07 20:00:00,13.140000343322754,13.800000190734863,12.920000076293944,13.609999656677246,2567800,12.964666684468588,1549133.3333333333,16.341550314471313,59.44116057995392,False,False
2010-09-08 20:00:00,13.779999732971191,13.90999984741211,13.369999885559082,13.720000267028809,1291000,12.995666694641113,1545420.0,17.082887486792057,60.47365110346162,False,True
2010-09-09 20:00:00,13.800000190734863,14.199999809265137,13.6899995803833,14.0600004196167,1802500,13.033333365122477,1568186.6666666667,18.246479181869056,63.561327659235985,False,False
2010-09-12 20:00:00,14.380000114440918,14.470000267028809,13.800000190734863,13.920000076293944,2041200,13.06333335240682,1588770.0,19.724023769158084,61.43326993148456,False,False
2010-09-13 20:00:00,13.920000076293944,14.100000381469728,13.710000038146973,13.899999618530272,1254700,13.085999997456868,1567043.3333333333,20.807451045969874,61.1184528307245,False,True
2010-09-14 20:00:00,13.779999732971191,14.06999969482422,13.649999618530272,14.029999732971191,868200,13.108333333333333,1546596.6666666667,21.6164438540977,62.46487433460707,False,True
2010-09-15 20:00:00,14.199999809265137,14.210000038146973,13.81999969482422,14.029999732971191,1346200,13.119999980926513,1526583.3333333333,22.604589963498288,62.46487433460706,False,True
2010-09-16 20:00:00,14.229999542236328,14.470000267028809,13.970000267028809,14.43000030517578,2186900,13.142999998728435,1548500.0,23.93273278495212,66.59307033412347,False,False
2010-09-19 20:00:00,14.4399995803833,15.100000381469728,13.899999618530272,14.9399995803833,1941500,13.175666650136312,1552240.0,25.957964153921807,70.97607740494993,False,False
2010-09-20 20:00:00,14.979999542236328,15.06999969482422,14.8100004196167,14.899999618530272,2903400,13.200999959309895,1603310.0,27.83853613939366,70.19815548148502,False,False
2010-09-21 20:00:00,14.829999923706056,15.039999961853027,14.520000457763672,14.529999732971191,1672200,13.229333273569743,1599496.6666666667,28.589958971408148,63.28822570900883,False,False
2010-09-22 20:00:00,14.300000190734863,15.0600004196167,14.15999984741211,14.859999656677246,2192400,13.28733326594035,1627830.0,28.21103076946781,66.45937052171558,False,False
2010-09-23 20:00:00,15.050000190734863,15.239999771118164,14.949999809265137,15.109999656677246,1536100,13.356999905904134,1634076.6666666667,28.162806413930763,68.66746231453595,False,True
2010-09-26 20:00:00,15.15999984741211,15.489999771118164,14.970000267028809,15.43000030517578,1889800,13.438666598002117,1659323.3333333333,28.514186840251615,71.27428942043277,False,False
2010-09-27 20:00:00,15.4399995803833,15.960000038146973,15.220000267028809,15.920000076293944,2573800,13.539333279927572,1699350.0,29.481775569968168,74.73991167895268,False,False
2010-09-28 20:00:00,15.8100004196167,16.0,15.579999923706056,15.850000381469728,1854700,13.632999960581461,1706936.6666666667,30.430524110188262,73.37796206017667,False,False
2010-09-29 20:00:00,15.90999984741211,16.049999237060547,15.739999771118164,15.989999771118164,2330500,13.7339999516805,1754733.3333333333,31.37728182694971,74.3833762954486,False,False
2010-09-30 20:00:00,16.100000381469727,16.149999618530273,15.6899995803833,15.789999961853027,1572800,13.842333285013835,1775000.0,32.391141730311915,70.29886441064774,False,True
2010-10-03 20:00:00,15.699999809265137,15.979999542236328,15.56999969482422,15.9399995803833,1471900,13.966333262125652,1768136.6666666667,32.90119200442627,71.56021507695142,False,True
2010-10-04 20:00:00,16.100000381469727,16.850000381469727,16.0,16.790000915527344,3338400,14.125999959309896,1844233.3333333333,34.431582818622836,77.41378040369338,False,False
2010-10-05 20:00:00,16.799999237060547,16.959999084472656,16.25,16.520000457763672,2124700,14.280999978383383,1857700.0,35.95784107564994,72.32173164084497,False,False
2010-10-06 20:00:00,16.610000610351562,16.780000686645508,16.260000228881836,16.510000228881836,882200,14.426666641235352,1841436.6666666667,37.37508088574653,72.1324819075123,False,True
2010-10-07 20:00:00,16.469999313354492,16.93000030517578,16.34000015258789,16.760000228881836,3132500,14.590999984741211,1910880.0,38.844261098693174,73.96654006598301,False,False
2010-10-10 20:00:00,16.790000915527344,17.0,16.709999084472656,16.889999389648438,928300,14.733333301544189,1891613.3333333333,40.280000446723584,74.89190656119271,False,True
2010-10-11 20:00:00,16.84000015258789,17.219999313354492,16.65999984741211,17.170000076293945,1222100,14.893666648864746,1848976.6666666667,41.83181657499774,76.80436244172706,False,True
2010-10-12 20:00:00,17.399999618530273,17.399999618530273,16.809999465942383,16.81999969482422,1584600,15.037333297729493,1833743.3333333333,43.44007708753371,69.66161443498233,False,True
2010-10-13 20:00:00,16.920000076293945,17.280000686645508,16.709999084472656,16.959999084472656,1389400,15.172666613260905,1821806.6666666667,44.51592766443959,70.83018624253067,False,True
2010-10-14 20:00:00,17.209999084472656,17.239999771118164,16.75,16.959999084472656,1835000,15.296333249409994,1848503.3333333333,45.51493177156648,70.83018624253067,False,True
2010-10-17 20:00:00,17.030000686645508,17.200000762939453,16.979999542236328,17.110000610351562,797500,15.414999930063884,1808186.6666666667,46.44257844247003,72.1625748240284,False,True
2010-10-18 20:00:00,16.850000381469727,17.479999542236328,16.75,16.969999313354492,1499200,15.547333240509033,1801050.0,47.63187119939423,68.99493690427019,False,True
2010-10-19 20:00:00,17.0,17.1200008392334,16.8700008392334,17.030000686645508,2055800,15.661333274841308,1783983.3333333333,48.736214473680995,69.610622691844,False,False
2010-10-20 20:00:00,17.15999984741211,17.260000228881836,16.469999313354492,16.6200008392334,1916000,15.757999960581461,1804816.6666666667,47.95723396757718,60.73546536343132,False,False
2010-10-21 20:00:00,16.579999923706055,17.059999465942383,16.40999984741211,16.940000534057617,1144700,15.85399996439616,1782890.0,46.99357411171003,64.53595350572829,False,True
2010-10-24 20:00:00,17.06999969482422,17.3799991607666,16.68000030517578,16.709999084472656,1425600,15.94699993133545,1762370.0,46.67434212400311,60.037847047934214,False,True
2010-10-25 20:00:00,16.540000915527344,17.149999618530273,16.5,16.770000457763672,2564900,16.042666625976562,1806043.3333333333,45.67217022446378,60.80533272865614,False,False
2010-10-26 20:00:00,16.709999084472656,17.010000228881836,16.440000534057617,16.959999084472656,1065000,16.140333271026613,1812603.3333333333,44.511528967091905,63.21452638271325,False,True
2010-10-27 20:00:00,17.06999969482422,17.190000534057617,16.43000030517578,16.600000381469727,1233000,16.225999959309895,1808830.0,43.80049339981709,56.16953141916973,False,True
2010-10-28 20:00:00,16.56999969482422,17.149999618530273,16.520000457763672,16.65999984741211,1159900,16.30033327738444,1774596.6666666667,43.14024608734763,57.02907836011069,False,True
2010-10-31 20:00:00,16.829999923706055,16.940000534057617,16.350000381469727,16.649999618530273,979100,16.357333278656007,1742516.6666666667,41.817891087476596,56.82904102894405,False,True
2010-11-01 20:00:00,16.760000228881836,16.760000228881836,15.609999656677246,15.920000076293944,3150100,16.391333293914794,1750740.0,39.35982580839791,44.54567100048526,True,False
2010-11-02 20:00:00,15.859999656677246,16.270000457763672,15.770000457763672,16.209999084472656,2331800,16.447333272298177,1772726.6666666667,37.07733662068198,49.23954395560987,True,False
2010-11-03 20:00:00,16.5,16.770000457763672,15.949999809265137,16.1299991607666,2591400,16.489666589101155,1786026.6666666667,35.1861637493405,48.0317251014988,True,False
2010-11-04 20:00:00,16.110000610351562,16.290000915527344,16.0,16.1200008392334,990700,16.52333329518636,1767846.6666666667,33.43007465452341,47.873670654342334,True,True
2010-11-08 20:00:00,16.100000381469727,16.31999969482422,15.850000381469728,16.0,3007800,16.542333285013836,1805113.3333333333,31.36401887182752,45.92055685421466,True,False
2010-11-09 20:00:00,16.110000610351562,16.559999465942383,15.789999961853027,16.079999923706055,2720200,16.547666613260905,1809993.3333333333,30.037121434793132,47.45947390264854,True,False
2010-11-10 20:00:00,16.010000228881836,16.3700008392334,15.960000038146973,16.290000915527344,2966800,16.56233329772949,1847063.3333333333,28.805002386118343,51.37140484521973,True,False
2010-11-11 20:00:00,16.280000686645508,16.540000915527344,16.030000686645508,16.350000381469727,1241500,16.574333318074544,1810763.3333333333,28.075209051744032,52.46049085177229,True,True
2010-11-12 20:00:00,16.149999618530273,16.420000076293945,15.9399995803833,16.06999969482422,1368300,16.583666642506916,1803946.6666666667,27.088077047976498,47.15314362896607,True,True
2010-11-15 20:00:00,16.18000030517578,16.25,15.979999542236328,16.1200008392334,836900,16.589666684468586,1782780.0,26.1714544730495,48.16170286257558,True,True
2010-11-16 20:00:00,15.90999984741211,16.1200008392334,15.739999771118164,15.760000228881836,1631000,16.55533332824707,1725866.6666666667,24.49180605172752,41.95359306787213,True,True
2010-11-17 20:00:00,15.850000381469728,16.34000015258789,15.6899995803833,15.710000038146973,1058800,16.528333314259847,1690336.6666666667,23.565476923997657,41.16002122045279,True,True
2010-11-18 20:00:00,15.899999618530272,15.920000076293944,15.329999923706056,15.350000381469728,2728600,16.489666652679443,1751883.3333333333,22.1609636389963,35.895359116135744,True,False
2010-11-19 20:00:00,15.359999656677246,15.510000228881836,15.1899995803833,15.399999618530272,1242600,16.44433329900106,1688886.6666666667,21.23262267120925,37.098732179545166,True,True
2010-11-22 20:00:00,15.399999618530272,15.649999618530272,15.100000381469728,15.270000457763672,1588200,16.3903333346049,1710883.3333333333,19.93640076500949,35.246122150111105,True,True
2010-11-23 20:00:00,15.130000114440918,15.199999809265137,14.869999885559082,14.979999542236328,1092900,16.31733331680298,1706576.6666666667,19.353591451209734,31.470627580469042,True,True
2010-11-24 20:00:00,15.039999961853027,15.420000076293944,15.0,15.260000228881836,780300,16.2653333346049,1679766.6666666667,18.13720273445949,38.33848271354891,True,True
2010-11-26 20:00:00,15.100000381469728,15.229999542236328,14.979999542236328,15.079999923706056,224800,16.20266669591268,1640946.6666666667,17.06499077741042,35.8510835403664,True,True
2010-11-29 20:00:00,14.970000267028809,15.09000015258789,14.81999969482422,14.989999771118164,816400,16.137000052134194,1606993.3333333333,16.526548252890215,34.6408914455766,True,True
2010-11-30 20:00:00,14.869999885559082,14.9399995803833,14.510000228881836,14.510000228881836,2098700,16.050333372751872,1650366.6666666667,16.809528512734182,29.015374178787294,True,False
2010-12-01 20:00:00,14.8100004196167,15.079999923706056,14.579999923706056,15.079999923706056,1440300,15.987333393096923,1648403.3333333333,16.59338653249693,41.22225736726748,True,True
2010-12-02 20:00:00,15.15999984741211,16.020000457763672,15.06999969482422,15.880000114440918,2589900,15.949000040690104,1666206.6666666667,16.755509620438,53.34805679439155,True,False
2010-12-03 20:00:00,15.829999923706056,15.960000038146973,15.600000381469728,15.649999618530272,833000,15.916666666666666,1630106.6666666667,16.906052487811856,50.145112034650715,True,True
2010-12-06 20:00:00,15.649999618530272,16.0,15.40999984741211,15.90999984741211,1442300,15.88233331044515,1640026.6666666667,16.51078018746032,53.540832327623825,False,True
2010-12-07 20:00:00,16.049999237060547,16.190000534057617,15.949999809265137,16.049999237060547,1490200,15.860333315531413,1642180.0,16.546082061531596,55.30609587754655,False,True
2010-12-08 20:00:00,16.079999923706055,16.100000381469727,15.5600004196167,15.789999961853027,1514400,15.827666632334392,1607163.3333333333,15.549352240120298,51.400091721259955,True,True
2010-12-09 20:00:00,15.960000038146973,16.010000228881836,15.640000343322754,15.699999809265137,1523400,15.78566665649414,1622443.3333333333,14.623817405952662,50.081551845784844,True,True
2010-12-10 20:00:00,15.68000030517578,15.84000015258789,15.390000343322754,15.510000228881836,1815300,15.749333318074545,1641853.3333333333,14.00891904874759,47.321711872082666,True,False
2010-12-13 20:00:00,15.489999771118164,15.630000114440918,15.239999771118164,15.239999771118164,1635700,15.70199998219808,1657713.3333333333,13.783152436268042,43.64126935457602,True,True
2010-12-14 20:00:00,15.279999732971191,15.329999923706056,15.109999656677246,15.210000038146973,1205800,15.653999996185302,1665270.0,13.86514270066036,43.238875302103196,True,True
2010-12-15 20:00:00,14.899999618530272,15.649999618530272,14.899999618530272,15.199999809265137,1320500,15.629999987284343,1604283.3333333333,13.052546320500879,43.09622567190135,True,True
2010-12-16 20:00:00,15.279999732971191,15.56999969482422,15.239999771118164,15.369999885559082,1403600,15.602000013987224,1573343.3333333333,12.297992538924216,46.337325688255035,True,True
2010-12-17 20:00:00,15.329999923706056,15.399999618530272,15.020000457763672,15.020000457763672,1481900,15.565000057220459,1536360.0,12.150776462584732,41.141714458895535,True,True
2010-12-20 20:00:00,15.270000457763672,15.460000038146973,14.9399995803833,15.18000030517578,1160600,15.533666706085205,1542023.3333333333,12.20756840380252,44.22075381311699,True,True
2010-12-21 20:00:00,15.93000030517578,16.850000381469727,15.699999809265137,16.43000030517578,8990700,15.548000049591064,1741453.3333333333,13.322398945411106,61.267957760361924,False,False
2010-12-22 20:00:00,16.5,17.350000381469727,16.5,17.010000228881836,3228600,15.57900005976359,1758400.0,14.990015039289114,66.39930478395777,False,False
2010-12-23 20:00:00,17.079999923706055,17.18000030517578,16.8799991607666,17.010000228881836,1352400,15.603000036875407,1704586.6666666667,16.538515697890123,66.39930478395777,False,True
2010-12-27 20:00:00,16.850000381469727,17.010000228881836,16.709999084472656,16.81999969482422,502100,15.61866668065389,1679940.0,17.526045635016906,63.21735331932371,False,True
2010-12-28 20:00:00,16.799999237060547,17.030000686645508,16.760000228881836,16.790000915527344,1192300,15.642666721343994,1674073.3333333333,18.47194263579854,62.70640687721855,False,True
2010-12-29 20:00:00,16.770000457763672,16.940000534057617,16.75,16.75,788100,15.663666693369548,1672446.6666666667,19.321138967526334,61.986973578988,False,True
2010-12-30 20:00:00,16.729999542236328,16.8799991607666,16.729999542236328,16.770000457763672,692300,15.697333367665609,1641156.6666666667,20.047535936410323,62.22036829862843,False,True
2010-12-31 20:00:00,16.790000915527344,16.920000076293945,16.559999465942383,16.559999465942383,1093300,15.725666681925455,1642306.6666666667,20.189543852492058,58.18106608906641,False,True
2011-01-03 20:00:00,16.559999465942383,16.719999313354492,16.34000015258789,16.520000457763672,2970400,15.764666684468587,1650366.6666666667,19.6739543328695,57.416486078218476,False,False
2011-01-04 20:00:00,16.530000686645508,16.649999618530273,16.299999237060547,16.549999237060547,4239600,15.803000005086263,1750266.6666666667,19.079514117737396,57.863721796703494,False,False
2011-01-05 20:00:00,16.530000686645508,16.530000686645508,16.1200008392334,16.3700008392334,2553900,15.839666684468588,1782456.6666666667,18.010883600214857,54.186373136208545,False,False
2011-01-06 20:00:00,16.3700008392334,16.5,16.149999618530273,16.3799991607666,1614100,15.886333338419597,1799830.0,17.018583833943925,54.35988067870346,False,True
2011-01-07 20:00:00,16.40999984741211,16.520000457763672,16.18000030517578,16.350000381469727,4405000,15.922666676839192,1920653.3333333333,16.154015684142138,53.70270570135959,False,False
2011-01-10 20:00:00,16.309999465942383,16.350000381469727,15.449999809265137,15.649999618530272,2509700,15.941666666666666,1996816.6666666667,16.492778996269127,41.189498361922304,True,False
2011-01-11 20:00:00,15.68000030517578,15.739999771118164,15.420000076293944,15.670000076293944,2139600,15.96433334350586,2040923.3333333333,16.868202797299055,41.60814810432398,True,False
2011-01-12 20:00:00,15.770000457763672,15.970000267028809,15.3100004196167,15.970000267028809,2495300,16.013000011444092,2054143.3333333333,16.506607137388976,47.630183142639915,True,False
2011-01-13 20:00:00,15.890000343322754,16.030000686645508,15.649999618530272,15.960000038146973,1443900,16.042333348592123,2054263.3333333333,15.99172075520742,47.454495392505606,True,True
2011-01-14 20:00:00,15.93000030517578,16.110000610351562,15.880000114440918,16.09000015258789,1140000,16.049333349863687,2005933.3333333333,15.270030644307623,50.034655147831174,False,True
2011-01-18 20:00:00,16.1299991607666,16.1299991607666,15.550000190734863,15.56999969482422,1640800,16.046666685740153,2032860.0,15.418190511155672,41.29900399778307,True,True
2011-01-19 20:00:00,15.529999732971191,15.529999732971191,14.699999809265137,15.239999771118164,3124300,16.02433334986369,2088926.6666666667,17.046101919152605,36.89645851596601,True,False
2011-01-20 20:00:00,15.18000030517578,15.329999923706056,14.720000267028809,15.239999771118164,1704500,15.99733336766561,2096070.0,18.557733940864043,36.89645851596601,True,True
2011-01-21 20:00:00,15.289999961853027,15.289999961853027,14.539999961853027,14.729999542236328,2261900,15.962000020345052,2120986.6666666665,20.219046319670746,30.977600223688846,True,False
2011-01-24 20:00:00,14.75,14.75,14.399999618530272,14.420000076293944,1732000,15.919333362579346,2127940.0,21.95543474152696,28.033786784638835,True,True
2011-01-25 20:00:00,14.380000114440918,14.760000228881836,14.329999923706056,14.720000267028809,1545800,15.893000030517578,2118956.6666666665,23.66481829635703,34.51898404271632,True,True
2011-01-26 20:00:00,14.739999771118164,15.300000190734863,14.739999771118164,15.09000015258789,1938000,15.888000043233236,2129033.3333333335,23.490607035364576,41.518640731830104,True,True
2011-01-27 20:00:00,15.119999885559082,15.300000190734863,15.0,15.289999961853027,1241300,15.89066670735677,2130216.6666666665,23.328839435871583,44.94453860581205,True,True
2011-01-28 20:00:00,15.220000267028809,15.220000267028809,14.640000343322754,14.640000343322754,1484600,15.872000058492025,2135686.6666666665,23.829026061372073,37.297330530754486,True,True
2011-01-31 20:00:00,14.770000457763672,15.020000457763672,14.5600004196167,14.739999771118164,1454400,15.851000054677327,2137380.0,24.427438778791448,39.016456624388304,True,True
2011-02-01 20:00:00,14.789999961853027,14.93000030517578,14.529999732971191,14.550000190734863,1336500,15.8353333791097,2132533.3333333335,25.035183372005367,36.94390972817403,True,True
2011-02-02 20:00:00,14.460000038146973,14.960000038146973,14.460000038146973,14.770000457763672,926900,15.821666717529297,2124743.3333333335,25.725557673133125,40.86118768566909,True,True
2011-02-03 20:00:00,14.739999771118164,14.960000038146973,14.479999542236328,14.81999969482422,697400,15.768000030517578,1848300.0,26.36661952418033,41.746917198859954,True,True
2011-02-04 20:00:00,14.859999656677246,14.970000267028809,14.68000030517578,14.960000038146973,1118000,15.699666690826415,1777946.6666666667,26.92012925731294,44.264095490335045,True,True
2011-02-07 20:00:00,15.039999961853027,15.350000381469728,14.729999542236328,14.739999771118164,1316700,15.62400000890096,1776756.6666666667,25.98918109374898,41.24779508208046,True,True
2011-02-08 20:00:00,14.760000228881836,14.989999771118164,14.760000228881836,14.9399995803833,404700,15.561333338419596,1773510.0,25.124729227582442,44.922228765214236,True,True
2011-02-09 20:00:00,14.869999885559082,14.93000030517578,14.539999961853027,14.65999984741211,1090400,15.490333302815754,1770113.3333333333,24.887672958211226,41.0513757637156,True,True
2011-02-10 20:00:00,14.5,14.869999885559082,14.289999961853027,14.68000030517578,1266700,15.421333312988281,1786066.6666666667,25.232534624971777,41.43954119542291,True,True
2011-02-11 20:00:00,14.65999984741211,14.779999732971191,14.619999885559082,14.6899995803833,649000,15.351999950408935,1784623.3333333333,25.552763315535145,41.64642377792419,True,True
2011-02-14 20:00:00,14.75,14.779999732971191,14.59000015258789,14.59000015258789,716500,15.286333306630452,1772063.3333333333,25.919812778709645,40.11993588098984,True,True
2011-02-15 20:00:00,14.600000381469728,14.829999923706056,14.420000076293944,14.56999969482422,1202200,15.221333281199138,1713123.3333333333,26.647300285222364,39.80567684899963,True,True
2011-02-16 20:00:00,14.619999885559082,14.6899995803833,14.600000381469728,14.670000076293944,607800,15.158666642506917,1592063.3333333333,27.322824398412752,42.24173731621908,True,True
2011-02-17 20:00:00,14.56999969482422,14.68000030517578,14.220000267028809,14.239999771118164,971500,15.087666606903076,1539316.6666666667,28.718581700223744,35.5747946422076,True,True
2011-02-18 20:00:00,14.31999969482422,14.31999969482422,14.0,14.130000114440918,1067000,15.01266663869222,1521080.0,30.375244104114785,34.09244600025071,True,True
2011-02-22 20:00:00,14.100000381469728,14.119999885559082,13.550000190734863,13.729999542236328,1509000,14.925333277384441,1424546.6666666667,32.508027253601185,29.30973805641414,True,False
2011-02-23 20:00:00,13.710000038146973,13.869999885559082,13.399999618530272,13.460000038146973,1020600,14.852333291371663,1374910.0,34.65461055762729,26.597410741730993,True,True
2011-02-24 20:00:00,13.43000030517578,13.640000343322754,13.279999732971191,13.520000457763672,936200,14.780666637420655,1334796.6666666667,36.776165605731435,28.18780344998092,True,True
2011-02-25 20:00:00,13.539999961853027,13.90999984741211,13.489999771118164,13.90999984741211,984000,14.711999956766764,1284420.0,37.52358536532448,37.64492791366917,True,True
2011-02-28 20:00:00,13.9399995803833,13.989999771118164,13.510000228881836,13.68000030517578,1107600,14.635999965667725,1273210.0,37.87936915643117,34.73936368072088,True,True
2011-03-01 20:00:00,13.739999771118164,13.81999969482422,13.3100004196167,13.510000228881836,1061600,14.549999968210857,1270596.6666666667,38.53700752885699,32.7286120606845,True,True
2011-03-02 20:00:00,13.4399995803833,13.710000038146973,13.31999969482422,13.609999656677246,550400,14.484666633605958,1234250.0,39.14767173182383,35.10797650154735,True,True
2011-03-03 20:00:00,13.710000038146973,14.039999961853027,13.600000381469728,13.9399995803833,515600,14.441333293914795,1147293.3333333333,38.32458162200873,42.35401520619181,True,True
2011-03-04 20:00:00,13.899999618530272,14.220000267028809,13.850000381469728,14.029999732971191,607700,14.400999959309896,1110733.3333333333,36.902845335386196,44.184549447928575,True,True
2011-03-07 20:00:00,14.020000457763672,14.09000015258789,13.75,13.829999923706056,958600,14.370999972025553,1067290.0,35.823691369739564,41.06393324802167,True,True
2011-03-08 20:00:00,13.850000381469728,14.18000030517578,13.489999771118164,14.18000030517578,693700,14.362999979654948,1032680.0,35.40143330763691,47.9870975234365,True,True
2011-03-09 20:00:00,14.1899995803833,14.210000038146973,13.5,13.529999732971191,798000,14.32333329518636,1007753.3333333334,34.89117819041546,38.85789803812705,True,True
2011-03-10 20:00:00,13.350000381469728,13.59000015258789,13.170000076293944,13.5,1212800,14.270333290100098,983580.0,35.08903744772676,38.49390878530311,True,False
2011-03-11 20:00:00,13.460000038146973,13.609999656677246,13.270000457763672,13.489999771118164,819600,14.21033328374227,969523.3333333334,35.18936077765094,38.3648996224401,True,True
2011-03-13 20:00:00,13.300000190734863,13.550000190734863,13.15999984741211,13.369999885559082,539400,14.167999935150146,938016.6666666666,35.49951829421672,36.772305955856154,True,True
2011-03-14 20:00:00,13.279999732971191,14.020000457763672,13.1899995803833,13.880000114440918,1655700,14.139333279927571,944726.6666666666,33.9894783520404,46.867318735200605,True,False
2011-03-15 20:00:00,14.109999656677246,14.510000228881836,13.920000076293944,14.039999961853027,1716700,14.122333272298176,957400.0,31.911884719569766,49.58675012265385,True,False
2011-03-16 20:00:00,14.1899995803833,14.1899995803833,13.90999984741211,14.0600004196167,766300,14.098666604359945,952046.6666666666,29.95505378011381,49.93172230512924,True,True
2011-03-17 20:00:00,14.170000076293944,14.869999885559082,14.010000228881836,14.289999961853027,2115100,14.080999946594238,999303.3333333334,29.588364028615384,53.84324927394174,False,False
2011-03-20 20:00:00,14.470000267028809,14.56999969482422,13.920000076293944,14.020000457763672,779800,14.049666627248127,988030.0,28.985572448143127,49.00341286278331,True,True
2011-03-21 20:00:00,14.020000457763672,14.100000381469728,13.859999656677246,14.010000228881836,372300,14.025333309173584,956550.0,28.24684342877121,48.82834634410627,True,True
2011-03-22 20:00:00,14.010000228881836,14.109999656677246,13.81999969482422,14.109999656677246,625900,13.99766664505005,963923.3333333334,27.436872961681967,50.7241071000322,False,True
2011-03-23 20:00:00,14.15999984741211,14.779999732971191,14.039999961853027,14.770000457763672,960600,14.001333332061767,959596.6666666666,27.924228161652316,60.99495862158304,False,False
2011-03-24 20:00:00,14.81999969482422,14.970000267028809,14.520000457763672,14.529999732971191,597800,13.99633331298828,937300.0,28.65829782610314,56.3919495446732,False,True
2011-03-27 20:00:00,14.649999618530272,14.84000015258789,14.529999732971191,14.649999618530272,543200,13.994999980926513,933773.3333333334,29.339933943093193,58.09477083782465,False,True
2011-03-28 20:00:00,14.640000343322754,14.989999771118164,14.640000343322754,14.850000381469728,617200,14.003666655222576,930463.3333333334,30.202582961240473,60.83942107403853,False,True
2011-03-29 20:00:00,14.880000114440918,15.34000015258789,14.789999961853027,15.239999771118164,858900,14.02599999109904,919020.0,31.487505001383543,65.57439246990566,False,True
2011-03-30 20:00:00,15.239999771118164,15.850000381469728,15.170000076293944,15.850000381469728,2041300,14.0653333346049,966803.3333333334,33.24903247037379,71.39937698730066,False,False
2011-03-31 20:00:00,15.899999618530272,16.0,15.630000114440918,15.850000381469728,1119500,14.119000021616618,971736.6666666666,35.03004699874936,71.39937698730066,False,False
2011-04-03 20:00:00,15.920000076293944,16.190000534057617,15.670000076293944,16.1299991607666,932400,14.18566665649414,967250.0,36.8616195977473,73.76272223705453,False,True
2011-04-04 20:00:00,15.65999984741211,16.489999771118164,15.65999984741211,16.450000762939453,2703700,14.276333363850911,1007073.3333333334,38.820532171215014,76.1847925357109,False,False
2011-04-05 20:00:00,16.459999084472656,16.549999237060547,16.290000915527344,16.420000076293945,1099400,14.375000031789144,1009700.0,40.689036863693794,75.48128142467834,False,False
2011-04-06 20:00:00,16.399999618530273,16.6299991607666,16.219999313354492,16.459999084472656,1900800,14.472999986012777,1041853.3333333334,42.491904716249614,75.80211717287362,False,False
2011-04-07 20:00:00,17.059999465942383,17.239999771118164,16.700000762939453,17.229999542236328,2375400,14.583666642506918,1088233.3333333333,44.60918539915752,80.96567371719074,False,False
2011-04-10 20:00:00,17.200000762939453,17.59000015258789,17.139999389648438,17.43000030517578,1586300,14.708666642506918,1104190.0,46.77655599427561,82.03782447318841,False,False
2011-04-11 20:00:00,17.329999923706055,17.670000076293945,16.770000457763672,17.469999313354492,990300,14.84066661198934,1101813.3333333333,47.49872111586068,82.25312372554899,False,True
2011-04-12 20:00:00,17.489999771118164,17.670000076293945,17.360000610351562,17.510000228881836,1448200,14.970666631062825,1131740.0,48.16930301447538,82.47929659898516,False,False
2011-04-13 20:00:00,17.34000015258789,17.799999237060547,17.34000015258789,17.549999237060547,1135500,15.090999952952068,1152403.3333333333,48.91632930033666,82.71649641761744,False,True
2011-04-14 20:00:00,17.479999542236328,18.149999618530277,17.440000534057617,17.979999542236328,1422000,15.222666613260905,1179546.6666666667,49.91970538776731,85.05837731723574,False,False
2011-04-17 20:00:00,17.799999237060547,18.059999465942383,17.389999389648438,17.65999984741211,1115600,15.35033327738444,1184780.0,50.66670461491193,76.72648225652844,False,True
2011-04-18 20:00:00,17.770000457763672,17.799999237060547,16.829999923706055,17.149999618530273,1345400,15.449333254496256,1206503.3333333333,49.52009863882775,65.68345427756103,False,False
2011-04-19 20:00:00,17.149999618530273,17.670000076293945,17.149999618530273,17.450000762939453,765600,15.579999955495198,1205423.3333333333,48.45539308960672,68.5508583984971,False,True
2011-04-20 20:00:00,17.6200008392334,17.760000228881836,16.940000534057617,17.719999313354492,1572600,15.720666599273681,1217416.6666666667,46.83883352199349,70.90697823534612,False,False
2011-04-24 20:00:00,17.6299991607666,17.889999389648438,16.90999984741211,17.290000915527344,882700,15.847333304087321,1219520.0,45.55878174580659,62.833347769283996,False,True
2011-04-25 20:00:00,17.299999237060547,17.780000686645508,17.049999237060547,17.719999313354492,980700,15.992333285013835,1234230.0,44.37016223934732,66.89296311730725,False,True
2011-04-26 20:00:00,17.75,18.25,17.649999618530273,18.229999542236328,1222700,16.13733326594035,1219796.6666666667,44.02236692923935,70.94636885018039,False,False
2011-04-27 20:00:00,18.100000381469727,18.770000457763672,18.030000686645508,18.709999084472656,1590600,16.292999903361004,1215593.3333333333,44.35049663878454,74.15376227672361,False,False
2011-04-28 20:00:00,18.770000457763672,18.799999237060547,18.290000915527344,18.479999542236328,2023400,16.440333207448322,1257496.6666666667,44.68922561650985,70.15712763972903,False,False
2011-05-01 20:00:00,18.440000534057617,18.799999237060547,18.229999542236328,18.26000022888184,1821300,16.572666549682616,1247703.3333333333,44.795197656991924,66.46695988390762,False,False
2011-05-02 20:00:00,18.450000762939453,21.149999618530277,18.09000015258789,20.43000030517578,5800000,16.78633321126302,1415043.3333333333,46.63285316622642,78.48686642209775,False,False
2011-05-03 20:00:00,20.459999084472656,20.489999771118164,19.229999542236328,19.350000381469727,2383900,16.964333216349285,1482096.6666666667,48.33924756765845,65.83795493165862,False,False
2011-05-04 20:00:00,19.26000022888184,19.549999237060547,18.940000534057617,19.059999465942383,1800000,17.129333209991454,1521233.3333333333,49.183135539799636,62.906314305621706,False,False
2011-05-05 20:00:00,19.31999969482422,19.920000076293945,19.18000030517578,19.799999237060547,1387400,17.296999835968016,1535460.0,50.18620098992419,66.95037641090134,False,True
2011-05-08 20:00:00,19.739999771118164,20.290000915527344,19.600000381469727,20.209999084472656,1650500,17.486333147684732,1570550.0,51.319009592512145,68.96897839373497,False,False
2011-05-09 20:00:00,19.989999771118164,20.809999465942383,19.989999771118164,20.76000022888184,1929200,17.68999983469645,1616750.0,52.62307721104928,71.4850413597115,False,False
2011-05-10 20:00:00,20.6200008392334,20.76000022888184,19.780000686645508,20.0,1100000,17.86166648864746,1632843.3333333333,53.30996299253473,63.78838887209801,False,True
2011-05-11 20:00:00,20.06999969482422,20.5,19.899999618530277,20.5,891000,18.03699982961019,1633913.3333333333,53.94778550391407,66.35493482158181,False,True
2011-05-12 20:00:00,20.5,20.5,19.670000076293945,19.770000457763672,1155600,18.167666498819987,1604390.0,53.936382710523326,59.70180601126237,False,True
2011-05-15 20:00:00,19.700000762939453,19.96999931335449,19.5,19.690000534057617,1737300,18.29566650390625,1624983.3333333333,53.48844772349694,59.003601112372515,False,False
2011-05-16 20:00:00,19.59000015258789,19.670000076293945,19.18000030517578,19.31999969482422,1546400,18.401999855041502,1645450.0,52.28481289094681,55.75584333448287,False,True
2011-05-17 20:00:00,19.350000381469727,19.540000915527344,19.200000762939453,19.309999465942383,1369900,18.497333145141603,1600990.0,51.16715197500741,55.66665826020591,False,True
2011-05-18 20:00:00,19.90999984741211,19.920000076293945,18.90999984741211,18.950000762939453,2079300,18.58166650136312,1633653.3333333333,50.55140624150322,52.4162112201464,False,False
2011-05-19 20:00:00,18.90999984741211,19.1299991607666,18.59000015258789,18.96999931335449,1467500,18.66533317565918,1619210.0,49.18565385273621,52.58185486172747,False,True
2011-05-22 20:00:00,18.600000381469727,18.600000381469727,18.09000015258789,18.18000030517578,1200000,18.69699986775716,1580030.0,46.82849103559546,45.79938178312997,True,True
2011-05-23 20:00:00,18.280000686645508,18.450000762939453,17.75,17.84000015258789,1495100,18.710666529337566,1576990.0,43.9899358829627,43.215745162264966,True,True
2011-05-24 20:00:00,17.81999969482422,18.200000762939453,17.700000762939453,17.989999771118164,1361500,18.727999877929687,1589363.3333333333,41.26045117974109,44.69795181486419,True,True
2011-05-25 20:00:00,17.860000610351562,17.899999618530273,17.3799991607666,17.479999542236328,2072600,18.726999855041505,1610176.6666666667,38.48877380374148,40.79861174562565,True,False
2011-05-26 20:00:00,17.600000381469727,18.0,17.5,17.920000076293945,1882100,18.739333216349284,1635063.3333333333,35.7509059526855,45.23731147570816,True,False
2011-05-30 20:00:00,17.969999313354492,18.209999084472656,17.56999969482422,17.729999542236328,2125800,18.73099988301595,1658523.3333333333,33.59785590208618,43.7131795031741,True,False
2011-05-31 20:00:00,17.68000030517578,17.68000030517578,16.899999618530273,16.940000534057617,3065700,18.706999905904134,1723526.6666666667,31.988708773177926,37.98296294871225,True,False
2011-06-01 20:00:00,16.889999389648438,17.190000534057617,16.510000228881836,16.860000610351562,1726000,18.697333272298177,1736213.3333333333,31.0666969924434,37.44762184330506,True,True
2011-06-02 20:00:00,16.56999969482422,16.829999923706055,16.270000457763672,16.510000228881836,2042700,18.665999921162925,1778783.3333333333,30.53615369981336,35.1157366585452,True,False
2011-06-05 20:00:00,16.899999618530273,17.260000228881836,16.600000381469727,16.899999618530273,3439700,18.638666598002114,1841020.0,29.177679319148,39.62707337261308,True,False
2011-06-06 20:00:00,17.149999618530273,17.510000228881836,16.969999313354492,17.0,1929200,18.62899990081787,1875903.3333333333,27.455556479764347,40.76436367371091,True,False
2011-06-07 20:00:00,16.889999389648438,17.229999542236328,16.809999465942383,17.209999084472656,1926800,18.611999893188475,1907440.0,26.11637466299707,43.18480220177197,True,False
2011-06-08 20:00:00,17.200000762939453,18.21999931335449,16.989999771118164,18.15999984741211,3079500,18.60966657002767,1969333.3333333333,25.208825433774887,52.617215360412054,True,False
2011-06-09 20:00:00,18.13999938964844,18.420000076293945,17.520000457763672,17.56999969482422,2280500,18.571666590372722,1992330.0,24.62827477086709,47.3586153063265,True,False
2011-06-12 20:00:00,17.600000381469727,17.940000534057617,17.229999542236328,17.450000762939453,1367200,18.537333297729493,1970456.6666666667,23.569999346516475,46.34412727162239,True,True
2011-06-13 20:00:00,17.65999984741211,17.8799991607666,17.549999237060547,17.59000015258789,1146800,18.51499996185303,1947973.3333333333,22.587315023905187,47.750383584628814,True,True
2011-06-14 20:00:00,17.350000381469727,18.530000686645508,17.270000457763672,17.760000228881836,2981400,18.425999959309895,1854020.0,22.569976641260578,49.48180468918323,True,False
2011-06-15 20:00:00,17.799999237060547,18.1200008392334,17.479999542236328,17.809999465942383,1127300,18.374666595458983,1812133.3333333333,22.55387671451916,50.00652977675647,True,True
2011-06-16 20:00:00,17.90999984741211,18.149999618530277,17.649999618530273,17.93000030517578,2187000,18.336999956766764,1825033.3333333333,22.579877666723206,51.31359511171257,True,False
2011-06-19 20:00:00,17.81999969482422,18.3799991607666,17.760000228881836,18.25,1171800,18.285333315531414,1817846.6666666667,22.920362165241,54.71376191345956,True,True
2011-06-20 20:00:00,18.31999969482422,18.8799991607666,18.040000915527344,18.709999084472656,8003800,18.235333315531413,2029623.3333333333,23.85181116145455,59.13217326749437,False,False
2011-06-21 20:00:00,18.56999969482422,18.940000534057617,18.38999938964844,18.38999938964844,825000,18.156333287556965,1992816.6666666667,24.785758342421264,55.10441344975987,False,True
2011-06-22 20:00:00,18.239999771118164,18.51000022888184,17.790000915527344,18.459999084472656,1509400,18.104999923706053,2006463.3333333333,24.285716963911277,55.81343788576508,False,True
2011-06-23 20:00:00,18.51000022888184,18.57999992370605,18.11000061035156,18.3700008392334,1074600,18.033999951680503,2012583.3333333333,23.92275747955109,54.61910682888394,False,True
2011-06-26 20:00:00,18.350000381469727,18.649999618530277,18.209999084472656,18.57999992370605,746500,17.994333267211914,1998946.6666666667,23.69104360757938,56.934797206907284,False,True
2011-06-27 20:00:00,18.56999969482422,18.88999938964844,17.889999389648438,18.8700008392334,1430900,17.966999944051107,1988733.3333333333,22.76527791658637,59.972417361151074,False,True
2011-06-28 20:00:00,18.940000534057617,19.1200008392334,18.46999931335449,19.100000381469727,1566200,17.959666633605956,1989393.3333333333,22.288112057016832,62.24684688641713,False,True
2011-06-29 20:00:00,19.07999992370605,19.299999237060547,18.90999984741211,18.940000534057617,915800,17.947333335876465,1974256.6666666667,22.133460627866363,59.70527103157439,False,True
2011-06-30 20:00:00,19.0,19.299999237060547,18.82999992370605,19.26000022888184,925000,17.957666651407877,1935780.0,21.79668345945912,62.962457078351704,False,True
2011-07-04 20:00:00,19.26000022888184,19.56999969482422,19.100000381469727,19.459999084472656,661300,17.973999977111816,1908906.6666666667,21.930133534757697,64.87358928592495,False,True
2011-07-05 20:00:00,19.399999618530277,19.6299991607666,19.239999771118164,19.479999542236328,539300,18.017333285013834,1886883.3333333333,22.15099524887478,65.06771037739594,False,True
2011-07-06 20:00:00,19.670000076293945,19.850000381469727,19.520000457763672,19.81999969482422,830300,18.083333269755045,1864723.3333333333,22.707417477240025,68.27718890286646,False,True
2011-07-07 20:00:00,19.51000022888184,19.86000061035156,19.46999931335449,19.81999969482422,756900,18.144333267211913,1844570.0,23.077419672723998,68.27718890286646,False,True
2011-07-10 20:00:00,19.56999969482422,19.8700008392334,19.350000381469727,19.559999465942383,1209000,18.213666598002117,1815783.3333333333,23.062536535960522,63.13288033412648,False,True
2011-07-11 20:00:00,19.43000030517578,19.780000686645508,19.149999618530277,19.530000686645508,1347500,18.267333285013834,1797963.3333333333,22.47124480673474,62.54731603176431,False,True
2011-07-12 20:00:00,19.600000381469727,20.18000030517578,19.440000534057617,19.57999992370605,1422700,18.328999964396157,1774526.6666666667,22.677733127819092,63.16062000704255,False,True
2011-07-13 20:00:00,19.649999618530277,20.36000061035156,19.549999237060547,20.100000381469727,1676000,18.434333292643228,1728203.3333333333,23.17197562534912,68.87008928755554,False,True
2011-07-14 20:00:00,20.059999465942383,20.149999618530277,19.700000762939453,20.06999969482422,1314500,18.54133326212565,1714486.6666666667,23.630915087341286,68.2132422089486,False,True
2011-07-17 20:00:00,20.07999992370605,20.170000076293945,19.190000534057617,19.440000534057617,1354000,18.638999938964844,1691530.0,22.602342305746472,56.11078786614914,False,True
2011-07-18 20:00:00,19.6299991607666,19.979999542236328,19.479999542236328,19.71999931335449,819300,18.732999928792317,1604183.3333333333,21.64723900855129,59.54609857309082,False,True
2011-07-19 20:00:00,19.809999465942383,19.81999969482422,19.26000022888184,19.43000030517578,395800,18.813999938964844,1553070.0,20.19165579845723,54.764912009054136,False,True
2011-07-20 20:00:00,19.540000915527344,19.770000457763672,19.229999542236328,19.559999465942383,660600,18.892333285013834,1510863.3333333333,18.76343269106189,56.45290368154248,False,True
2011-07-21 20:00:00,19.59000015258789,19.739999771118164,19.459999084472656,19.6299991607666,456000,18.94133326212565,1423413.3333333333,17.437225519909074,57.37525616961435,False,True
2011-07-24 20:00:00,19.350000381469727,19.459999084472656,18.51000022888184,18.549999237060547,3690400,18.97399991353353,1470410.0,18.18184488649376,42.43967738498651,True,False
2011-07-25 20:00:00,18.600000381469727,18.729999542236328,18.229999542236328,18.299999237060547,1098100,19.002333196004233,1461440.0,19.293893156766263,39.85346340048838,True,True
2011-07-26 20:00:00,18.170000076293945,18.239999771118164,17.360000610351562,17.440000534057617,2104200,18.99733320871989,1493353.3333333333,21.34175226771431,32.5134354538274,True,False
2011-07-27 20:00:00,17.0,17.829999923706055,16.889999389648438,17.420000076293945,2009100,18.985999870300294,1460943.3333333333,23.655788639653363,32.36414822760028,True,False
2011-07-28 20:00:00,17.190000534057617,17.649999618530273,16.889999389648438,17.440000534057617,1503300,18.9736665725708,1473476.6666666667,25.804536699311054,32.696945109809676,True,False
2011-07-31 20:00:00,17.530000686645508,17.6299991607666,16.459999084472656,16.600000381469727,1697900,18.9293332417806,1457173.3333333333,28.147890507753438,26.74488697111923,True,False
2011-08-01 20:00:00,16.510000228881836,16.81999969482422,16.219999313354492,16.239999771118164,1619500,18.862333234151205,1472096.6666666667,30.49990155324654,24.67201199184627,True,False
2011-08-02 20:00:00,16.34000015258789,16.450000762939453,15.399999618530272,15.970000267028809,1744100,18.77099994023641,1263440.0,33.18359550838165,23.218524266403197,True,False
2011-08-03 20:00:00,15.5,15.5,14.5600004196167,14.579999923706056,2508900,18.64399995803833,1319570.0,36.05295235310674,17.502009390131544,True,False
2011-08-04 20:00:00,14.779999732971191,15.300000190734863,14.010000228881836,14.300000190734863,3534200,18.50533332824707,1387063.3333333333,38.9162110834277,16.614619420502148,True,False
2011-08-07 20:00:00,13.779999732971191,13.949999809265137,12.579999923706056,13.18000030517578,3214300,18.33233331044515,1458386.6666666667,41.960716246873474,13.636317328583852,True,False
2011-08-08 20:00:00,13.329999923706056,14.020000457763672,12.729999542236328,14.0,4708300,18.179666646321614,1590446.6666666667,44.63486067884264,24.331190656553524,True,False
2011-08-09 20:00:00,13.670000076293944,14.010000228881836,12.779999732971191,13.199999809265137,2522700,17.99066661198934,1626840.0,47.117994794242584,21.529960413298152,True,False
2011-08-10 20:00:00,13.300000190734863,14.050000190734863,13.029999732971191,13.729999542236328,1597500,17.811666584014894,1627883.3333333333,49.32440677084749,27.48625315430854,True,True
2011-08-11 20:00:00,13.800000190734863,14.890000343322754,13.619999885559082,14.829999923706056,2605500,17.67466656366984,1684206.6666666667,49.476300022181704,38.00431031786727,True,False
2011-08-14 20:00:00,14.989999771118164,15.869999885559082,14.960000038146973,15.699999809265137,2509400,17.55599988301595,1737020.0,47.90968942001706,44.82137057350853,True,False
2011-08-15 20:00:00,15.369999885559082,16.010000228881836,15.1899995803833,15.6899995803833,1909600,17.43033323287964,1778630.0,46.2389793434947,44.76044418260698,True,False
2011-08-16 20:00:00,15.710000038146973,16.09000015258789,15.1899995803833,15.5600004196167,1374200,17.299666595458984,1806460.0,44.559700661543424,43.92456580865795,True,True
2011-08-17 20:00:00,14.979999542236328,15.1899995803833,14.130000114440918,14.670000076293944,1901700,17.127999941507976,1842173.3333333333,43.94010892514819,38.60876261775075,True,False
2011-08-18 20:00:00,14.210000038146973,14.920000076293944,14.050000190734863,14.479999542236328,2486200,16.94999993642171,1899816.6666666667,43.427283466079025,37.563613845994674,True,False
2011-08-21 20:00:00,14.789999961853027,14.789999961853027,13.5600004196167,13.829999923706056,1565100,16.7589999516805,1911686.6666666667,43.3241920513345,34.15705700785506,True,True
2011-08-22 20:00:00,13.949999809265137,14.600000381469728,13.5,14.600000381469728,1283700,16.59466660817464,1909560.0,43.27311492682778,40.984765550259446,True,True
2011-08-23 20:00:00,14.630000114440918,15.0,14.229999542236328,14.81999969482422,1207600,16.43599993387858,1902390.0,42.494281943833315,42.80952030586048,True,True
2011-08-24 20:00:00,14.90999984741211,14.979999542236328,14.279999732971191,14.359999656677246,894100,16.244666576385498,1876326.6666666667,41.771079888195594,40.0229458935822,True,True
2011-08-25 20:00:00,14.210000038146973,14.720000267028809,13.84000015258789,14.68000030517578,947500,16.064999930063884,1864093.3333333333,41.50490475252099,42.811730133380784,True,True
2011-08-28 20:00:00,14.84000015258789,15.329999923706056,14.84000015258789,15.3100004196167,670700,15.92733325958252,1841316.6666666667,40.15993162061187,47.94362940556524,True,True
2011-08-29 20:00:00,15.210000038146973,15.84000015258789,15.0,15.579999923706056,1358100,15.789333279927572,1859276.6666666667,38.11266368439143,50.01390149804929,True,True
2011-08-30 20:00:00,15.710000038146973,16.18000030517578,15.609999656677246,16.06999969482422,1137200,15.67733325958252,1883990.0,35.722653582471274,53.618954625349524,False,True
2011-08-31 20:00:00,16.149999618530273,16.5,15.039999961853027,15.079999923706056,1760100,15.527999941507975,1920640.0,34.18295976769141,46.34617792298932,True,True
2011-09-01 20:00:00,14.739999771118164,15.1899995803833,14.600000381469728,14.640000343322754,972900,15.36166664759318,1937870.0,33.22286998155696,43.52077504375577,True,True
2011-09-05 20:00:00,14.1899995803833,14.65999984741211,14.050000190734863,14.619999885559082,1420900,15.230666669209798,1862220.0,32.8605542858521,43.39128352858206,True,True
2011-09-06 20:00:00,14.890000343322754,15.539999961853027,14.729999542236328,15.529999732971191,1701900,15.13833335240682,1882346.6666666667,31.254305439989206,50.59420457686835,False,True
2011-09-07 20:00:00,15.34000015258789,15.770000457763672,15.1899995803833,15.539999961853027,1371600,15.075,1857926.6666666667,29.466524855157292,50.668489907455495,False,True
2011-09-08 20:00:00,15.40999984741211,15.649999618530272,15.029999732971191,15.300000190734863,1617500,15.004333337148031,1844873.3333333333,27.98985105368398,48.77313137405948,False,True
2011-09-11 20:00:00,15.020000457763672,15.529999732971191,14.84000015258789,15.220000267028809,1420500,14.93033332824707,1842113.3333333333,26.83906398227882,48.126875490891706,False,True
2011-09-12 20:00:00,15.260000228881836,15.470000267028809,14.949999809265137,15.25,1138800,14.885333315531414,1823476.6666666667,25.770475987402595,48.402972089298565,False,True
2011-09-13 20:00:00,15.359999656677246,15.4399995803833,14.890000343322754,15.06999969482422,1366300,14.846333312988282,1815036.6666666667,24.855252788944657,46.79363877343031,False,True
2011-09-14 20:00:00,15.229999542236328,15.229999542236328,14.829999923706056,14.949999809265137,2000100,14.812333297729491,1823570.0,24.086285508173045,45.702681042861734,False,False
2011-09-15 20:00:00,15.100000381469728,15.100000381469728,14.520000457763672,14.65999984741211,1363100,14.814999961853028,1785376.6666666667,23.78644473067803,43.08822410513088,True,True
2011-09-18 20:00:00,14.350000381469728,14.770000457763672,14.210000038146973,14.510000228881836,824700,14.821999963124593,1695060.0,23.895788696474046,41.75760933642138,True,True
2011-09-19 20:00:00,14.550000190734863,14.779999732971191,14.199999809265137,14.25,1016800,14.857666619618733,1621810.0,24.009851138035298,39.48168567827868,True,True
2011-09-20 20:00:00,14.210000038146973,14.710000038146973,13.770000457763672,13.800000190734863,1155400,14.850999959309895,1503380.0,24.637793196124175,35.84067824332207,True,True
2011-09-21 20:00:00,13.31999969482422,13.75,13.079999923706056,13.260000228881836,1635400,14.85299997329712,1473803.3333333333,25.91657875472075,32.02414142078599,True,False
2011-09-22 20:00:00,13.170000076293944,13.880000114440918,13.0,13.81999969482422,1985500,14.855999978383382,1486736.6666666667,26.813159862203918,39.24893881806082,True,False
2011-09-25 20:00:00,13.970000267028809,14.539999961853027,13.869999885559082,14.43000030517578,1748700,14.842666657765706,1458176.6666666667,26.309550550758413,45.98371301339515,True,False
2011-09-26 20:00:00,14.760000228881836,15.279999732971191,14.529999732971191,14.90999984741211,1959900,14.816333325703939,1439860.0,24.642212578468158,50.62239333293085,False,False
2011-09-27 20:00:00,14.979999542236328,15.109999656677246,14.100000381469728,14.100000381469728,1267700,14.76333335240682,1418463.3333333333,23.653160148754157,43.78863364973121,True,True
2011-09-28 20:00:00,14.380000114440918,14.449999809265137,13.670000076293944,14.15999984741211,1422500,14.716666666666667,1420073.3333333333,23.2441173123149,44.38750937448725,True,False
2011-09-29 20:00:00,13.880000114440918,14.539999961853027,13.6899995803833,13.970000267028809,1471400,14.693333339691161,1405730.0,22.715199428355337,42.83131474026971,True,False
2011-10-02 20:00:00,13.899999618530272,14.40999984741211,13.5,13.5,1659300,14.660666688283284,1378166.6666666667,22.456609915392487,39.17269915617182,True,False
2011-10-03 20:00:00,13.5,14.5600004196167,13.5,14.489999771118164,3165200,14.682666683197022,1431503.3333333333,21.9456163414504,49.04586592370311,True,False
2011-10-04 20:00:00,14.539999961853027,15.199999809265137,14.270000457763672,15.170000076293944,1110600,14.701666673024496,1425733.3333333333,20.419925990296182,54.50787983260928,False,True
2011-10-05 20:00:00,15.149999618530272,16.010000228881836,15.029999732971191,16.0,1566000,14.741000016530355,1437680.0,19.984180475205005,60.126292370264004,False,False
2011-10-06 20:00:00,15.9399995803833,16.0,15.539999961853027,15.649999618530272,1483500,14.784000015258789,1457326.6666666667,19.579559639763197,56.93315329928701,False,False
2011-10-09 20:00:00,15.960000038146973,16.329999923706055,15.81999969482422,16.290000915527344,960900,14.837666702270507,1457773.3333333333,19.604309058511998,61.01067385062671,False,True
2011-10-10 20:00:00,16.09000015258789,16.459999084472656,15.869999885559082,16.299999237060547,623300,14.870666662851969,1456193.3333333333,19.78177958580228,61.072680535334186,False,True
2011-10-11 20:00:00,16.34000015258789,16.420000076293945,15.9399995803833,16.06999969482422,1247200,14.886999988555909,1452496.6666666667,19.94657364685754,58.757726759314636,False,True
2011-10-12 20:00:00,15.6899995803833,15.6899995803833,14.75,14.979999542236328,3867100,14.850666650136311,1543493.3333333333,18.887440565075188,49.23330528981634,False,False
2011-10-13 20:00:00,15.109999656677246,15.609999656677246,14.31999969482422,14.729999542236328,4746300,14.838999970753987,1643033.3333333333,18.44478337199183,47.337989577198826,True,False
2011-10-16 20:00:00,14.670000076293944,14.710000038146973,14.020000457763672,14.020000457763672,1937200,14.818333307902018,1675176.6666666667,18.386509687562583,42.35151115237002,True,False
2011-10-17 20:00:00,14.119999885559082,14.31999969482422,13.859999656677246,14.199999809265137,1789000,14.804333305358886,1687446.6666666667,18.517537733383772,43.963106558248285,True,False
2011-10-18 20:00:00,14.220000267028809,14.220000267028809,13.670000076293944,13.720000267028809,859500,14.743999989827474,1659366.6666666667,18.85964869258498,40.69592280967373,True,True
2011-10-19 20:00:00,13.65999984741211,13.869999885559082,13.31999969482422,13.539999961853027,1454400,14.677333323160807,1662126.6666666667,19.567758743142768,39.510124871942324,True,True
2011-10-20 20:00:00,13.850000381469728,14.140000343322754,13.770000457763672,14.100000381469728,1677400,14.637333329518636,1664123.3333333333,19.711106407822314,44.89020089042261,True,False
2011-10-23 20:00:00,14.18000030517578,14.68000030517578,14.149999618530272,14.670000076293944,893100,14.618999989827474,1646543.3333333333,18.911013817607635,49.78577308081488,False,True
2011-10-24 20:00:00,14.59000015258789,14.649999618530272,14.220000267028809,14.25,978600,14.58566665649414,1641203.3333333333,18.168070698122584,46.50741589024438,True,True
2011-10-25 20:00:00,14.43000030517578,14.649999618530272,14.0,14.40999984741211,1014700,14.563666661580404,1629483.3333333333,17.793982863458137,47.91450844282567,True,True
2011-10-26 20:00:00,14.9399995803833,15.489999771118164,14.529999732971191,14.699999809265137,1636700,14.55533332824707,1617370.0,16.936456646960586,50.458197075748416,False,False
2011-10-27 20:00:00,14.600000381469728,14.90999984741211,14.510000228881836,14.539999961853027,984500,14.551333332061768,1604750.0,16.108202615540907,49.03533552294729,True,True
2011-10-30 20:00:00,14.300000190734863,14.449999809265137,13.75,13.770000457763672,1490200,14.526666673024495,1626933.3333333333,15.686934985500043,42.78280612081618,True,True
2011-10-31 20:00:00,13.670000076293944,13.93000030517578,13.40999984741211,13.489999771118164,2549500,14.501333332061767,1678023.3333333333,15.721629765921895,40.74807502286581,True,False
2011-11-01 20:00:00,13.729999542236328,13.75,13.06999969482422,13.43000030517578,1774400,14.489000002543131,1698656.6666666667,16.153448088912327,40.3057135030508,True,False
2011-11-02 20:00:00,13.640000343322754,13.65999984741211,13.010000228881836,13.449999809265137,1663000,14.495333321889241,1699576.6666666667,16.624408158527935,40.53743717047281,True,True
2011-11-03 20:00:00,13.399999618530272,13.649999618530272,13.270000457763672,13.31999969482422,912300,14.478666655222575,1663803.3333333333,17.061728223170995,39.46503108932011,True,True
2011-11-07 20:00:00,13.43000030517578,13.489999771118164,12.760000228881836,13.210000038146973,2247500,14.437999979654949,1680430.0,18.074226461781965,38.536059229433675,True,False
2011-11-08 20:00:00,13.300000190734863,13.510000228881836,13.100000381469728,13.479999542236328,1342300,14.390333302815755,1659843.3333333333,18.97109693246873,42.136464551678536,True,True
2011-11-09 20:00:00,13.109999656677246,13.390000343322754,12.739999771118164,12.800000190734863,1490900,14.346999963124594,1667283.3333333333,20.211160490248243,36.35973635041916,True,True
2011-11-10 20:00:00,13.020000457763672,13.140000343322754,12.619999885559082,12.789999961853027,1498400,14.301333300272624,1669813.3333333333,21.492980642201466,36.28096128887309,True,True
2011-11-11 20:00:00,12.859999656677246,12.9399995803833,12.31999969482422,12.539999961853027,2684100,14.25366662343343,1710236.6666666667,22.999666908941087,34.28137125706763,True,False
2011-11-14 20:00:00,12.539999961853027,12.81999969482422,12.520000457763672,12.670000076293944,1247900,14.225999959309895,1696523.3333333333,24.398732728056448,36.248975521742736,True,True
2011-11-15 20:00:00,12.609999656677246,12.829999923706056,12.5,12.600000381469728,702600,14.162999979654948,1614436.6666666667,25.720453375922965,35.63037994395297,True,True
2011-11-16 20:00:00,12.510000228881836,14.720000267028809,12.350000381469728,12.9399995803833,9363200,14.088666629791259,1889523.3333333333,24.485199831384772,40.9054132329925,True,False
2011-11-17 20:00:00,13.229999542236328,13.739999771118164,12.520000457763672,12.539999961853027,6067300,13.973333295186361,2039566.6666666667,23.338178682885022,37.05780923725715,True,False
2011-11-18 20:00:00,12.670000076293944,12.979999542236328,12.020000457763672,12.210000038146973,6822600,13.858666642506916,2217536.6666666665,21.838040086339678,34.19974857938771,True,False
2011-11-21 20:00:00,12.079999923706056,12.210000038146973,11.920000076293944,12.079999923706056,3166200,13.718333276112874,2291046.6666666665,20.591082265315332,33.11620389291736,True,False
2011-11-22 20:00:00,12.100000381469728,12.68000030517578,12.0600004196167,12.289999961853027,2223300,13.584666633605957,2344380.0,19.521666450914193,36.61005665823091,True,True
2011-11-23 20:00:00,12.239999771118164,12.31999969482422,11.800000190734863,11.800000190734863,1190700,13.442333316802978,2342496.6666666665,18.133215103924023,32.36208711199933,True,True
2011-11-25 20:00:00,11.760000228881836,11.899999618530272,11.760000228881836,11.779999732971191,478900,13.33566665649414,2229556.6666666665,16.907215451517764,32.197863052095904,True,True
2011-11-28 20:00:00,12.199999809265137,12.510000228881836,12.050000190734863,12.149999618530272,2316200,13.249666659037272,2148553.3333333335,16.546997491732988,38.423211096851325,True,False
2011-11-29 20:00:00,12.18000030517578,12.359999656677246,11.90999984741211,12.359999656677246,3720700,13.194333299001057,2208003.3333333335,15.96914039253545,41.695308505429864,True,False
2011-11-30 20:00:00,12.93000030517578,13.770000457763672,12.5,13.770000457763672,3633000,13.179999987284342,2269470.0,17.0562659944731,57.87940213806322,False,False
2011-12-01 20:00:00,13.760000228881836,14.4399995803833,13.729999542236328,14.4399995803833,2881900,13.203999964396159,2336883.3333333335,18.619891808770046,63.118251813811334,False,False
2011-12-02 20:00:00,14.75,14.75,14.039999961853027,14.239999771118164,1862800,13.227333291371663,2350496.6666666665,20.303789795525326,60.69158623876126,False,True
2011-12-05 20:00:00,13.829999923706056,14.0,13.75,13.960000038146973,4281300,13.222666613260905,2437293.3333333335,21.350828059421662,57.366332630824445,False,False
2011-12-06 20:00:00,13.90999984741211,14.0600004196167,13.470000267028809,13.5,1744800,13.183666610717774,2465683.3333333335,21.83886964154384,52.29692331621424,False,True
2011-12-07 20:00:00,13.5,13.600000381469728,13.0600004196167,13.300000190734863,1252000,13.151999950408936,2474796.6666666665,21.620068824522033,50.21902199362576,False,True
2011-12-08 20:00:00,13.640000343322754,13.640000343322754,13.220000267028809,13.399999618530272,1281000,13.118333276112875,2483673.3333333335,21.461291911267548,51.261750681055894,False,True
2011-12-09 20:00:00,13.40999984741211,13.739999771118164,13.170000076293944,13.600000381469728,1573400,13.081666628519693,2481563.3333333335,21.4300725163107,53.365685659492314,False,True
2011-12-12 20:00:00,13.479999542236328,14.640000343322754,13.43000030517578,14.300000190734863,2611900,13.073666636149088,2535810.0,22.32415922590581,59.89169447223459,False,False
2011-12-13 20:00:00,14.550000190734863,14.630000114440918,13.520000457763672,13.619999885559082,2052800,13.068666617075602,2554563.3333333335,23.154382599101265,52.24332684816066,False,True
2011-12-14 20:00:00,13.520000457763672,13.75,13.149999618530272,13.199999809265137,1695500,13.058999951680502,2526096.6666666665,23.232867149816276,48.153065664762586,False,True
2011-12-15 20:00:00,13.359999656677246,13.56999969482422,12.869999885559082,13.420000076293944,1902500,13.058666610717774,2530366.6666666665,22.811429030548016,50.34603554503497,False,True
2011-12-16 20:00:00,13.449999809265137,14.050000190734863,13.350000381469728,13.770000457763672,2452300,13.069333299001057,2556676.6666666665,22.970639966245592,53.70116758855866,False,True
2011-12-19 20:00:00,13.829999923706056,14.170000076293944,13.670000076293944,13.800000190734863,1571600,13.085333315531413,2578653.3333333335,23.24959125748949,53.988152401780766,False,True
2011-12-20 20:00:00,14.1899995803833,14.470000267028809,14.0600004196167,14.420000076293944,1917500,13.125666650136312,2567653.3333333335,23.831671084506944,59.56631425412042,False,True
2011-12-21 20:00:00,14.420000076293944,15.1899995803833,14.329999923706056,14.859999656677246,1963600,13.171666653951009,2588363.3333333335,25.047535868129472,62.99499639911601,False,True
2011-12-22 20:00:00,14.989999771118164,14.989999771118164,14.710000038146973,14.779999732971191,730400,13.23766663869222,2563013.3333333335,26.176553167207533,61.96612702198112,False,True
2011-12-23 20:00:00,14.760000228881836,14.93000030517578,14.5,14.81999969482422,635000,13.305333296457926,2534233.3333333335,26.77675948448556,62.29769817486748,False,True
2011-12-27 20:00:00,14.760000228881836,15.140000343322754,14.59000015258789,15.140000343322754,595100,13.391999975840251,2464600.0,27.547998802401825,64.93159165475049,False,True
2011-12-28 20:00:00,15.079999923706056,15.300000190734863,14.890000343322754,15.06999969482422,1325100,13.471999963124594,2467173.3333333335,28.425564293811625,63.88027628052143,False,True
2011-12-29 20:00:00,15.100000381469728,15.289999961853027,14.899999618530272,14.989999771118164,837700,13.551666609446208,2471676.6666666665,29.240446535835012,62.63218394831826,False,True
2011-12-30 20:00:00,14.979999542236328,15.170000076293944,14.93000030517578,15.010000228881836,660000,13.620666631062825,2181570.0,29.997122903428156,62.82772328473592,False,True
2012-01-03 20:00:00,15.050000190734863,15.460000038146973,14.979999542236328,14.989999771118164,1052800,13.702333291371664,2014420.0,31.025254771286907,62.47565095518001,False,True
2012-01-04 20:00:00,14.869999885559082,15.170000076293944,14.739999771118164,14.779999732971191,1219100,13.787999947865805,1827636.6666666667,31.327761263265774,58.75281925023243,False,True
2012-01-05 20:00:00,14.720000267028809,15.579999923706056,14.720000267028809,15.449999809265137,1507500,13.90033327738444,1772346.6666666667,32.090569065160324,65.76258818656872,False,True
2012-01-06 20:00:00,15.4399995803833,16.3799991607666,15.4399995803833,16.299999237060547,2159400,14.033999919891357,1770216.6666666667,33.54304326795411,72.2141104741419,False,False
2012-01-09 20:00:00,16.309999465942383,16.75,16.200000762939453,16.280000686645508,1764100,14.183333269755046,1789330.0,35.17085883576778,71.87096417951193,False,True
2012-01-10 20:00:00,16.5,16.700000762939453,15.779999732971191,16.059999465942383,2187400,14.325999927520751,1846280.0,35.66358022719368,68.04062862509652,False,False
2012-01-11 20:00:00,16.0,16.239999771118164,15.710000038146973,16.170000076293945,2905800,14.459999942779541,1865933.3333333333,35.95760478211153,68.93218487831714,False,False
2012-01-12 20:00:00,16.200000762939453,16.43000030517578,15.579999923706056,16.420000076293945,1731800,14.595333290100097,1799636.6666666667,36.42410160947545,70.91785266145908,False,True
2012-01-13 20:00:00,16.190000534057617,16.8799991607666,16.149999618530273,16.8700008392334,1294400,14.698666636149088,1721683.3333333333,37.280052820567334,74.12378631963166,False,True
2012-01-17 20:00:00,16.989999771118164,17.219999313354492,16.770000457763672,16.950000762939453,1741600,14.782333342234294,1683673.3333333333,38.35961874274672,74.65862069899741,False,False
2012-01-18 20:00:00,17.299999237060547,17.709999084472656,17.079999923706055,17.56999969482422,2109600,14.893333339691162,1691900.0,39.726203149088064,78.38699710364435,False,False
2012-01-19 20:00:00,17.6299991607666,18.0,17.6299991607666,17.790000915527344,2380300,15.02100003560384,1628533.3333333333,41.1891657441911,79.53744810885456,False,False
2012-01-20 20:00:00,17.8700008392334,17.940000534057617,17.190000534057617,17.280000686645508,1285800,15.147000058492024,1613233.3333333333,41.46593378110201,70.20774157857701,False,True
2012-01-23 20:00:00,17.979999542236328,18.290000915527344,17.40999984741211,17.440000534057617,3018400,15.285000069936116,1672113.3333333333,42.016877753804614,71.34341797659295,False,False
2012-01-24 20:00:00,17.610000610351562,18.309999465942383,17.34000015258789,18.290000915527344,2841300,15.448000113169352,1724123.3333333333,42.359277349139866,76.47416358580344,False,False
2012-01-25 20:00:00,18.34000015258789,18.8799991607666,18.049999237060547,18.559999465942383,2554100,15.613333415985107,1756813.3333333333,43.14156847792302,77.83188849403463,False,False
2012-01-26 20:00:00,18.780000686645508,19.0,18.020000457763672,18.200000762939453,3330000,15.743333435058593,1780750.0,43.95790098443638,71.87564232795471,False,False
2012-01-27 20:00:00,18.09000015258789,18.450000762939453,17.920000076293945,17.920000076293945,2195100,15.886666774749756,1785493.3333333333,44.455077021095164,67.54594820115412,False,False
2012-01-30 20:00:00,17.81999969482422,17.940000534057617,17.399999618530273,17.530000686645508,1668400,16.0310001373291,1784590.0,43.65716090891811,61.94843257896231,False,True
2012-01-31 20:00:00,17.579999923706055,17.850000381469727,17.329999923706055,17.700000762939453,1631900,16.173666826883952,1775570.0,42.75766021911705,63.37326595261617,False,True
2012-02-01 20:00:00,17.8700008392334,18.040000915527344,17.700000762939453,17.989999771118164,1660600,16.314333470662437,1749180.0,42.15102587552076,65.73064560431283,False,True
2012-02-02 20:00:00,18.040000915527344,18.43000030517578,17.780000686645508,18.06999969482422,1098600,16.456666787465412,1733413.3333333333,42.02476466093837,66.37361348696751,False,True
2012-02-03 20:00:00,18.1299991607666,18.34000015258789,17.510000228881836,17.65999984741211,1694300,16.56466677983602,1725973.3333333333,41.25681244244085,60.14538584204344,False,True
2012-02-06 20:00:00,17.639999389648438,18.1200008392334,17.209999084472656,18.0,1647400,16.669333457946777,1715433.3333333333,39.868076510373676,63.226999457454546,False,True
2012-02-07 20:00:00,18.09000015258789,18.200000762939453,17.700000762939453,17.959999084472656,1643400,16.77533343633016,1745866.6666666667,38.69175502045677,62.613599489314296,False,True
2012-02-08 20:00:00,17.950000762939453,17.989999771118164,16.920000076293945,17.420000076293945,1728600,16.862000115712483,1782320.0,36.0524815729311,54.87404650019935,False,True
2012-02-09 20:00:00,17.389999389648438,17.520000457763672,17.040000915527344,17.219999313354492,1295000,16.931333414713542,1805650.0,33.601727657371555,52.29572670465752,False,True
2012-02-10 20:00:00,17.110000610351562,17.299999237060547,16.899999618530273,16.959999084472656,994000,16.99433339436849,1794613.3333333333,31.33332964640044,49.06801284107138,True,True
2012-02-13 20:00:00,17.15999984741211,18.34000015258789,17.079999923706055,18.309999465942383,2161600,17.105000050862632,1838743.3333333333,30.563568393609437,62.13580900740705,False,False
2012-02-14 20:00:00,18.8799991607666,18.8799991607666,18.040000915527344,18.270000457763672,2893200,17.213666725158692,1913183.3333333333,30.470267219726335,61.63124912644227,False,False
2012-02-15 20:00:00,18.36000061035156,18.36000061035156,17.1200008392334,17.260000228881836,3162600,17.289333407084147,1983510.0,28.838803753015927,50.48371106796413,True,False
2012-02-16 20:00:00,16.81999969482422,18.1200008392334,16.799999237060547,18.020000457763672,2801300,17.397333431243897,2036250.0,26.870448836027126,56.81367425373875,False,False
2012-02-17 20:00:00,17.979999542236328,17.979999542236328,17.270000457763672,17.56999969482422,1396700,17.468000094095867,2032556.6666666667,25.04269069882324,52.531565895000234,False,True
2012-02-21 20:00:00,17.610000610351562,17.739999771118164,16.90999984741211,16.90999984741211,1247300,17.488333447774252,2002153.3333333333,23.679293194684096,46.94310913638248,True,True
2012-02-22 20:00:00,16.889999389648438,17.100000381469727,16.329999923706055,16.969999313354492,1242400,17.511333401997884,1984763.3333333333,23.154223682784128,47.490001409925405,True,True
2012-02-23 20:00:00,17.030000686645508,17.469999313354492,16.850000381469727,17.190000534057617,992600,17.54900010426839,1944936.6666666667,22.08137066931089,49.54370488680384,True,True
2012-02-24 20:00:00,17.219999313354492,17.450000762939453,16.75,16.940000534057617,1171100,17.57466678619385,1887113.3333333333,21.216978708602074,47.280731133367006,True,True
2012-02-27 20:00:00,16.75,16.809999465942383,16.3700008392334,16.700000762939453,1819600,17.584000142415366,1890040.0,20.902810653840678,45.148708219221675,True,True
2012-02-28 20:00:00,16.780000686645508,17.43000030517578,16.739999771118164,16.81999969482422,1634800,17.582333437601726,1901386.6666666667,19.628431794831133,46.44895816685172,True,True
2012-02-29 20:00:00,16.799999237060547,17.399999618530273,16.799999237060547,16.959999084472656,1119400,17.582666714986164,1880646.6666666667,18.445079997179416,47.99775871040225,True,True
2012-03-01 20:00:00,17.110000610351562,17.84000015258789,16.850000381469727,17.729999542236328,1762700,17.588000043233237,1869083.3333333333,17.559378829555005,55.6032649282722,False,True
2012-03-02 20:00:00,17.739999771118164,17.860000610351562,17.200000762939453,17.540000915527344,1530200,17.579666709899904,1840746.6666666667,16.76584586475523,53.52312897684247,True,True
2012-03-05 20:00:00,17.40999984741211,17.719999313354492,17.209999084472656,17.469999313354492,977000,17.58599999745687,1830453.3333333333,16.028993826012588,52.74028342609823,True,True
2012-03-06 20:00:00,17.309999465942383,17.479999542236328,16.6299991607666,16.739999771118164,1226000,17.56266663869222,1770706.6666666667,15.385391300134524,45.29937302125141,True,True
2012-03-07 20:00:00,16.75,16.979999542236328,16.31999969482422,16.34000015258789,1422200,17.497666613260904,1723403.3333333333,15.238607677225449,41.81786688853673,True,True
2012-03-08 20:00:00,16.420000076293945,17.149999618530273,16.31999969482422,17.049999237060547,1539900,17.447333272298177,1689596.6666666667,14.79028912357634,49.27063029976448,True,True
2012-03-09 20:00:00,17.09000015258789,17.239999771118164,16.829999923706055,17.15999984741211,965700,17.41266657511393,1610786.6666666667,14.206634307251422,50.33214278989955,True,True
2012-03-11 20:00:00,17.1200008392334,17.290000915527344,16.5,16.559999465942383,537700,17.367333221435548,1555540.0,14.18669633048498,44.82273283854929,True,True
2012-03-12 20:00:00,16.649999618530273,16.90999984741211,16.520000457763672,16.799999237060547,673300,17.342999839782713,1522370.0,14.16818249491614,47.30731838568629,True,True
2012-03-13 20:00:00,16.729999542236328,17.149999618530273,16.479999542236328,16.549999237060547,673900,17.30466645558675,1490436.6666666667,13.64706409628117,45.03256501610314,True,True
2012-03-14 20:00:00,16.6299991607666,17.579999923706055,16.549999237060547,17.459999084472656,1270900,17.2869997660319,1477446.6666666667,12.99613942847613,53.750253350420365,False,True
2012-03-15 20:00:00,17.520000457763672,18.200000762939453,17.43000030517578,18.07999992370605,2889000,17.28733310699463,1537126.6666666667,13.361152513798272,58.57121528220161,False,False
2012-03-18 20:00:00,17.979999542236328,18.71999931335449,17.90999984741211,18.559999465942383,1621600,17.317333094278972,1534703.3333333333,14.36575311260816,61.88380123781923,False,False
2012-03-19 20:00:00,18.38999938964844,18.56999969482422,18.100000381469727,18.170000076293945,788100,17.32299976348877,1506060.0,15.29859652578877,57.83729056782414,False,True
2012-03-20 20:00:00,18.15999984741211,18.799999237060547,18.1200008392334,18.530000686645508,1653400,17.341999816894532,1506393.3333333333,16.45072559265853,60.41068127682534,False,False
2012-03-21 20:00:00,18.31999969482422,19.57999992370605,18.1299991607666,19.549999237060547,1949200,17.412999788920086,1513746.6666666667,18.341767459446952,66.62603710294403,False,False
2012-03-22 20:00:00,19.479999542236328,19.940000534057617,19.350000381469727,19.799999237060547,2301800,17.498999786376952,1547306.6666666667,20.41133941846318,67.95400291651511,False,False
2012-03-25 20:00:00,19.979999542236328,19.979999542236328,19.57999992370605,19.940000534057617,1324800,17.598333168029786,1558333.3333333333,22.367406672948874,68.70498742832883,False,True
2012-03-26 20:00:00,19.81999969482422,20.0,19.63999938964844,19.649999618530277,882300,17.642999839782714,1515690.0,24.201978656798385,65.29174257258077,False,True
2012-03-27 20:00:00,19.75,19.989999771118164,19.21999931335449,19.530000686645508,815500,17.684999847412108,1446433.3333333333,24.8530237810047,63.877608702074376,False,True
2012-03-28 20:00:00,19.3700008392334,19.979999542236328,19.200000762939453,19.8700008392334,1167000,17.771999867757163,1379913.3333333333,25.409214055327414,66.11685755880173,False,True
2012-03-29 20:00:00,20.239999771118164,20.600000381469727,19.26000022888184,19.299999237060547,1848100,17.814666493733725,1348140.0,26.62310531788928,59.46188610597416,False,False
2012-04-01 20:00:00,19.290000915527344,19.790000915527344,18.90999984741211,19.729999542236328,1021600,17.88666648864746,1335636.6666666667,26.92653068589678,62.526238143183164,False,True
2012-04-02 20:00:00,19.709999084472656,19.8700008392334,19.290000915527344,19.420000076293945,707200,17.970333162943522,1317633.3333333333,27.304792815554624,59.06009778884217,False,True
2012-04-03 20:00:00,19.21999931335449,19.270000457763672,18.920000076293945,18.979999542236328,601800,18.037333170572918,1296280.0,26.81818046766706,54.446587919703326,False,True
2012-04-04 20:00:00,18.989999771118164,19.799999237060547,18.93000030517578,19.59000015258789,746900,18.11733315785726,1288090.0,27.049966332319798,59.20444985790295,False,True
2012-04-08 20:00:00,19.21999931335449,19.25,18.81999969482422,18.96999931335449,656200,18.18499978383382,1270926.6666666667,27.021781530164567,53.13037053509603,False,True
2012-04-09 20:00:00,18.8799991607666,18.96999931335449,17.520000457763672,17.700000762939453,1659400,18.218333117167155,1265586.6666666667,25.45008191666137,43.32506808242644,True,False
2012-04-10 20:00:00,17.8799991607666,18.38999938964844,17.75,18.010000228881836,988800,18.25799980163574,1244053.3333333333,23.990646561265546,45.94733942638928,True,True
2012-04-11 20:00:00,18.0,18.18000030517578,17.799999237060547,18.11000061035156,662100,18.296333185831706,1228810.0,22.635456588397997,46.80241390155781,True,True
2012-04-12 20:00:00,17.989999771118164,18.0,17.530000686645508,17.649999618530273,1064400,18.29366652170817,1205533.3333333333,21.790360531476505,43.401225755008994,True,True
2012-04-15 20:00:00,17.670000076293945,17.860000610351562,17.079999923706055,17.350000381469727,1051200,18.287333170572918,1189566.6666666667,21.633592377069395,41.29361053218009,True,True
2012-04-16 20:00:00,17.899999618530273,18.13999938964844,17.40999984741211,17.969999313354492,1029500,18.303999837239584,1191316.6666666667,20.958776952377317,47.0197129659706,True,True
2012-04-17 20:00:00,17.889999389648438,18.149999618530277,17.709999084472656,17.829999923706055,573800,18.34033317565918,1169576.6666666667,20.313113035959272,45.93029909832843,True,True
2012-04-18 20:00:00,17.889999389648438,19.280000686645508,17.889999389648438,18.8799991607666,1694100,18.424999809265138,1178640.0,19.8045114479169,54.45371052269583,False,False
2012-04-19 20:00:00,19.13999938964844,19.5,18.93000030517578,19.43000030517578,1642800,18.504333178202312,1182070.0,19.610830784142216,58.17312200685609,False,False
2012-04-22 20:00:00,19.13999938964844,19.190000534057617,18.350000381469727,18.559999465942383,1359900,18.55099983215332,1195210.0,18.48476202923856,51.06887176482554,False,False
2012-04-23 20:00:00,18.61000061035156,19.020000457763672,18.309999465942383,18.770000457763672,1118600,18.624666531880695,1214573.3333333333,17.377318814700075,52.57442071660876,False,True
2012-04-24 20:00:00,18.950000762939453,19.770000457763672,18.65999984741211,19.399999618530277,1568100,18.71133321126302,1244400.0,17.347031408058907,56.862546030423,False,False
2012-04-25 20:00:00,20.75,21.959999084472656,20.0,21.93000030517578,6362800,18.890666580200197,1434030.0,19.167973712747912,68.98904263576576,False,False
2012-04-26 20:00:00,21.5,23.01000022888184,21.270000457763672,22.940000534057617,3736600,19.073333295186362,1516220.0,21.424876838582755,72.3327780934072,False,False
2012-04-29 20:00:00,22.850000381469727,23.149999618530277,22.540000915527344,22.65999984741211,5770500,19.225999959309895,1612270.0,23.589213893638256,70.0769085601511,False,False
2012-04-30 20:00:00,22.700000762939453,22.950000762939453,22.350000381469727,22.59000015258789,1633700,19.360333315531413,1612673.3333333333,25.29837214158057,69.49340413596893,False,False
2012-05-01 20:00:00,22.540000915527344,23.18000030517578,22.270000457763672,22.989999771118164,1181400,19.520999972025553,1625783.3333333333,27.016261114154467,70.98039672275249,False,True
2012-05-02 20:00:00,22.979999542236328,23.229999542236328,22.43000030517578,22.530000686645508,1799000,19.654333305358886,1630636.6666666667,28.64076039334814,66.93948384223964,False,False
2012-05-03 20:00:00,22.459999084472656,22.809999465942383,22.229999542236328,22.3799991607666,1249800,19.74866663614909,1607323.3333333333,29.788420755265943,65.62743533713633,False,True
2012-05-06 20:00:00,22.290000915527344,22.850000381469727,22.26000022888184,22.479999542236328,1216200,19.83799997965495,1571136.6666666667,30.88259051445122,66.10441658788267,False,True
2012-05-07 20:00:00,22.25,22.790000915527344,22.0,22.59000015258789,1486400,19.926333300272624,1576523.3333333333,31.400476143169154,66.65260444712958,False,True
2012-05-08 20:00:00,22.209999084472656,22.71999931335449,21.739999771118164,22.38999938964844,1747200,20.017666625976563,1605353.3333333333,31.39583444258898,64.6067011296094,False,False
2012-05-09 20:00:00,22.5,23.399999618530277,22.450000762939453,23.020000457763672,1900000,20.1339999516805,1641503.3333333333,31.988564721725123,67.94453265490844,False,False
2012-05-10 20:00:00,23.489999771118164,24.299999237060547,23.020000457763672,23.34000015258789,1840800,20.249666595458983,1663963.3333333333,33.17584604780832,69.51704269962919,False,False
2012-05-13 20:00:00,23.07999992370605,23.440000534057617,22.8799991607666,23.020000457763672,1129600,20.37366663614909,1640013.3333333333,34.021754093143095,66.0287793314859,False,True
2012-05-14 20:00:00,22.989999771118164,23.309999465942383,22.530000686645508,22.75,1072800,20.474333318074546,1641720.0,34.17436914053973,63.14947644521559,False,True
2012-05-15 20:00:00,22.93000030517578,23.729999542236328,22.780000686645508,23.700000762939453,2094900,20.617000007629393,1687976.6666666667,34.64978572132999,68.37498911057693,False,False
2012-05-16 20:00:00,23.65999984741211,23.850000381469727,22.0,22.06999969482422,2040100,20.72000001271566,1735920.0,33.806957955510356,54.17902103622841,False,False
2012-05-17 20:00:00,22.059999465942383,22.32999992370605,21.43000030517578,21.75,1471000,20.792000007629394,1760056.6666666667,32.22315987263403,51.900838709891225,False,True
2012-05-20 20:00:00,21.899999618530277,23.3700008392334,21.63999938964844,23.239999771118164,1462800,20.93433335622152,1786943.3333333333,31.712595961899922,60.27661223064662,False,True
2012-05-21 20:00:00,23.170000076293945,23.649999618530277,22.600000381469727,22.84000015258789,1098000,21.1056666692098,1768230.0,31.46455989546339,57.38751029973589,False,True
2012-05-22 20:00:00,22.65999984741211,22.76000022888184,22.049999237060547,22.56999969482422,1241800,21.257666651407877,1776663.3333333333,30.482888991584154,55.45533309508811,False,True
2012-05-23 20:00:00,22.84000015258789,22.84000015258789,22.190000534057617,22.65999984741211,1580700,21.40933329264323,1807283.3333333333,29.645891906488487,55.98728353585197,False,True
2012-05-24 20:00:00,22.57999992370605,22.809999465942383,22.049999237060547,22.40999984741211,1076500,21.56799996693929,1807686.6666666667,28.670600584263806,54.056194181715824,False,True
2012-05-28 20:00:00,22.68000030517578,23.09000015258789,22.26000022888184,22.3799991607666,1248300,21.73566659291585,1814256.6666666667,28.05229928784251,53.81630936858384,False,True
2012-05-29 20:00:00,22.09000015258789,22.34000015258789,21.68000030517578,22.049999237060547,1729400,21.871666590372723,1837586.6666666667,26.650857965694335,51.12856347543977,False,True
2012-05-30 20:00:00,22.15999984741211,22.270000457763672,20.850000381469727,21.309999465942383,1849100,21.98766657511393,1880096.6666666667,25.14771471197061,45.62572795878842,True,True
2012-05-31 20:00:00,20.979999542236328,21.09000015258789,20.5,20.520000457763672,1064200,22.042333285013836,1859100.0,24.126353124946828,40.60175399192455,True,True
2012-06-03 20:00:00,20.76000022888184,21.239999771118164,20.25,20.82999992370605,1067100,22.088999938964843,1839910.0,23.438819319456478,43.24280959967754,True,True
2012-06-04 20:00:00,20.780000686645508,22.13999938964844,20.68000030517578,21.739999771118164,1615600,22.19499994913737,1848433.3333333333,21.849774944917794,50.23753778847816,True,True
2012-06-05 20:00:00,22.299999237060547,23.290000915527344,22.1299991607666,23.209999084472656,2750200,22.342999903361,1902820.0,21.494104262899445,59.022766697987926,False,False
2012-06-06 20:00:00,23.57999992370605,23.6200008392334,22.899999618530277,23.200000762939453,1607300,22.46966660817464,1904126.6666666667,21.441389464900322,58.94654051137205,False,True
2012-06-07 20:00:00,23.1299991607666,23.200000762939453,22.420000076293945,22.780000686645508,3243400,22.497999954223634,1800146.6666666667,20.80397726770559,55.692745335977236,False,False
2012-06-10 20:00:00,23.11000061035156,23.190000534057617,21.989999771118164,22.01000022888184,1576700,22.466999944051107,1728150.0,19.715776947943052,50.219663015160975,True,True
2012-06-11 20:00:00,22.1299991607666,22.209999084472656,21.530000686645508,21.979999542236328,2057200,22.444333267211913,1604373.3333333333,18.41055157251454,50.01343629091765,True,False
2012-06-12 20:00:00,21.8799991607666,22.040000915527344,21.350000381469727,21.440000534057617,1348600,22.40599994659424,1594870.0,17.390231594799307,46.32585940030488,True,True
2012-06-13 20:00:00,21.540000915527344,22.040000915527344,21.1200008392334,21.989999771118164,1321900,22.372666613260904,1599553.3333333333,16.690101357824357,50.34190173038697,True,True
2012-06-14 20:00:00,22.040000915527344,22.690000534057617,21.799999237060547,22.649999618530277,2080200,22.376666577657065,1608926.6666666667,15.716929713669952,54.720188686353076,False,False
2012-06-17 20:00:00,22.3700008392334,23.100000381469727,22.3700008392334,22.8700008392334,1102700,22.39299996693929,1604023.3333333333,15.24966847993847,56.10934816964951,False,True
2012-06-18 20:00:00,22.93000030517578,23.959999084472656,22.899999618530277,23.559999465942383,1687900,22.42899996439616,1619746.6666666667,15.624319865306076,60.23038680214683,False,False
2012-06-19 20:00:00,23.36000061035156,23.61000061035156,22.709999084472656,23.01000022888184,1238800,22.44299996693929,1611493.3333333333,15.724345629527392,55.73792880145315,False,True
2012-06-20 20:00:00,23.0,23.46999931335449,22.46999931335449,22.790000915527344,2300600,22.456333351135253,1629940.0,15.50210679412199,54.00281217567237,False,False
2012-06-21 20:00:00,23.030000686645508,23.81999969482422,22.920000076293945,23.34000015258789,9644900,22.467000007629395,1888103.3333333333,15.644646973705958,57.55978740323129,False,False
2012-06-24 20:00:00,23.100000381469727,23.3700008392334,22.6200008392334,22.770000457763672,990700,22.44800001780192,1859766.6666666667,15.36521517076721,52.986659771540154,False,True
2012-06-25 20:00:00,22.75,23.09000015258789,22.200000762939453,22.61000061035156,1079700,22.43433335622152,1858103.3333333333,14.556016532071167,51.74391189834372,False,True
2012-06-26 20:00:00,22.600000381469727,23.26000022888184,22.46999931335449,23.149999618530277,1394900,22.447666676839194,1868840.0,14.004424346515638,55.53442880696271,False,True
2012-06-27 20:00:00,23.01000022888184,23.31999969482422,22.0,22.350000381469727,1144000,22.402666664123537,1837143.3333333333,13.125380645484517,49.349807877359694,True,True
2012-06-28 20:00:00,22.940000534057617,23.06999969482422,22.440000534057617,22.700000762939453,743300,22.423666699727377,1793916.6666666667,12.309125780241333,51.87494873991898,False,True
2012-07-01 20:00:00,22.76000022888184,25.09000015258789,22.649999618530277,24.84000015258789,2356700,22.52666670481364,1823440.0,13.376875499563294,63.76868749244514,False,False
2012-07-02 20:00:00,24.75,24.8799991607666,24.32999992370605,24.649999618530277,865100,22.573666699727376,1803516.6666666667,14.368357381790831,62.296587525390166,False,True
2012-07-04 20:00:00,24.559999465942383,25.540000915527344,24.559999465942383,25.149999618530277,1500300,22.650666681925454,1816926.6666666667,15.795011831598712,64.61178654018983,False,True
2012-07-05 20:00:00,24.979999542236328,25.40999984741211,24.799999237060547,25.31999969482422,956700,22.742333348592123,1807423.3333333333,17.1197623921346,65.38995500820103,False,True
2012-07-08 20:00:00,25.21999931335449,26.13999938964844,25.21999931335449,25.84000015258789,2994400,22.84833335876465,1854546.6666666667,18.870690155494966,67.7276350837938,False,False
2012-07-09 20:00:00,25.850000381469727,26.299999237060547,25.530000686645508,25.700000762939453,1320600,22.958000055948894,1862683.3333333333,20.60303851317489,66.42676738679782,False,True
2012-07-10 20:00:00,25.36000061035156,25.5,23.959999084472656,24.38999938964844,1691100,23.025000063578286,1877443.3333333333,20.0387964354236,55.65469387300253,False,True
2012-07-11 20:00:00,24.299999237060547,25.790000915527344,24.209999084472656,25.600000381469727,1514400,23.143333435058594,1870276.6666666667,19.76779569880535,61.8143325229525,False,True
2012-07-12 20:00:00,25.739999771118164,25.75,25.280000686645508,25.46999931335449,949700,23.282000096639,1840296.6666666667,19.516152157659835,60.8366037034013,False,True
2012-07-15 20:00:00,25.5,25.770000457763672,25.190000534057617,25.479999542236328,968900,23.447333399454752,1837120.0,19.162998994889744,60.88785308048942,False,True
2012-07-16 20:00:00,25.729999542236328,25.739999771118164,25.229999542236328,25.5,863700,23.60300006866455,1830340.0,18.835071058031804,60.99778206788886,False,True
2012-07-17 20:00:00,25.420000076293945,25.96999931335449,25.1299991607666,25.399999618530277,1146900,23.72500006357829,1814716.6666666667,18.78017060230515,60.08841808954877,False,True
2012-07-18 20:00:00,25.46999931335449,25.46999931335449,24.649999618530277,25.11000061035156,543100,23.788333447774253,1741146.6666666667,18.019156226858705,57.41522509664153,False,True
2012-07-19 20:00:00,25.020000457763672,25.1200008392334,24.36000061035156,24.549999237060547,946000,23.83333339691162,1719103.3333333333,16.911391451259874,52.5532125473179,False,True
2012-07-22 20:00:00,24.290000915527344,24.489999771118164,23.850000381469727,24.1299991607666,690500,23.87833334604899,1634006.6666666667,16.17983026573734,49.18886563430475,False,True
2012-07-23 20:00:00,24.3799991607666,24.51000022888184,23.739999771118164,23.90999984741211,569300,23.941666666666666,1600426.6666666667,15.636366534749188,47.47444251290465,True,True
2012-07-24 20:00:00,24.100000381469727,24.5,23.670000076293945,24.09000015258789,824700,24.012000020345052,1559343.3333333333,15.221662994933167,49.03946920938382,False,True
2012-07-25 20:00:00,24.399999618530277,25.32999992370605,24.399999618530277,24.8799991607666,1015800,24.126666641235353,1548250.0,14.605525063142911,55.33022508348909,False,True
2012-07-26 20:00:00,25.0,25.76000022888184,24.940000534057617,25.600000381469727,1171700,24.246999994913736,1543243.3333333333,14.547231552496148,60.15754766160115,False,True
2012-07-29 20:00:00,25.559999465942383,25.88999938964844,25.34000015258789,25.520000457763672,1259700,24.34266668955485,1515893.3333333333,14.643734129246749,59.38957842634842,False,True
2012-07-30 20:00:00,25.5,25.850000381469727,24.950000762939453,24.989999771118164,1503600,24.413333320617674,1529256.6666666667,14.127014031387985,54.43189600030951,False,True
2012-07-31 20:00:00,25.15999984741211,26.149999618530277,24.799999237060547,24.920000076293945,2812700,24.45866667429606,1566750.0,14.025520203158965,53.79319121780972,False,False
2012-08-01 20:00:00,20.290000915527344,20.700000762939453,17.75,19.56999969482422,11257500,24.343999989827473,1900706.6666666667,16.877547854415727,27.36447164420125,True,False
2012-08-02 20:00:00,19.65999984741211,20.020000457763672,18.43000030517578,18.479999542236328,5985800,24.20033327738444,2023546.6666666667,19.525859244868435,24.701704636294856,True,False
2012-08-05 20:00:00,18.46999931335449,18.81999969482422,17.979999542236328,18.299999237060547,4230000,24.032333246866862,1843050.0,22.122969530802372,24.281507477147006,True,False
2012-08-06 20:00:00,18.309999465942383,18.57999992370605,18.1200008392334,18.149999618530277,2011700,23.878333218892415,1877083.3333333333,24.5345719391696,23.91639762740843,True,False
2012-08-07 20:00:00,18.149999618530277,18.31999969482422,17.469999313354492,17.600000381469727,2686200,23.71133321126302,1930633.3333333333,26.980803617283748,22.575947949947388,True,False
2012-08-08 20:00:00,17.610000610351562,18.0,17.610000610351562,17.770000457763672,1829200,23.531999905904133,1945110.0,29.252304461246883,23.993942840031604,True,True
2012-08-09 20:00:00,17.75,18.309999465942383,17.700000762939453,18.209999084472656,2304300,23.3939998626709,1983786.6666666667,30.964112427133166,27.685511706302947,True,False
2012-08-12 20:00:00,18.1200008392334,18.309999465942383,17.829999923706055,18.190000534057617,1448100,23.24366652170817,2007280.0,32.55364839545614,27.619849426585574,True,True
2012-08-13 20:00:00,18.26000022888184,18.479999542236328,18.21999931335449,18.25,1620300,23.023999849955242,1982733.3333333333,33.791047904600966,28.17027821117042,True,True
2012-08-14 20:00:00,18.21999931335449,18.520000457763672,18.13999938964844,18.5,854900,22.8189998626709,1982393.3333333333,34.97918602211569,30.540508596278627,True,True
2012-08-15 20:00:00,18.51000022888184,19.030000686645508,18.309999465942383,18.770000457763672,1390100,22.606333223978677,1978720.0,35.3326001600061,33.107776460208115,True,True
2012-08-16 20:00:00,18.790000915527344,18.950000762939453,18.56999969482422,18.940000534057617,1028900,22.393666585286457,1981126.6666666667,35.660770430904336,34.74321621402022,True,True
2012-08-19 20:00:00,18.86000061035156,18.920000076293945,18.26000022888184,18.780000686645508,1206300,22.158333269755044,1921523.3333333333,36.166705741343925,33.90307338830068,True,True
2012-08-20 20:00:00,18.799999237060547,19.479999542236328,18.770000457763672,19.299999237060547,1476300,21.94499988555908,1926713.3333333333,35.78415545071177,39.060677172891594,True,True
2012-08-21 20:00:00,19.239999771118164,19.420000076293945,19.149999618530277,19.34000015258789,779400,21.776666577657064,1896323.3333333333,35.42893018083906,39.45207504090478,True,True
2012-08-22 20:00:00,19.36000061035156,19.979999542236328,19.32999992370605,19.899999618530277,1435400,21.586666552225747,1893690.0,34.27325851288635,44.79749669855095,True,True
2012-08-23 20:00:00,19.8700008392334,20.11000061035156,19.8700008392334,20.040000915527344,1014800,21.40566660563151,1895860.0,33.015994068657584,46.0791442454651,True,True
2012-08-26 20:00:00,20.1200008392334,20.530000686645508,19.90999984741211,20.290000915527344,1089000,21.23266665140788,1899863.3333333333,31.265559428999843,48.383710776598136,True,True
2012-08-27 20:00:00,20.25,20.440000534057617,20.149999618530277,20.21999931335449,1157100,21.056666628519693,1909643.3333333333,29.640155835031944,47.768076372884686,True,True
2012-08-28 20:00:00,20.299999237060547,20.43000030517578,20.09000015258789,20.200000762939453,1066500,20.883333333333333,1906963.3333333333,28.205724895409865,47.581807680417896,True,True
2012-08-29 20:00:00,19.56999969482422,19.979999542236328,19.51000022888184,19.920000076293945,1858100,20.71033331553141,1950796.6666666667,27.562162380212442,44.93954467694296,True,True
2012-08-30 20:00:00,19.979999542236328,20.1299991607666,19.809999465942383,20.01000022888184,580900,20.55900001525879,1938626.6666666667,26.719163779143905,45.977968988441525,True,True
2012-09-03 20:00:00,20.01000022888184,20.040000915527344,19.88999938964844,20.01000022888184,1333600,20.4216667175293,1960063.3333333333,25.936379363865974,45.977968988441525,True,True
2012-09-04 20:00:00,20.0,20.030000686645508,19.36000061035156,19.40999984741211,1922500,20.271666717529296,2005170.0,25.84514211161557,40.126746118856516,True,True
2012-09-05 20:00:00,19.450000762939453,19.75,19.43000030517578,19.61000061035156,1318600,20.122333399454753,2021633.3333333333,25.76042180595448,42.74248369988245,True,True
2012-09-06 20:00:00,19.649999618530277,19.65999984741211,18.229999542236328,18.32999992370605,2768600,19.904000091552735,2080060.0,26.85037104762149,32.85079520165492,True,False
2012-09-09 20:00:00,18.34000015258789,18.3700008392334,17.6299991607666,17.889999389648438,2869700,19.647000058492026,2136660.0,28.30350614442326,30.258492852216484,True,False
2012-09-10 20:00:00,17.790000915527344,18.21999931335449,17.639999389648438,17.93000030517578,1763100,19.39400005340576,2153440.0,29.65284587716776,30.79316818233444,True,True
2012-09-11 20:00:00,18.0,18.350000381469727,17.979999542236328,18.170000076293945,1756400,19.166666730244955,2161866.6666666665,30.636310247503218,34.0596170359447,True,True
2012-09-12 20:00:00,18.149999618530277,18.200000762939453,17.280000686645508,17.3799991607666,2880200,18.915333366394044,2164116.6666666665,32.0724815006606,29.1778058847323,True,False
2012-09-13 20:00:00,17.399999618530273,17.959999084472656,17.350000381469727,17.8799991607666,1822500,18.85900001525879,1849616.6666666667,33.40606909287817,35.48093723873787,True,True
2012-09-16 20:00:00,17.829999923706055,18.030000686645508,17.719999313354492,17.969999313354492,966100,18.842000007629395,1682293.3333333333,34.48519492243448,36.57515638639605,True,True
2012-09-17 20:00:00,18.0,18.36000061035156,18.0,18.290000915527344,1140300,18.841666730244956,1579303.3333333333,34.74653701524067,40.44278054433667,True,True
2012-09-18 20:00:00,18.31999969482422,18.979999542236328,18.280000686645508,18.950000762939453,1709800,18.868333435058595,1569240.0,33.76774797471561,47.54721882161355,False,False
2012-09-19 20:00:00,18.8799991607666,19.270000457763672,18.82999992370605,19.229999542236328,1344300,18.92266674041748,1524510.0,32.35139865598837,50.25812489616088,False,True
2012-09-20 20:00:00,19.309999465942383,20.0,19.25,19.950000762939453,2671100,18.995333417256674,1552573.3333333333,30.162138651540115,56.48596037471272,False,False
2012-09-23 20:00:00,19.75,19.780000686645508,18.559999465942383,18.61000061035156,1502500,19.008666801452637,1525846.6666666667,28.77676404083411,45.15478302910021,True,True
2012-09-24 20:00:00,18.59000015258789,18.71999931335449,17.670000076293945,17.719999313354492,2138300,18.993000094095866,1548853.3333333333,28.41785048329896,39.488758219718775,True,False
2012-09-25 20:00:00,17.719999313354492,17.969999313354492,17.31999969482422,17.760000228881836,1102200,18.976666768391926,1531583.3333333333,28.40073591068196,39.85405432755961,True,True
2012-09-26 20:00:00,17.850000381469727,17.940000534057617,17.68000030517578,17.770000457763672,1249100,18.952333450317383,1544723.3333333333,28.384843807537603,39.951650939896545,True,True
2012-09-27 20:00:00,17.75,18.1299991607666,17.709999084472656,18.049999237060547,1055100,18.928333409627278,1533556.6666666667,28.04726881243405,42.752660400520156,True,True
2012-09-30 20:00:00,18.1299991607666,18.209999084472656,17.799999237060547,17.899999618530273,1129600,18.893666712443032,1536913.3333333333,27.59480987701767,41.63228779529096,True,True
2012-10-01 20:00:00,17.899999618530273,18.40999984741211,17.899999618530273,18.3700008392334,1031700,18.88000005086263,1531093.3333333333,26.821306532877355,46.37433167676716,True,True
2012-10-02 20:00:00,18.36000061035156,18.40999984741211,17.969999313354492,18.1299991607666,974200,18.841000048319497,1514356.6666666667,26.103053427604205,44.39103298568424,True,True
2012-10-03 20:00:00,18.170000076293945,18.26000022888184,17.950000762939453,18.049999237060547,813400,18.79800001780192,1515490.0,25.463996170854177,43.719837574833186,True,True
2012-10-04 20:00:00,18.07999992370605,18.38999938964844,17.940000534057617,18.36000061035156,1006500,18.746666717529298,1501193.3333333333,24.604490874524995,47.060208406871965,True,True
2012-10-07 20:00:00,18.209999084472656,18.6299991607666,18.13999938964844,18.459999084472656,621300,18.693999989827475,1488076.6666666667,23.324614611449714,48.12968833186223,True,True
2012-10-08 20:00:00,18.459999084472656,18.530000686645508,18.06999969482422,18.1200008392334,742400,18.62166665395101,1476523.3333333333,22.258361243553818,44.81472214012224,True,True
2012-10-09 20:00:00,18.09000015258789,18.1299991607666,17.15999984741211,17.260000228881836,1073100,18.52300001780192,1473723.3333333333,22.604712591877703,37.734986787440825,True,True
2012-10-10 20:00:00,17.420000076293945,17.610000610351562,16.809999465942383,17.1299991607666,1996700,18.420666631062826,1504730.0,23.332456268762648,36.78886817359482,True,False
2012-10-11 20:00:00,17.100000381469727,17.219999313354492,16.6200008392334,16.75,1456000,18.314999961853026,1491326.6666666667,24.217579820277283,34.097665354879766,True,True
2012-10-14 20:00:00,16.809999465942383,17.190000534057617,16.75,17.1299991607666,1184400,18.218999926249186,1511443.3333333333,25.039480260969444,38.91029779008016,True,True
2012-10-15 20:00:00,17.15999984741211,17.670000076293945,17.0,17.6200008392334,756600,18.139333279927573,1492210.0,24.70423713325992,44.535011642103946,True,True
2012-10-16 20:00:00,17.59000015258789,18.13999938964844,17.59000015258789,18.049999237060547,779400,18.093999926249186,1454106.6666666667,23.475505062483204,48.974883005828765,True,True
2012-10-17 20:00:00,18.049999237060547,18.270000457763672,17.729999542236328,17.760000228881836,869600,18.032333246866862,1439140.0,22.097946287779795,46.28398893964209,True,True
2012-10-18 20:00:00,17.729999542236328,17.729999542236328,17.059999465942383,17.219999313354492,1386000,17.99533322652181,1393053.3333333333,21.818207853199873,41.69049724241831,True,True
2012-10-21 20:00:00,17.219999313354492,17.270000457763672,16.600000381469727,16.6200008392334,841000,17.952999941507976,1325430.0,22.127990565051544,37.26507706701811,True,True
2012-10-22 20:00:00,16.649999618530273,16.65999984741211,15.890000343322754,16.170000076293945,3456700,17.894333267211913,1381883.3333333333,23.150967174625368,34.322398329539986,True,False
2012-10-23 20:00:00,16.25,16.6299991607666,16.200000762939453,16.350000381469727,861300,17.833666610717774,1352046.6666666667,24.100874026372487,36.48300371547109,True,True
2012-10-24 20:00:00,16.479999542236328,16.549999237060547,16.34000015258789,16.450000762939453,728100,17.802666664123535,1280310.0,24.9829303887091,37.70902053268494,True,True
2012-10-25 20:00:00,16.489999771118164,16.56999969482422,16.0,16.18000030517578,1174400,17.746000035603842,1258706.6666666667,26.151339348314625,35.70508356823531,True,True
2012-10-30 20:00:00,16.200000762939453,16.459999084472656,15.43000030517578,15.960000038146973,2455300,17.67900005976359,1308346.6666666667,27.747458650189547,34.11427353113964,True,False
2012-10-31 20:00:00,15.899999618530272,17.649999618530273,15.899999618530272,17.610000610351562,2933600,17.656333382924398,1368123.3333333333,26.946427999176088,51.54963312248406,True,False
2012-11-01 20:00:00,17.469999313354492,17.809999465942383,16.979999542236328,17.040000915527344,1951000,17.592666721343996,1376163.3333333333,25.95102457614983,46.92943976575515,True,False
2012-11-05 20:00:00,17.09000015258789,17.549999237060547,17.040000915527344,17.5,1197000,17.535000069936117,1371253.3333333333,25.026721397625447,50.76456360059423,True,True
2012-11-06 20:00:00,17.479999542236328,17.799999237060547,17.40999984741211,17.709999084472656,1097700,17.460333347320557,1318806.6666666667,23.7492661930728,52.45378579726734,False,True
2012-11-07 20:00:00,18.15999984741211,18.190000534057617,16.799999237060547,16.899999618530273,2110900,17.403333314259847,1339086.6666666667,23.35942984351036,45.910801512974786,True,False
2012-11-08 20:00:00,16.899999618530273,16.989999771118164,16.43000030517578,16.5,1121700,17.362666670481364,1305200.0,23.421890615318908,43.05466611103051,True,True
2012-11-09 20:00:00,16.520000457763672,16.959999084472656,16.309999465942383,16.850000381469727,1184400,17.332333342234293,1307940.0,23.613953522951512,46.2080361805416,True,True
2012-11-12 20:00:00,16.90999984741211,17.1299991607666,16.600000381469727,16.790000915527344,580400,17.299666690826417,1285650.0,23.464257667330397,45.74042962896383,True,True
2012-11-13 20:00:00,16.84000015258789,17.06999969482422,16.68000030517578,16.940000534057617,632600,17.262666734059653,1271566.6666666667,23.325254372825075,47.17953550031447,True,True
2012-11-14 20:00:00,17.350000381469727,17.350000381469727,16.530000686645508,16.6299991607666,1063900,17.22033338546753,1269376.6666666667,22.631647700946296,44.549752940990444,True,True
2012-11-15 20:00:00,16.520000457763672,16.600000381469727,15.899999618530272,16.270000457763672,1128500,17.15033337275187,1272603.3333333333,22.827618881791217,41.64661363592546,True,True
2012-11-16 20:00:00,16.280000686645508,17.079999923706055,16.200000762939453,16.950000762939453,997000,17.111000092824302,1273363.3333333333,22.109754130559416,48.476601501455455,True,True
2012-11-19 20:00:00,17.09000015258789,17.600000381469727,17.049999237060547,17.56999969482422,1298500,17.095000108083088,1289533.3333333333,20.597923267350474,53.78762994653796,False,False
2012-11-20 20:00:00,17.579999923706055,18.059999465942383,17.540000915527344,17.809999465942383,943200,17.076666736602782,1287423.3333333333,19.71444643690884,55.691619545811996,False,True
2012-11-21 20:00:00,17.809999465942383,18.06999969482422,17.700000762939453,17.989999771118164,1074300,17.0610000928243,1302523.3333333333,18.9079918742816,57.1186138579162,False,True
2012-11-23 20:00:00,18.0,18.31999969482422,17.959999084472656,18.299999237060547,319000,17.067000039418538,1288410.0,18.51280498902353,59.535640428863005,False,True
2012-11-26 20:00:00,18.280000686645508,18.31999969482422,17.850000381469727,17.969999313354492,775700,17.090666675567626,1278496.6666666667,17.943555912388092,55.922094215166574,False,True
2012-11-27 20:00:00,18.0,18.309999465942383,17.950000762939453,18.059999465942383,737400,17.121666685740152,1236520.0,17.41496748408376,56.694095087699324,False,True
2012-11-28 20:00:00,18.010000228881836,18.049999237060547,17.40999984741211,17.530000686645508,1237600,17.147666708628336,1229240.0,16.40108505957764,51.026381240350624,False,False
2012-11-29 20:00:00,17.639999389648438,17.989999771118164,17.510000228881836,17.93000030517578,692400,17.174333413441975,1212840.0,15.459622808250526,54.706606009053175,False,True
2012-11-30 20:00:00,17.989999771118164,17.989999771118164,17.530000686645508,17.600000381469727,809700,17.17366673151652,1214610.0,14.585407860589635,51.282698952553865,False,True
2012-12-03 20:00:00,17.670000076293945,17.670000076293945,17.459999084472656,17.5,879300,17.1553334236145,1217940.0,13.910241126428287,50.25623281567656,False,True
2012-12-04 20:00:00,17.540000915527344,17.850000381469727,17.510000228881836,17.799999237060547,770700,17.156666723887124,1214643.3333333333,12.939616878599326,53.27759062426802,False,True
2012-12-05 20:00:00,17.81999969482422,17.93000030517578,17.600000381469727,17.850000381469727,984200,17.177666759490968,1201250.0,12.210844384221044,53.781467143985964,False,True
2012-12-06 20:00:00,17.799999237060547,18.0,17.75,17.979999542236328,924500,17.223000049591064,1204033.3333333333,11.68921454480434,55.136159336379244,False,True
2012-12-07 20:00:00,18.0,18.0,17.780000686645508,17.860000610351562,1075600,17.27933340072632,1124663.3333333333,11.204843979631686,53.57513643918117,False,True
2012-12-10 20:00:00,17.8700008392334,18.25,17.809999465942383,18.15999984741211,1254000,17.33966671625773,1137753.3333333333,11.329952917160673,56.863255831931184,False,False
2012-12-11 20:00:00,18.229999542236328,18.40999984741211,17.719999313354492,17.84000015258789,1228700,17.386000029246013,1154440.0,11.788824445978506,52.58494381932245,False,False
2012-12-12 20:00:00,16.649999618530273,17.1299991607666,16.31999969482422,16.75,6425100,17.405000019073487,1329463.3333333333,12.553855388251053,41.21090797436058,True,False
2012-12-13 20:00:00,17.010000228881836,17.020000457763672,16.479999542236328,16.540000915527344,1526500,17.424333381652833,1298503.3333333333,13.26424126321842,39.44089883818373,True,False
2012-12-14 20:00:00,16.5,16.530000686645508,15.779999732971191,16.040000915527344,1793400,17.372000058492024,1260496.6666666667,14.839692496130791,35.52822114261113,True,False
2012-12-17 20:00:00,16.06999969482422,16.270000457763672,15.829999923706056,16.059999465942383,1638200,17.33933334350586,1250070.0,16.30261149812085,35.80254166630954,True,False
2012-12-18 20:00:00,16.200000762939453,16.309999465942383,16.040000915527344,16.239999771118164,939100,17.297333335876466,1241473.3333333333,17.55621555265387,38.34535149746085,True,True
2012-12-19 20:00:00,16.329999923706055,16.350000381469727,16.030000686645508,16.149999618530273,792700,17.245333353678387,1231306.6666666667,18.609900557453127,37.54459917372876,True,True
2012-12-20 20:00:00,16.299999237060547,16.760000228881836,16.190000534057617,16.719999313354492,1538300,17.23933334350586,1212220.0,18.520152825890072,45.33109288649406,True,False
2012-12-21 20:00:00,16.489999771118164,16.610000610351562,16.229999542236328,16.350000381469727,872200,17.234333356221516,1203903.3333333333,18.43681564658152,41.6970673173768,True,True
2012-12-24 20:00:00,16.309999465942383,16.389999389648438,16.110000610351562,16.200000762939453,203300,17.212666702270507,1171200.0,18.577549449394997,40.287027484077655,True,True
2012-12-26 20:00:00,16.15999984741211,16.270000457763672,16.010000228881836,16.059999465942383,837600,17.188333320617676,1179773.3333333333,18.89069745774547,38.962681977586996,True,True
2012-12-27 20:00:00,16.040000915527344,16.280000686645508,15.84000015258789,16.079999923706055,923300,17.15966663360596,1189463.3333333333,19.486865412553385,39.26981973420311,True,True
2012-12-28 20:00:00,16.079999923706055,16.200000762939453,15.920000076293944,16.06999969482422,781900,17.14099998474121,1180063.3333333333,20.040449942017876,39.16370487011399,True,True
2012-12-31 20:00:00,16.079999923706055,16.65999984741211,15.989999771118164,16.610000610351562,1735400,17.152333323160807,1200293.3333333333,19.206437442868054,47.42529094351003,True,False
2013-01-02 20:00:00,16.719999313354492,17.100000381469727,16.579999923706055,17.0,1509400,17.15399996439616,1217373.3333333333,18.26301230844388,52.44784889265036,True,False
2013-01-03 20:00:00,17.010000228881836,17.229999542236328,16.899999618530273,17.100000381469727,1431600,17.138333320617676,1221810.0,17.658675690168785,53.67002162059801,True,False
2013-01-04 20:00:00,17.18000030517578,17.3700008392334,17.020000457763672,17.280000686645508,1419800,17.120666694641113,1237696.6666666667,17.386314465532465,55.868717861287365,False,False
2013-01-07 20:00:00,17.309999465942383,17.93000030517578,16.719999313354492,17.889999389648438,2179400,17.117333348592123,1274533.3333333333,18.129398065100954,62.383781015590486,False,False
2013-01-08 20:00:00,17.8700008392334,18.799999237060547,17.8700008392334,18.799999237060547,2525200,17.13400001525879,1348073.3333333333,19.91846727691174,69.5950738144152,False,False
2013-01-09 20:00:00,18.75,19.600000381469727,18.65999984741211,19.309999465942383,2505200,17.17866668701172,1405723.3333333333,22.28697365785033,72.74823622120662,False,False
2013-01-10 20:00:00,19.399999618530277,19.399999618530277,18.6299991607666,18.959999084472656,1856900,17.20866667429606,1443040.0,24.409896019481828,67.56936563797481,False,False
2013-01-11 20:00:00,18.84000015258789,19.170000076293945,18.13999938964844,18.200000762939453,2372000,17.231000010172526,1480853.3333333333,25.192731636388253,57.92626088028749,False,False
2013-01-14 20:00:00,18.76000022888184,19.440000534057617,18.68000030517578,19.21999931335449,2472900,17.273999977111817,1540203.3333333333,26.201212741577226,65.12083000405977,False,False
2013-01-15 20:00:00,19.11000061035156,19.84000015258789,19.040000915527344,19.540000915527344,1798500,17.338666661580405,1573163.3333333333,27.522070458991973,67.02587086716784,False,False
2013-01-16 20:00:00,19.540000915527344,19.540000915527344,18.799999237060547,18.90999984741211,1186100,17.38566665649414,1583390.0,28.188464687537728,60.06974030482534,False,True
2013-01-17 20:00:00,18.93000030517578,19.209999084472656,18.520000457763672,19.209999084472656,1164700,17.432666651407878,1596523.3333333333,28.184100663705983,62.08750788655822,False,True
2013-01-18 20:00:00,19.170000076293945,19.209999084472656,18.82999992370605,19.18000030517578,806600,17.47699998219808,1590603.3333333333,28.180048355862223,61.751472941810704,False,True
2013-01-22 20:00:00,19.18000030517578,19.229999542236328,18.899999618530277,19.18000030517578,848100,17.517000007629395,1588056.6666666667,28.203255312871914,61.751472941810704,False,True
2013-01-23 20:00:00,18.6299991607666,18.899999618530277,18.229999542236328,18.3799991607666,3696900,17.53433329264323,1675433.3333333333,26.762354760189087,52.89691383522417,False,False
2013-01-24 20:00:00,18.420000076293945,19.11000061035156,18.040000915527344,18.25,2438300,17.537333297729493,1714910.0,25.759638594556435,51.60205844146566,False,False
2013-01-25 20:00:00,18.34000015258789,18.71999931335449,18.06999969482422,18.700000762939453,2089200,17.56599998474121,1743593.3333333333,24.828545012183262,55.649211811716704,False,False
2013-01-28 20:00:00,18.790000915527344,18.899999618530277,18.65999984741211,18.739999771118164,1018300,17.63233331044515,1563366.6666666667,24.26495668079835,56.00140603310726,False,True
2013-01-29 20:00:00,18.729999542236328,18.780000686645508,18.290000915527344,18.600000381469727,872000,17.700999959309897,1541550.0,22.935062236001947,54.37386229070764,False,True
2013-01-30 20:00:00,18.6200008392334,18.790000915527344,17.770000457763672,17.84000015258789,1463600,17.76099993387858,1530556.6666666667,21.855765225664037,46.47716279684661,False,True
2013-01-31 20:00:00,17.860000610351562,18.489999771118164,17.790000915527344,18.3799991607666,1709200,17.838333257039388,1532923.3333333333,20.853560858921693,51.83013269130081,False,False
2013-02-01 20:00:00,18.3799991607666,18.670000076293945,18.209999084472656,18.440000534057617,1008900,17.911666615804037,1535250.0,19.547879588350675,52.399794900308535,False,True
2013-02-04 20:00:00,18.38999938964844,18.479999542236328,17.920000076293945,18.040000915527344,1273000,17.974666659037272,1551260.0,18.87763816209133,48.29904247294982,False,True
2013-02-05 20:00:00,18.040000915527344,18.31999969482422,17.8700008392334,18.270000457763672,864900,18.026333363850913,1528813.3333333333,18.346772645580963,50.68868335742517,False,True
2013-02-06 20:00:00,18.31999969482422,18.600000381469727,18.1299991607666,18.34000015258789,618500,18.09266668955485,1520356.6666666667,17.223457903390997,51.424559393777244,False,True
2013-02-07 20:00:00,18.290000915527344,18.36000061035156,17.440000534057617,18.020000457763672,1466000,18.153333346048992,1562446.6666666667,17.388287490340037,47.90508524161892,True,True
2013-02-08 20:00:00,18.0,18.31999969482422,17.950000762939453,18.31999969482422,968600,18.228666687011717,1566813.3333333333,17.541343535364142,51.27206479546459,False,True
2013-02-11 20:00:00,18.32999992370605,18.63999938964844,18.280000686645508,18.36000061035156,1236700,18.3046667098999,1577260.0,16.954116103657388,51.720134584486345,False,True
2013-02-12 20:00:00,18.399999618530277,18.520000457763672,18.26000022888184,18.420000076293945,1063400,18.383000055948894,1586643.3333333333,16.445863301820253,52.42676523756698,False,True
2013-02-13 20:00:00,18.299999237060547,18.65999984741211,18.15999984741211,18.649999618530277,2593400,18.451000022888184,1615243.3333333333,15.649767150181946,55.13742429766084,False,False
2013-02-14 20:00:00,19.290000915527344,21.0,18.32999992370605,20.559999465942383,4904000,18.56966667175293,1728396.6666666667,17.361240767953127,70.28120829420686,False,False
2013-02-15 20:00:00,20.46999931335449,22.81999969482422,20.270000457763672,22.0,6211800,18.732999992370605,1887736.6666666667,20.08583941532063,76.67416086540058,False,False
2013-02-19 20:00:00,21.989999771118164,22.229999542236328,21.280000686645508,21.86000061035156,2328700,18.88566665649414,1918033.3333333333,22.61582387359046,74.9852970794375,False,False
2013-02-20 20:00:00,21.8799991607666,21.920000076293945,21.149999618530277,21.200000762939453,1378200,18.996000035603842,1891326.6666666667,24.728067166469014,67.44329343870183,False,True
2013-02-21 20:00:00,21.11000061035156,21.270000457763672,20.700000762939453,20.979999542236328,4260200,19.068666712443033,1949160.0,25.888424242997438,65.0930587093857,False,False
2013-02-22 20:00:00,21.049999237060547,21.36000061035156,20.770000457763672,21.040000915527344,2281600,19.1263334274292,1941706.6666666667,27.03176884533292,65.44671597354177,False,False
2013-02-25 20:00:00,21.229999542236328,21.59000015258789,20.82999992370605,20.850000381469727,691100,19.189333470662437,1902846.6666666667,28.26454034385109,63.261041697299234,False,True
2013-02-26 20:00:00,21.15999984741211,21.40999984741211,20.51000022888184,20.959999084472656,848900,19.28133341471354,1852076.6666666667,28.809686726684642,64.01040423277168,False,True
2013-02-27 20:00:00,20.5,21.81999969482422,20.5,21.63999938964844,766800,19.36200008392334,1795206.6666666667,29.65612197623827,68.31319140823015,False,True
2013-02-28 20:00:00,21.63999938964844,22.290000915527344,21.600000381469727,22.229999542236328,1554800,19.45166670481364,1787083.3333333333,30.798238757876664,71.49729160901245,False,True
2013-03-01 20:00:00,22.0,22.790000915527344,21.950000762939453,22.459999084472656,1625400,19.570000012715656,1801726.6666666667,32.19969200474072,72.65103353668574,False,True
2013-03-04 20:00:00,22.32999992370605,22.71999931335449,21.88999938964844,22.71999931335449,688100,19.687000020345053,1785840.0,33.3804848482606,73.93544536498915,False,True
2013-03-05 20:00:00,22.71999931335449,22.920000076293945,22.299999237060547,22.6299991607666,999600,19.80199998219808,1792273.3333333333,34.61872732055325,72.66331164755881,False,True
2013-03-06 20:00:00,22.700000762939453,23.0,22.540000915527344,22.96999931335449,1368500,19.928333282470703,1809620.0,35.82627508347274,74.45170305719337,False,True
2013-03-07 20:00:00,22.88999938964844,23.149999618530277,22.57999992370605,23.030000686645508,1033200,20.083333333333332,1720830.0,37.058591454600865,74.76544964117522,False,True
2013-03-08 20:00:00,23.270000457763672,23.649999618530277,22.63999938964844,23.530000686645508,1299000,20.259333356221518,1682853.3333333333,38.54882961196131,77.27041671438583,False,True
2013-03-10 20:00:00,23.479999542236328,23.700000762939453,23.059999465942383,23.38999938964844,774400,20.415666643778483,1639026.6666666667,39.965665658445644,75.02468752268187,False,True
2013-03-11 20:00:00,23.43000030517578,23.649999618530277,23.030000686645508,23.479999542236328,721400,20.57366663614909,1629130.0,41.20150391561078,75.51729322086435,False,True
2013-03-12 20:00:00,23.520000457763672,24.530000686645508,23.36000061035156,24.489999771118164,1875800,20.769999949137368,1662590.0,42.9052600117717,80.22989187572176,False,False
2013-03-13 20:00:00,24.13999938964844,25.290000915527344,24.11000061035156,24.950000762939453,3116100,21.006999969482422,1717673.3333333333,44.84905015464174,81.93539124452394,False,False
2013-03-14 20:00:00,24.780000686645508,25.15999984741211,24.559999465942383,24.84000015258789,1970300,21.222333335876463,1726376.6666666667,46.65399814444963,80.15468436326061,False,False
2013-03-17 20:00:00,21.81999969482422,23.799999237060547,21.61000061035156,23.790000915527344,8913700,21.400666681925454,1989870.0,43.53257388479614,65.51752062154073,False,False
2013-03-18 20:00:00,23.84000015258789,24.0,21.989999771118164,22.530000686645508,3192100,21.550333340962727,2053840.0,40.82832635082753,53.0081142395496,False,False
2013-03-19 20:00:00,22.700000762939453,23.149999618530277,22.59000015258789,22.86000061035156,1124400,21.70333334604899,2062490.0,38.317239354999536,55.40943471549491,False,True
2013-03-20 20:00:00,22.86000061035156,23.149999618530277,22.600000381469727,22.790000915527344,1063200,21.85166670481364,2077313.3333333333,35.985515716016394,54.77008619336646,False,True
2013-03-21 20:00:00,22.8700008392334,22.899999618530277,22.520000457763672,22.56999969482422,691600,22.00333334604899,2051500.0,33.71614770114872,52.711482241709774,False,True
2013-03-24 20:00:00,22.40999984741211,22.51000022888184,22.01000022888184,22.149999618530277,1308600,22.131000010172524,2062833.3333333333,31.651226444474922,48.93039206248614,False,True
2013-03-25 20:00:00,22.280000686645508,22.280000686645508,21.899999618530277,22.049999237060547,642100,22.253999964396158,2043013.3333333333,29.867827641071532,48.0466772467075,True,True
2013-03-26 20:00:00,22.059999465942383,22.809999465942383,21.46999931335449,22.670000076293945,1023900,22.395666631062827,2041696.6666666667,27.964079043011417,53.637498471156064,False,True
2013-03-27 20:00:00,22.61000061035156,23.440000534057617,22.59000015258789,23.40999984741211,903700,22.554333305358888,1985373.3333333333,26.930281701691484,59.27113217200567,False,True
2013-03-31 20:00:00,23.420000076293945,23.450000762939453,22.690000534057617,23.0,695100,22.63566665649414,1845076.6666666667,25.981521378375813,55.26428228448572,False,True
2013-04-01 20:00:00,23.059999465942383,23.450000762939453,22.670000076293945,22.770000457763672,1593400,22.661333338419595,1691130.0,25.068978077885138,53.095837899977205,False,True
2013-04-02 20:00:00,22.88999938964844,22.899999618530277,21.56999969482422,21.8799991607666,2066300,22.661999956766763,1682383.3333333333,23.848226911267435,45.63407630251299,True,False
2013-04-03 20:00:00,22.059999465942383,22.13999938964844,21.549999237060547,21.6200008392334,812500,22.675999959309895,1663526.6666666667,22.73866894874823,43.70190406355862,True,True
2013-04-04 20:00:00,21.34000015258789,21.5,21.01000022888184,21.3700008392334,611300,22.689000002543132,1541896.6666666667,22.33683708282272,41.86631501337368,True,True
2013-04-07 20:00:00,21.459999084472656,21.6200008392334,21.07999992370605,21.270000457763672,647300,22.69666665395101,1487420.0,21.775903525939665,41.12227117744486,True,True
2013-04-08 20:00:00,21.5,21.84000015258789,21.200000762939453,21.479999542236328,450000,22.717666625976562,1479383.3333333333,20.907956715387606,43.3972217364653,True,True
2013-04-09 20:00:00,21.6200008392334,22.06999969482422,21.440000534057617,21.899999618530277,1149100,22.748999977111815,1489390.0,19.744888387335955,47.74590609576697,True,True
2013-04-10 20:00:00,22.01000022888184,22.670000076293945,21.96999931335449,22.46999931335449,1559600,22.77666664123535,1515816.6666666667,18.852951876201114,53.02103983931218,True,False
2013-04-11 20:00:00,22.399999618530277,22.479999542236328,21.690000534057617,21.920000076293945,647600,22.76633332570394,1485576.6666666667,17.611044337587067,47.98708127451095,True,True
2013-04-14 20:00:00,21.780000686645508,21.8799991607666,20.90999984741211,21.030000686645508,860600,22.718666712443035,1460083.3333333333,17.2587480503613,41.1746300400314,True,True
2013-04-15 20:00:00,21.36000061035156,21.520000457763672,21.040000915527344,21.13999938964844,1217600,22.6660000483195,1477733.3333333333,16.93161578365166,42.2655592572565,True,True
2013-04-16 20:00:00,21.07999992370605,21.209999084472656,20.59000015258789,21.200000762939453,1134200,22.618333435058595,1482220.0,17.160000565749478,42.88774424652426,True,True
2013-04-17 20:00:00,21.34000015258789,21.34000015258789,20.690000534057617,21.13999938964844,813700,22.557333437601724,1463726.6666666667,17.150199379925375,42.395714669613284,True,True
2013-04-18 20:00:00,21.290000915527344,22.040000915527344,21.239999771118164,21.700000762939453,684500,22.513000106811525,1452103.3333333333,16.05119672916199,48.3513680396642,True,True
2013-04-21 20:00:00,21.739999771118164,21.8799991607666,20.96999931335449,21.459999084472656,1020000,22.444000053405762,1442803.3333333333,15.391214852584538,46.14920865329374,True,True
2013-04-22 20:00:00,21.520000457763672,22.71999931335449,21.440000534057617,22.670000076293945,982600,22.420000076293945,1449743.3333333333,14.925772159499564,56.825559385766255,False,True
2013-04-23 20:00:00,22.600000381469727,22.729999542236328,21.989999771118164,22.15999984741211,919300,22.376000086466473,1456340.0,14.505807868750948,52.13396134287135,True,True
2013-04-24 20:00:00,22.36000061035156,22.84000015258789,22.0,22.770000457763672,736100,22.31866677602132,1418350.0,14.257324428212057,56.73502379334627,False,True
2013-04-25 20:00:00,22.780000686645508,22.82999992370605,22.18000030517578,22.5,676500,22.23700008392334,1337030.0,14.026589804854513,54.2493502161715,False,True
2013-04-28 20:00:00,22.56999969482422,22.75,21.88999938964844,22.020000457763672,521400,22.143000094095864,1288733.3333333333,13.317238107982224,50.05110741889022,True,True
2013-04-29 20:00:00,22.020000457763672,22.34000015258789,21.700000762939453,22.149999618530277,706000,22.088333384195963,1015143.3333333334,12.387156314019807,51.15363551477997,False,True
2013-04-30 20:00:00,22.040000915527344,22.13999938964844,21.270000457763672,21.520000457763672,1158300,22.0546667098999,947350.0,12.18753547097295,45.869522185848204,True,False
2013-05-01 20:00:00,21.799999237060547,22.100000381469727,20.899999618530277,21.46999931335449,2130200,22.008333333333333,980876.6666666666,12.51575109150759,45.468076442714285,True,False
2013-05-02 20:00:00,21.959999084472656,22.88999938964844,21.63999938964844,22.239999771118164,1108700,21.989999961853027,982393.3333333334,11.712605343230122,52.37984473080274,False,False
2013-05-05 20:00:00,22.100000381469727,22.59000015258789,22.0,22.540000915527344,503400,21.989000002543133,976120.0,10.966827148401041,54.78444467973007,False,True
2013-05-06 20:00:00,22.15999984741211,22.75,21.739999771118164,21.8799991607666,726200,21.97999998728434,956706.6666666666,10.495714362251217,48.9306212517036,True,True
2013-05-07 20:00:00,21.709999084472656,22.21999931335449,21.5,22.100000381469727,675400,21.98166669209798,957816.6666666666,10.416751125588629,50.8171387126843,False,True
2013-05-08 20:00:00,22.40999984741211,22.670000076293945,22.059999465942383,22.3700008392334,661500,21.971666717529295,945736.6666666666,9.750684904961949,53.106613901246035,False,True
2013-05-09 20:00:00,22.3799991607666,23.36000061035156,22.21999931335449,23.290000915527344,559500,21.967666753133138,934263.3333333334,10.097352033434518,59.94813862971633,False,True
2013-05-12 20:00:00,23.36000061035156,23.940000534057617,23.21999931335449,23.88999938964844,979500,21.997333399454753,943743.3333333334,11.090575496259849,63.67072672192518,False,False
2013-05-13 20:00:00,23.84000015258789,24.86000061035156,23.84000015258789,24.489999771118164,1783800,22.0546667098999,950090.0,12.87190300659765,66.97621202649627,False,False
2013-05-14 20:00:00,24.43000030517578,24.450000762939453,23.65999984741211,23.82999992370605,914900,22.11966673533122,911710.0,14.212465433666498,60.45961467890076,False,False
2013-05-15 20:00:00,23.709999084472656,23.770000457763672,22.6200008392334,23.170000076293945,1327700,22.17133337656657,928883.3333333334,13.885057046815566,54.72540017153986,False,False
2013-05-16 20:00:00,23.26000022888184,23.43000030517578,22.739999771118164,23.040000915527344,809200,22.227000045776368,935480.0,13.58103497331113,53.646134432849315,False,True
2013-05-19 20:00:00,23.020000457763672,23.8799991607666,23.020000457763672,23.149999618530277,1274100,22.28966668446859,956373.3333333334,13.798430752092704,54.46445169791371,False,False
2013-05-20 20:00:00,23.149999618530277,23.229999542236328,22.1299991607666,22.26000022888184,3209500,22.315666707356772,1048356.6666666666,12.821192097131695,47.203453070108544,True,False
2013-05-21 20:00:00,22.239999771118164,23.170000076293945,22.030000686645508,22.31999969482422,1235500,22.329666709899904,1051236.6666666667,12.017444880585783,47.70956645236288,True,False
2013-05-22 20:00:00,22.11000061035156,22.690000534057617,21.559999465942383,22.170000076293945,1270800,22.319666735331218,1041610.0,11.8232830408105,46.50921407873957,True,False
2013-05-23 20:00:00,22.13999938964844,23.11000061035156,21.90999984741211,23.0,1130100,22.355666732788087,1057693.3333333333,11.09439368173881,53.48326467615529,False,False
2013-05-27 20:00:00,23.07999992370605,23.88999938964844,23.06999969482422,23.709999084472656,930200,22.445000012715656,1060013.3333333333,11.08070174584581,58.47119080433529,False,True
2013-05-28 20:00:00,23.56999969482422,23.600000381469727,22.850000381469727,22.979999542236328,675900,22.506333351135254,1041956.6666666666,10.782194688555748,52.26568846446929,False,True
2013-05-29 20:00:00,22.88999938964844,23.229999542236328,22.68000030517578,22.739999771118164,941000,22.557666651407878,1035516.6666666666,10.282443213664294,50.372888230678385,False,True
2013-05-30 20:00:00,22.559999465942383,22.729999542236328,22.170000076293945,22.170000076293945,430000,22.592000007629395,1022726.6666666666,9.9155974371408,46.10255668253006,True,True
2013-06-02 20:00:00,22.309999465942383,22.530000686645508,20.809999465942383,21.90999984741211,1162000,22.598999977111816,1038643.3333333334,10.917660673738188,44.25943341069258,True,False
2013-06-03 20:00:00,21.809999465942383,22.1200008392334,21.06999969482422,21.1200008392334,1211700,22.587666702270507,1045033.3333333334,11.848147964864335,39.13931409224808,True,False
2013-06-04 20:00:00,21.0,21.440000534057617,20.15999984741211,20.56999969482422,877900,22.51766668955485,1041543.3333333334,13.436280237353227,36.01549847132729,True,True
2013-06-05 20:00:00,20.57999992370605,21.549999237060547,20.57999992370605,21.489999771118164,1363400,22.495333353678387,1056346.6666666667,14.747630446508579,44.058452905066844,True,False
2013-06-06 20:00:00,21.530000686645508,22.0,21.32999992370605,21.399999618530277,1313800,22.449666659037273,1075603.3333333333,15.307385784146229,43.482619857436056,True,False
2013-06-09 20:00:00,21.440000534057617,21.600000381469727,20.8700008392334,20.920000076293945,1098900,22.396999994913738,1089683.3333333333,16.22220298533362,40.44642432164812,True,False
2013-06-10 20:00:00,20.649999618530277,20.93000030517578,19.729999542236328,20.440000534057617,2575900,22.344333330790203,1158166.6666666667,17.893915128310176,37.61769798839264,True,False
2013-06-11 20:00:00,20.61000061035156,20.709999084472656,19.899999618530277,20.549999237060547,1969400,22.290999984741212,1200280.0,19.446219261074123,38.676151112458385,True,False
2013-06-12 20:00:00,20.82999992370605,21.940000534057617,20.440000534057617,21.600000381469727,1615200,22.293666648864747,1215510.0,19.222790561994685,47.783730485986915,True,False
2013-06-13 20:00:00,21.520000457763672,21.6200008392334,21.11000061035156,21.170000076293945,636400,22.28366667429606,1165716.6666666667,19.015321055706636,44.84632377422317,True,True
2013-06-16 20:00:00,21.350000381469727,21.700000762939453,21.020000457763672,21.059999465942383,1166800,22.2443333307902,1167653.3333333333,18.906161521716456,44.09948211611422,True,True
2013-06-17 20:00:00,21.100000381469727,21.520000457763672,20.71999931335449,21.40999984741211,1232800,22.206666628519695,1191966.6666666667,19.086213049068323,47.117171062245504,True,False
2013-06-18 20:00:00,21.3700008392334,21.600000381469727,20.309999465942383,20.36000061035156,1419200,22.156000010172527,1215066.6666666667,19.621912682637912,40.11996950540619,True,False
2013-06-19 20:00:00,20.09000015258789,20.170000076293945,19.420000076293945,19.530000686645508,1223000,22.070333353678386,1233320.0,20.817143372994614,35.617209316026596,True,True
2013-06-20 20:00:00,19.600000381469727,20.020000457763672,18.850000381469727,19.06999969482422,2124800,21.96033331553141,1282096.6666666667,22.30916208445152,33.381142294655156,True,False
2013-06-23 20:00:00,18.86000061035156,19.600000381469727,18.229999542236328,19.350000381469727,1292700,21.828999964396157,1306536.6666666667,24.067879918733194,36.014393143339376,True,True
2013-06-24 20:00:00,19.51000022888184,19.8700008392334,19.25,19.790000915527344,865400,21.692333348592122,1302733.3333333333,25.277543907326397,40.026160106904435,True,True
2013-06-25 20:00:00,19.93000030517578,21.18000030517578,19.899999618530277,21.07999992370605,1173600,21.57866668701172,1282393.3333333333,24.647272199811386,49.93663180359577,True,True
2013-06-26 20:00:00,21.149999618530277,21.979999542236328,21.149999618530277,21.399999618530277,854000,21.49766667683919,1280363.3333333333,23.207425514650733,52.05322194697902,True,True
2013-06-27 20:00:00,21.450000762939453,22.3799991607666,21.309999465942383,22.0,1401400,21.45866667429606,1282820.0,21.620324732012676,55.82447015845533,False,False
2013-06-30 20:00:00,22.399999618530277,23.770000457763672,22.07999992370605,22.920000076293945,2408800,21.454666646321616,1336140.0,21.306459757286017,60.902504640873204,False,False
2013-07-01 20:00:00,22.81999969482422,23.100000381469727,22.600000381469727,22.950000762939453,1247800,21.44800001780192,1335263.3333333333,21.015013709325547,61.05970052854074,False,True
2013-07-02 20:00:00,22.75,23.25,22.63999938964844,23.149999618530277,1384500,21.477666664123536,1274430.0,20.86329988301759,62.15218202309505,False,False
2013-07-04 20:00:00,23.34000015258789,23.690000534057617,22.979999542236328,23.690000534057617,739400,21.52333335876465,1257893.3333333333,21.06852714708803,65.00681296577984,False,True
2013-07-07 20:00:00,23.84000015258789,23.84000015258789,22.75,22.8799991607666,920300,21.546999994913737,1246210.0,20.971534743211276,57.946669229700106,False,True
2013-07-08 20:00:00,23.059999465942383,23.190000534057617,22.57999992370605,23.020000457763672,773200,21.547666676839192,1234313.3333333333,20.665612962628455,58.77995528454908,False,True
2013-07-09 20:00:00,23.020000457763672,23.350000381469727,22.8700008392334,23.25,579600,21.532333374023438,1222626.6666666667,20.53000674504857,60.1760585766494,False,True
2013-07-10 20:00:00,23.68000030517578,23.82999992370605,23.479999542236328,23.63999938964844,693400,21.554333368937176,1223210.0,20.8368879439034,62.49565442828043,False,True
2013-07-11 20:00:00,23.56999969482422,24.559999465942383,23.030000686645508,23.729999542236328,2231900,21.58733336130778,1266240.0,21.706412459879086,63.03080024457584,False,False
2013-07-14 20:00:00,23.780000686645508,23.780000686645508,23.229999542236328,23.270000457763672,671900,21.624000040690103,1274303.3333333333,22.51382808185651,58.44087455710641,False,True
2013-07-15 20:00:00,23.18000030517578,23.709999084472656,23.149999618530277,23.309999465942383,642900,21.670666694641113,1257000.0,23.13390717312604,58.72235271978825,False,True
2013-07-16 20:00:00,22.799999237060547,23.149999618530277,22.290000915527344,22.479999542236328,1250100,21.71599998474121,1258280.0,22.431091112128396,51.0028972224161,False,True
2013-07-17 20:00:00,22.57999992370605,23.07999992370605,22.479999542236328,22.709999084472656,1630300,21.787333297729493,1283360.0,21.778476198344865,52.852487801378054,False,False
2013-07-18 20:00:00,22.549999237060547,23.11000061035156,22.459999084472656,23.11000061035156,1699800,21.84133332570394,1294573.3333333333,21.206476536060528,55.965746444379164,False,False
2013-07-21 20:00:00,23.229999542236328,23.57999992370605,23.030000686645508,23.239999771118164,715700,21.902666664123537,1274636.6666666667,21.197451224556833,56.9604366945784,False,True
2013-07-22 20:00:00,23.31999969482422,23.399999618530277,22.520000457763672,22.850000381469727,584300,21.967000007629395,1257483.3333333333,20.409561140082868,53.086193572857695,False,True
2013-07-23 20:00:00,23.01000022888184,23.170000076293945,22.61000061035156,22.96999931335449,354100,22.051333300272624,1183423.3333333333,19.677948918785614,54.120223225403585,False,True
2013-07-24 20:00:00,22.959999084472656,23.6299991607666,22.51000022888184,23.3799991607666,907100,22.145666631062827,1148013.3333333333,19.55144923272476,57.56196722146987,False,True
2013-07-25 20:00:00,23.239999771118164,23.459999084472656,22.739999771118164,23.34000015258789,553100,22.20366662343343,1112610.0,19.433985238525395,57.111841693950716,False,True
2013-07-28 20:00:00,23.3700008392334,23.3700008392334,22.82999992370605,23.030000686645508,347700,22.265666643778484,1102986.6666666667,19.324911529625982,53.61269567271288,False,True
2013-07-29 20:00:00,23.0,23.290000915527344,22.68000030517578,23.11000061035156,585600,22.334000015258788,1083613.3333333333,18.938117551168382,54.38932838408855,False,True
2013-07-30 20:00:00,23.25,23.989999771118164,23.149999618530277,23.40999984741211,1132800,22.400666681925454,1080280.0,19.474119988256234,57.277907831656805,False,False
2013-07-31 20:00:00,23.59000015258789,26.209999084472656,23.59000015258789,25.82999992370605,1978300,22.582999992370606,1098916.6666666667,21.71663111703694,72.44040186474182,False,False
2013-08-01 20:00:00,25.940000534057617,27.739999771118164,25.459999084472656,26.84000015258789,2744800,22.826666641235352,1149643.3333333333,24.49288311452081,76.23184372363407,False,False
2013-08-04 20:00:00,26.709999084472656,27.399999618530277,26.700000762939453,26.84000015258789,940400,23.08566665649414,1110163.3333333333,27.07083139789869,76.23184372363407,False,True
2013-08-05 20:00:00,26.84000015258789,27.209999084472656,25.850000381469727,25.93000030517578,1285100,23.304999987284344,1109910.0,28.1684269017678,66.65054387540567,False,False
2013-08-06 20:00:00,25.8799991607666,26.979999542236328,25.65999984741211,26.440000534057617,981700,23.52666664123535,1113786.6666666667,28.918183285740884,69.00199263790338,False,True
2013-08-07 20:00:00,26.520000457763672,26.959999084472656,26.200000762939453,26.76000022888184,1436400,23.71599998474121,1122546.6666666667,29.61438564228732,70.41170522524682,False,False
2013-08-08 20:00:00,26.63999938964844,27.43000030517578,26.6200008392334,27.290000915527344,1473100,23.91233336130778,1143183.3333333333,30.570214036910198,72.63171996016806,False,False
2013-08-11 20:00:00,27.21999931335449,27.3799991607666,26.63999938964844,27.25,1586000,24.08733336130778,1149336.6666666667,31.4577689747743,72.19146933227843,False,False
2013-08-12 20:00:00,27.299999237060547,27.489999771118164,26.82999992370605,27.32999992370605,1639300,24.234333356221516,1123686.6666666667,32.358499905730575,72.54983218410422,False,False
2013-08-13 20:00:00,27.26000022888184,27.690000534057617,27.170000076293945,27.299999237060547,1066300,24.379333305358887,1117636.6666666667,33.336780992062856,72.17420823421246,False,True
2013-08-14 20:00:00,26.850000381469727,26.979999542236328,26.489999771118164,26.600000381469727,1397700,24.4943333307902,1118076.6666666667,33.044666552783895,63.86549171379335,False,False
2013-08-15 20:00:00,26.649999618530277,27.15999984741211,26.57999992370605,26.670000076293945,812000,24.593666648864748,1120496.6666666667,32.93393721750433,64.30798479337528,False,True
2013-08-18 20:00:00,26.75,27.1299991607666,26.450000762939453,26.520000457763672,658000,24.715000025431316,1111753.3333333333,32.604680912488575,62.54062392658211,False,True
2013-08-19 20:00:00,26.51000022888184,27.229999542236328,26.51000022888184,27.0,497600,24.847666676839193,1102566.6666666667,32.39918908781154,65.78146066414409,False,True
2013-08-20 20:00:00,33.029998779296875,37.459999084472656,32.95000076293945,36.040000915527344,18215300,25.274000040690105,1690423.3333333333,35.637959370948174,87.5782355350721,False,False
2013-08-21 20:00:00,35.2599983215332,35.470001220703125,34.02000045776367,34.65999984741211,2655900,25.641333389282227,1755840.0,38.64538891957505,79.27646579319492,False,False
2013-08-22 20:00:00,34.54999923706055,35.099998474121094,34.150001525878906,34.7599983215332,1857600,26.00900001525879,1743363.3333333333,41.43800207187143,79.42863829019522,False,False
2013-08-25 20:00:00,34.970001220703125,36.86000061035156,34.900001525878906,36.58000183105469,2118000,26.45266672770182,1791566.6666666667,44.23467916746448,82.01685963525416,False,False
2013-08-26 20:00:00,35.849998474121094,36.060001373291016,34.040000915527344,34.119998931884766,2316900,26.813000043233234,1847366.6666666667,46.017435839061605,69.32126789103506,False,False
2013-08-27 20:00:00,34.06999969482422,35.0,33.40999984741211,35.0,1626800,27.230333391825358,1859923.3333333333,47.09963711859444,71.04775867937845,False,True
2013-08-28 20:00:00,34.90999984741211,35.2599983215332,34.11000061035156,34.2400016784668,1570100,27.614666811625163,1857916.6666666667,48.161801543965375,67.5140160298856,False,True
2013-08-29 20:00:00,34.25,34.40999984741211,33.75,33.88999938964844,754800,27.97400010426839,1826416.6666666667,48.80257737502411,65.88869784123487,False,True
2013-09-02 20:00:00,34.540000915527344,34.63999938964844,33.79999923706055,34.25,1401800,28.341000111897788,1849286.6666666667,49.45923445515814,66.77469129648294,False,True
2013-09-03 20:00:00,34.18000030517578,34.959999084472656,33.369998931884766,34.58000183105469,2361000,28.732000160217286,1908510.0,49.629317214716345,67.60531397847875,False,False
2013-09-04 20:00:00,34.849998474121094,35.38999938964844,34.599998474121094,35.16999816894531,1506000,29.13866678873698,1946906.6666666667,49.92576716806129,69.09299340178377,False,True
2013-09-05 20:00:00,35.27000045776367,35.79999923706055,34.630001068115234,35.619998931884766,1869000,29.546666781107586,1978970.0,50.33212759526312,70.21646087093187,False,True
2013-09-08 20:00:00,35.810001373291016,38.52000045776367,35.61000061035156,37.59000015258789,3104200,30.021666781107584,2064006.6666666667,51.41006931552783,74.57381354998975,False,False
2013-09-09 20:00:00,37.68999862670898,38.369998931884766,36.5,37.0099983215332,3340300,30.48766670227051,2163760.0,52.41101519863077,71.26792595747963,False,False
2013-09-10 20:00:00,37.88999938964844,37.88999938964844,35.52000045776367,36.18000030517578,1758100,30.923333358764648,2202843.3333333335,52.34161237085335,66.71041476417642,False,True
2013-09-11 20:00:00,36.29999923706055,37.709999084472656,36.11000061035156,37.25,1359900,31.384666697184244,2210413.3333333335,52.277166887917176,69.42493047658714,False,True
2013-09-12 20:00:00,36.75,36.84999847412109,35.470001220703125,36.38999938964844,1472200,31.736666679382324,2193543.3333333335,51.56642454669401,64.84794058639677,False,True
2013-09-15 20:00:00,36.83000183105469,37.0,35.599998474121094,35.720001220703125,1080600,32.03266671498616,2138070.0,50.96808120104658,61.44903496026447,False,True
2013-09-16 20:00:00,35.61000061035156,36.75,35.279998779296875,36.720001220703125,982500,32.36200008392334,2139473.3333333335,50.072614027604025,64.44447786393896,False,True
2013-09-17 20:00:00,36.5,36.970001220703125,35.52000045776367,36.29999923706055,1112200,32.70766671498617,2133710.0,49.34670661621576,62.25648250702941,False,True
2013-09-18 20:00:00,36.31999969482422,36.83000183105469,35.68000030517578,36.15999984741211,1244900,33.03166669209798,2142483.3333333335,48.67264973421238,61.50685810776718,False,True
2013-09-19 20:00:00,36.15999984741211,36.220001220703125,35.220001220703125,35.65999984741211,2601900,33.32833334604899,2181333.3333333335,47.496860346367065,58.78446851526029,False,False
2013-09-22 20:00:00,35.560001373291016,35.84000015258789,33.95000076293945,35.439998626708984,1510800,33.59999993642171,2182590.0,45.077303540648714,57.57689183097956,False,True
2013-09-23 20:00:00,35.189998626708984,36.83000183105469,35.189998626708984,36.040000915527344,953900,33.89299996693929,2161520.0,43.48191351256571,59.99081963730385,False,True
2013-09-24 20:00:00,36.150001525878906,37.27000045776367,36.02000045776367,36.56999969482422,1418800,34.2009999593099,2154170.0,42.26590824703028,62.04526413129011,False,True
2013-09-25 20:00:00,36.70000076293945,38.290000915527344,36.290000915527344,37.540000915527344,1146800,34.54233334859212,2156853.3333333335,41.69991122203777,65.53355975892036,False,True
2013-09-26 20:00:00,37.400001525878906,37.97999954223633,36.900001525878906,37.56999969482422,775800,34.907999992370605,2136123.3333333335,41.1743425559733,65.63873956885948,False,True
2013-09-29 20:00:00,37.08000183105469,38.869998931884766,36.93000030517578,38.150001525878906,1322600,35.29066670735677,2153143.3333333335,41.14530597576084,67.69161085872402,False,True
2013-09-30 20:00:00,38.27000045776367,40.0099983215332,38.0099983215332,40.0,1818500,35.740000025431314,2191826.6666666665,41.62158529245381,73.19294925842932,False,True
2013-10-01 20:00:00,39.400001525878906,40.880001068115234,39.400001525878906,40.380001068115234,1336300,36.18600006103516,2219783.3333333335,42.395795764772046,74.16601587644507,False,True
2013-10-02 20:00:00,40.66999816894531,41.2400016784668,39.0099983215332,40.81999969482422,2970100,36.345333353678384,1711610.0,42.66583314680379,75.28470772904427,False,False
2013-10-03 20:00:00,40.84000015258789,41.95000076293945,39.91999816894531,40.11000061035156,1324500,36.52700004577637,1667230.0,43.20403296715171,70.01596134304073,False,True
2013-10-06 20:00:00,39.79999923706055,39.79999923706055,38.11000061035156,38.27000045776367,1266200,36.64400011698405,1647516.6666666667,41.87660350479293,58.575108914273436,False,True
2013-10-07 20:00:00,38.29999923706055,38.91999816894531,35.349998474121094,35.630001068115234,2534700,36.61233342488607,1661406.6666666667,39.072271924575844,46.767192334544994,True,False
2013-10-08 20:00:00,35.79999923706055,35.90999984741211,33.0099983215332,34.709999084472656,3455000,36.632000096639,1699343.3333333333,37.62539705723959,43.47792901990828,True,False
2013-10-09 20:00:00,35.5,37.41999816894531,35.459999084472656,37.22999954223633,1306600,36.70633341471354,1688670.0,35.402420808441185,53.18964212206683,False,True
2013-10-10 20:00:00,36.90999984741211,37.2599983215332,36.38999938964844,37.04999923706055,1197700,36.8,1676256.6666666667,33.33822857741409,52.495801608220084,False,True
2013-10-13 20:00:00,36.72999954223633,37.459999084472656,36.09999847412109,37.34000015258789,1017300,36.91500002543132,1685006.6666666667,31.572143669768597,53.54717155912615,False,True
2013-10-14 20:00:00,36.7599983215332,38.20000076293945,36.02999877929688,37.18999862670898,979300,37.01299997965495,1670923.3333333333,29.479315082993406,52.89506330275214,False,True
2013-10-15 20:00:00,37.709999084472656,39.2400016784668,37.4900016784668,39.11000061035156,1595000,37.16399993896484,1645390.0,27.804370356961716,59.66595177421525,False,True
2013-10-16 20:00:00,38.97999954223633,39.06999969482422,37.79999923706055,38.34999847412109,1575200,37.26999994913737,1647696.6666666667,26.249064539932288,56.221056249335355,False,True
2013-10-17 20:00:00,38.52000045776367,38.52000045776367,37.150001525878906,38.040000915527344,2070300,37.35066668192545,1654406.6666666667,24.38395752430446,54.8304648020754,False,False
2013-10-20 20:00:00,38.119998931884766,38.5099983215332,36.75,37.16999816894531,991300,37.336666615804035,1583976.6666666667,22.8864985983535,51.01665061936902,True,True
2013-10-21 20:00:00,37.54999923706055,38.70000076293945,36.75,38.5099983215332,901800,37.38666661580404,1502693.3333333333,21.364164758489824,56.083460629099946,False,True
2013-10-22 20:00:00,38.290000915527344,38.970001220703125,37.900001525878906,38.91999816894531,734200,37.47799987792969,1468563.3333333333,19.918623439488353,57.53097203161518,False,True
2013-10-23 20:00:00,39.08000183105469,40.5099983215332,38.720001220703125,39.81999969482422,939400,37.56366653442383,1454546.6666666667,19.567732198680556,60.600875296862036,False,True
2013-10-24 20:00:00,39.79999923706055,40.61000061035156,39.22999954223633,40.59000015258789,878500,37.703666559855144,1434756.6666666667,19.30092306375136,63.06106799702603,False,True
2013-10-27 20:00:00,40.66999816894531,40.84999847412109,38.970001220703125,39.43000030517578,1143100,37.82733319600423,1436840.0,18.83393539380044,57.26027202022055,False,True
2013-10-28 20:00:00,39.810001373291016,40.79999923706055,39.31999969482422,40.63999938964844,763900,37.957999801635744,1429553.3333333333,18.400303985988874,61.26306656777325,False,True
2013-10-29 20:00:00,40.59999847412109,40.93999862670898,38.02000045776367,38.59000015258789,1118800,38.03433316548665,1429773.3333333333,17.247136701273895,52.32235349741815,False,True
2013-10-30 20:00:00,38.0,40.09999847412109,36.81999969482422,39.0,2288000,38.12899983723958,1464543.3333333333,16.992657534321637,53.77534081118432,False,False
2013-10-31 20:00:00,39.040000915527344,40.65999984741211,38.810001373291016,40.400001525878906,1471800,38.28699989318848,1426873.3333333333,16.30567896360241,58.43355441419868,False,False
2013-11-04 20:00:00,40.400001525878906,41.20000076293945,40.290000915527344,40.84999847412109,1969400,38.467333221435545,1442160.0,15.249823082884975,59.83463508416956,False,False
2013-11-05 20:00:00,40.5099983215332,41.09000015258789,39.560001373291016,40.0,2327900,38.59933319091797,1487960.0,14.786405173557819,55.995224948030184,False,False
2013-11-06 20:00:00,40.0,40.5,37.2400016784668,37.5,3782500,38.630333201090494,1566750.0,15.666015893073759,46.536870573468306,True,False
2013-11-07 20:00:00,35.400001525878906,38.290000915527344,35.209999084472656,36.970001220703125,3834100,38.61133321126302,1656326.6666666667,17.31199202978466,44.80885374971259,True,False
2013-11-08 20:00:00,36.970001220703125,38.33000183105469,36.59000015258789,37.560001373291016,2633800,38.61099993387858,1718260.0,18.807030118821185,47.16101554213942,True,False
2013-11-11 20:00:00,38.0,39.7400016784668,37.7599983215332,39.43000030517578,2433600,38.65366655985515,1755293.3333333333,19.075962971874645,53.8713267048166,False,False
2013-11-12 20:00:00,39.0,40.93999862670898,38.970001220703125,40.900001525878906,2072200,38.68366661071777,1763750.0,18.501696523814434,58.34920711429537,False,False
2013-11-13 20:00:00,40.34000015258789,44.84999847412109,40.08000183105469,43.95000076293945,4031400,38.802666600545244,1853586.6666666667,18.36083571321765,65.7731577936095,False,False
2013-11-14 20:00:00,44.47999954223633,45.43000030517578,43.209999084472656,45.0099983215332,2629800,38.94233322143555,1842243.3333333333,18.457471558210095,67.91368829445848,False,False
2013-11-15 20:00:00,45.0,47.83000183105469,44.81999969482422,47.5099983215332,3555400,39.188999811808266,1916606.6666666667,19.380409609990387,72.3118251915974,False,False
2013-11-18 20:00:00,47.95000076293945,48.45000076293945,46.61000061035156,46.959999084472656,3381200,39.47866643269857,1987106.6666666667,20.427849066219885,70.03732865573221,False,False
2013-11-19 20:00:00,47.040000915527344,47.84000015258789,45.58000183105469,45.91999816894531,2237700,39.82166633605957,1977206.6666666667,20.77822561076952,65.82134401428871,False,False
2013-11-20 20:00:00,46.0,47.45000076293945,45.810001373291016,46.83000183105469,1466000,40.2256664276123,1910906.6666666667,21.1035752592799,67.6560105343097,False,True
2013-11-21 20:00:00,47.08000183105469,48.40999984741211,46.91999816894531,47.93999862670898,1073400,40.58266639709473,1903133.3333333333,21.755759079478448,69.78644074904284,False,True
2013-11-22 20:00:00,48.27999877929688,50.13999938964844,48.09999847412109,48.52000045776367,1994900,40.964999771118165,1929706.6666666667,22.92442727373173,70.86628690813616,False,False
2013-11-25 20:00:00,48.630001068115234,48.9900016784668,47.29999923706055,47.68999862670898,906000,41.30999972025553,1925996.6666666667,23.484062454137668,67.16673919909537,False,True
2013-11-26 20:00:00,47.56999969482422,48.11000061035156,46.86000061035156,47.52000045776367,1136200,41.65433311462402,1931226.6666666667,23.718030790352525,66.40212769818461,False,True
2013-11-27 20:00:00,47.61000061035156,47.959999084472656,46.13999938964844,46.709999084472656,1185000,41.90766639709473,1917560.0,23.47218874086025,62.7374194354419,False,True
2013-11-29 20:00:00,47.18000030517578,47.38999938964844,46.52000045776367,46.59999847412109,586800,42.18266639709473,1884613.3333333333,23.24390683776028,62.23509214651948,False,True
2013-12-02 20:00:00,46.630001068115234,47.31999969482422,45.70000076293945,47.2400016784668,1371400,42.489333089192705,1861316.6666666667,22.488266338391846,64.03919487882237,False,True
2013-12-03 20:00:00,46.68999862670898,47.91999816894531,45.56999969482422,45.84999847412109,1465100,42.778666432698564,1877110.0,22.082897107190238,57.60290551083629,False,True
2013-12-04 20:00:00,45.619998931884766,46.63999938964844,45.38999938964844,46.13999938964844,715100,43.03299980163574,1870886.6666666667,21.58038019737034,58.53916449587925,False,True
2013-12-05 20:00:00,46.0099983215332,46.79999923706055,45.27999877929688,46.54999923706055,1041700,43.287333170572914,1881136.6666666667,21.20029415155961,59.88783246623939,False,True
2013-12-06 20:00:00,46.77000045776367,47.06999969482422,45.65999984741211,46.59000015258789,1116200,43.512999852498375,1887030.0,20.998462564470277,60.02445812627069,False,True
2013-12-09 20:00:00,46.9900016784668,47.47999954223633,45.38999938964844,46.150001525878906,1093500,43.698333231608075,1894196.6666666667,21.042355713594418,57.69651793104422,False,True
2013-12-10 20:00:00,46.34999847412109,48.400001525878906,45.77000045776367,47.81999969482422,1851700,43.97799987792969,1917816.6666666667,21.572938498955352,63.484994719031306,False,True
2013-12-11 20:00:00,47.63999938964844,48.380001068115234,47.34999847412109,47.56999969482422,1444600,44.20899988810221,1940506.6666666667,22.065622513933363,62.11477012257491,False,True
2013-12-12 20:00:00,47.41999816894531,49.34000015258789,47.40999984741211,48.5,1124000,44.539333216349284,1940680.0,23.0122498140125,65.12987192043447,False,True
2013-12-13 20:00:00,48.54999923706055,49.209999084472656,48.369998931884766,48.88999938964844,973700,44.8689998626709,1896870.0,23.891260878371696,66.33967820469738,False,True
2013-12-16 20:00:00,49.09000015258789,50.5,48.90999984741211,49.650001525878906,1542300,45.177333196004234,1899220.0,25.307301962558302,68.62418707880245,False,True
2013-12-17 20:00:00,49.70000076293945,49.70000076293945,47.41999816894531,47.540000915527344,1473200,45.40033327738444,1882680.0,25.19492092266054,57.04795736821777,False,True
2013-12-18 20:00:00,47.52000045776367,49.220001220703125,47.5099983215332,49.11000061035156,1253000,45.70399996439616,1846850.0,25.09056709989833,62.162574951171344,False,True
2013-12-19 20:00:00,49.0,50.43999862670898,48.54999923706055,50.11000061035156,1378800,46.12433331807454,1766726.6666666667,25.629024577185106,65.01975316774818,False,True
2013-12-20 20:00:00,50.29999923706055,51.95000076293945,50.18000030517578,51.34000015258789,4603700,46.6033332824707,1792380.0,26.77647435525075,68.20047721599155,False,False
2013-12-23 20:00:00,51.93999862670898,52.470001220703125,50.70000076293945,51.27999877929688,1228600,47.06066652933757,1745540.0,28.039896295234445,67.87624077154138,False,True
2013-12-24 20:00:00,51.22999954223633,51.880001068115234,50.36000061035156,50.81999969482422,391900,47.44033317565918,1677483.3333333333,28.87893664976955,65.31263022992192,False,True
2013-12-26 20:00:00,50.84000015258789,51.68000030517578,49.88999938964844,50.68000030517578,636200,47.766333134969074,1629616.6666666667,29.1988610397033,64.51400662945237,False,True
2013-12-27 20:00:00,51.15999984741211,51.25,49.560001373291016,49.709999084472656,713100,47.958333079020186,1519006.6666666667,29.175828607993516,59.12001436710992,False,True
2013-12-30 20:00:00,49.77000045776367,50.650001525878906,48.88999938964844,50.56999969482422,615100,48.143666458129886,1451850.0,28.52434928444817,62.142210971866085,False,True
2013-12-31 20:00:00,50.7400016784668,51.25,50.2400016784668,50.630001068115234,603400,48.24766654968262,1353450.0,28.273009074895672,62.35133726913642,False,True
2014-01-02 20:00:00,50.31999969482422,52.09999847412109,49.65999984741211,51.22999954223633,978200,48.38999989827474,1273350.0,28.502007096764213,64.46521899076852,False,True
2014-01-03 20:00:00,51.22999954223633,52.22999954223633,50.560001373291016,51.9900016784668,960100,48.59233334859212,1230763.3333333333,28.78325716949215,66.99325457504787,False,True
2014-01-06 20:00:00,52.5,54.36000061035156,51.380001068115234,52.310001373291016,1328100,48.775,1226166.6666666667,30.001350635686645,68.02473991420422,False,False
2014-01-07 20:00:00,52.52000045776367,53.5,51.68999862670898,51.959999084472656,1140200,48.90900001525879,1228393.3333333333,31.132437425724394,65.60964583581216,False,True
2014-01-08 20:00:00,52.33000183105469,55.27000045776367,52.02000045776367,54.7400016784668,2062500,49.116333389282225,1230646.6666666667,32.803467615533556,73.62069663355263,False,False
2014-01-09 20:00:00,55.0,56.2599983215332,54.290000915527344,56.16999816894531,1228300,49.399000040690105,1241390.0,34.64138171342051,76.63565243076617,False,True
2014-01-10 20:00:00,57.290000915527344,59.9900016784668,57.290000915527344,59.970001220703125,4091100,49.814000066121416,1339886.6666666667,37.12814308164445,82.39414094363103,False,False
2014-01-13 20:00:00,60.0,60.93000030517578,57.880001068115234,59.11000061035156,2294100,50.22733345031738,1376856.6666666667,39.5828306883221,77.7252221931617,False,False
2014-01-14 20:00:00,60.0,63.459999084472656,58.81999969482422,63.459999084472656,2365000,50.789333470662434,1436130.0,42.19212263440287,82.97907750980994,False,False
2014-01-15 20:00:00,63.5,63.59999847412109,60.81999969482422,62.41999816894531,3442000,51.29533335367839,1505150.0,44.63135485462261,78.22836982434943,False,False
2014-01-16 20:00:00,62.18000030517578,63.93000030517578,61.88999938964844,63.47999954223633,1864500,51.88300005594889,1518463.3333333333,46.9364112785136,79.51563940988667,False,False
2014-01-17 20:00:00,63.54999923706055,64.0999984741211,61.86000061035156,61.869998931884766,1921400,52.40733337402344,1558673.3333333333,49.09823387563193,72.50362828793678,False,False
2014-01-21 20:00:00,64.19000244140625,64.55999755859375,62.25,64.55000305175781,1628200,53.007333501180014,1578223.3333333333,51.16498503402988,76.25698627607689,False,False
2014-01-22 20:00:00,64.54000091552734,65.36000061035156,64.16000366210938,64.86000061035156,1275800,53.6163335164388,1583543.3333333333,53.1843652919595,76.65396319747853,False,True
2014-01-23 20:00:00,64.97000122070312,66.19000244140625,63.88999938964844,65.5999984741211,1035000,54.26466674804688,1581593.3333333333,55.15737489041722,77.61606860962475,False,True
2014-01-24 20:00:00,65.0,65.5999984741211,63.54999923706055,63.93999862670898,2074600,54.80200004577637,1589023.3333333333,56.62067385381387,70.5884909293637,False,False
2014-01-27 20:00:00,63.25,64.12000274658203,60.04999923706055,62.5,1775700,55.29966672261556,1600060.0,54.96283566186465,65.08341796616754,False,False
2014-01-28 20:00:00,62.810001373291016,66.04000091552734,62.09000015258789,65.31999969482422,1240900,55.8603333791097,1603956.6666666667,54.0150087921652,70.01518177336145,False,True
2014-01-29 20:00:00,64.58000183105469,66.63999938964844,63.5099983215332,65.23999786376953,1262400,56.40533332824707,1613580.0,53.30221050767076,69.71434684615458,False,True
2014-01-30 20:00:00,66.0,67.44999694824219,65.69999694824219,66.44999694824219,1574800,56.96533317565918,1614663.3333333333,52.86093397620176,71.69525815944652,False,True
2014-01-31 20:00:00,65.37000274658203,66.20999908447266,64.87999725341797,65.5199966430664,1590100,57.56466636657715,1618560.0,51.85477997741835,68.0130923416027,False,True
2014-02-03 20:00:00,65.88999938964844,66.51000213623047,62.5,63.0,1483200,58.027666346232095,1626233.3333333333,49.42704951612365,59.14851010416917,False,True
2014-02-04 20:00:00,63.630001068115234,64.41999816894531,62.59999847412109,62.93000030517578,1572000,58.454999669392905,1632673.3333333333,47.17272837349286,58.91878924414835,False,True
2014-02-05 20:00:00,64.0999984741211,64.5,59.5099983215332,62.2599983215332,2720700,58.81899960835775,1569906.6666666667,44.08383930532374,56.65086876110128,False,False
2014-02-06 20:00:00,62.630001068115234,64.3499984741211,62.27000045776367,62.58000183105469,1789600,59.19566637674968,1588606.6666666667,41.215585170595276,57.492464013870624,False,False
2014-02-07 20:00:00,63.060001373291016,65.94000244140625,63.0,65.88999938964844,1838800,59.69799969991048,1636836.6666666667,38.72878804131848,65.05067894522686,False,False
2014-02-10 20:00:00,66.0,66.6500015258789,64.30999755859375,66.12999725341797,1388100,60.21299959818522,1661900.0,36.724568248188646,65.52927390873154,False,True
2014-02-11 20:00:00,66.0999984741211,67.5,65.36000061035156,66.0,1854500,60.7559996287028,1699946.6666666667,35.217896163275476,65.00997090301362,False,False
2014-02-12 20:00:00,65.33999633789062,69.9800033569336,64.9800033569336,68.83000183105469,3575700,61.36466636657715,1798633.3333333333,34.71425906022874,70.49222506604349,False,False
2014-02-13 20:00:00,66.5,68.16999816894531,65.33999633789062,66.13999938964844,4162200,61.881666310628255,1917260.0,34.24659603597106,60.74896322773438,False,False
2014-02-14 20:00:00,66.55000305175781,66.62000274658203,63.119998931884766,64.16999816894531,2223400,62.31299959818522,1958766.6666666667,32.588887109981286,54.77770947197006,False,False
2014-02-18 20:00:00,64.68000030517578,66.5,64.26000213623047,65.5,2342400,62.76333287556966,2004843.3333333333,31.04958596441935,57.79398773785943,False,False
2014-02-19 20:00:00,65.5,65.98999786376953,61.2599983215332,61.650001525878906,2465100,63.07466621398926,2042743.3333333333,29.41680464781307,47.84557814415113,True,False
2014-02-20 20:00:00,61.43999862670898,64.08999633789062,61.18000030517578,63.91999816894531,2474200,63.47333285013835,2087210.0,27.93310217178412,52.984386745490475,False,False
2014-02-21 20:00:00,61.959999084472656,66.26000213623047,61.91999816894531,64.9800033569336,1600500,63.814666239420575,2071810.0,26.300520733231036,55.20400337239857,False,True
2014-02-24 20:00:00,65.43000030517578,68.63999938964844,65.05000305175781,67.02999877929688,2096800,64.17666625976562,2100760.0,25.66471307207545,59.21427369637073,False,True
2014-02-25 20:00:00,67.2699966430664,69.20999908447266,66.45999908447266,68.37000274658203,1846900,64.45666631062825,2025953.3333333333,25.265461680330674,61.63217988446449,False,True
2014-02-26 20:00:00,69.94999694824219,70.86000061035156,66.5199966430664,67.26000213623047,1732400,64.72833302815755,2007230.0,25.41840335939315,58.53647448036281,False,True
2014-02-27 20:00:00,66.95999908447266,68.2699966430664,65.77999877929688,65.91000366210938,1502000,64.80999984741212,1978463.3333333333,25.174341397187817,54.92318658126235,False,True
2014-02-28 20:00:00,66.0,67.47000122070312,62.38999938964844,64.26000213623047,1998400,64.87133331298828,1930343.3333333333,23.439474133286012,50.796112783920364,True,False
2014-03-03 20:00:00,62.810001373291016,64.69999694824219,62.43000030517578,63.75,1491600,64.88033332824708,1917913.3333333333,21.828525959662905,49.55657401245628,True,True
2014-03-04 20:00:00,65.0,66.6500015258789,64.5,66.45999908447266,1117200,65.03333333333333,1891106.6666666667,21.06545232158116,55.737423393029104,False,True
2014-03-05 20:00:00,66.66999816894531,67.1500015258789,65.30999755859375,66.54000091552734,1058200,65.09966659545898,1872106.6666666667,20.533249869124095,55.90917754790799,False,True
2014-03-06 20:00:00,67.20999908447266,68.9000015258789,65.44000244140625,65.61000061035156,2280400,65.12466659545899,1905593.3333333333,20.624077970149635,53.31905193575109,False,False
2014-03-07 20:00:00,66.2699966430664,67.62000274658203,62.560001373291016,64.36000061035156,2751900,65.08333333333333,1962823.3333333333,19.456787553034037,49.968288248700965,True,False
2014-03-09 20:00:00,64.36000061035156,64.69000244140625,61.18999862670898,63.29999923706055,2788000,65.06200002034505,1986603.3333333333,18.272431683488694,47.25621500764896,True,False
2014-03-10 20:00:00,63.84999847412109,66.61000061035156,63.400001525878906,65.48999786376953,2099000,65.16166661580404,1997380.0,17.451624115756335,52.939338193471876,False,False
2014-03-11 20:00:00,65.43000030517578,66.2300033569336,64.81999969482422,65.3499984741211,1568200,65.16266657511393,2008290.0,16.689445660004857,52.54952943578905,False,True
2014-03-12 20:00:00,65.29000091552734,65.80999755859375,61.59999847412109,62.43000030517578,1547200,65.06899998982747,2017783.3333333333,16.190546523393863,45.09172406645061,True,True
2014-03-13 20:00:00,62.380001068115234,63.09000015258789,61.220001220703125,61.41999816894531,1272100,64.90133336385091,2007693.3333333333,15.851398787375441,42.827648885917355,True,True
2014-03-16 20:00:00,63.04999923706055,63.04999923706055,61.630001068115234,62.220001220703125,1328600,64.7913335164388,1998976.6666666667,15.536475889644048,45.17577044041872,True,True
2014-03-17 20:00:00,63.06999969482422,65.5999984741211,62.900001525878906,64.94000244140625,1655700,64.85600026448567,2004726.6666666667,14.646295969711705,52.34259900403595,False,True
2014-03-18 20:00:00,65.13999938964844,65.58999633789062,63.790000915527344,64.83999633789062,912300,64.9196667989095,1982736.6666666667,13.81970032977453,52.07306737873226,True,True
2014-03-19 20:00:00,64.43000030517578,65.83000183105469,63.36000061035156,63.79999923706055,1076900,64.97100016276042,1927943.3333333333,12.869251614812859,49.23378876905584,True,True
2014-03-20 20:00:00,63.47999954223633,63.84000015258789,58.40999984741211,59.40999984741211,6572400,64.86533342997232,2087370.0,13.6037990006424,39.454479462891534,True,False
2014-03-23 20:00:00,59.43000030517578,59.77000045776367,53.22999954223633,55.70000076293945,3433900,64.52566680908203,2140540.0,15.436958561459798,33.414047039623874,True,False
2014-03-24 20:00:00,55.220001220703125,56.7599983215332,52.91999816894531,53.56999969482422,2694100,64.10700022379557,2184073.3333333335,17.197025523962875,30.52461423978727,True,False
2014-03-25 20:00:00,52.310001373291016,54.72999954223633,51.65999984741211,51.75,1926000,63.63200022379557,2186456.6666666665,19.06742508791474,28.274739650038423,True,True
2014-03-26 20:00:00,51.79999923706055,53.70000076293945,49.709999084472656,51.93999862670898,2782300,63.06900011698405,2160010.0,21.144656013930444,28.86420751026205,True,False
2014-03-27 20:00:00,51.75,53.43999862670898,49.75,49.93999862670898,1675200,62.52900009155273,2077110.0,23.073513302373595,26.40425805761644,True,True
2014-03-30 20:00:00,50.34000015258789,53.810001373291016,50.27000045776367,53.52000045776367,2245000,62.17400016784668,2077830.0,24.672132841728008,36.78902944387045,True,False
2014-03-31 20:00:00,53.77000045776367,55.81999969482422,53.70000076293945,54.7599983215332,1883500,61.816000111897786,2062533.3333333333,25.157402250330072,39.94971780055987,True,True
2014-04-01 20:00:00,55.04999923706055,55.75,54.209999084472656,54.459999084472656,1562600,61.576333363850914,2032450.0,25.608009558317697,39.43595170527725,True,True
2014-04-02 20:00:00,54.33000183105469,54.810001373291016,51.0099983215332,51.41999816894531,3234900,61.15966669718424,2057806.6666666667,26.76459824780408,34.582542674696974,True,False
2014-04-03 20:00:00,52.08000183105469,52.59999847412109,49.52000045776367,50.5,3660700,60.67699991861979,2126480.0,28.13080938960997,33.248928644959236,True,False
2014-04-06 20:00:00,50.13999938964844,53.0,49.400001525878906,50.150001525878906,2423300,60.11433334350586,2137363.3333333335,29.191863634799343,32.73179015409973,True,False
2014-04-07 20:00:00,49.77000045776367,50.810001373291016,48.130001068115234,49.04999923706055,2071100,59.47033322652181,2144836.6666666665,30.436804576256694,31.09486076681978,True,True
2014-04-08 20:00:00,49.18999862670898,52.040000915527344,49.04999923706055,52.0099983215332,1479700,58.9619997660319,2136413.3333333335,30.939741435116584,39.81688907164715,True,True
2014-04-09 20:00:00,52.20000076293945,52.31999969482422,46.560001373291016,47.130001068115234,2421800,58.33599967956543,2167073.3333333335,31.941223981499295,32.510508034402754,True,False
2014-04-10 20:00:00,47.0,49.52000045776367,46.09999847412109,46.25,2616300,57.735666275024414,2187670.0,32.962602544781866,31.391842882410874,True,False
2014-04-13 20:00:00,46.36000061035156,48.08000183105469,42.7400016784668,44.31999969482422,3377800,57.08799959818522,2250543.3333333335,34.50486896391465,29.03235635975903,True,False
2014-04-14 20:00:00,44.34000015258789,44.68999862670898,40.29999923706055,43.09999847412109,6113600,56.309332911173506,2417090.0,36.28721044299939,27.61917171449281,True,False
2014-04-15 20:00:00,43.310001373291016,44.70000076293945,42.7400016784668,43.97999954223633,3151800,55.557332865397136,2486876.6666666665,37.93681937075304,30.2562881112997,True,False
2014-04-16 20:00:00,43.95000076293945,46.150001525878906,42.93999862670898,44.540000915527344,3681900,54.85499954223633,2533593.3333333335,38.68098649158218,31.955277909971425,True,False
2014-04-20 20:00:00,45.18999862670898,47.5,44.540000915527344,47.45000076293945,2674100,54.29133288065592,2531000.0,38.68461425258865,40.11858816137468,True,False
2014-04-21 20:00:00,47.58000183105469,50.0,47.58000183105469,49.31999969482422,2519700,53.82533289591471,2522056.6666666665,37.55289319195181,44.709075414290304,True,True
2014-04-22 20:00:00,49.31999969482422,49.7599983215332,46.27999877929688,46.959999084472656,2035600,53.20766626993815,2519943.3333333335,36.834233545194536,40.490416276187005,True,True
2014-04-23 20:00:00,48.040000915527344,48.13999938964844,45.27000045776367,47.29999923706055,1394000,52.6059996287028,2514136.6666666665,36.415575798642806,41.34904520036972,True,True
2014-04-24 20:00:00,47.040000915527344,47.150001525878906,45.29999923706055,45.40999984741211,1311700,52.038666280110675,2506286.6666666665,36.02682217684477,38.061499969344815,True,True
2014-04-27 20:00:00,45.81999969482422,46.36000061035156,43.43999862670898,45.08000183105469,1707800,51.49399973551432,2520810.0,36.12441894277442,37.50086283525028,True,True
2014-04-28 20:00:00,45.97999954223633,49.34000015258789,45.16999816894531,48.61000061035156,1944600,51.0403330485026,2541343.3333333335,34.85793578834192,46.56755583254736,True,True
2014-04-29 20:00:00,48.09000015258789,48.77000045776367,46.88999938964844,48.560001373291016,1850800,50.494333012898764,2547846.6666666665,33.681915716368884,46.464737186759,True,True
2014-04-30 20:00:00,47.31999969482422,51.2400016784668,46.11000061035156,50.04999923706055,2656200,50.00133310953776,2605976.6666666665,31.597639109469245,50.00718132832787,False,False
2014-05-01 20:00:00,49.150001525878906,52.63999938964844,49.150001525878906,51.61000061035156,3071200,49.59499982198079,2672453.3333333335,29.517968730254534,53.47810071298703,False,False
2014-05-04 20:00:00,50.68999862670898,53.90999984741211,50.650001525878906,53.47999954223633,2717900,49.3973331451416,2543970.0,28.01376589827272,57.3047408173583,False,False
2014-05-05 20:00:00,53.4900016784668,54.720001220703125,53.130001068115234,53.380001068115234,1923400,49.319999821980794,2493620.0,26.881147064757094,57.03457209587464,False,True
2014-05-06 20:00:00,53.720001220703125,53.88999938964844,51.22999954223633,51.9900016784668,1834600,49.26733322143555,2464970.0,25.08760691907492,53.27471313035539,False,True
2014-05-07 20:00:00,51.58000183105469,53.150001525878906,50.09999847412109,50.380001068115234,1333600,49.22166659037272,2445223.3333333335,23.576086564032096,49.22680083578608,False,True
2014-05-08 20:00:00,50.18999862670898,52.59999847412109,49.63999938964844,52.08000183105469,1173800,49.22633336385091,2391606.6666666665,22.33693021367725,53.2647624643098,False,True
2014-05-11 20:00:00,52.68999862670898,54.61000061035156,52.61000061035156,54.38999938964844,2523300,49.37466672261556,2419876.6666666665,21.06530021781885,58.13676527022113,False,False
2014-05-12 20:00:00,54.7400016784668,55.70000076293945,54.150001525878906,54.15999984741211,2171200,49.39600003560384,2417416.6666666665,20.265413902367985,57.49409757311219,False,True
2014-05-13 20:00:00,54.36000061035156,58.34000015258789,54.119998931884766,55.900001525878906,2854400,49.434000142415364,2449780.0,20.34141343900172,61.00598762888524,False,False
2014-05-14 20:00:00,50.45000076293945,54.34999847412109,50.0,50.95000076293945,5291700,49.317000198364255,2574083.3333333335,18.891044135730358,48.683152322903375,False,False
2014-05-15 20:00:00,50.68000030517578,51.400001525878906,48.5,49.59000015258789,1833300,49.25600026448568,2527363.3333333335,18.005428410904273,45.937628157124394,False,True
2014-05-18 20:00:00,49.02000045776367,50.29999923706055,48.79999923706055,49.900001525878906,1591100,49.236000315348306,2458376.6666666665,17.183070952137196,46.6758379736643,False,True
2014-05-19 20:00:00,49.59999847412109,49.90999984741211,48.0099983215332,48.68000030517578,2092000,49.1870002746582,2447333.3333333335,16.672939492135246,44.12240074286321,True,True
2014-05-20 20:00:00,49.5099983215332,49.95000076293945,46.75,47.0099983215332,1924100,49.11900024414062,2442433.3333333335,16.59248093016104,40.82971125901335,True,True
2014-05-21 20:00:00,46.810001373291016,48.9900016784668,46.56999969482422,48.02999877929688,1414000,48.98633359273275,2440243.3333333335,16.57403518334176,43.59826020238734,True,True
2014-05-22 20:00:00,48.2599983215332,48.9900016784668,47.06999969482422,47.09000015258789,1114600,48.98500022888184,2396670.0,16.556906989866714,41.66354828530294,True,True
2014-05-26 20:00:00,48.060001373291016,49.27000045776367,47.72999954223633,49.18999862670898,1109500,49.08300018310547,2346443.3333333335,16.403490586621057,47.290960084863684,False,True
2014-05-27 20:00:00,49.34000015258789,49.790000915527344,48.81999969482422,49.0099983215332,1155200,49.23933347066244,2272356.6666666665,15.999224156392653,46.873576157379745,True,True
2014-05-28 20:00:00,49.11000061035156,49.79999923706055,48.95000076293945,49.5,1167000,49.4526668548584,2107470.0,15.618589904195138,48.213509158051096,False,True
2014-05-29 20:00:00,49.66999816894531,49.93999862670898,48.880001068115234,49.54999923706055,1773200,49.63833351135254,2061516.6666666667,15.186902144826634,48.35664139950005,True,True
2014-06-01 20:00:00,49.40999984741211,49.52999877929688,46.54999923706055,48.88999938964844,3956900,49.78333346048991,2070683.3333333333,15.759215179841707,46.52851863840711,True,False
2014-06-02 20:00:00,48.90999984741211,51.16999816894531,47.75,50.97999954223633,2407900,49.901000086466475,2061810.0,15.388637287862194,52.63503609833179,False,False
2014-06-03 20:00:00,51.25,52.79999923706055,50.15999984741211,52.4900016784668,2060600,50.006666819254555,2046506.6666666667,14.315211224080105,56.5002544360208,False,False
2014-06-04 20:00:00,52.970001220703125,53.310001373291016,52.18999862670898,52.97999954223633,1665000,50.20733350118001,2034153.3333333333,13.547909118483181,57.70638125665343,False,True
2014-06-05 20:00:00,53.09000015258789,53.150001525878906,51.2400016784668,52.15999984741211,963900,50.369333521525064,2019816.6666666667,12.774378719416207,54.960022023501985,False,True
2014-06-08 20:00:00,52.15999984741211,54.63999938964844,51.77000045776367,53.68000030517578,1600900,50.64500020345052,2029456.6666666667,12.35048586691745,58.86780223765767,False,True
2014-06-09 20:00:00,53.40999984741211,54.709999084472656,52.88999938964844,54.619998931884766,1167200,50.96300010681152,2011436.6666666667,11.988052234226727,61.11471118130428,False,True
2014-06-10 20:00:00,53.81999969482422,55.11000061035156,53.25,53.81999969482422,966300,51.136666742960614,1978826.6666666667,11.83714019676584,58.20077930310592,False,True
2014-06-11 20:00:00,53.83000183105469,54.5,53.0099983215332,53.20000076293945,1141900,51.29133338928223,1955196.6666666667,11.557400177967892,55.97336453019114,False,True
2014-06-12 20:00:00,53.459999084472656,54.13999938964844,52.290000915527344,53.810001373291016,748700,51.41666679382324,1891613.3333333333,10.878706239897268,57.6890933224356,False,True
2014-06-15 20:00:00,53.470001220703125,54.97999954223633,53.2599983215332,54.66999816894531,859000,51.518666712443036,1817873.3333333333,10.69565623128582,60.05268258759059,False,True
2014-06-16 20:00:00,54.33000183105469,55.59999847412109,53.43000030517578,55.27999877929688,1159200,51.57866668701172,1765916.6666666667,10.84231456494866,61.687532615172316,False,True
2014-06-17 20:00:00,55.27999877929688,56.2400016784668,54.400001525878906,56.209999084472656,1085800,51.672999954223634,1737996.6666666667,11.296384511462922,64.0997959742323,False,True
2014-06-18 20:00:00,56.220001220703125,56.41999816894531,54.720001220703125,55.90999984741211,985700,51.803666559855145,1709700.0,11.808000594420795,62.727758079281216,False,True
2014-06-19 20:00:00,56.15999984741211,56.47999954223633,55.33000183105469,56.38999938964844,1155400,52.00399983723958,1703760.0,12.31471022156921,64.05353661678201,False,True
2014-06-22 20:00:00,56.29999923706055,56.95000076293945,55.66999816894531,56.130001068115234,1005600,52.13899981180827,1698153.3333333333,13.03903232082028,62.751497691614,False,True
2014-06-23 20:00:00,56.630001068115234,57.36000061035156,55.41999816894531,55.77000045776367,1059800,52.18499984741211,1649370.0,13.93059255259199,60.90540267784399,False,True
2014-06-24 20:00:00,55.56999969482422,56.90999984741211,55.27999877929688,56.220001220703125,920800,52.25366655985514,1607690.0,14.629995191729401,62.394674598057684,False,True
2014-06-25 20:00:00,56.2400016784668,56.68000030517578,55.0099983215332,55.9900016784668,803800,52.256666564941405,1539336.6666666667,15.024031672195289,61.11325582185753,False,True
2014-06-26 20:00:00,55.970001220703125,56.220001220703125,54.86000061035156,55.52000045776367,3430400,52.408999888102215,1477293.3333333333,15.2440550660033,58.47061628555081,False,False
2014-06-29 20:00:00,55.84000015258789,57.25,55.7400016784668,56.43999862670898,1022200,52.637333170572916,1450256.6666666667,16.10153092518669,61.93993861625909,False,True
2014-06-30 20:00:00,56.560001373291016,57.34000015258789,56.02999877929688,56.59000015258789,686900,52.86033312479655,1420116.6666666667,16.951791236446898,62.490147900257654,False,True
2014-07-01 20:00:00,56.56999969482422,56.9900016784668,55.58000183105469,55.77999877929688,902800,53.09699974060059,1380476.6666666667,17.25654862887116,57.6440963784952,False,True
2014-07-02 20:00:00,56.06999969482422,56.470001220703125,55.33000183105469,55.619998931884766,629800,53.383999760945635,1337333.3333333333,17.273324498193713,56.708596214513506,False,True
2014-07-06 20:00:00,55.630001068115234,56.310001373291016,53.380001068115234,53.709999084472656,928800,53.5733331044515,1321160.0,16.512686987810813,46.91953248579822,False,True
2014-07-07 20:00:00,53.720001220703125,54.0,51.27999877929688,51.720001220703125,1582300,53.72766647338867,1336750.0,17.088809137323867,39.30645724397157,True,False
2014-07-08 20:00:00,51.52000045776367,52.20000076293945,49.9900016784668,52.08000183105469,1006300,53.82399991353353,1333310.0,18.231703010382628,41.166265505151834,True,True
2014-07-09 20:00:00,51.209999084472656,52.04999923706055,50.68999862670898,50.91999816894531,1098900,53.88766657511393,1331433.3333333333,19.292961606794332,37.20966460051828,True,True
2014-07-10 20:00:00,50.79999923706055,51.11000061035156,50.09000015258789,50.83000183105469,890400,53.93199996948242,1322213.3333333333,20.5526470360367,36.91324077257322,True,True
2014-07-13 20:00:00,51.4900016784668,51.4900016784668,50.11000061035156,50.880001068115234,681100,53.97633336385091,1285810.0,21.35400342923984,37.21250426567701,True,True
2014-07-14 20:00:00,50.630001068115234,50.95000076293945,48.2599983215332,48.369998931884766,1297500,53.95900001525879,1197163.3333333333,22.90173173392947,29.61706440548898,True,False
2014-07-15 20:00:00,48.869998931884766,48.880001068115234,46.93000030517578,47.04999923706055,1416200,53.82800000508626,1164106.6666666667,24.799663128484287,26.548163035559032,True,False
2014-07-16 20:00:00,46.9900016784668,47.2400016784668,45.08000183105469,45.34999847412109,1637200,53.58999989827474,1149993.3333333333,27.085341282478502,23.2122271044903,True,False
2014-07-17 20:00:00,45.63999938964844,47.70000076293945,45.060001373291016,47.34999847412109,1562900,53.40233319600423,1146590.0,28.789149186843876,33.75807980376311,True,False
2014-07-20 20:00:00,46.97999954223633,48.09999847412109,46.380001068115234,47.95000076293945,1066300,53.261999893188474,1150003.3333333333,30.006663500320602,36.57241238120146,True,True
2014-07-21 20:00:00,48.209999084472656,48.790000915527344,47.65999984741211,47.91999816894531,705300,53.069999821980794,1120150.0,30.52149022137014,36.48893011770547,True,True
2014-07-22 20:00:00,48.290000915527344,49.13999938964844,47.869998931884766,48.97999954223633,872300,52.88199984232585,1110320.0,30.69297818345363,41.564122225926134,True,True
2014-07-23 20:00:00,48.47999954223633,48.7400016784668,47.65999984741211,47.95000076293945,1156800,52.68633321126302,1116670.0,30.947134866337574,38.35667870748382,True,False
2014-07-24 20:00:00,47.75,48.11000061035156,47.11000061035156,47.29999923706055,568400,52.48966649373372,1097553.3333333333,31.43166490328914,36.44531028963175,True,True
2014-07-27 20:00:00,47.18999862670898,47.970001220703125,46.15999984741211,47.13999938964844,986300,52.267333094278975,1105473.3333333333,32.28018118821077,35.9701549701815,True,True
2014-07-28 20:00:00,47.150001525878906,49.060001373291016,46.88999938964844,48.84000015258789,838900,52.07299982706706,1104803.3333333333,32.047585234470766,44.28210419488807,True,True
2014-07-29 20:00:00,49.130001068115234,50.54999923706055,48.7400016784668,49.369998931884766,1324200,51.87599983215332,1110303.3333333333,30.65216090965335,46.609112880197216,True,False
2014-07-30 20:00:00,48.4900016784668,49.880001068115234,46.119998931884766,47.56999969482422,2592300,51.58799985249837,1160520.0,30.575442270337,40.432923842038065,True,False
2014-07-31 20:00:00,47.84000015258789,48.709999084472656,46.09000015258789,46.93000030517578,882400,51.288666534423825,1157076.6666666667,30.516273774174984,38.48046461866048,True,True
2014-08-03 20:00:00,47.119998931884766,48.34000015258789,46.709999084472656,48.25,1014100,51.01733322143555,1152366.6666666667,30.4613315991674,44.43969778645556,True,True
2014-08-04 20:00:00,47.970001220703125,49.040000915527344,47.16999816894531,47.5,867800,50.729666519165036,1147773.3333333333,29.845187383734018,41.953056962559955,True,True
2014-08-05 20:00:00,47.09000015258789,48.400001525878906,46.400001525878906,47.59999847412109,651500,50.457333119710285,1134163.3333333333,29.649188205596243,42.41571777211649,True,True
2014-08-06 20:00:00,47.84999847412109,48.25,46.900001525878906,47.27000045776367,676700,50.15899976094564,1126026.6666666667,29.467188968754023,41.24734350497331,True,True
2014-08-07 20:00:00,47.52999877929688,47.91999816894531,46.709999084472656,47.68000030517578,453800,49.88199971516927,1114360.0,29.396681362603015,43.335779317800736,True,True
2014-08-10 20:00:00,47.970001220703125,49.29999923706055,47.56999969482422,48.43999862670898,697500,49.645999654134116,1023263.3333333334,28.148448170387898,47.090203484432045,True,True
2014-08-11 20:00:00,48.540000915527344,48.95000076293945,47.72999954223633,48.0099983215332,875000,49.36499964396159,1018356.6666666666,26.98937449190243,45.262871997370134,True,True
2014-08-12 20:00:00,48.2400016784668,50.11000061035156,48.06999969482422,49.790000915527344,694300,49.138333002726235,1018603.3333333334,25.10235508223954,53.335420800689434,False,True
2014-08-13 20:00:00,49.84999847412109,51.7599983215332,49.52999877929688,51.08000183105469,962500,48.98166643778483,1020593.3333333334,24.387130044517953,58.15218639277673,False,True
2014-08-14 20:00:00,51.5,51.720001220703125,50.5099983215332,51.36000061035156,759000,48.83966649373372,1024900.0,23.72299250949076,59.13809702255624,False,True
2014-08-17 20:00:00,52.0,52.59999847412109,51.38999938964844,51.68000030517578,736500,48.77199986775716,1018490.0,23.608690391453244,60.289553832380626,False,True
2014-08-18 20:00:00,51.95000076293945,52.40999984741211,51.459999084472656,52.119998931884766,554200,48.78533312479655,984220.0,23.502552710418406,61.88017375227503,False,True
2014-08-19 20:00:00,52.130001068115234,52.59000015258789,51.540000915527344,51.65999984741211,580900,48.77133305867513,970040.0,23.511198724793235,59.20995576752246,False,True
2014-08-20 20:00:00,51.95000076293945,52.13999938964844,49.720001220703125,50.18999862670898,755000,48.746999740600586,958576.6666666666,21.987619910830585,51.55394543021704,False,True
2014-08-21 20:00:00,50.18000030517578,50.970001220703125,49.380001068115234,50.650001525878906,748300,48.74099973042806,953840.0,20.507383707544022,53.57682563714634,False,True
2014-08-24 20:00:00,51.34999847412109,53.900001525878906,51.22999954223633,53.400001525878906,1078500,48.824999745686846,967086.6666666666,20.67623809843812,63.41244918374996,False,False
2014-08-25 20:00:00,53.68000030517578,55.77000045776367,53.59999847412109,55.18000030517578,1317100,49.05199979146322,967740.0,21.60849936496074,68.1205861252878,False,False
2014-08-26 20:00:00,54.93999862670898,55.31999969482422,54.52000045776367,54.709999084472656,736600,49.307333119710286,945086.6666666666,22.474170541017454,65.71594393386926,False,True
2014-08-27 20:00:00,54.0,55.540000915527344,53.650001525878906,53.93999862670898,570000,49.59366645812988,909513.3333333334,22.6037516760627,61.86310810820231,False,True
2014-08-28 20:00:00,54.220001220703125,54.619998931884766,53.88999938964844,54.20000076293945,535200,49.821999867757164,875256.6666666666,22.724077015747564,62.65920141233207,False,True
2014-09-01 20:00:00,54.5,54.5,52.5,53.119998931884766,945500,49.99433314005534,871230.0,21.80894091294616,57.307832208825936,False,False
2014-09-02 20:00:00,53.83000183105469,53.900001525878906,52.06999969482422,52.560001373291016,620800,50.14899991353353,868413.3333333334,20.667866973412607,54.699231491642095,False,True
2014-09-03 20:00:00,52.95000076293945,53.63999938964844,51.65999984741211,51.93000030517578,555100,50.24733327229818,857840.0,19.33084699752174,51.84031733266799,False,True
2014-09-04 20:00:00,52.34000015258789,52.34000015258789,50.52000045776367,51.83000183105469,608700,50.37666664123535,839570.0,18.531872650987534,51.381265780116834,False,True
2014-09-07 20:00:00,51.84999847412109,52.650001525878906,51.400001525878906,52.59000015258789,684700,50.55300000508626,843446.6666666666,17.572286810543865,54.66685737774195,False,True
2014-09-08 20:00:00,52.470001220703125,53.11000061035156,50.560001373291016,50.709999084472656,709200,50.67199999491374,834210.0,17.196317591360398,46.326745618056755,False,True
2014-09-09 20:00:00,50.88999938964844,51.540000915527344,50.52999877929688,51.04999923706055,993600,50.745666631062825,839366.6666666666,16.8654568306769,47.875544382535516,False,False
2014-09-10 20:00:00,50.59999847412109,50.97999954223633,49.380001068115234,50.150001525878906,961300,50.7716667175293,827270.0,17.22883923880622,44.23667460838988,True,False
2014-09-11 20:00:00,50.2599983215332,50.93000030517578,48.220001220703125,48.720001220703125,1056900,50.81000010172526,776090.0,18.148597136267647,39.1455409812358,True,False
2014-09-14 20:00:00,48.630001068115234,49.33000183105469,46.13999938964844,47.630001068115234,1009100,50.83333346048991,780313.3333333334,19.8406625564677,35.766570233918685,True,False
2014-09-15 20:00:00,47.869998931884766,48.810001373291016,47.2400016784668,48.70000076293945,836600,50.84833348592122,774396.6666666666,21.41186616093918,41.13787560073166,True,False
2014-09-16 20:00:00,49.16999816894531,49.84999847412109,48.09999847412109,48.2599983215332,1117900,50.873666763305664,782733.3333333334,21.97218651735431,39.66886600421683,True,False
2014-09-17 20:00:00,48.45000076293945,49.40999984741211,47.84999847412109,48.880001068115234,905400,50.916333516438804,791196.6666666666,22.605912401237045,42.770062296399686,True,False
2014-09-18 20:00:00,49.290000915527344,49.81999969482422,48.380001068115234,49.31999969482422,1290400,50.98466682434082,811653.3333333334,22.837976357595885,44.933371729319106,True,False
2014-09-21 20:00:00,49.22999954223633,49.54999923706055,46.72999954223633,47.40999984741211,1040000,50.97566680908203,831193.3333333334,23.804602425401903,38.185582804498026,True,False
2014-09-22 20:00:00,46.86000061035156,48.630001068115234,46.77999877929688,47.470001220703125,993300,50.943333562215166,841053.3333333334,24.70218377407892,38.49804246811831,True,False
2014-09-23 20:00:00,47.790000915527344,49.68999862670898,47.560001373291016,49.33000183105469,734200,50.98733367919922,836360.0,24.604711349294067,47.37795141814762,True,True
2014-09-24 20:00:00,49.040000915527344,49.880001068115234,48.130001068115234,48.65999984741211,885700,50.94966697692871,842740.0,24.354614772788047,44.8650501999144,True,False
2014-09-25 20:00:00,49.060001373291016,49.790000915527344,48.400001525878906,49.70000076293945,689600,50.90366694132487,833643.3333333334,24.12238223746103,49.35534706592931,True,True
2014-09-28 20:00:00,49.060001373291016,50.880001068115234,48.77000045776367,50.52000045776367,847100,50.87566693623861,836580.0,22.976329997674007,52.631063910265866,True,False
2014-09-29 20:00:00,50.77000045776367,50.84000015258789,49.02000045776367,49.04999923706055,995000,50.7880002339681,845196.6666666666,21.912138632157486,46.78853476347954,True,False
2014-09-30 20:00:00,49.13999938964844,49.220001220703125,47.27000045776367,47.90999984741211,1011800,50.647666931152344,860450.0,22.01952671122587,42.81877200352305,True,False
2014-10-01 20:00:00,47.70000076293945,48.4900016784668,45.41999816894531,46.630001068115234,1789200,50.48000030517578,900726.6666666666,22.992505115399048,38.834637564028455,True,False
2014-10-02 20:00:00,47.0,47.459999084472656,46.5,47.380001068115234,1480100,50.38633371988932,924896.6666666666,23.895985062131285,42.22669635214979,True,False
2014-10-05 20:00:00,47.68000030517578,47.93999862670898,47.060001373291016,47.70000076293945,672000,50.28800036112467,922353.3333333334,24.290855195492675,43.66228504554444,True,True
2014-10-06 20:00:00,47.36000061035156,47.7599983215332,46.209999084472656,46.7599983215332,679200,50.06666692097982,909043.3333333334,25.062741473673334,40.480214982164036,True,True
2014-10-07 20:00:00,46.72999954223633,48.06999969482422,45.81999969482422,48.0099983215332,769400,49.8276668548584,890786.6666666666,25.956590284486992,46.10513533959899,True,True
2014-10-08 20:00:00,48.0,48.470001220703125,47.0099983215332,47.59000015258789,1570700,49.59033355712891,918590.0,26.38873576783792,44.5806492014801,True,False
2014-10-09 20:00:00,47.22999954223633,48.15999984741211,45.83000183105469,46.09999847412109,855600,49.329000218709304,928110.0,27.343496721273027,39.580535418528825,True,True
2014-10-12 20:00:00,46.09999847412109,46.540000915527344,43.86000061035156,45.59999847412109,1853300,49.0423334757487,972046.6666666666,28.961833402617852,38.03873726765135,True,False
2014-10-13 20:00:00,45.93000030517578,47.34000015258789,45.18999862670898,46.540000915527344,984400,48.82300020853678,973343.3333333334,29.722915790881707,42.56815411609454,True,False
2014-10-14 20:00:00,45.72999954223633,48.5099983215332,45.5,48.150001525878906,1298100,48.67600021362305,995920.0,29.449265066218647,49.391913309107274,True,False
2014-10-15 20:00:00,46.93000030517578,51.959999084472656,46.470001220703125,51.5,1359400,48.66166687011719,1022730.0,27.635653117721102,60.032801441963656,False,False
2014-10-16 20:00:00,51.7400016784668,52.40999984741211,49.75,50.08000183105469,1667800,48.60333353678386,1058033.3333333333,26.173193575584133,54.77539740113798,False,False
2014-10-19 20:00:00,50.09999847412109,51.02999877929688,49.86000061035156,50.790000915527344,1058300,48.54333356221517,1070486.6666666667,24.81519542931409,56.81197416556324,False,True
2014-10-20 20:00:00,51.43000030517578,52.709999084472656,50.54999923706055,52.43999862670898,1064600,48.601000213623045,1082333.3333333333,24.368649181534384,61.18639212273638,False,True
2014-10-21 20:00:00,52.560001373291016,53.38999938964844,51.5,52.470001220703125,575300,48.6483336130778,1068390.0,24.24958916708052,61.263223840643846,False,True
2014-10-22 20:00:00,53.02000045776367,55.150001525878906,52.380001068115234,54.95000076293945,1037700,48.80833358764649,1070936.6666666667,24.82404782185233,67.06648476356301,False,True
2014-10-23 20:00:00,55.0,55.93000030517578,53.7599983215332,55.06999969482422,1258300,49.02000020345052,1077650.0,25.62783967525019,67.32159036756966,False,False
2014-10-26 20:00:00,55.04999923706055,57.66999816894531,54.5099983215332,57.459999084472656,1406900,49.34766680399577,1090910.0,26.914822067963375,71.97740199089803,False,False
2014-10-27 20:00:00,57.459999084472656,59.29999923706055,57.27000045776367,58.18999862670898,1271500,49.66400006612142,1105406.6666666667,28.53938531633459,73.23187665258172,False,False
2014-10-28 20:00:00,58.119998931884766,58.880001068115234,57.36000061035156,57.869998931884766,1204700,49.9843334197998,1108300.0,30.04790833267929,71.71628248317509,False,False
2014-10-29 20:00:00,59.02000045776367,64.87999725341797,59.02000045776367,64.18000030517578,2509100,50.49433339436849,1161756.6666666667,32.574018396331134,80.35154771978667,False,False
2014-10-30 20:00:00,65.0,70.33000183105469,64.93000030517578,67.05999755859375,3651700,51.08566665649414,1240466.6666666667,35.498730729991046,82.91539132417947,False,False
2014-11-03 20:00:00,66.93000030517578,68.33999633789062,66.29000091552734,67.97000122070312,1844600,51.77100003560384,1267286.6666666667,38.2145350398181,83.64172541227633,False,False
2014-11-04 20:00:00,67.5,68.23999786376953,66.79000091552734,67.76000213623047,1158000,52.447333399454756,1272776.6666666667,40.736353327514664,82.76724749219774,False,True
2014-11-05 20:00:00,68.0999984741211,68.68000030517578,67.19000244140625,67.72000122070312,927300,53.0603333791097,1279213.3333333333,43.12171201536949,82.59011788291856,False,True
2014-11-06 20:00:00,67.79000091552734,69.33000183105469,66.97000122070312,68.4000015258789,1536800,53.7183334350586,1300916.6666666667,45.40215439278707,83.24650773934906,False,False
2014-11-07 20:00:00,68.77999877929688,70.66999816894531,68.44999694824219,69.31999969482422,1361500,54.37233339945475,1323313.3333333333,47.64967778255203,84.11889494555267,False,False
2014-11-10 20:00:00,69.38999938964844,71.0,68.7699966430664,70.95999908447266,1505600,55.05366668701172,1345263.3333333333,49.76801370978315,85.56216445256925,False,False
2014-11-11 20:00:00,70.97000122070312,71.80000305175781,70.13999938964844,71.05999755859375,1125700,55.78733329772949,1349620.0,51.811543352196566,85.64781283727692,False,True
2014-11-12 20:00:00,70.70999908447266,72.63999938964844,70.26000213623047,71.87000274658203,1089900,56.58600006103516,1352223.3333333333,53.78735491319509,86.35397177766669,False,True
2014-11-13 20:00:00,71.76000213623047,72.80000305175781,70.7699966430664,71.20999908447266,889200,57.40533332824707,1322223.3333333333,55.63711849396254,82.77998497838742,False,True
2014-11-14 20:00:00,71.19999694824219,71.19999694824219,68.2699966430664,69.54000091552734,1682900,58.14399998982747,1328983.3333333333,55.461136659284364,74.39037610728897,False,False
2014-11-17 20:00:00,69.47000122070312,70.87999725341797,68.81999969482422,69.69999694824219,930400,58.87733319600423,1337596.6666666667,55.29772495565464,74.65539679078026,False,True
2014-11-18 20:00:00,69.81999969482422,71.2699966430664,69.0999984741211,69.63999938964844,2176900,59.63999989827474,1387520.0,55.23294732562716,74.344700809924,False,False
2014-11-19 20:00:00,69.80000305175781,71.9800033569336,69.27999877929688,71.30000305175781,1277400,60.41633338928223,1404453.3333333333,55.330804679781295,77.17507547581467,False,True
2014-11-20 20:00:00,70.45999908447266,72.27999877929688,69.73999786376953,71.61000061035156,900400,61.217000071207686,1382110.0,55.48860574205069,77.67050251423245,False,True
2014-11-21 20:00:00,72.5,73.1500015258789,71.63999938964844,72.2699966430664,725000,62.08933334350586,1377756.6666666667,55.826742322365234,78.72908397243398,False,True
2014-11-24 20:00:00,72.5,75.79000091552734,72.30000305175781,75.54000091552734,1830600,63.08733342488607,1377000.0,56.62693788579736,83.02335048517358,False,False
2014-11-25 20:00:00,75.79000091552734,75.87999725341797,70.20999908447266,73.13999938964844,7072700,63.97400004069011,1579943.3333333333,55.85095542338554,71.59840741706299,False,False
2014-11-26 20:00:00,73.0999984741211,75.01000213623047,72.81999969482422,75.01000213623047,804600,64.8693333943685,1563493.3333333333,55.13040027971743,74.53845252707195,False,True
2014-11-28 20:00:00,76.12000274658203,76.37000274658203,74.69999694824219,75.55000305175781,782100,65.67100016276042,1544250.0,54.80092426498557,75.33254765894593,False,True
2014-12-01 20:00:00,75.87999725341797,75.91000366210938,73.55000305175781,74.19999694824219,967400,66.475,1520903.3333333333,53.70017550453757,69.49702361373784,False,True
2014-12-02 20:00:00,73.6500015258789,75.05000305175781,73.5999984741211,74.66000366210938,1364400,67.2706667582194,1531106.6666666667,52.678051655550135,70.34012470286719,False,True
2014-12-03 20:00:00,74.91999816894531,74.93000030517578,72.98999786376953,74.66000366210938,718700,68.01133359273275,1519576.6666666667,51.295828995777924,70.34012470286717,False,True
2014-12-04 20:00:00,74.23999786376953,74.66000366210938,72.91000366210938,74.12000274658203,1075800,68.73300031026204,1536260.0,49.95418865323969,67.78920003631109,False,True
2014-12-05 20:00:00,74.41999816894531,76.0,74.31999969482422,75.19999694824219,829300,69.40800018310547,1529313.3333333333,49.18666406195052,70.12289766578184,False,True
2014-12-08 20:00:00,75.5,80.77999877929688,75.26000213623047,77.22000122070312,1567300,70.14633356730143,1539613.3333333333,49.67228002292567,73.92774485575711,False,False
2014-12-09 20:00:00,76.22000122070312,79.08999633789062,75.0,78.88999938964844,1071300,70.8606669108073,1528426.6666666667,49.94595988464473,76.5828469730352,False,True
2014-12-10 20:00:00,79.0,79.0,76.72000122070312,77.0,885600,71.48766695658365,1515563.3333333333,50.20009118481243,68.12708428080624,False,True
2014-12-11 20:00:00,76.58000183105469,79.12999725341797,75.25,75.91999816894531,1202200,72.089333597819,1515480.0,49.40036114167301,63.792584477543635,False,True
2014-12-12 20:00:00,75.31999969482422,77.36000061035156,74.56999969482422,74.66000366210938,1596300,72.43866704305013,1485053.3333333333,48.21153224125009,59.0706517928887,False,False
2014-12-15 20:00:00,74.87999725341797,76.5,71.69999694824219,72.13999938964844,2097700,72.60800043741862,1433253.3333333333,45.49914523427152,50.94806118623869,True,False
2014-12-16 20:00:00,71.62999725341797,74.69000244140625,71.0199966430664,71.62000274658203,1585900,72.72966715494792,1424630.0,42.65383749160351,49.43741586610475,True,False
2014-12-17 20:00:00,72.81999969482422,75.63999938964844,71.83999633789062,75.58000183105469,1057100,72.99033381144206,1421266.6666666667,40.407628781389626,59.327774019222566,False,True
2014-12-18 20:00:00,76.36000061035156,77.8499984741211,75.87999725341797,77.05000305175781,1173500,73.30133387247722,1429473.3333333333,39.13557901354164,62.277555713357124,False,True
2014-12-19 20:00:00,76.83999633789062,77.12999725341797,75.23999786376953,76.86000061035156,2246500,73.58333384195963,1453130.0,37.61748003503677,61.65513028987658,False,False
2014-12-22 20:00:00,76.0999984741211,77.25,74.55999755859375,75.81999969482422,916400,73.8000005086263,1438293.3333333333,35.852774558173145,58.224896554702376,False,True
2014-12-23 20:00:00,75.83999633789062,75.9800033569336,69.44999694824219,69.58000183105469,1630900,73.75400060017904,1442470.0,34.421528535279116,42.82840423264979,True,False
2014-12-24 20:00:00,69.56999969482422,72.0,69.56999969482422,71.56999969482422,444400,73.77100067138672,1419760.0,33.09251437116323,47.588267050034396,True,True
2014-12-26 20:00:00,71.66999816894531,74.0999984741211,71.41000366210938,73.88999938964844,513500,73.83833389282226,1400546.6666666667,30.963786893863716,52.548313827490645,False,True
2014-12-29 20:00:00,73.83999633789062,74.58000183105469,72.69999694824219,74.26000213623047,458400,73.9400006612142,1386186.6666666667,28.795798927936435,53.30725542747182,False,True
2014-12-30 20:00:00,74.06999969482422,74.54000091552734,72.87000274658203,73.0199966430664,500700,74.05600051879883,1346780.0,26.782667245289673,50.39805381561396,True,True
2014-12-31 20:00:00,73.0999984741211,74.72000122070312,72.0,73.11000061035156,1063900,74.1696673075358,1351230.0,25.280286441133885,50.608751724900756,True,True
2015-01-02 20:00:00,73.6500015258789,74.87999725341797,72.68000030517578,73.76000213623047,775100,74.30700073242187,1304503.3333333333,23.808675260688734,52.188300697033,True,True
2015-01-05 20:00:00,73.81999969482422,74.9800033569336,73.22000122070312,74.22000122070312,968900,74.40433400472006,1294220.0,22.391522871019543,53.32589233527426,True,True
2015-01-06 20:00:00,73.2300033569336,74.83000183105469,69.05000305175781,71.48999786376953,2249200,74.40033391316732,1339180.0,22.67564247031962,46.28703066674616,True,False
2015-01-07 20:00:00,72.4800033569336,74.69999694824219,71.98999786376953,74.44999694824219,1009100,74.4730005900065,1348650.0,22.939467812526832,53.4600684441061,True,True
2015-01-08 20:00:00,75.0,75.6500015258789,72.94000244140625,73.20999908447266,1091400,74.39533386230468,1324010.0,22.66043123546632,50.42226050970652,True,True
2015-01-09 20:00:00,73.01000213623047,73.83999633789062,71.4800033569336,72.02999877929688,1266200,74.35833384195963,1130460.0,22.90829436860737,47.647552638309094,True,False
2015-01-12 20:00:00,73.06999969482422,73.95999908447266,71.68000030517578,73.30000305175781,896000,74.30133387247722,1133506.6666666667,23.06908496530397,50.78651983766288,True,True
2015-01-13 20:00:00,73.91999816894531,77.25,73.51000213623047,76.18000030517578,1635300,74.32233378092448,1161946.6666666667,21.562503556382257,57.072297424427354,False,False
2015-01-14 20:00:00,75.27999877929688,77.23999786376953,74.55000305175781,75.77999877929688,1330600,74.3750005086263,1174053.3333333333,20.16353510524067,56.00241525930478,False,False
2015-01-15 20:00:00,76.11000061035156,76.44999694824219,72.54000091552734,72.9000015258789,1395000,74.31633377075195,1175073.3333333333,19.676782404516352,48.89530774350624,True,False
2015-01-16 20:00:00,73.02999877929688,74.44999694824219,72.25,74.37999725341797,1369000,74.30700022379557,1196750.0,19.334391266881035,52.24898890454739,False,False
2015-01-20 20:00:00,74.44000244140625,77.79000091552734,73.19000244140625,77.4000015258789,1155400,74.4163335164388,1199403.3333333333,18.36793503017983,58.26723487896185,False,True
2015-01-21 20:00:00,76.51000213623047,78.87999725341797,75.0,77.43000030517578,1370000,74.49066696166992,1217426.6666666667,17.870975883515047,58.3234250161017,False,False
2015-01-22 20:00:00,77.98999786376953,78.25,75.66999816894531,77.61000061035156,861700,74.50366694132487,1193906.6666666667,17.409513818754892,58.682898712721595,False,True
2015-01-23 20:00:00,77.29000091552734,80.0,76.83999633789062,79.9000015258789,1253600,74.53733367919922,1199983.3333333333,17.612334140513333,63.049490788617334,False,False
2015-01-26 20:00:00,79.13999938964844,83.83999633789062,79.01000213623047,82.94999694824219,1913500,74.7356669108073,1234246.6666666667,18.887460033700524,67.91339253892377,False,False
2015-01-27 20:00:00,81.98999786376953,83.7699966430664,81.5199966430664,83.06999969482422,1051600,74.97400029500325,1229226.6666666667,20.07150550594577,68.09136356064766,False,True
2015-01-28 20:00:00,83.51000213623047,84.7300033569336,80.44000244140625,81.44000244140625,1540000,75.20000025431315,1227350.0,20.60411569879961,62.981395980323086,False,False
2015-01-29 20:00:00,81.69999694824219,81.69999694824219,79.55999755859375,81.33999633789062,842300,75.50666681925456,1185503.3333333333,20.653297952117008,62.67064351345526,False,True
2015-01-30 20:00:00,81.05000305175781,82.80999755859375,79.51000213623047,79.70999908447266,701100,75.77633336385091,1156010.0,21.049105912382803,57.675597911888396,False,True
2015-02-02 20:00:00,80.44000244140625,81.0,76.4000015258789,78.37999725341797,995700,75.86966654459636,1153963.3333333333,19.990705341745485,53.9005818298748,False,True
2015-02-03 20:00:00,79.44999694824219,79.5,73.25,75.95999908447266,1742700,75.83333307902018,1172936.6666666667,19.234336028132184,47.7734054428799,False,False
2015-02-04 20:00:00,74.66000366210938,75.4000015258789,72.62000274658203,73.0199966430664,1837800,75.70533294677735,1159313.3333333333,18.73080556744267,41.58819676239656,True,False
2015-02-05 20:00:00,73.5,75.66000366210938,73.30999755859375,75.25,968000,75.68633295694987,1161033.3333333333,18.155299620830952,47.174846380178415,True,True
2015-02-06 20:00:00,74.05000305175781,76.86000061035156,73.16999816894531,75.3499984741211,638400,75.87866617838542,1127950.0,17.124831387484317,47.41771021853653,True,True
2015-02-09 20:00:00,74.31999969482422,77.30999755859375,74.2699966430664,75.80999755859375,628100,76.01999944051107,1134073.3333333333,15.984845062118277,48.5886363198849,True,True
2015-02-10 20:00:00,76.73999786376953,76.98999786376953,75.30999755859375,76.45999908447266,720500,76.10566609700521,1140973.3333333333,14.926286331421238,50.27370717866793,False,True
2015-02-11 20:00:00,75.4800033569336,78.41000366210938,75.0199966430664,75.95999908447266,1190700,76.16233266194662,1165383.3333333333,14.376307675104927,48.944766435478606,True,False
2015-02-12 20:00:00,76.62000274658203,78.66999816894531,73.51000213623047,75.66000366210938,1316300,76.25033289591471,1192570.0,13.497672671276636,48.122817088296074,True,False
2015-02-13 20:00:00,74.62000274658203,76.0,73.20999908447266,75.94000244140625,1284100,76.3446662902832,1199910.0,12.809260707426912,48.98395317776749,True,False
2015-02-17 20:00:00,76.0999984741211,78.18000030517578,75.51000213623047,77.80000305175781,1078200,76.47933298746744,1210013.3333333333,12.544499002546697,54.399102407799596,False,True
2015-02-18 20:00:00,77.97000122070312,79.01000213623047,77.02999877929688,78.97000122070312,768400,76.63766632080078,1203330.0,12.614728826039363,57.45808786159189,False,True
2015-02-19 20:00:00,78.94999694824219,80.9000015258789,78.61000061035156,80.1500015258789,880000,76.92633310953777,1157690.0,13.338677937574802,60.3471696299275,False,True
2015-02-20 20:00:00,80.11000061035156,82.5,79.75,82.48999786376953,1176200,77.19433314005533,1163260.0,14.499880727050881,65.36964193702778,False,False
2015-02-23 20:00:00,82.48999786376953,84.94999694824219,82.48999786376953,83.41000366210938,1145500,77.53433329264323,1165063.3333333333,16.2193147750852,67.13231799374621,False,True
2015-02-24 20:00:00,83.4000015258789,83.4000015258789,80.47000122070312,81.16999816894531,811200,77.83899993896485,1149896.6666666667,16.809359797008103,59.22765653341856,False,True
2015-02-25 20:00:00,81.26000213623047,85.70999908447266,80.44999694824219,85.6500015258789,1496700,78.25066655476888,1169920.0,17.957647156800476,67.47604221707533,False,False
2015-02-26 20:00:00,85.6500015258789,88.44000244140625,84.37999725341797,87.54000091552734,1359100,78.6293332417806,1160713.3333333333,19.618737704729686,70.21375019210558,False,False
2015-02-27 20:00:00,87.01000213623047,87.5999984741211,84.2300033569336,85.8499984741211,917100,78.96499989827474,1146930.0,21.087665974781498,64.9491257753669,False,True
2015-03-02 20:00:00,85.4800033569336,88.93000030517578,85.19000244140625,88.68000030517578,932100,79.49099985758464,1131500.0,22.729675756565772,69.12405866558487,False,True
2015-03-03 20:00:00,88.69000244140625,88.87000274658203,86.33999633789062,87.94999694824219,914300,79.94333318074544,1116343.3333333333,24.25439912536546,66.91012151920617,False,True
2015-03-04 20:00:00,87.80999755859375,88.80999755859375,87.01000213623047,87.91000366210938,756100,80.29366658528646,1103033.3333333333,25.670213682108024,66.78392281405381,False,True
2015-03-05 20:00:00,89.5999984741211,94.4800033569336,89.08999633789062,91.97000122070312,2811800,80.7783332824707,1151093.3333333333,28.012741034422053,72.46219022623895,False,False
2015-03-06 20:00:00,91.75,91.75,88.5,90.0,1855300,81.19133326212565,1184213.3333333333,29.87072034397908,66.52001762990464,False,False
2015-03-08 20:00:00,90.41000366210938,90.5,88.16000366210938,89.56999969482422,1331500,81.51366653442383,1186810.0,31.407906867019268,65.26201588950504,False,False
2015-03-09 20:00:00,89.2300033569336,89.9800033569336,87.88999938964844,89.33000183105469,1685300,81.72633336385091,1179203.3333333333,32.67947142631477,64.52850964299543,False,False
2015-03-10 20:00:00,89.88999938964844,90.5,88.12999725341797,90.0199966430664,1061100,81.95799992879232,1179520.0,33.96548742082548,65.72137083686361,False,True
2015-03-11 20:00:00,90.0,90.06999969482422,88.77999877929688,89.95999908447266,1208100,82.24199981689453,1168456.6666666667,35.159645130014,65.51505904658599,False,False
2015-03-12 20:00:00,89.58999633789062,91.91000366210938,88.12000274658203,89.30999755859375,885800,82.5076665242513,1169906.6666666667,36.64336590900753,63.200319204506705,False,True
2015-03-15 20:00:00,90.02999877929688,91.38999938964844,89.05999755859375,91.27999877929688,933500,82.89333318074544,1177653.3333333333,38.021106632358666,67.00521804900994,False,True
2015-03-16 20:00:00,92.0199966430664,93.41999816894533,90.7699966430664,92.33999633789062,914700,83.3586664835612,1174953.3333333333,39.677671488841156,68.87029648660092,False,True
2015-03-17 20:00:00,91.79000091552734,93.0,90.75,92.25,782100,83.90166651407877,1142933.3333333333,41.201289205345724,68.51617716935144,False,True
2015-03-18 20:00:00,93.16999816894533,97.12999725341795,93.16999816894533,97.08000183105467,1509500,84.70366668701172,1131990.0,43.22941626249709,75.72909234176018,False,False
2015-03-19 20:00:00,97.26000213623048,99.0,94.63999938964844,95.5500030517578,2274700,85.38033345540364,1175546.6666666667,45.32327413788108,70.23958026520233,False,False
2015-03-22 20:00:00,94.58999633789062,94.95999908447266,92.3499984741211,93.4000015258789,1029900,85.98200022379557,1188596.6666666667,45.87017147969397,63.29605524046607,False,True
2015-03-23 20:00:00,93.6999969482422,94.23999786376952,92.01000213623048,92.80999755859376,796300,86.54866689046224,1194203.3333333333,46.18343433536072,61.49937960165764,False,True
2015-03-24 20:00:00,92.87000274658205,93.0,89.4000015258789,90.47000122070312,1520500,87.01566696166992,1220870.0,45.097162256607234,54.84954295625478,False,False
2015-03-25 20:00:00,89.58999633789062,90.9499969482422,87.79000091552734,89.19999694824219,1353000,87.45700022379557,1226280.0,43.35365097540239,51.58912630319049,False,False
2015-03-26 20:00:00,89.72000122070312,95.72000122070312,89.05000305175781,94.36000061035156,1401500,88.08033345540365,1229120.0,42.869922604399676,61.58152442612225,False,False
2015-03-29 20:00:00,95.8499984741211,96.68000030517578,92.54000091552734,94.19000244140624,1256200,88.68866678873698,1228190.0,42.60930204378041,61.13382422496596,False,False
2015-03-30 20:00:00,92.9000015258789,93.97000122070312,91.5,91.66000366210938,1038300,89.15066680908203,1226860.0,41.90674127716727,54.753937586287506,False,True
2015-03-31 20:00:00,92.3000030517578,92.4800033569336,87.41999816894531,89.44000244140625,1226800,89.49966684977214,1242140.0,39.70237148544447,49.83899695417245,True,True
2015-04-01 20:00:00,89.55999755859375,89.69999694824219,87.18000030517578,88.79000091552734,764700,89.78766682942708,1238296.6666666667,37.5740739712101,48.46717891981683,True,True
2015-04-05 20:00:00,88.33999633789062,90.12000274658205,87.41000366210938,88.45999908447266,1001800,89.98666687011719,1232483.3333333333,35.71987659270305,47.74859993252391,True,True
2015-04-06 20:00:00,88.83000183105469,91.31999969482422,88.29000091552734,89.38999938964844,662300,90.18600006103516,1216376.6666666667,34.34629488520503,49.998490087706486,True,True
2015-04-07 20:00:00,89.63999938964844,92.13999938964844,89.33999633789062,91.62999725341795,862200,90.53466669718425,1218076.6666666667,33.30347379306854,55.02205677616821,False,True
2015-04-08 20:00:00,91.5,92.37999725341795,90.5,92.27999877929688,502000,90.7556666056315,1184920.0,32.404753374979656,56.39121761557754,False,True
2015-04-09 20:00:00,92.3499984741211,94.12999725341795,91.0500030517578,93.80999755859376,781900,90.96466649373373,1165680.0,32.063224685367956,59.51519793308976,False,True
2015-04-12 20:00:00,94.13999938964844,102.79000091552734,93.9499969482422,99.83000183105467,2427900,91.43066660563152,1216040.0,33.38449985664691,68.9425632425485,False,False
2015-04-13 20:00:00,98.72000122070312,101.4000015258789,97.66000366210938,98.97000122070312,1388800,91.77366663614909,1231263.3333333333,34.61139822997737,66.55812521351511,False,False
2015-04-14 20:00:00,99.43000030517578,101.37999725341795,98.5,100.29000091552734,1156000,92.18500010172527,1239320.0,35.75066100521279,68.36656763348908,False,True
2015-04-15 20:00:00,100.83999633789062,103.73999786376952,100.4000015258789,102.76000213623048,1752200,92.68000005086263,1272523.3333333333,37.15238454618001,71.4750407919921,False,False
2015-04-16 20:00:00,101.76000213623048,102.73999786376952,101.01000213623048,101.66000366210938,1768600,93.00300013224283,1237750.0,38.45398497707813,68.25815991523527,False,False
2015-04-19 20:00:00,104.12000274658205,105.95999908447266,102.01000213623048,105.51000213623048,1250500,93.52000020345052,1217590.0,40.08815723685344,72.8619214528619,False,False
2015-04-20 20:00:00,106.76000213623048,109.88999938964844,104.7300033569336,109.19000244140624,1351000,94.17400029500325,1218240.0,42.01790822949603,76.3872476893592,False,False
2015-04-21 20:00:00,109.97000122070312,111.93000030517578,107.5,107.9800033569336,1152600,94.79566701253255,1200483.3333333333,43.99079538280391,73.02807787975814,False,True
2015-04-22 20:00:00,107.5999984741211,108.43000030517578,106.58000183105467,107.8499984741211,1108100,95.39000040690104,1202050.0,45.38584233710872,72.65837224803678,False,True
2015-04-23 20:00:00,107.58999633789062,108.5500030517578,106.75,107.33999633789062,854500,95.96933364868164,1190263.3333333333,46.69437444456541,71.13692019858752,False,True
2015-04-26 20:00:00,107.41999816894533,107.83999633789062,100.62999725341795,101.37999725341795,1431300,96.37166697184244,1208446.6666666667,45.37453466247681,56.300104891702375,False,False
2015-04-27 20:00:00,101.7300033569336,104.01000213623048,97.13999938964844,99.5999984741211,1930100,96.64900029500326,1241666.6666666667,43.07294819579404,52.760821215444686,False,False
2015-04-28 20:00:00,99.63999938964844,102.23999786376952,98.04000091552734,101.66999816894533,1502900,96.9600003560384,1261273.3333333333,40.93576076244575,56.20853278106349,False,False
2015-04-29 20:00:00,99.63999938964844,102.72000122070312,96.0199966430664,97.16000366210938,1916700,97.1236671447754,1299093.3333333333,38.36039205560275,47.99039648881509,False,False
2015-04-30 20:00:00,98.86000061035156,101.0,96.83000183105467,98.27999877929688,1622200,97.16366704305013,1302850.0,35.968978256391395,49.94753412430637,False,False
2015-05-03 20:00:00,99.26000213623048,104.7699966430664,98.51000213623048,101.0,1449500,97.34533360799153,1275343.3333333333,34.67656928123492,54.43223241428324,False,False
2015-05-04 20:00:00,100.36000061035156,100.80999755859376,97.20999908447266,97.5,940700,97.48200022379557,1272370.0,33.069951172081915,48.42024128832795,False,True
2015-05-05 20:00:00,98.80999755859376,100.69000244140624,98.37999725341795,100.54000091552734,1322400,97.73966700236002,1289906.6666666667,31.57809149929698,53.25008788176122,False,False
2015-05-06 20:00:00,100.62999725341795,103.63999938964844,100.31999969482422,102.08000183105467,1202500,98.12666702270508,1279306.6666666667,30.89997963296819,55.522197602252696,False,True
2015-05-07 20:00:00,104.16000366210938,106.9000015258789,102.44000244140624,103.83000183105467,1363100,98.61433385213216,1279643.3333333333,30.92869672723205,58.01910234644446,False,False
2015-05-10 20:00:00,104.0,105.41999816894533,103.62000274658205,104.61000061035156,780400,98.95600051879883,1258940.0,30.955362600477063,59.12064976081781,False,True
2015-05-11 20:00:00,103.58999633789062,105.6999969482422,102.75,105.0,794300,99.31633377075195,1243543.3333333333,30.648850012938368,59.690180301920584,False,True
2015-05-12 20:00:00,105.62999725341795,106.16999816894533,103.06999969482422,104.26000213623048,598200,99.73633371988932,1228873.3333333333,30.46970887004654,58.03792877805456,False,True
2015-05-13 20:00:00,104.98999786376952,107.6999969482422,102.87999725341795,106.77999877929688,1199900,100.31433359781902,1227976.6666666667,30.64180190880975,61.90510716738545,False,True
2015-05-14 20:00:00,107.3000030517578,107.6500015258789,105.66000366210938,106.86000061035156,779100,100.91666692097982,1228456.6666666667,30.8016025876613,62.02475985736079,False,True
2015-05-17 20:00:00,106.51000213623048,108.5199966430664,106.33000183105467,107.6500015258789,829600,101.5563336690267,1222716.6666666667,31.149775227366113,63.252197491873375,False,True
2015-05-18 20:00:00,108.11000061035156,109.0999984741211,107.3000030517578,108.25,556800,102.18500035603842,1219200.0,31.606545682938865,64.1986642630442,False,True
2015-05-19 20:00:00,108.33000183105467,111.11000061035156,106.27999877929688,109.66999816894533,767600,102.78633371988933,1216046.6666666667,32.4670270139781,66.4040437293414,False,True
2015-05-20 20:00:00,110.16999816894533,110.87999725341795,108.18000030517578,108.41000366210938,612000,103.32400054931641,1219713.3333333333,33.266045392800244,62.71253416728755,False,True
2015-05-21 20:00:00,108.0,109.11000061035156,107.19000244140624,107.69000244140624,694700,103.78666737874349,1216806.6666666667,33.4650359823517,60.638078462862424,False,True
2015-05-25 20:00:00,107.45999908447266,108.4000015258789,104.7300033569336,107.29000091552734,879900,104.03533401489258,1165206.6666666667,32.4444313203311,59.46129308543322,False,True
2015-05-26 20:00:00,107.54000091552734,108.58000183105467,106.58000183105467,107.91999816894533,1075600,104.33366724650065,1154766.6666666667,31.55260694001435,60.75316127579434,False,True
2015-05-27 20:00:00,107.91999816894533,108.69000244140624,106.11000061035156,108.13999938964844,639200,104.59533386230468,1137540.0,30.497446095967344,61.21794429924024,False,True
2015-05-28 20:00:00,107.9000015258789,111.08000183105467,107.05999755859376,110.1500015258789,1245600,104.84166717529297,1120653.3333333333,30.27088992465315,65.26524880253481,False,False
2015-05-31 20:00:00,111.62999725341795,113.5500030517578,108.3000030517578,109.68000030517578,1135200,105.10900039672852,1099540.0,30.70212853253554,63.594010355833376,False,False
2015-06-01 20:00:00,109.5199966430664,111.0,107.8000030517578,108.0,1103500,105.19200032552084,1094640.0,30.84710376596547,57.88791068688843,False,False
2015-06-02 20:00:00,107.93000030517578,109.08999633789062,106.75,108.9800033569336,937300,105.18500035603842,1080850.0,30.450659011984925,60.13498756014486,False,True
2015-06-03 20:00:00,108.08999633789062,109.01000213623048,105.88999938964844,106.83999633789062,1183400,105.14700012207031,1081876.6666666667,29.661163904165644,53.43040249970532,False,False
2015-06-04 20:00:00,107.29000091552734,109.13999938964844,106.01000213623048,108.94000244140624,1101200,105.18333358764649,1081646.6666666667,28.971851075044658,58.339070681682884,False,False
2015-06-07 20:00:00,108.87000274658205,109.80999755859376,105.63999938964844,107.0,873000,105.17200037638347,1082263.3333333333,28.563206762120007,52.802024240117994,False,True
2015-06-08 20:00:00,107.13999938964844,107.19000244140624,104.33999633789062,106.25,797100,105.33433380126954,1061123.3333333333,27.49675966658895,50.794863616960754,False,True
2015-06-09 20:00:00,106.25,106.25,102.56999969482422,105.52999877929688,1078900,105.53200047810873,1032750.0,25.673133041107487,48.87412952747217,True,False
2015-06-10 20:00:00,105.69000244140624,106.18000030517578,103.83000183105467,106.11000061035156,795400,105.68000055948893,1009166.6666666666,23.979765460303273,50.49799863125438,False,True
2015-06-11 20:00:00,105.30999755859376,106.51000213623048,104.29000091552734,105.48999786376952,568600,105.95766703287761,964230.0,22.55943522672547,48.71669856143475,True,True
2015-06-14 20:00:00,105.16999816894533,105.76000213623048,103.2300033569336,103.68000030517578,821900,106.13766708374024,937553.3333333334,21.17510900107185,43.853356493264556,True,True
2015-06-15 20:00:00,103.08999633789062,104.5500030517578,103.0,104.06999969482422,769600,106.24000040690105,914890.0,20.000776323088676,45.12453288806497,True,True
2015-06-16 20:00:00,104.41999816894533,105.79000091552734,104.05999755859376,105.38999938964844,492600,106.503000386556,899953.3333333334,18.872273399548934,49.307819139360625,True,True
2015-06-17 20:00:00,105.68000030517578,110.98999786376952,105.4000015258789,108.9000015258789,880700,106.7816670735677,885230.0,19.727675878181522,58.39111850835742,False,True
2015-06-18 20:00:00,109.5,109.5,106.55999755859376,107.7699966430664,1388000,106.97133356730143,891413.3333333334,20.521978179768926,54.975795400721005,False,False
2015-06-21 20:00:00,108.52999877929688,109.83999633789062,108.11000061035156,109.22000122070312,680400,107.15100021362305,868656.6666666666,21.361575129215318,58.34283661420234,False,True
2015-06-22 20:00:00,109.51000213623048,109.73999786376952,107.11000061035156,109.30999755859376,791100,107.30766677856445,869013.3333333334,21.560980031878795,58.5500256630535,False,True
2015-06-23 20:00:00,109.19000244140624,109.33999633789062,105.16999816894533,105.29000091552734,849500,107.3173334757487,870853.3333333334,20.737744449534553,47.246114466253545,True,True
2015-06-24 20:00:00,105.43000030517578,107.2300033569336,103.16999816894533,104.4499969482422,943200,107.32366663614908,882353.3333333334,19.420664413527106,45.27896018526566,True,False
2015-06-25 20:00:00,104.86000061035156,105.58999633789062,102.41999816894533,104.0500030517578,1865800,107.23266677856445,904550.0,18.49989450919628,44.33239563544542,True,False
2015-06-28 20:00:00,101.86000061035156,104.5500030517578,100.58999633789062,100.81999969482422,874900,107.03133341471354,907743.3333333334,18.327046410133768,37.51268120276606,True,True
2015-06-29 20:00:00,103.01000213623048,104.33999633789062,101.70999908447266,104.20999908447266,1182300,106.91666666666667,919500.0,18.166544603861432,46.76814015162723,True,False
2015-06-30 20:00:00,105.1500015258789,105.86000061035156,102.41999816894533,104.4499969482422,849400,106.78999989827474,929253.3333333334,17.274558253490113,47.3625599522768,True,True
2015-07-01 20:00:00,104.4000015258789,105.70999908447266,103.63999938964844,105.58000183105467,907400,106.65366668701172,933913.3333333334,16.446285213859603,50.18324557413898,True,True
2015-07-05 20:00:00,104.22000122070312,109.20999908447266,104.22000122070312,108.58000183105467,1248800,106.65933329264323,955140.0,16.323428819667303,56.801642072520075,False,False
2015-07-06 20:00:00,108.7300033569336,109.5,106.5199966430664,109.31999969482422,811000,106.71366653442382,959016.6666666666,16.312513250334977,58.27421156273369,False,True
2015-07-07 20:00:00,108.2300033569336,108.93000030517578,105.30999755859376,106.0,716000,106.67066650390625,953553.3333333334,15.715522782772329,50.033549012608745,True,True
2015-07-08 20:00:00,106.8000030517578,109.36000061035156,106.63999938964844,108.11000061035156,625700,106.67699991861979,938556.6666666666,15.33443754932688,54.442866165412106,False,True
2015-07-09 20:00:00,109.7699966430664,109.81999969482422,107.04000091552734,108.33000183105467,736700,106.68333333333334,941806.6666666666,15.169194213472627,54.88985252907892,False,True
2015-07-12 20:00:00,109.25,113.5,108.58000183105467,113.0,1019200,106.7783332824707,934260.0,16.273605104186334,63.15410061563491,False,False
2015-07-13 20:00:00,113.61000061035156,117.97000122070312,113.0999984741211,117.45999908447266,1365500,107.03766657511393,941936.6666666666,18.336631198416317,68.99594903301329,False,False
2015-07-14 20:00:00,118.83000183105467,121.6999969482422,115.38999938964844,115.87999725341795,1836000,107.30033315022787,966353.3333333334,20.872683448586493,65.06057066253872,False,False
2015-07-15 20:00:00,117.05999755859376,118.86000061035156,116.30999755859376,117.69000244140624,820600,107.59066645304362,962463.3333333334,23.227589109458798,67.35752763327442,False,True
2015-07-16 20:00:00,117.48999786376952,117.87999725341795,114.23999786376952,117.04000091552734,713500,107.93066660563152,946800.0,24.39784322825582,65.6874423681865,False,True
2015-07-19 20:00:00,117.8499984741211,118.08999633789062,115.01000213623048,115.7699966430664,672200,108.15833307902018,932500.0,25.527662860697944,62.430394974043836,False,True
2015-07-20 20:00:00,116.13999938964844,116.3000030517578,112.55999755859376,113.87000274658205,656200,108.38733317057292,925273.3333333334,25.45842011126823,57.81199650251311,False,True
2015-07-21 20:00:00,112.66999816894533,115.3499984741211,112.01000213623048,114.41999816894533,661300,108.6596664428711,920746.6666666666,25.160257097667692,58.76298248995144,False,True
2015-07-22 20:00:00,115.16999816894533,115.66000366210938,112.3000030517578,113.20999908447266,544200,108.91566645304361,902923.3333333334,24.9716947341088,55.78375582838968,False,True
2015-07-23 20:00:00,112.48999786376952,113.56999969482422,108.27999877929688,108.54000091552734,1012800,108.99666646321614,910170.0,23.222450341432282,46.07467072362997,True,False
2015-07-26 20:00:00,108.0,108.12999725341795,103.7300033569336,104.37000274658205,1398600,108.95933329264322,937836.6666666666,22.819894236774314,39.4688228529445,True,False
2015-07-27 20:00:00,104.5500030517578,106.2699966430664,103.0999984741211,105.48999786376952,1295700,109.01966654459635,953630.0,22.599815019088876,41.879082008551336,True,False
2015-07-28 20:00:00,106.18000030517578,106.66999816894533,101.5500030517578,103.73999786376952,1060900,109.0086664835612,963340.0,22.76644663562403,39.24928076098597,True,False
2015-07-29 20:00:00,102.95999908447266,103.91999816894533,99.6500015258789,102.95999908447266,1121000,108.92766647338867,984286.6666666666,23.343179698246562,38.10085980763069,True,False
2015-07-30 20:00:00,104.26000213623048,105.23999786376952,102.72000122070312,104.27999877929688,1001300,108.77366638183594,988306.6666666666,23.359003725444946,41.23455002685056,True,False
2015-08-02 20:00:00,104.27999877929688,105.4800033569336,103.0999984741211,103.9800033569336,1139000,108.64733327229818,980006.6666666666,23.27862724867453,40.729877079348654,True,False
2015-08-03 20:00:00,109.2300033569336,111.41999816894533,105.2300033569336,109.73999786376952,1798000,108.66466649373372,1017260.0,21.975253956779827,52.70007524930569,False,False
2015-08-04 20:00:00,111.4000015258789,113.2300033569336,109.7699966430664,110.95999908447266,1123900,108.71966654459635,1028353.3333333334,21.22764459065228,54.78307590956969,False,False
2015-08-05 20:00:00,111.9499969482422,113.62000274658205,104.1999969482422,104.3499984741211,1451300,108.6883331298828,1048413.3333333334,20.35776330709927,43.58400465627714,True,False
2015-08-06 20:00:00,104.97000122070312,108.80999755859376,101.5199966430664,102.0,1655000,108.6066665649414,1072140.0,20.116504700246814,40.420367843870125,True,False
2015-08-09 20:00:00,103.58999633789062,106.70999908447266,103.41000366210938,103.94000244140624,1051700,108.60299987792969,1045003.3333333334,19.892478851026677,44.03211830923108,True,False
2015-08-10 20:00:00,102.7300033569336,105.22000122070312,102.06999969482422,104.20999908447266,926000,108.71599985758463,1046706.6666666666,19.96987485992022,44.53604978869118,True,True
2015-08-11 20:00:00,102.9800033569336,107.86000061035156,100.37999725341795,107.27999877929688,1732400,108.81833318074544,1065043.3333333333,19.241069756731665,50.043941983900986,True,False
2015-08-12 20:00:00,107.69000244140624,109.94000244140624,104.23999786376952,107.91000366210938,924100,108.93366673787435,1067533.3333333333,17.992840293089028,51.11675716162176,True,True
2015-08-13 20:00:00,106.88999938964844,108.62999725341795,104.27999877929688,105.8000030517578,781000,108.9410001118978,1063320.0,16.833770076849436,47.44204365639291,True,True
2015-08-16 20:00:00,105.08000183105467,115.0,104.20999908447266,114.5999984741211,2315200,109.14166666666667,1098866.6666666667,17.000062179917872,60.27013020719652,False,False
2015-08-17 20:00:00,114.4000015258789,116.9000015258789,113.73999786376952,113.97000122070312,1602300,109.29666671752929,1125243.3333333333,17.5122649799082,59.15693841778601,False,False
2015-08-18 20:00:00,112.72000122070312,114.73999786376952,110.87000274658205,112.4000015258789,1094600,109.51000010172525,1137863.3333333333,17.175735028119,56.36305680982968,False,True
2015-08-19 20:00:00,111.3499984741211,114.1999969482422,107.37000274658205,107.5199966430664,1361600,109.49033330281576,1162393.3333333333,15.998313733661204,48.66892786588824,True,False
2015-08-20 20:00:00,105.4800033569336,110.22000122070312,103.58000183105467,104.30999755859376,1318700,109.3563331604004,1181793.3333333333,15.606352654056971,44.377542593579236,True,False
2015-08-23 20:00:00,92.18000030517578,102.9800033569336,89.37000274658203,97.37000274658205,1839900,108.83533325195313,1209150.0,17.22379266462363,36.818731819180364,True,False
2015-08-24 20:00:00,101.26000213623048,103.91000366210938,100.6999969482422,101.6500015258789,1456900,108.30833333333334,1212196.6666666667,18.514567818796984,43.23974743243157,True,False
2015-08-25 20:00:00,105.31999969482422,108.68000030517578,101.0,108.48999786376952,1728300,108.06200002034505,1208606.6666666667,18.692414149816646,51.68966286868382,False,False
2015-08-26 20:00:00,109.8000030517578,113.87000274658205,109.37999725341795,113.8499984741211,1500200,107.9339998881022,1231260.0,17.905657928046868,57.08160441223371,False,False
2015-08-27 20:00:00,113.1500015258789,120.0,112.12999725341795,119.93000030517578,1816100,108.0303332010905,1268013.3333333333,17.02331829448335,62.23108233758666,False,False
2015-08-30 20:00:00,119.4800033569336,121.93000030517578,115.81999969482422,116.19000244140624,1871800,108.0443333943685,1308000.0,16.473822273832365,57.648990821582125,False,False
2015-08-31 20:00:00,114.8499984741211,118.98999786376952,114.0,115.12000274658205,1717500,108.08600006103515,1343376.6666666667,15.658763384497954,56.37019005878727,False,False
2015-09-01 20:00:00,116.62999725341795,123.30999755859376,114.3499984741211,123.27999877929688,2218000,108.38133341471354,1395266.6666666667,15.517129930138603,63.09378657622884,False,False
2015-09-02 20:00:00,124.77999877929688,124.8000030517578,115.4000015258789,116.06999969482422,1559600,108.47666676839192,1429113.3333333333,15.586620996891964,55.02499853028219,False,False
2015-09-03 20:00:00,115.02999877929688,117.8000030517578,112.75,115.87999725341795,1056800,108.72133331298828,1430580.0,15.162148528326194,54.826015036935395,False,True
2015-09-07 20:00:00,118.9000015258789,120.41000366210938,116.1500015258789,120.12999725341795,731700,109.24666646321614,1408350.0,15.146695267604935,58.445827582602746,False,True
2015-09-08 20:00:00,122.5500030517578,124.61000061035156,117.86000061035156,118.1999969482422,1363800,109.67033309936524,1410620.0,15.693095709412093,56.24183420744272,False,True
2015-09-09 20:00:00,118.16000366210938,126.94000244140624,118.16000366210938,124.5,1789600,110.36233317057291,1434910.0,16.488666268892494,61.36361849499197,False,False
2015-09-10 20:00:00,123.43000030517578,131.97000122070312,123.43000030517578,131.00999450683594,2078000,111.29733301798503,1466810.0,17.793620147014362,65.81615628357056,False,False
2015-09-13 20:00:00,131.1699981689453,131.6999969482422,125.3499984741211,128.2100067138672,1255900,112.09499994913737,1475296.6666666667,19.00536303384181,62.48097703755685,False,True
2015-09-14 20:00:00,129.1699981689453,132.6199951171875,127.29000091552734,131.47000122070312,1230200,113.01133321126302,1478336.6666666667,20.23524131408769,64.72243538922955,False,True
2015-09-15 20:00:00,130.69000244140625,133.6199951171875,128.25999450683594,130.8000030517578,852600,113.71333338419596,1446823.3333333333,21.493994068601697,63.87779758021422,False,True
2015-09-16 20:00:00,130.89999389648438,133.0,128.50999450683594,130.11000061035156,1383800,114.35166676839192,1455486.6666666667,22.662835912078993,62.96644477402028,False,True
2015-09-17 20:00:00,129.13999938964844,129.38999938964844,125.51000213623048,125.93000030517578,1399100,115.07100016276041,1453746.6666666667,22.942197947818432,57.604714086115685,False,True
2015-09-20 20:00:00,127.0,127.37999725341795,114.72000122070312,118.66000366210938,1874400,115.62633361816407,1461060.0,21.5816920411107,49.68100100377866,False,False
2015-09-21 20:00:00,116.8000030517578,118.87000274658205,113.73999786376952,117.77999877929688,1634700,116.08766682942708,1480493.3333333333,20.47627722740949,48.80585958827881,False,False
2015-09-22 20:00:00,118.47000122070312,119.27999877929688,114.94000244140624,116.48999786376952,799200,116.49700012207032,1476266.6666666667,19.37207636940787,47.485363005416495,True,True
2015-09-23 20:00:00,115.20999908447266,116.54000091552734,109.12999725341795,111.9499969482422,1542400,116.65266672770183,1469933.3333333333,19.265061969974976,43.06885292560141,True,False
2015-09-24 20:00:00,113.5199966430664,114.80999755859376,103.12000274658205,106.62000274658205,1978800,116.60966669718424,1505090.0,19.934321368138676,38.5372143811201,True,False
2015-09-27 20:00:00,105.5500030517578,105.5500030517578,89.20999908447266,95.16000366210938,3518400,116.25500005086263,1596336.6666666667,21.810720893377525,30.987632727383325,True,False
2015-09-28 20:00:00,94.22000122070312,102.87000274658205,91.97000122070312,99.58999633789062,3510000,115.75466664632161,1636163.3333333333,23.553091881099313,36.1914778492444,True,False
2015-09-29 20:00:00,103.0,110.75,102.79000091552734,110.33000183105467,3168000,115.63333333333334,1688353.3333333333,23.717044843188376,46.68725620207278,True,False
2015-09-30 20:00:00,110.37000274658205,118.02999877929688,107.6500015258789,117.93000030517578,2930900,115.81766662597656,1749563.3333333333,22.775603944941956,52.62569762927828,False,False
2015-10-01 20:00:00,115.02999877929688,131.3300018310547,114.68000030517578,126.45999908447266,4442600,116.44900004069011,1852263.3333333333,21.921084212060585,58.24714064466136,False,False
2015-10-04 20:00:00,128.1199951171875,128.69000244140625,118.01000213623048,120.83000183105467,2561900,116.99966684977214,1893703.3333333333,21.127601602956457,53.716529120396736,False,False
2015-10-05 20:00:00,122.29000091552734,122.9800033569336,106.0,112.45999908447266,7234000,117.50266672770182,2073506.6666666667,20.17783563956735,47.76785649428208,True,False
2015-10-06 20:00:00,113.55999755859376,114.97000122070312,106.16000366210938,108.6500015258789,2894000,117.73600006103516,2121410.0,19.295910102134602,45.308209370931834,True,False
2015-10-07 20:00:00,108.62999725341795,108.70999908447266,99.8000030517578,103.44000244140624,3118400,117.5676668802897,2167746.6666666665,19.093530128360932,42.11469862655138,True,False
2015-10-08 20:00:00,103.04000091552734,107.5199966430664,101.4499969482422,105.0,1597300,117.27266693115234,2170983.3333333335,18.905605866999668,43.401082430642326,True,True
2015-10-11 20:00:00,105.48999786376952,106.6500015258789,101.2300033569336,106.01000213623048,1125000,116.8086669921875,2147946.6666666665,18.753438337532003,44.2646886345323,True,True
2015-10-12 20:00:00,101.48999786376952,108.98999786376952,101.0500030517578,101.20999908447266,2209600,116.30933354695638,2159206.6666666665,18.26922533965636,41.05832509393243,True,False
2015-10-13 20:00:00,103.5,108.45999908447266,102.29000091552734,105.91000366210938,2437000,116.00233357747396,2183190.0,17.819598984486117,45.240983862069264,True,False
2015-10-14 20:00:00,105.36000061035156,112.66999816894533,104.56999969482422,112.5199966430664,2206600,115.6436668395996,2182810.0,16.770190233041927,50.55518645233327,True,False
2015-10-15 20:00:00,111.72000122070312,112.27999877929688,106.62000274658205,107.77999877929688,2503200,115.3673334757487,2214263.3333333335,15.795739249558036,47.03047426994254,True,False
2015-10-18 20:00:00,108.30999755859376,112.58000183105467,106.05999755859376,110.69000244140624,1600900,115.19433364868163,2232400.0,14.97421117014875,49.36453842607726,True,True
2015-10-19 20:00:00,110.62999725341795,111.4800033569336,106.77999877929688,107.5,1295100,114.77333374023438,2251180.0,14.21136366784013,46.923582007001876,True,True
2015-10-20 20:00:00,108.9800033569336,110.1999969482422,103.29000091552734,107.1500015258789,1768000,114.40500055948893,2264653.3333333335,14.050329267713314,46.651019632350945,True,True
2015-10-21 20:00:00,107.02999877929688,110.79000091552734,103.87000274658205,109.0199966430664,1466500,113.88900044759114,2253883.3333333335,13.785905956996464,48.37638918475911,True,True
2015-10-22 20:00:00,110.77999877929688,113.87000274658205,107.4499969482422,110.0199966430664,1440600,113.18933385213217,2232636.6666666665,12.951322339932869,49.32030702073762,True,True
2015-10-25 20:00:00,109.8000030517578,114.0,107.11000061035156,112.29000091552734,1298700,112.6586669921875,2234063.3333333335,12.237929898722538,51.488710002579886,True,True
2015-10-26 20:00:00,111.87999725341795,117.69000244140624,111.0,117.63999938964844,1372800,112.19766693115234,2238816.6666666665,11.83841097850676,56.24082373068392,False,True
2015-10-27 20:00:00,117.22000122070312,120.41999816894533,113.3000030517578,120.36000061035156,1491700,111.84966684977213,2260120.0,11.92891164207806,58.46835232427144,False,True
2015-10-28 20:00:00,120.61000061035156,124.33999633789062,116.1500015258789,117.02999877929688,1544100,111.41366678873698,2265463.3333333335,12.612964334414503,54.791093695799965,False,True
2015-10-29 20:00:00,117.41000366210938,118.87999725341795,113.91000366210938,117.52999877929688,1333600,111.13366673787435,2263280.0,12.760833704879863,55.24623174574774,False,True
2015-11-02 20:00:00,119.33000183105467,120.9499969482422,116.47000122070312,120.6500015258789,1524300,111.2,2251610.0,13.220654298726172,58.0821138552721,False,True
2015-11-03 20:00:00,124.5,124.9800033569336,115.0999984741211,119.98999786376952,2977400,111.27366663614909,2296366.6666666665,14.224072299948862,57.255595406771334,False,False
2015-11-04 20:00:00,121.26000213623048,123.5500030517578,116.55999755859376,117.13999938964844,1706600,111.29533335367839,2326613.3333333335,15.155817586798504,53.70188039743935,False,True
2015-11-05 20:00:00,117.1999969482422,119.0999984741211,113.1999969482422,116.76000213623048,1502900,111.45566685994466,2325296.6666666665,15.22040055774372,53.227505945090044,False,True
2015-11-06 20:00:00,116.51000213623048,117.91999816894533,90.33000183105467,100.20999908447266,9134900,111.24200007120768,2563833.3333333335,16.238299314062253,37.634743479924644,True,False
2015-11-09 20:00:00,101.5,108.29000091552734,101.5,105.86000061035156,2389300,111.59866663614909,2526196.6666666665,17.183491016358033,43.69850412416707,True,True
2015-11-10 20:00:00,104.86000061035156,109.8000030517578,103.1999969482422,109.16000366210938,1784900,111.91766688028972,2468693.3333333335,17.79146007204927,46.94331865695053,True,True
2015-11-11 20:00:00,109.97000122070312,109.97000122070312,104.18000030517578,106.1500015258789,1218400,111.77833353678385,2403706.6666666665,18.32436836937819,44.428159825265006,True,True
2015-11-12 20:00:00,106.36000061035156,107.83000183105467,103.37999725341795,104.1999969482422,1070700,111.3206667582194,2341700.0,18.91287851722077,42.82725548617707,True,True
2015-11-13 20:00:00,103.2300033569336,108.91000366210938,102.26000213623048,107.36000061035156,1293900,110.68400014241537,2236743.3333333335,19.594519053898996,46.209824424537096,True,True
2015-11-16 20:00:00,107.12999725341795,108.8499984741211,104.70999908447266,108.05999755859376,1176100,110.25833333333334,2190550.0,20.22747098081449,46.958454091058385,True,True
2015-11-17 20:00:00,108.5999984741211,113.70999908447266,106.76000213623048,113.4800033569336,1404700,110.29233347574869,1996240.0,19.761927087446562,52.47394445885103,False,True
2015-11-18 20:00:00,114.62000274658205,117.0,112.87000274658205,116.86000061035156,1464400,110.5660001118978,1948586.6666666667,18.702401534150777,55.576249230392946,False,True
2015-11-19 20:00:00,116.66000366210938,117.86000061035156,113.66000366210938,116.43000030517578,896100,110.9990000406901,1874510.0,17.559088553938487,55.08362889772547,False,True
2015-11-20 20:00:00,117.9000015258789,117.9000015258789,112.0199966430664,113.12999725341795,1480900,111.26999994913737,1870630.0,16.788423805694094,51.32376706298864,False,True
2015-11-23 20:00:00,112.94000244140624,115.0999984741211,111.76000213623048,112.9800033569336,1019700,111.50233332316081,1867120.0,16.12006762685472,51.15285875239789,False,True
2015-11-24 20:00:00,112.12999725341795,113.38999938964844,110.66000366210938,111.72000122070312,855300,111.85266672770182,1821976.6666666667,15.706561624035775,49.65694340792265,True,True
2015-11-25 20:00:00,111.73999786376952,115.5,109.0,115.41000366210938,1439400,112.1693333943685,1788723.3333333333,14.84365118787238,53.90805224098841,False,True
2015-11-27 20:00:00,115.62999725341795,118.18000030517578,115.19000244140624,116.75,589900,112.31033350626628,1734833.3333333333,14.092483081834235,55.3815148053043,False,True
2015-11-30 20:00:00,116.61000061035156,117.62000274658205,111.86000061035156,114.23999786376952,1574700,112.52566680908203,1703883.3333333333,13.470812002412945,52.026504515391935,False,True
2015-12-01 20:00:00,114.98999786376952,114.98999786376952,109.1500015258789,112.20999908447266,1499100,112.5763333638509,1700490.0,13.403526007150266,49.41897559616083,True,True
2015-12-02 20:00:00,112.45999908447266,115.63999938964844,111.37999725341795,113.8499984741211,1237400,112.78799997965494,1698566.6666666667,13.187364695031665,51.53240874669215,False,True
2015-12-03 20:00:00,113.1500015258789,113.44000244140624,105.5,106.83000183105467,1609300,112.7773333231608,1693276.6666666667,13.991817697942542,43.209774714606716,True,True
2015-12-04 20:00:00,107.37000274658205,109.9800033569336,106.1500015258789,109.11000061035156,2126200,112.78033345540365,1715266.6666666667,14.738809772074069,46.246261680666166,True,False
2015-12-07 20:00:00,109.19000244140624,109.33000183105467,105.11000061035156,107.72000122070312,1429000,112.70366694132487,1714880.0,15.600835791205595,44.677868470666134,True,True
2015-12-08 20:00:00,106.0500030517578,110.36000061035156,105.0,110.0999984741211,1256400,112.63066685994467,1713470.0,16.109549507351637,47.93383859443058,True,True
2015-12-09 20:00:00,109.80999755859376,110.31999969482422,107.0500030517578,108.20999908447266,972000,112.3163335164388,1700110.0,16.581926529487248,45.636808610142246,True,True
2015-12-10 20:00:00,107.95999908447266,110.91999816894533,107.0199966430664,110.1999969482422,823800,111.97766672770182,1677846.6666666667,16.833877134212024,48.438532627720726,True,True
2015-12-11 20:00:00,108.7699966430664,111.0999984741211,106.0999984741211,106.5,1306700,111.62666676839193,1669933.3333333333,17.26169306813677,43.90754380016085,True,True
2015-12-14 20:00:00,107.25,111.5999984741211,106.0,109.41000366210938,1457800,111.35600026448567,1674073.3333333333,17.48791232619041,48.02538985371633,True,True
2015-12-15 20:00:00,110.51000213623048,115.4000015258789,110.23999786376952,114.7300033569336,1466900,111.1586669921875,1672160.0,16.514260269716186,54.58882427521433,False,True
2015-12-16 20:00:00,115.72000122070312,118.0,113.37999725341795,117.79000091552734,1003100,111.08533376057943,1606350.0,15.742124192508257,57.88331469946124,False,True
2015-12-17 20:00:00,114.25,118.48999786376952,114.19000244140624,114.80999755859376,1220600,111.0076670328776,1590150.0,15.148679796041295,53.79059319254969,False,True
2015-12-18 20:00:00,114.87999725341795,115.98999786376952,111.19000244140624,113.2300033569336,2833000,110.89000040690104,1634486.6666666667,14.363552565978177,51.70322132462882,False,False
2015-12-21 20:00:00,114.22000122070312,114.98999786376952,111.73999786376952,112.9000015258789,813000,111.31300048828125,1357090.0,13.63450585234814,51.25583536721109,False,True
2015-12-22 20:00:00,113.77999877929688,113.77999877929688,108.51000213623048,108.98999786376952,1015600,111.41733373006186,1311300.0,13.770303511473756,46.15935901556618,True,True
2015-12-23 20:00:00,109.20999908447266,111.6999969482422,108.16999816894533,110.5199966430664,1090000,111.46266682942708,1288136.6666666667,13.976521276883046,48.324613919609064,True,True
2015-12-24 20:00:00,110.26000213623048,111.06999969482422,108.4000015258789,108.91999816894533,406600,111.55500005086263,1261076.6666666667,14.16800920190596,46.23077554131406,True,True
2015-12-28 20:00:00,108.9800033569336,109.93000030517578,108.29000091552734,109.68000030517578,708000,111.73766682942708,1248986.6666666667,14.375335344146224,47.396692823586534,True,True
2015-12-29 20:00:00,109.9800033569336,111.1999969482422,108.93000030517578,110.72000122070312,769200,111.84966684977213,1231496.6666666667,14.08228560256472,49.0255758131973,True,True
2015-12-30 20:00:00,110.2699966430664,111.19000244140624,108.66999816894533,109.11000061035156,671200,111.8846669514974,1214666.6666666667,13.891182071365051,46.61890911754854,True,True
2015-12-31 20:00:00,108.23999786376952,109.91999816894533,108.23999786376952,108.4499969482422,872200,111.71700007120768,1196916.6666666667,13.853058393982135,45.63001711531084,True,True
2016-01-04 20:00:00,106.5,106.80999755859376,101.7300033569336,103.31999969482422,1533800,111.26566670735677,1199230.0,15.452434920136934,38.749671511750265,True,False
2016-01-05 20:00:00,102.13999938964844,105.9800033569336,101.9000015258789,103.8000030517578,1173900,110.8446667989095,1208490.0,16.937570265852106,39.666379123251076,True,True
2016-01-06 20:00:00,101.44000244140624,103.62000274658205,100.2699966430664,102.26000213623048,2012700,110.48233362833659,1226216.6666666667,18.641058536786662,37.716041033783334,True,False
2016-01-07 20:00:00,100.0999984741211,100.79000091552734,95.62000274658205,95.76000213623048,1798200,109.90833358764648,1252166.6666666667,20.982355840835137,30.82652162476792,True,False
2016-01-08 20:00:00,97.08000183105467,97.98999786376952,93.05999755859376,94.77999877929688,1678000,109.3436668395996,1279590.0,23.49030453412559,29.938563119793805,True,False
2016-01-11 20:00:00,95.9000015258789,96.22000122070312,90.6999969482422,92.19000244140624,2071100,108.56966679890951,1300646.6666666667,26.092575335267117,27.670083469923995,True,False
2016-01-12 20:00:00,93.62000274658205,96.75,84.56999969482422,88.08999633789062,3783900,107.61433334350586,1407113.3333333333,29.070298506651643,24.504719162156128,True,False
2016-01-13 20:00:00,88.5199966430664,89.6500015258789,78.2300033569336,78.41999816894531,4098700,106.42033335367839,1491246.6666666667,32.24785359578534,18.98762447424179,True,False
2016-01-14 20:00:00,79.76000213623047,82.58999633789062,74.7300033569336,80.9800033569336,2460700,105.37933349609375,1523300.0,35.38034655113607,23.87406359998076,True,False
2016-01-15 20:00:00,74.4800033569336,79.05000305175781,73.22000122070312,76.94999694824219,4179200,104.14933344523112,1621360.0,38.36219600754582,21.6592641907415,True,False
2016-01-19 20:00:00,79.19000244140625,79.26000213623047,70.16999816894531,73.30999755859375,2674000,103.03199996948243,1656850.0,41.27029668321181,19.866551104488416,True,False
2016-01-20 20:00:00,71.62999725341797,75.98999786376953,69.7300033569336,74.25,3760500,101.86999994913737,1711326.6666666667,43.99020580044647,21.669609270175307,True,False
2016-01-21 20:00:00,73.87000274658203,76.72000122070312,71.0,73.77999877929688,2186100,100.73866653442383,1736563.3333333333,46.2235648712379,21.410208367055375,True,False
2016-01-22 20:00:00,75.5,80.31999969482422,75.27999877929688,79.4000015258789,1889400,99.71533330281575,1757663.3333333333,46.944531406145316,31.906759608353035,True,False
2016-01-25 20:00:00,78.4800033569336,84.19999694824219,78.12000274658203,78.30999755859375,2338700,98.71866658528646,1803220.0,46.36954670229718,31.0408155236268,True,False
2016-01-26 20:00:00,78.05999755859375,78.66999816894531,74.23999786376953,76.04000091552734,2102100,97.58000005086264,1845830.0,46.30337512903499,29.259828537198384,True,False
2016-01-27 20:00:00,76.54000091552734,79.56999969482422,73.83999633789062,74.98999786376953,2054000,96.52966664632162,1870740.0,45.9710705232453,28.44679038478396,True,False
2016-01-28 20:00:00,70.01000213623047,70.56999969482422,64.51000213623047,67.80999755859375,6979500,95.14299977620443,2054796.6666666667,46.602129143992116,23.614652736866443,True,False
2016-01-29 20:00:00,68.23999786376953,70.87999725341797,67.80999755859375,70.55999755859375,2822900,93.6706662495931,2099996.6666666665,47.09962450269416,28.616137847935157,True,False
2016-02-01 20:00:00,70.0,73.55000305175781,68.80000305175781,72.58000183105469,3311800,92.16366628011068,2176953.3333333335,46.80364278422873,32.13143365189494,True,False
2016-02-02 20:00:00,71.8499984741211,71.8499984741211,67.11000061035156,68.94000244140625,4286900,90.6346664428711,2279163.3333333335,46.712084711858914,29.328661558789577,True,False
2016-02-03 20:00:00,69.54000091552734,70.41000366210938,65.51000213623047,69.16999816894531,2807600,89.16599960327149,2278316.6666666665,46.79770387527133,29.745659569371945,True,False
2016-02-04 20:00:00,68.91999816894531,73.0,66.55999755859375,72.02999877929688,2965700,87.80366617838541,2350073.3333333335,46.126925987321606,34.89043586157726,True,False
2016-02-05 20:00:00,70.68000030517578,71.55999755859375,68.0,71.0,4473500,86.53733291625977,2465336.6666666665,45.504060805654,33.926846285761656,True,False
2016-02-08 20:00:00,69.5,71.69999694824219,65.61000061035156,70.91000366210938,3376400,85.21699981689453,2541550.0,45.241482078870206,33.83890863545443,True,False
2016-02-09 20:00:00,68.97000122070312,74.54000091552734,68.30999755859375,72.26000213623047,3028300,83.99499994913737,2628940.0,44.15787791042825,36.49787443757758,True,False
2016-02-10 20:00:00,73.56999969482422,76.33000183105469,71.70999908447266,72.30999755859375,3464100,82.74933319091797,2720810.0,42.656759518995806,36.59949566851531,True,False
2016-02-11 20:00:00,58.59999847412109,66.27999877929688,55.0,65.51000213623047,15389600,81.24233322143554,3208156.6666666665,43.177500750332044,29.64960253350401,True,False
2016-02-12 20:00:00,65.54000091552734,68.5,63.5099983215332,68.36000061035156,4687200,79.88399988810221,3342023.3333333335,43.1520073744295,35.20323388290221,True,False
2016-02-16 20:00:00,70.30000305175781,71.94000244140625,68.77999877929688,71.66999816894531,3370400,78.65799992879232,3425296.6666666665,42.37870428709981,41.026115450028456,True,True
2016-02-17 20:00:00,72.66999816894531,77.29000091552734,71.62000274658203,74.44999694824219,2618600,77.69566650390625,3461456.6666666665,40.62484554962673,45.45921633089251,True,True
2016-02-18 20:00:00,74.86000061035156,75.36000061035156,70.95999908447266,71.0199966430664,1848800,76.60299962361654,3483953.3333333335,39.08049293996357,41.331038186124225,True,True
2016-02-19 20:00:00,70.83999633789062,73.58999633789062,68.55999755859375,72.69999694824219,1758800,75.61766611735025,3475490.0,37.95427161464823,44.01282897344636,True,True
2016-02-22 20:00:00,73.56999969482422,75.19999694824219,72.4000015258789,73.9000015258789,1264700,74.88899943033854,3457706.6666666665,36.58246118144583,45.9145853473231,True,True
2016-02-23 20:00:00,73.47000122070312,74.83000183105469,71.06999969482422,72.01000213623047,1609000,74.12999954223633,3455406.6666666665,35.49365823529335,43.41335793133236,True,True
2016-02-24 20:00:00,71.29000091552734,74.43000030517578,69.5,74.31999969482422,1438100,73.53433278401693,3434306.6666666665,34.701467876700995,47.199322532301565,False,True
2016-02-25 20:00:00,74.0,76.77999877929688,73.30999755859375,74.27999877929688,1562400,73.07399953206381,3360256.6666666665,33.440923671185224,47.14050592643819,False,True
2016-02-26 20:00:00,75.0,76.38999938964844,73.55999755859375,74.33999633789062,1334900,72.93799947102865,3268130.0,32.27041833749201,47.2466906970597,False,True
2016-02-29 20:00:00,74.76000213623047,75.37999725341797,72.80999755859375,73.5,1319300,72.68866602579753,3230083.3333333335,31.310298339089055,45.85776003339366,False,True
2016-03-01 20:00:00,74.01000213623047,75.05999755859375,71.93000030517578,75.05000305175781,2701400,72.62533289591471,3180823.3333333335,30.57139800238831,48.846085452496176,False,True
2016-03-02 20:00:00,74.79000091552734,76.5,73.02999877929688,73.5999984741211,2147600,72.63499959309895,3163276.6666666665,29.502188069095183,46.2730750935066,False,True
2016-03-03 20:00:00,74.0,74.0,71.2699966430664,72.55999755859375,1659100,72.57866617838542,3093230.0,28.841755969687622,44.463949019340866,True,True
2016-03-04 20:00:00,73.51000213623047,73.94999694824219,70.7300033569336,71.98999786376953,1343500,72.51899948120118,3065143.3333333335,28.33041644765865,43.46102954062665,True,True
2016-03-07 20:00:00,71.63999938964844,74.66000366210938,69.87999725341797,73.29000091552734,1055300,72.31533279418946,3037340.0,28.02028631555161,46.42888763115365,False,True
2016-03-08 20:00:00,73.18000030517578,74.22000122070312,70.81999969482422,71.16999816894531,1472900,72.0773328145345,3008480.0,27.73230833573793,42.50999781559926,True,True
2016-03-09 20:00:00,71.27999877929688,71.95999908447266,67.83000183105469,68.8499984741211,1578200,71.83766606648763,2991016.6666666665,28.0470548657598,38.66392983924909,True,True
2016-03-10 20:00:00,69.88999938964844,71.62000274658203,67.87999725341797,68.6500015258789,1588300,71.6263328552246,2975493.3333333335,28.33931950078011,38.3418827102151,True,True
2016-03-11 20:00:00,69.52999877929688,70.91999816894531,68.4000015258789,70.88999938964844,1507000,71.72899958292643,2793076.6666666665,28.610708090441825,43.970940285168986,True,True
2016-03-13 20:00:00,70.9800033569336,71.98999786376953,68.93000030517578,68.9800033569336,1298500,71.67633310953777,2742263.3333333335,28.431066683980653,40.56984843436045,True,True
2016-03-14 20:00:00,68.37000274658203,68.48999786376953,65.25,65.63999938964844,2661700,71.44499969482422,2720593.3333333335,29.02889801799511,35.41165076022696,True,True
2016-03-15 20:00:00,65.1500015258789,67.01000213623047,62.52999877929688,63.77000045776367,1268700,71.27266629536946,2619986.6666666665,30.050702998672836,32.89025565984565,True,True
2016-03-16 20:00:00,64.02999877929688,64.79000091552734,60.29999923706055,63.04999923706055,2631400,71.0686663309733,2614113.3333333335,31.338062368515015,31.947059169872222,True,False
2016-03-17 20:00:00,63.81999969482422,66.05000305175781,62.630001068115234,65.06999969482422,2452200,70.83666636149088,2596996.6666666665,32.02124397314693,37.37328054626687,True,True
2016-03-20 20:00:00,64.9800033569336,69.25,64.7699966430664,68.61000061035156,1797900,70.75699971516927,2507810.0,31.478449149516866,45.564841908053225,True,True
2016-03-21 20:00:00,67.87000274658203,70.80000305175781,67.3499984741211,69.11000061035156,1650000,70.696999613444,2450263.3333333335,30.4633702196386,46.626738151379485,True,True
2016-03-22 20:00:00,70.80999755859375,71.33000183105469,67.22000122070312,67.43000030517578,1473500,70.53599955240885,2398436.6666666665,29.347107223781986,43.55248534082271,True,True
2016-03-23 20:00:00,67.06999969482422,72.70999908447266,65.5,69.76000213623047,1889600,70.45099970499675,2345953.3333333335,28.721639631950836,48.61294384253716,True,True
2016-03-27 20:00:00,70.4000015258789,70.91000366210938,68.37000274658203,68.44999694824219,1082300,70.5489995320638,1869043.3333333333,28.140848296679053,46.11005195337494,True,True
2016-03-28 20:00:00,68.58999633789062,69.9000015258789,67.5199966430664,69.25,1266200,70.57866617838542,1755010.0,27.813028436618076,47.87502996556688,True,True
2016-03-29 20:00:00,70.63999938964844,71.98999786376953,67.94000244140625,68.3499984741211,1297400,70.46799952189127,1685910.0,26.71562049256355,46.04786678238245,True,True
2016-03-30 20:00:00,68.58000183105469,74.19000244140625,68.51000213623047,72.47000122070312,2164700,70.40199966430664,1670780.0,24.95405947720916,54.59152947831646,False,False
2016-03-31 20:00:00,73.19999694824219,74.08999633789062,71.06999969482422,73.30000305175781,1528000,70.47799987792969,1660086.6666666667,23.3183242486658,56.09976292318504,False,True
2016-04-03 20:00:00,73.27999877929688,74.0199966430664,72.41999816894531,73.48999786376953,1112600,70.5043332417806,1638546.6666666667,21.79942725073268,56.45629975404923,False,True
2016-04-04 20:00:00,73.06999969482422,75.23999786376953,72.23999786376953,73.3499984741211,1446800,70.485999806722,1644616.6666666667,20.534288357798914,56.09478245326819,False,True
2016-04-05 20:00:00,73.41000366210938,82.04000091552734,73.41000366210938,81.87000274658203,2745700,70.81466649373372,1682506.6666666667,21.177470737497384,69.07379515027999,False,False
2016-04-06 20:00:00,81.5,84.41999816894531,78.63999938964844,79.4000015258789,1503300,70.98399988810222,1684680.0,22.232335526499046,63.23743838176754,False,True
2016-04-07 20:00:00,80.69999694824219,80.83999633789062,75.79000091552734,77.47000122070312,1566900,71.09033330281575,1684830.0,22.192736505740186,59.039680323263596,False,True
2016-04-10 20:00:00,77.0,77.66999816894531,75.0,75.80999755859375,969100,71.13933334350585,1672636.6666666667,21.891943608724556,55.61981482910225,False,True
2016-04-11 20:00:00,75.70999908447266,77.52999877929688,75.26000213623047,77.37000274658203,808500,71.2683334350586,1655610.0,21.612635918638613,58.07743388710285,False,True
2016-04-12 20:00:00,77.63999938964844,79.48999786376953,76.56999969482422,79.22000122070312,1046100,71.40733337402344,1600433.3333333333,21.82419625273337,60.84645672477965,False,True
2016-04-13 20:00:00,79.30000305175781,79.80000305175781,78.02999877929688,78.54000091552734,981500,71.5720001220703,1561563.3333333333,22.093413709479496,59.29611533201052,False,True
2016-04-14 20:00:00,79.37000274658203,79.41000366210938,76.08000183105469,77.77999877929688,1124500,71.74600016276041,1543743.3333333333,21.59139893019022,57.531744059510444,False,True
2016-04-17 20:00:00,77.79000091552734,78.41000366210938,74.69999694824219,77.88999938964844,1579500,71.9426668802897,1551610.0,20.631690399454662,57.72780159324431,False,False
2016-04-18 20:00:00,77.51000213623047,78.36000061035156,75.83999633789062,76.7699966430664,1078600,72.05866673787435,1552386.6666666667,19.740532478057357,54.946379702743364,False,True
2016-04-19 20:00:00,77.18000030517578,79.25,77.0,78.48999786376953,1027900,72.30266672770182,1537553.3333333333,19.1950224035133,58.27151143017551,False,True
2016-04-20 20:00:00,78.05999755859375,79.02999877929688,76.0199966430664,77.55999755859375,1656400,72.59300003051757,1540160.0,18.300115925980087,55.87046549180632,False,False
2016-04-21 20:00:00,77.11000061035156,77.87000274658203,74.83999633789062,76.7699966430664,795200,72.86366653442383,1513723.3333333333,17.01831939246677,53.84097829514054,False,True
2016-04-24 20:00:00,76.81999969482422,77.88999938964844,75.83999633789062,76.55000305175781,690000,73.05233332316081,1486490.0,15.835757163079405,53.260777068302176,False,True
2016-04-25 20:00:00,76.55999755859375,76.95999908447266,73.7699966430664,74.43000030517578,770700,73.23399988810222,1468896.6666666667,15.441874452322038,47.903500935860926,False,True
2016-04-26 20:00:00,73.98999786376953,74.05000305175781,72.01000213623047,73.19000244140625,1243200,73.48566665649415,1421613.3333333333,15.649371741699385,45.04924293428398,True,True
2016-04-27 20:00:00,73.20999908447266,74.55000305175781,71.31999969482422,72.33999633789062,1269800,73.77133318583171,1421650.0,16.05439279498453,43.15120582229091,True,True
2016-04-28 20:00:00,71.45999908447266,73.16999816894531,70.01000213623047,72.2699966430664,1353500,74.07866643269857,1379053.3333333333,16.81984967655705,42.990567497377995,True,True
2016-05-01 20:00:00,72.02999877929688,74.47000122070312,71.0199966430664,74.36000061035156,881100,74.38833312988281,1326683.3333333333,16.906395929193497,49.085054573672565,True,True
2016-05-02 20:00:00,73.44999694824219,74.4000015258789,71.55000305175781,72.08999633789062,880200,74.50433298746745,1296093.3333333333,16.986760306641624,43.62954442294102,True,True
2016-05-03 20:00:00,71.4000015258789,72.0,68.5199966430664,68.69000244140625,1255200,74.4903330485026,1282933.3333333333,17.98105501596226,36.99688890711928,True,True
2016-05-04 20:00:00,68.97000122070312,71.01000213623047,68.02999877929688,70.41000366210938,1573300,74.58966649373373,1286260.0,19.035740531619997,41.81578174160469,True,False
2016-05-05 20:00:00,69.7699966430664,72.37999725341797,68.5999984741211,70.69000244140625,1466000,74.62066650390625,1272140.0,19.31130819280338,42.585652409468224,True,False
2016-05-08 20:00:00,70.4000015258789,74.41999816894531,69.11000061035156,72.86000061035156,2195500,74.76766662597656,1309246.6666666667,18.63350613826014,48.295551019227204,True,False
2016-05-09 20:00:00,73.51000213623047,73.62000274658203,70.22000122070312,73.48999786376953,994600,74.90899988810222,1300193.3333333333,18.004118516184274,49.85475067212853,True,True
2016-05-10 20:00:00,73.62000274658203,73.73999786376953,70.4800033569336,70.62000274658203,808200,74.98466669718424,1283886.6666666667,17.363177354301577,43.4295547209725,True,True
2016-05-11 20:00:00,70.80000305175781,71.3499984741211,68.30999755859375,70.54000091552734,1042200,74.92033335367839,1246470.0,17.567469600591,43.26217930324386,True,True
2016-05-12 20:00:00,70.2699966430664,73.30999755859375,69.94999694824219,73.20999908447266,858100,74.91733322143554,1224140.0,16.839313568946256,50.16513803158138,True,True
2016-05-15 20:00:00,73.08000183105469,76.80999755859375,73.08000183105469,76.47000122070312,1347900,75.01666666666667,1231983.3333333333,16.417502720092326,57.03801500401512,False,False
2016-05-16 20:00:00,76.06999969482422,76.68000030517578,74.25,75.55000305175781,1358500,75.09000015258789,1229040.0,16.025821217585108,54.74349629650301,False,False
2016-05-17 20:00:00,75.18000030517578,79.0,74.9000015258789,77.52999877929688,1076200,74.94533335367838,1173390.0,16.399357466041405,58.60321607888107,False,True
2016-05-18 20:00:00,76.98999786376953,78.94999694824219,74.91999816894531,76.04000091552734,932000,74.83333333333333,1154346.6666666667,16.746212553893677,54.81462852962689,False,True
2016-05-19 20:00:00,76.33999633789062,78.98999786376953,74.98999786376953,77.6500015258789,1070800,74.83933334350586,1137810.0,17.081295901695288,57.97601904943548,False,True
2016-05-22 20:00:00,77.97000122070312,82.06999969482422,77.69000244140625,80.68000030517578,1682700,75.00166676839193,1161596.6666666667,18.295169925578445,63.195026272671996,False,False
2016-05-23 20:00:00,81.0999984741211,81.7699966430664,80.31999969482422,81.2699966430664,1099300,75.13166656494141,1171290.0,19.422338662041373,64.12919091482159,False,True
2016-05-24 20:00:00,81.30999755859375,83.5,80.63999938964844,83.16000366210938,1314700,75.26299997965495,1180243.3333333333,20.915648694623965,67.01722851770468,False,False
2016-05-25 20:00:00,82.62999725341797,83.0199966430664,81.05000305175781,81.77999877929688,1398200,75.37099990844726,1194133.3333333333,22.302293724879227,63.02706542735662,False,False
2016-05-26 20:00:00,81.69000244140625,85.68000030517578,80.94999694824219,84.52999877929688,1210400,75.59599990844727,1196996.6666666667,24.206524961367535,67.21599402493547,False,False
2016-05-30 20:00:00,84.98999786376953,86.19999694824219,83.83999633789062,84.41000366210938,1253600,75.81333338419596,1186133.3333333333,26.08249314089972,66.86003402957552,False,False
2016-05-31 20:00:00,83.91999816894531,86.19000244140625,82.33999633789062,85.18000030517578,1018900,76.0936668395996,1184143.3333333333,26.92058913219635,68.03002056745889,False,True
2016-06-01 20:00:00,85.16999816894531,87.87999725341797,84.9000015258789,87.70999908447266,1188200,76.40100021362305,1189486.6666666667,28.110084199966376,71.58031397043068,False,True
2016-06-02 20:00:00,87.44000244140625,87.4800033569336,84.43000030517578,84.95999908447266,1226500,76.64766693115234,1175156.6666666667,28.937900082914457,63.345819989067266,False,False
2016-06-05 20:00:00,84.8499984741211,86.0,82.5199966430664,85.48999786376953,1087100,76.93833363850912,1184886.6666666667,28.65269104034104,64.20058378862703,False,True
2016-06-06 20:00:00,85.5,86.22000122070312,82.19999694824219,82.44000244140625,1027900,77.1346669514974,1196150.0,28.22096674111534,56.093834486893414,False,True
2016-06-07 20:00:00,82.91000366210938,83.63999938964844,81.55000305175781,82.9000015258789,938700,77.41700032552083,1201750.0,27.475921298074876,56.976220843386216,False,True
2016-06-08 20:00:00,83.58999633789062,83.87000274658203,81.58000183105469,81.61000061035156,871400,77.69766693115234,1189356.6666666667,26.87073267333568,53.71594582742194,False,True
2016-06-09 20:00:00,80.63999938964844,81.43000030517578,78.3499984741211,80.41000366210938,1040300,77.96666717529297,1181706.6666666667,25.144721533829404,50.80368278875588,False,True
2016-06-12 20:00:00,80.08000183105469,82.47000122070312,79.4800033569336,80.01000213623047,959200,78.22466735839843,1168563.3333333333,23.591803785956916,49.83380369477274,False,True
2016-06-13 20:00:00,80.1500015258789,80.87000274658203,78.55999755859375,79.77999877929688,680800,78.40533396402995,1161886.6666666667,22.059711944673786,49.251566877803896,False,True
2016-06-14 20:00:00,80.30000305175781,80.88999938964844,79.27999877929688,79.44999694824219,674700,78.65066731770834,1155036.6666666667,20.62790655369532,48.37820894144419,False,True
2016-06-15 20:00:00,78.77999877929688,80.26000213623047,78.37000274658203,80.0,770100,79.02766723632813,1138866.6666666667,19.70358294293473,49.97053325447609,False,True
2016-06-16 20:00:00,80.18000030517578,81.55000305175781,76.91999816894531,77.11000061035156,1489500,79.2510004679362,1136073.3333333333,19.441161820942344,42.54446612083031,True,False
2016-06-19 20:00:00,77.81999969482422,79.9800033569336,77.5,78.48999786376953,925000,79.51100031534831,1118040.0,19.19748506480656,46.62352462210131,True,True
2016-06-20 20:00:00,78.83999633789062,79.4000015258789,76.04000091552734,77.5999984741211,1301200,79.66900024414062,1088230.0,19.543752544258474,44.43260706489306,True,False
2016-06-21 20:00:00,77.5199966430664,79.8499984741211,75.5,78.5,1202300,79.8360003153483,1095153.3333333333,20.064012432075607,47.137836401123394,True,False
2016-06-22 20:00:00,79.30000305175781,81.79000091552734,78.12000274658203,81.66000366210938,1098400,80.20400034586588,1104826.6666666667,19.422644369150643,55.356022493301516,False,True
2016-06-23 20:00:00,76.83999633789062,80.88999938964844,76.41000366210938,76.9800033569336,2384300,80.41866709391276,1149563.3333333333,19.496531014568376,44.35736343601439,True,False
2016-06-26 20:00:00,76.5199966430664,77.73999786376953,71.75,72.44000244140625,1706800,80.39300053914388,1177853.3333333333,20.90747488002802,36.73267413730465,True,False
2016-06-27 20:00:00,73.41000366210938,76.75,73.41000366210938,76.58000183105469,1208900,80.3966672261556,1173220.0,22.217637040811976,45.870078497995095,True,False
2016-06-28 20:00:00,77.1500015258789,79.48999786376953,75.81999969482422,78.73999786376953,1247800,80.503000386556,1169530.0,22.05410571746375,49.9329469006948,True,False
2016-06-29 20:00:00,78.87999725341797,80.43000030517578,77.8499984741211,79.9800033569336,1063000,80.58466720581055,1169090.0,21.484528269928003,52.15320542188091,True,True
2016-06-30 20:00:00,79.61000061035156,82.86000061035156,79.33999633789062,81.2699966430664,785500,80.75900039672851,1164206.6666666667,19.98163821845522,54.41782413769731,False,True
2016-07-04 20:00:00,80.97000122070312,80.97000122070312,78.4000015258789,79.70999908447266,635700,80.82766698201497,1149703.3333333333,18.923396131379118,51.25825945218803,True,True
2016-07-05 20:00:00,80.0,83.44999694824219,79.51000213623047,82.4800033569336,1102600,80.88766708374024,1130366.6666666667,18.094835016827616,56.12909912279186,False,True
2016-07-06 20:00:00,82.52999877929688,84.05999755859375,82.18000030517578,83.52999877929688,699400,80.96300048828125,1117036.6666666667,17.527354947701642,57.84861541815196,False,True
2016-07-07 20:00:00,83.29000091552734,85.87999725341797,82.97000122070312,85.69999694824219,905900,81.04766693115235,1103410.0,17.57321124483896,61.23062753860613,False,True
2016-07-10 20:00:00,86.38999938964844,86.9000015258789,84.97000122070312,85.0,884400,81.15500030517578,1086283.3333333333,17.9145588349922,59.57022265955084,False,True
2016-07-11 20:00:00,85.62999725341797,86.11000061035156,84.9000015258789,84.97000122070312,592900,81.16966705322265,1065700.0,18.19863407561734,59.495762588633504,False,True
2016-07-12 20:00:00,85.98999786376953,86.27999877929688,82.44999694824219,82.55999755859375,641200,81.10800018310547,1045286.6666666666,17.380794322685443,53.68967238182418,False,True
2016-07-13 20:00:00,83.30999755859375,83.80000305175781,81.2699966430664,82.13999938964844,735900,81.00666681925456,1035853.3333333334,16.159792723344644,52.724020389814406,False,True
2016-07-14 20:00:00,82.8499984741211,84.69000244140625,82.83000183105469,83.83000183105469,1023100,80.87733357747396,1030350.0,15.359802003357439,56.14224723221225,False,True
2016-07-17 20:00:00,84.19000244140625,84.45999908447266,83.01000213623047,84.12999725341797,674200,80.84966684977213,1011940.0,14.616953477655033,56.7401863510477,False,True
2016-07-18 20:00:00,83.73999786376953,84.79000091552734,82.72000122070312,82.81999969482422,629100,80.76066691080729,996673.3333333334,14.061277113514924,53.321542654528834,False,True
2016-07-19 20:00:00,82.91000366210938,87.19000244140625,82.76000213623047,86.87999725341797,1441000,80.90866673787436,1010443.3333333334,14.436955414568416,61.13677491059713,False,False
2016-07-20 20:00:00,87.18000030517578,89.2699966430664,86.29000091552734,87.79000091552734,1398400,81.0716667175293,1025766.6666666666,15.426390196786842,62.64636927657128,False,False
2016-07-21 20:00:00,88.47000122070312,88.98999786376953,86.37000274658203,86.41000366210938,642700,81.23166681925456,1018143.3333333334,16.345151065989665,58.90934930057298,False,True
2016-07-24 20:00:00,86.5999984741211,86.88999938964844,84.98999786376953,86.43000030517578,762400,81.43233337402344,1008880.0,16.476259587564215,58.94756413660078,False,True
2016-07-25 20:00:00,86.01000213623047,87.52999877929688,85.58000183105469,86.95999908447266,655700,81.66399993896485,998763.3333333334,16.819282203220997,60.00914273338079,False,True
2016-07-26 20:00:00,87.66999816894531,89.1500015258789,87.23999786376953,88.72000122070312,699200,81.96200002034506,999376.6666666666,17.663867490386163,63.394343507637366,False,True
2016-07-27 20:00:00,88.69000244140625,88.94000244140625,86.88999938964844,88.12000274658203,574700,82.25100021362304,996043.3333333334,18.25236855677188,61.483590408852336,False,True
2016-07-28 20:00:00,88.5199966430664,90.3499984741211,86.66999816894531,90.20999908447266,859800,82.59133351643881,999033.3333333334,19.246624098115635,65.39613042866176,False,True
2016-07-31 20:00:00,90.62000274658205,92.81999969482422,89.44999694824219,90.0,1488900,83.02100016276042,999013.3333333334,20.836720328369207,64.68512328181852,False,False
2016-08-01 20:00:00,89.73999786376953,89.80999755859375,86.0199966430664,88.94999694824219,1377100,83.3696667989095,1014083.3333333334,20.587810670408626,61.10765823539563,False,False
2016-08-02 20:00:00,89.08999633789062,90.98999786376952,88.66000366210938,90.80999755859376,797200,83.81000010172527,997283.3333333334,20.70782660099356,64.81942849765822,False,True
2016-08-03 20:00:00,91.47000122070312,92.0500030517578,89.75,90.12000274658205,826600,84.19733352661133,984760.0,21.121381828366687,62.438814065040624,False,True
2016-08-04 20:00:00,90.83000183105467,92.73999786376952,90.31999969482422,90.83999633789062,701700,84.5033332824707,971536.6666666666,21.698298558747144,63.92758068922465,False,True
2016-08-07 20:00:00,90.68000030517578,91.5999984741211,87.9000015258789,88.04000091552734,1024000,84.87199986775717,926193.3333333334,21.109388197690446,54.82653127990228,False,False
2016-08-08 20:00:00,90.01000213623047,90.13999938964844,84.5199966430664,86.4800033569336,1661400,85.33999989827474,924680.0,19.89593924845631,50.511858803144946,False,False
2016-08-09 20:00:00,86.95999908447266,87.19000244140625,83.05000305175781,83.48999786376953,1216100,85.57033309936523,924920.0,19.232428665338382,43.45334834944937,True,False
2016-08-10 20:00:00,83.5,83.7300033569336,80.48999786376953,81.20999908447266,1712300,85.65266647338868,940403.3333333334,19.33517708987102,38.980220466777816,True,False
2016-08-11 20:00:00,81.08000183105469,81.4800033569336,80.5,81.05000305175781,856400,85.6883331298828,933516.6666666666,19.430586341222757,38.67931771812923,True,True
2016-08-14 20:00:00,81.05000305175781,81.55999755859375,80.5,80.55000305175781,988500,85.66433334350586,940283.3333333334,19.48415675868359,37.699900924449366,True,False
2016-08-15 20:00:00,80.58000183105469,80.58999633789062,77.69999694824219,77.86000061035156,1387300,85.60266672770182,965336.6666666666,20.291189673592438,32.87661322676175,True,False
2016-08-16 20:00:00,78.22000122070312,78.55999755859375,76.4000015258789,76.4800033569336,1283400,85.40266672770183,971363.3333333334,21.348478315401234,30.706214765586264,True,False
2016-08-17 20:00:00,76.5,77.19999694824219,75.87000274658203,76.16000366210938,1246900,85.15700022379558,989613.3333333334,22.4536386839214,30.208210091508796,True,False
2016-08-18 20:00:00,75.69000244140625,77.6500015258789,75.5199966430664,76.11000061035156,1146800,84.83733367919922,997643.3333333334,23.24767393874503,30.12598959642424,True,False
2016-08-21 20:00:00,79.80000305175781,84.38999938964844,79.11000061035156,81.9800033569336,2808200,84.73666712443034,1061770.0,21.832464333795777,48.01418188026146,True,False
2016-08-22 20:00:00,82.7300033569336,83.25,80.4800033569336,81.9000015258789,1256700,84.63433380126953,1083896.6666666667,20.518341129200046,47.83444474003435,True,False
2016-08-23 20:00:00,81.55000305175781,87.9800033569336,81.55000305175781,82.44000244140625,3333100,84.63033396402994,1173626.6666666667,20.567210455790693,49.21632890074857,True,False
2016-08-24 20:00:00,82.44999694824219,85.06999969482422,78.69999694824219,80.0999984741211,1639400,84.56233393351236,1203743.3333333333,19.689206175588417,43.80151297644985,True,False
2016-08-25 20:00:00,80.05999755859375,82.19000244140625,79.36000061035156,81.04000091552734,891400,84.46933390299479,1199353.3333333333,18.873916486829163,46.35481562009404,True,True
2016-08-28 20:00:00,81.0999984741211,81.87999725341797,80.08999633789062,81.33000183105469,591500,84.37600072224934,1196596.6666666667,18.116861775838426,47.15254723021066,True,True
2016-08-29 20:00:00,81.08000183105469,81.77999877929688,80.48999786376953,80.9800033569336,764400,84.31466751098633,1201106.6666666667,17.413882401347028,46.25848261452631,True,True
2016-08-30 20:00:00,81.11000061035156,82.16000366210938,80.1500015258789,81.0999984741211,1218700,84.12200088500977,1193696.6666666667,16.88408902340527,46.63209905336758,True,False
2016-08-31 20:00:00,81.61000061035156,81.7300033569336,79.88999938964844,80.80999755859375,670200,83.88933410644532,1169423.3333333333,16.284958801614803,45.80332989210335,True,True
2016-09-01 20:00:00,81.13999938964844,82.6500015258789,80.5,82.0199966430664,1130900,83.74300053914388,1185696.6666666667,16.05158891379548,49.811303816596784,True,True
2016-09-05 20:00:00,82.33999633789062,83.94999694824219,81.75,83.75,1579000,83.65366719563802,1212916.6666666667,16.269398693521776,54.94194148820615,False,False
2016-09-06 20:00:00,83.58999633789062,85.12000274658203,81.98999786376953,82.44999694824219,2257400,83.503333791097,1266306.6666666667,16.838477052299258,50.744036971016904,True,False
2016-09-07 20:00:00,82.19999694824219,82.56999969482422,81.19000244140625,81.55999755859375,807700,83.26466700236003,1269923.3333333333,16.970619990304744,48.03794239075418,True,True
2016-09-08 20:00:00,80.69999694824219,82.05000305175781,79.04000091552734,79.12999725341797,1098400,82.96500015258789,1287380.0,16.123002564734495,41.526404275486996,True,True
2016-09-11 20:00:00,78.7699966430664,81.37999725341797,78.20999908447266,81.16000366210938,1468000,82.66333363850912,1307653.3333333333,14.9949229262018,47.88208389202636,True,False
2016-09-12 20:00:00,80.16999816894531,80.16999816894531,77.58000183105469,79.20999908447266,1069800,82.30366694132486,1293683.3333333333,14.156851286312877,43.04235407894137,True,True
2016-09-13 20:00:00,79.22000122070312,81.75,79.22000122070312,80.05000305175781,1088200,82.00700047810872,1284053.3333333333,13.56295402195357,45.593466062571295,True,True
2016-09-14 20:00:00,80.02999877929688,80.83999633789062,78.04000091552734,80.36000061035156,1092900,81.65866724650066,1293910.0,12.677463329428216,46.545006807798885,True,True
2016-09-15 20:00:00,80.3499984741211,82.56999969482422,79.75,82.1500015258789,1461900,81.39300053914388,1315086.6666666667,12.372598386876101,51.78834677520106,False,False
2016-09-18 20:00:00,82.3499984741211,84.43000030517578,81.48999786376953,83.51000213623047,1223600,81.14866739908854,1332483.3333333333,12.735661591537607,55.370256706922035,False,True
2016-09-19 20:00:00,83.51000213623047,85.5,83.3499984741211,85.05999755859375,1102100,81.04933395385743,1335086.6666666667,13.412757124207344,59.09986619892482,False,True
2016-09-20 20:00:00,85.29000091552734,87.26000213623047,83.93000030517578,86.70999908447266,1522900,81.05700047810872,1330470.0,14.5563858373883,62.67563938278402,False,False
2016-09-21 20:00:00,87.80999755859375,89.4800033569336,86.44000244140625,89.2699966430664,1441000,81.24966710408529,1337966.6666666667,16.18198347876032,67.43296945402668,False,False
2016-09-22 20:00:00,88.38999938964844,91.26000213623048,88.38999938964844,88.9800033569336,1339700,81.50866724650065,1325546.6666666667,18.08569239292117,66.40050439829122,False,False
2016-09-25 20:00:00,88.62999725341797,89.04000091552734,86.95999908447266,88.76000213623047,1084700,81.76566721598307,1333156.6666666667,19.13126935362629,65.58015783069523,False,True
2016-09-26 20:00:00,88.55999755859375,89.23999786376953,86.91000366210938,89.06999969482422,1219600,82.04966710408529,1340860.0,20.152852656636277,66.21356964974751,False,True
2016-09-27 20:00:00,94.9800033569336,95.38999938964844,91.38999938964844,93.1999969482422,2652600,82.56100031534831,1383036.6666666667,22.332416025217615,73.2708659278343,False,False
2016-09-28 20:00:00,94.13999938964844,95.13999938964844,91.08000183105467,92.29000091552734,2664100,83.0880002339681,1429060.0,24.207151298139713,69.81073394974317,False,False
2016-09-29 20:00:00,92.70999908447266,94.66000366210938,90.56999969482422,94.29000091552734,1707600,83.6923334757487,1444416.6666666667,25.693638737476213,72.84583385453338,False,False
2016-10-02 20:00:00,93.72000122070312,95.69000244140624,93.33000183105467,95.54000091552734,1341000,84.34000015258789,1450890.0,27.26851068273982,74.5668512808678,False,True
2016-10-03 20:00:00,95.8000030517578,96.18000030517578,93.33000183105467,94.16999816894533,1150900,84.74633331298828,1395646.6666666667,28.823286818680177,69.37693875700084,False,True
2016-10-04 20:00:00,94.4499969482422,96.37999725341795,94.26000213623048,95.69000244140624,1084700,85.20600001017253,1389913.3333333333,30.30618870527987,71.72807435671739,False,True
2016-10-05 20:00:00,94.8000030517578,95.0999984741211,92.16000366210938,94.77999877929688,1861900,85.61733322143554,1340873.3333333333,30.52387292684821,68.34494586181519,False,False
2016-10-06 20:00:00,96.0,98.08000183105467,95.0,97.83000183105467,2863100,86.20833333333333,1381663.3333333333,31.4030858833654,72.95003323360724,False,False
2016-10-09 20:00:00,98.69000244140624,99.4800033569336,95.94000244140624,95.9499969482422,1530300,86.7053332010905,1402960.0,32.493609552049854,66.5257054824472,False,False
2016-10-10 20:00:00,95.41000366210938,96.3499984741211,89.80000305175781,92.11000061035156,1938100,87.06466649373372,1447846.6666666667,30.984242928543917,55.73006816608456,False,False
2016-10-11 20:00:00,92.45999908447266,93.33999633789062,89.7699966430664,89.97000122070312,1404900,87.36433308919271,1469196.6666666667,29.57262303480587,50.78407132407299,False,True
2016-10-12 20:00:00,88.98999786376953,90.25,88.43000030517578,89.52999877929688,1533800,87.64533309936523,1479700.0,27.806121380109808,49.80533380764037,False,False
2016-10-13 20:00:00,89.83000183105469,90.77999877929688,86.98999786376953,87.0999984741211,1304800,87.85499979654948,1500853.3333333333,25.940333399779295,44.68353865014675,True,True
2016-10-16 20:00:00,86.7699966430664,87.88999938964844,84.0199966430664,86.69999694824219,1229800,88.01099980672201,1504150.0,25.060881360838778,43.883542255818185,True,True
2016-10-17 20:00:00,87.62999725341797,89.79000091552734,87.44999694824219,88.77999877929688,1067300,88.17866643269856,1487093.3333333333,23.617452657976134,48.997088539863455,False,True
2016-10-18 20:00:00,88.55000305175781,88.55000305175781,87.16000366210938,87.95999908447266,815000,88.36233317057291,1439013.3333333333,22.362313559530815,47.172133708859185,True,True
2016-10-19 20:00:00,88.06999969482422,90.11000061035156,87.0999984741211,88.48999786376953,893000,88.59333318074545,1441856.6666666667,20.845985235226493,48.50711425874738,True,True
2016-10-20 20:00:00,88.08999633789062,88.63999938964844,86.1500015258789,87.72000122070312,792500,88.87966664632161,1431660.0,19.583099428827207,46.662201889904445,True,True
2016-10-23 20:00:00,87.98999786376953,88.5199966430664,87.01000213623047,88.18000030517578,994900,89.11366653442383,1415890.0,18.410419751456438,47.936171944085785,True,True
2016-10-24 20:00:00,87.86000061035156,88.3499984741211,86.5999984741211,87.19999694824219,764500,89.37999979654948,1405713.3333333333,17.465612992593346,45.445751323905384,True,True
2016-10-25 20:00:00,87.5,89.25,86.69999694824219,87.25,800300,89.61999969482422,1396116.6666666667,16.23562068293199,45.60104491843402,True,True
2016-10-26 20:00:00,88.0999984741211,90.91000366210938,86.68000030517578,87.01000213623047,1062900,89.84166641235352,1395116.6666666667,15.669078387474986,44.93981605522141,True,True
2016-10-27 20:00:00,86.05000305175781,88.33999633789062,84.41999816894531,87.12999725341797,993900,90.00766626993816,1379516.6666666667,14.816554447151663,45.366373882942916,True,True
2016-10-30 20:00:00,87.5199966430664,87.80000305175781,85.93000030517578,86.97000122070312,958100,90.12299957275391,1370666.6666666667,14.024925073994291,44.8672594548478,True,True
2016-10-31 20:00:00,90.0,91.33000183105467,86.97000122070312,90.02999877929688,2593500,90.28866628011068,1420380.0,13.99827706707222,55.052439906373905,True,False
2016-11-01 20:00:00,90.0,90.08999633789062,87.08999633789062,87.19000244140625,1582700,90.30466639200846,1422373.3333333333,13.973532489216009,46.47162741542055,True,False
2016-11-02 20:00:00,87.52999877929688,87.88999938964844,83.08999633789062,83.27999877929688,1215900,90.10499979654948,1414870.0,13.465576972785344,37.74811836527105,True,True
2016-11-03 20:00:00,84.30000305175781,89.18000030517578,83.01000213623047,87.56999969482422,1384800,90.05799967447916,1416373.3333333333,12.543628222362283,49.04918368219374,True,True
2016-11-07 20:00:00,89.45999908447266,92.83000183105467,88.73999786376953,92.1500015258789,2391700,90.17099965413412,1459940.0,12.70216138284368,57.847225424151105,False,False
2016-11-08 20:00:00,92.16000366210938,93.9800033569336,90.37999725341795,92.16000366210938,1280400,90.27399978637695,1461966.6666666667,13.148651651651543,57.86433725576586,False,True
2016-11-09 20:00:00,95.68000030517578,109.9499969482422,95.02999877929688,104.12999725341795,4717800,90.63833312988281,1530806.6666666667,16.015950075017408,72.33715320819863,False,False
2016-11-10 20:00:00,105.0,107.98999786376952,101.6500015258789,104.70999908447266,2621300,91.05233306884766,1529380.0,18.678441468142854,72.82423855171503,False,False
2016-11-11 20:00:00,103.87999725341795,105.7300033569336,102.29000091552734,104.51000213623048,2028300,91.39299977620443,1540070.0,21.150754904616484,72.35116095473617,False,False
2016-11-14 20:00:00,104.87999725341795,107.08999633789062,101.63999938964844,104.88999938964844,1873500,91.70466639200846,1557820.0,23.59033890036693,72.7138549664007,False,False
2016-11-15 20:00:00,104.2699966430664,105.0199966430664,101.58000183105467,103.16000366210938,1052300,92.0043332417806,1554533.3333333333,25.83298762182534,68.31985853760042,False,True
2016-11-16 20:00:00,102.70999908447266,103.98999786376952,100.61000061035156,100.73999786376952,742200,92.17266642252604,1543116.6666666667,27.53493056490304,62.61942766808394,False,True
2016-11-17 20:00:00,106.9000015258789,108.1999969482422,102.1500015258789,105.5500030517578,2869000,92.5316665649414,1576686.6666666667,29.613019446943742,68.28384317502558,False,False
2016-11-18 20:00:00,105.3000030517578,105.91999816894533,103.37000274658205,103.62999725341795,1103100,92.72499974568684,1518020.0,31.542673408838677,64.10782953273393,False,True
2016-11-21 20:00:00,103.66000366210938,109.02999877929688,103.0,108.0999984741211,1471800,93.12999979654948,1516070.0,33.66293244874763,68.8795939301994,False,True
2016-11-22 20:00:00,107.91000366210938,108.33999633789062,104.4800033569336,106.8000030517578,1235000,93.61966654459636,1492633.3333333333,35.63174441437737,66.12617960343229,False,True
2016-11-23 20:00:00,104.87999725341795,107.33000183105467,103.9000015258789,106.8000030517578,936500,94.18066660563152,1477020.0,37.20177637053501,66.12617960343229,False,True
2016-11-25 20:00:00,107.51000213623048,108.61000061035156,105.9499969482422,107.7300033569336,783700,94.78733342488607,1452016.6666666667,38.81280752482562,67.21357063433862,False,True
2016-11-28 20:00:00,107.12999725341795,107.6999969482422,104.8000030517578,105.16999816894533,950800,95.38966674804688,1440216.6666666667,39.776365079603515,61.3731709826164,False,True
2016-11-29 20:00:00,105.44000244140624,106.5,103.41000366210938,105.06999969482422,803100,96.00200017293294,1425993.3333333333,40.04824345585926,61.14965077546767,False,True
2016-11-30 20:00:00,105.33000183105467,106.43000030517578,101.9000015258789,102.29000091552734,1040800,96.45233357747396,1425110.0,39.65687161625316,55.13760795530218,False,True
2016-12-01 20:00:00,102.52999877929688,103.30999755859376,99.55999755859376,99.93000030517578,1001200,96.85133361816406,1431316.6666666667,38.381931311533414,50.59036565884326,False,True
2016-12-02 20:00:00,100.22000122070312,104.2300033569336,98.48999786376952,102.0199966430664,1105800,97.30233357747396,1438410.0,36.809883050780215,54.19323020976048,False,True
2016-12-05 20:00:00,102.66000366210938,105.88999938964844,102.16000366210938,104.76000213623048,1785300,97.87033360799154,1471503.3333333333,35.76448949455097,58.46886575786835,False,False
2016-12-06 20:00:00,104.37000274658205,107.47000122070312,104.1500015258789,107.20999908447266,1288800,98.50466690063476,1481300.0,35.16279900639042,61.893895588396475,False,True
2016-12-07 20:00:00,104.76000213623048,106.52999877929688,99.72000122070312,101.95999908447266,1947000,98.99666697184244,1520716.6666666667,33.08529935536663,51.9979895693676,False,False
2016-12-08 20:00:00,101.43000030517578,103.16999816894533,98.55999755859376,102.87999725341795,1147000,99.51766688028971,1532273.3333333333,30.81546170651293,53.40393771814135,False,True
2016-12-09 20:00:00,103.8499984741211,105.4800033569336,100.0199966430664,100.62999725341795,1078600,99.9716667175293,1532796.6666666667,29.327802161314246,49.57929834150948,False,True
2016-12-12 20:00:00,100.12000274658205,101.1500015258789,99.5,100.86000061035156,1042200,100.42933349609375,1534406.6666666667,27.78238424813051,49.97371189556208,False,True
2016-12-13 20:00:00,101.2300033569336,102.69000244140624,100.5500030517578,101.54000091552734,1408300,100.9150001525879,1549413.3333333333,26.758975517834443,51.18938509167768,False,True
2016-12-14 20:00:00,101.5,103.3499984741211,101.01000213623048,102.41999816894533,1030400,101.32800013224283,1497310.0,25.98179702716776,52.78829907637055,False,True
2016-12-15 20:00:00,103.13999938964844,105.38999938964844,101.30999755859376,104.58000183105467,1128000,101.90766677856445,1482153.3333333333,25.772519620499736,56.55059147512277,False,True
2016-12-16 20:00:00,104.8499984741211,107.1999969482422,102.43000030517578,103.0,2842200,102.56500015258788,1536363.3333333333,25.992289083967414,53.21028533551018,False,False
2016-12-19 20:00:00,102.87999725341795,103.8499984741211,100.27999877929688,100.79000091552734,1520700,103.00566685994467,1540893.3333333333,25.387315355259595,48.862721576526916,True,True
2016-12-20 20:00:00,101.30999755859376,102.62000274658205,101.01000213623048,102.20999908447266,1078100,103.34100011189778,1497106.6666666667,24.825554035745192,51.599147864080955,True,True
2016-12-21 20:00:00,101.83999633789062,102.38999938964844,99.3000030517578,99.76000213623048,1019500,103.59433339436849,1488410.0,23.674298234362364,46.932722409645514,True,True
2016-12-22 20:00:00,100.63999938964844,101.5199966430664,98.7300033569336,101.47000122070312,779800,103.50566685994467,1357143.3333333333,22.401691104044804,50.31043006880144,True,True
2016-12-23 20:00:00,100.83999633789062,103.16000366210938,99.9499969482422,102.94000244140624,982000,103.44666697184245,1302500.0,21.72522750659162,53.0754716532489,True,True
2016-12-27 20:00:00,103.0999984741211,105.27999877929688,102.22000122070312,102.52999877929688,883700,103.38066685994467,1264346.6666666667,21.685992344248973,52.20293026859715,True,True
2016-12-28 20:00:00,102.3499984741211,103.22000122070312,100.91000366210938,101.0999984741211,731300,103.25433349609375,1226273.3333333333,21.136481042784926,49.16695280575256,True,True
2016-12-29 20:00:00,100.87999725341795,102.16999816894533,100.72000122070312,101.95999908447266,726300,103.21433334350586,1215406.6666666667,20.551521371440824,51.01213594851893,True,True
2016-12-30 20:00:00,101.93000030517578,102.3499984741211,99.25,100.2699966430664,953800,103.19866663614908,1222460.0,19.435459725788498,47.37300623949878,True,True
2017-01-03 20:00:00,101.13999938964844,103.1999969482422,100.41000366210938,102.31999969482422,1434800,103.09099985758463,1174653.3333333333,18.686687626547553,51.859305473443676,True,False
2017-01-04 20:00:00,103.0999984741211,104.62999725341795,102.27999877929688,102.83999633789062,1442500,103.06466649373372,1185966.6666666667,18.4547957207807,52.954838204403146,True,False
2017-01-05 20:00:00,102.81999969482422,104.98999786376952,102.23999786376952,104.80999755859376,940900,102.95499979654947,1168270.0,18.35393744687656,56.95170436836994,False,True
2017-01-06 20:00:00,105.41999816894533,109.3000030517578,104.91999816894533,108.30999755859376,1817400,103.00533294677734,1187683.3333333333,19.4238676618044,62.97084718543711,False,False
2017-01-09 20:00:00,113.5500030517578,119.88999938964844,112.83000183105467,118.52999877929688,3005500,103.39633280436198,1256650.0,22.045644424173684,74.27976784982214,False,False
2017-01-10 20:00:00,119.08999633789062,121.18000030517578,117.8000030517578,119.3000030517578,2013200,103.78199946085611,1297633.3333333333,24.614680986830844,74.90170775614263,False,False
2017-01-11 20:00:00,118.8000030517578,119.93000030517578,113.7699966430664,115.29000091552734,2085500,104.11933288574218,1335456.6666666667,25.57579436749981,65.95691965045839,False,False
2017-01-12 20:00:00,114.43000030517578,118.25,112.87999725341795,117.5500030517578,1221500,104.53533299763997,1349403.3333333333,26.1808660099442,68.25765306684394,False,True
2017-01-13 20:00:00,117.97000122070312,119.8000030517578,116.72000122070312,117.75,1103000,105.05066630045573,1351476.6666666667,26.986850836650977,68.46078933653584,False,True
2017-01-17 20:00:00,115.6999969482422,116.75,113.23999786376952,113.63999938964844,1368900,105.50766626993816,1363733.3333333333,26.64195226371956,59.96764278915534,False,False
2017-01-18 20:00:00,114.51000213623048,115.23999786376952,113.12000274658205,115.08999633789062,1125400,105.94333292643229,1364386.6666666667,26.285759655125798,61.76960383889415,False,True
2017-01-19 20:00:00,115.5,117.62000274658205,113.0,117.52999877929688,1160000,106.36899948120117,1343543.3333333333,26.407415272854543,64.65294067815711,False,True
2017-01-20 20:00:00,118.31999969482422,122.68000030517578,117.08000183105467,117.22000122070312,1907600,106.70266621907552,1364170.0,27.323759682956254,63.992598520911514,False,False
2017-01-23 20:00:00,118.2699966430664,119.26000213623048,116.68000030517578,117.41999816894533,1751700,107.21799952189127,1357660.0,28.044144272102706,64.24631653917154,False,False
2017-01-24 20:00:00,117.5500030517578,118.56999969482422,115.55999755859376,118.3000030517578,1323300,107.73199971516927,1363536.6666666667,28.33949165569894,65.40153149085583,False,True
2017-01-25 20:00:00,119.12999725341795,121.3499984741211,118.16999816894533,120.91000366210938,1411400,108.40799992879232,1374630.0,29.061108924186378,68.63809852859313,False,False
2017-01-26 20:00:00,120.51000213623048,124.87000274658205,119.0199966430664,120.63999938964844,2437500,109.06733322143555,1421140.0,30.22294585406075,67.93014462371934,False,False
2017-01-27 20:00:00,121.44000244140624,123.52999877929688,120.62000274658205,121.72000122070312,804100,109.73999989827475,1401000.0,31.301794431801245,69.29440057360931,False,True
2017-01-30 20:00:00,121.83000183105467,122.23999786376952,117.81999969482422,118.2300033569336,1346100,110.26700007120768,1411523.3333333333,31.33271936486505,60.358781049152356,False,True
2017-01-31 20:00:00,117.9499969482422,121.30999755859376,117.0999984741211,121.20999908447266,1472600,110.82133331298829,1423010.0,31.123878888620528,64.5610386796121,False,False
2017-02-01 20:00:00,121.12000274658205,124.6500015258789,119.86000061035156,124.2699966430664,1420800,111.5303332010905,1375630.0,31.502669884135635,68.27951955808281,False,False
2017-02-02 20:00:00,123.02999877929688,123.6999969482422,119.2300033569336,120.91999816894533,1643900,112.20133310953776,1379736.6666666667,31.637640805525997,60.76276593921649,False,False
2017-02-03 20:00:00,121.76000213623048,122.45999908447266,119.62000274658205,120.33999633789062,868900,112.80566635131837,1372763.3333333333,31.762970946817045,59.54062115506983,False,True
2017-02-06 20:00:00,120.27999877929688,121.30999755859376,118.80999755859376,119.68000030517578,1107700,113.4696662902832,1375703.3333333333,31.57345990707118,58.10836588176582,False,True
2017-02-07 20:00:00,120.08999633789062,120.43000030517578,117.25,118.18000030517578,1670700,114.02666625976562,1405400.0,30.821757176098853,54.87738003707737,False,False
2017-02-08 20:00:00,117.31999969482422,123.58999633789062,117.18000030517578,122.7300033569336,2180700,114.68633295694987,1445356.6666666667,30.79969066943529,61.8134292318418,False,False
2017-02-09 20:00:00,121.91999816894533,124.19000244140624,121.68000030517578,122.95999908447266,894000,115.3673329671224,1445700.0,30.89794070223844,62.130314694921005,False,True
2017-02-10 20:00:00,123.01000213623048,123.0999984741211,121.26000213623048,121.6999969482422,1084700,116.05399958292644,1457480.0,30.821926127402893,59.230480866690925,False,True
2017-02-13 20:00:00,122.2699966430664,122.2699966430664,120.26000213623048,121.1500015258789,1171000,116.6936663309733,1472303.3333333333,30.348400919111437,57.95884789719976,False,True
2017-02-14 20:00:00,119.94000244140624,125.48999786376952,119.62000274658205,123.31999969482422,1869500,117.4619997660319,1502826.6666666667,30.61771393852099,61.47334211485078,False,False
2017-02-15 20:00:00,122.38999938964844,122.61000061035156,119.01000213623048,120.94000244140624,1608100,118.08266652425131,1508603.3333333333,30.61853586381697,55.94897964063069,False,False
2017-02-16 20:00:00,121.38999938964844,122.2300033569336,118.52999877929688,120.18000030517578,990700,118.66066665649414,1493543.3333333333,30.418009722339114,54.27175120283895,False,True
2017-02-17 20:00:00,120.18000030517578,120.8499984741211,119.16000366210938,120.48999786376952,941400,119.18333333333334,1493560.0,30.231806876681105,54.86608604000669,False,True
2017-02-21 20:00:00,121.08999633789062,122.66999816894533,119.7699966430664,122.36000061035156,1257200,119.65166676839193,1474886.6666666667,30.50567671078872,58.38019566690383,False,True
2017-02-22 20:00:00,121.6999969482422,122.9000015258789,121.25,121.36000061035156,854100,119.74600016276041,1403173.3333333333,30.814873017370108,55.874830876912995,False,True
2017-02-23 20:00:00,121.4000015258789,122.13999938964844,118.79000091552734,121.9499969482422,1568100,119.83433329264322,1388336.6666666667,29.962118814758707,57.046061486286334,False,False
2017-02-24 20:00:00,128.27000427246094,131.88999938964844,127.55999755859376,131.2100067138672,9231000,120.3650001525879,1626520.0,31.11505334435691,70.34888590475084,False,False
2017-02-27 20:00:00,131.8800048828125,134.97000122070312,130.24000549316406,134.02000427246094,33193000,120.914000193278,2692236.6666666665,32.58014887222354,73.07404102936889,False,False
2017-02-28 20:00:00,133.58999633789062,134.0500030517578,131.24000549316406,133.10000610351562,3868700,121.42566706339518,2784426.6666666665,33.940594719528264,70.7803821958333,False,False
2017-03-01 20:00:00,133.89999389648438,135.47999572753906,131.91000366210938,133.22000122070312,3001100,122.07833379109701,2838833.3333333335,35.38455546045067,70.90864212119683,False,False
2017-03-02 20:00:00,134.6999969482422,135.7899932861328,132.1199951171875,132.8000030517578,1963800,122.66866734822591,2866780.0,36.764871492663495,69.75450549805831,False,True
2017-03-03 20:00:00,133.19000244140625,137.75999450683594,132.64999389648438,136.91000366210938,2859800,123.31466751098633,2923440.0,38.293267498218604,74.18288590194186,False,True
2017-03-06 20:00:00,136.9499969482422,136.97999572753906,133.13999938964844,134.3800048828125,1920700,123.88666763305665,2923876.6666666665,39.71249236051978,67.61961909284567,False,True
2017-03-07 20:00:00,133.1300048828125,134.85000610351562,131.47999572753906,133.38999938964844,1906600,124.41900100708008,2929040.0,40.24689013664334,65.18913097263777,False,True
2017-03-08 20:00:00,133.38999938964844,137.8800048828125,133.05999755859375,136.0,2363200,125.00900090535482,2963703.3333333335,41.19560848301675,68.41259224767087,False,True
2017-03-09 20:00:00,135.42999267578125,138.33999633789062,134.22999572753906,138.02000427246094,1781600,125.5793342590332,2976043.3333333335,42.14041213727372,70.67582760112471,False,True
2017-03-10 20:00:00,138.80999755859375,150.4199981689453,138.5399932861328,149.24000549316406,5114800,126.53266779581706,3065286.6666666665,44.164775564668034,79.47333195487822,False,False
2017-03-12 20:00:00,149.24000549316406,151.6300048828125,145.2899932861328,151.02999877929688,4159600,127.50966771443684,3177136.6666666665,46.12174439518566,80.47949410565279,False,False
2017-03-13 20:00:00,149.99000549316406,151.97999572753906,148.8300018310547,150.9600067138672,1697400,128.60066782633464,3188846.6666666665,47.96183634640995,80.31371822615357,False,True
2017-03-14 20:00:00,151.35000610351562,153.14999389648438,147.89999389648438,152.66000366210938,1977100,129.64900131225585,3205663.3333333335,49.7488479344408,81.3201701504784,False,True
2017-03-15 20:00:00,151.69000244140625,151.91000366210938,146.97999572753906,148.44000244140625,3684300,130.4546681722005,3281113.3333333335,51.01306481330659,71.54235767191027,False,False
2017-03-16 20:00:00,148.00999450683594,149.27000427246094,146.7899932861328,147.9600067138672,4268000,131.3560017903646,3368583.3333333335,52.102505993967455,70.50395361728201,False,False
2017-03-19 20:00:00,147.61000061035156,148.92999267578125,146.50999450683594,148.52000427246094,1745200,132.2953353881836,3397793.3333333335,52.982489838544815,71.03221858019057,False,True
2017-03-20 20:00:00,148.36000061035156,149.0,140.47000122070312,140.72999572753906,2240500,132.99700190226238,3435553.3333333335,51.39467953764701,56.00574527378581,False,True
2017-03-21 20:00:00,141.75,143.5800018310547,140.00999450683594,141.27999877929688,3860300,133.76700185139973,3508540.0,49.76601679849891,56.70217865196864,False,False
2017-03-22 20:00:00,141.1300048828125,141.27000427246094,138.7100067138672,138.97000122070312,1887600,134.3083351135254,3498770.0,47.81404464242808,52.91355343762658,False,True
2017-03-23 20:00:00,138.97000122070312,140.57000732421875,138.00999450683594,139.63999938964844,1547600,134.8643351236979,3520556.6666666665,45.765310137209845,53.87617154300294,False,True
2017-03-26 20:00:00,139.14999389648438,140.36000061035156,137.5399932861328,139.88999938964844,1038800,135.47066853841145,3519026.6666666665,43.69992847861942,54.25199282142936,False,True
2017-03-27 20:00:00,139.4600067138672,141.33999633789062,138.3800048828125,139.47999572753906,1852500,136.08166834513347,3541743.3333333335,42.0269833538981,53.482333077061604,False,True
2017-03-28 20:00:00,139.5,139.9499969482422,138.35000610351562,139.27999877929688,1355400,136.6136683146159,3524606.6666666665,40.46187143407442,53.08670313906361,False,True
2017-03-29 20:00:00,140.10000610351562,140.94000244140625,137.6999969482422,137.77000427246094,1109800,137.17466837565104,3507996.6666666665,39.27117774891481,50.07484116113632,False,True
2017-03-30 20:00:00,137.8000030517578,138.72999572753906,133.25999450683594,133.6699981689453,2554800,137.62433497111002,3560133.3333333335,36.557409628387354,42.94956220920181,True,True
2017-04-02 20:00:00,135.0,141.86000061035156,134.1300048828125,138.52000427246094,3454800,138.22533518473307,3643913.3333333335,34.89297376736813,51.70413068598825,False,True
2017-04-03 20:00:00,138.00999450683594,143.0500030517578,137.80999755859375,141.5500030517578,1743500,138.86500193277996,3660123.3333333335,33.64063712156256,56.223724667113004,False,True
2017-04-04 20:00:00,141.5500030517578,144.32000732421875,137.50999450683594,138.42999267578125,1748700,139.43400166829426,3689943.3333333335,32.78223923924228,50.9377237309615,True,True
2017-04-05 20:00:00,137.83999633789062,139.3699951171875,134.22999572753906,135.5,1595700,139.8856684366862,3690863.3333333335,30.895163974338082,46.51494405314836,True,True
2017-04-06 20:00:00,139.47999572753906,140.6300048828125,136.5500030517578,140.11000061035156,2206700,140.18233489990234,3456720.0,29.472916056389803,53.374533084668386,True,True
2017-04-09 20:00:00,140.17999267578125,141.24000549316406,136.02000427246094,136.8800048828125,1651500,140.27766825358074,2405336.6666666665,28.31173277641989,48.66509722356208,True,True
2017-04-10 20:00:00,137.11000061035156,137.69000244140625,134.16000366210938,136.07000732421875,1296000,140.37666829427084,2319580.0,26.618131466934727,47.53245820666908,True,True
2017-04-11 20:00:00,136.47999572753906,141.39999389648438,134.9600067138672,138.27000427246094,1584600,140.5450017293294,2272363.3333333335,26.002823621145364,50.87660511348581,True,True
2017-04-12 20:00:00,139.66000366210938,142.4499969482422,138.00999450683594,140.83999633789062,2186400,140.81300150553386,2279783.3333333335,25.671959227643715,54.52313312676138,False,True
2017-04-16 20:00:00,124.97000122070312,127.43000030517578,124.0500030517578,126.06999969482422,6916700,140.4516680399577,2415013.3333333335,25.52153888148106,37.35905829696929,True,False
2017-04-17 20:00:00,125.11000061035156,128.41000366210938,124.1500015258789,125.9000015258789,2593400,140.16900126139322,2437436.6666666665,25.14153878465098,37.21384956830516,True,False
2017-04-18 20:00:00,125.9000015258789,126.16999816894533,124.0500030517578,124.54000091552734,1937200,139.87400131225587,2438456.6666666665,24.805685333075672,36.00804778483297,True,True
2017-04-19 20:00:00,125.27999877929688,125.48999786376952,123.0500030517578,123.11000061035156,2035200,139.44433466593424,2427523.3333333335,24.67071258617124,34.733654386707926,True,True
2017-04-20 20:00:00,123.5,125.3499984741211,122.51000213623048,123.01000213623048,1818900,138.94400126139323,2428766.6666666665,24.643275879556292,34.64132491363492,True,True
2017-04-23 20:00:00,124.05999755859376,124.73999786376952,123.5,123.91000366210938,1155300,138.09966786702475,2296783.3333333335,24.617798937699554,36.28297253328437,True,True
2017-04-24 20:00:00,124.66000366210938,124.91000366210938,124.0199966430664,124.38999938964844,1175900,137.2116678873698,2197326.6666666665,24.536881968355562,37.18910253414258,True,True
2017-04-25 20:00:00,124.68000030517578,125.47000122070312,122.31999969482422,123.08000183105467,1151700,136.28233439127604,2179136.6666666665,24.816703398996477,35.69704665736886,True,True
2017-04-26 20:00:00,123.0,125.36000061035156,122.5500030517578,124.16999816894533,1038100,135.3326675415039,2147836.6666666665,25.076537584591613,37.928564753745626,True,True
2017-04-27 20:00:00,124.26000213623048,124.8000030517578,123.0199966430664,124.27999877929688,977600,134.52733408610027,2057613.3333333333,25.317812185501378,38.16179298646025,True,True
2017-04-30 20:00:00,124.77999877929688,125.58999633789062,123.20999908447266,124.0,1149900,133.72866719563802,1953676.6666666667,25.208549853392856,37.77273574714044,True,True
2017-05-01 20:00:00,123.9800033569336,124.44000244140624,121.5199966430664,123.70999908447266,1343300,132.90166702270508,1940280.0,25.5274864122319,37.34803753722047,True,True
2017-05-02 20:00:00,123.43000030517578,124.54000091552734,122.80999755859376,123.20999908447266,1474400,132.31766713460286,1914743.3333333333,25.778284719898483,36.58428635320771,True,True
2017-05-03 20:00:00,126.2300033569336,127.8000030517578,123.33999633789062,125.0,1405000,131.7750005086263,1832900.0,24.659022533503293,41.218664731116036,True,True
2017-05-04 20:00:00,124.13999938964844,124.8000030517578,120.5,122.41000366210938,2010700,131.2230005900065,1837003.3333333333,24.396500200225294,37.004776859848626,True,False
2017-05-07 20:00:00,121.72000122070312,121.8000030517578,116.44000244140624,117.79000091552734,2582900,130.49466730753582,1871513.3333333333,25.03890196974371,30.930392664646057,True,False
2017-05-08 20:00:00,117.47000122070312,119.91999816894533,117.04000091552734,119.7300033569336,1204300,129.82266743977866,1877030.0,25.635417898582237,35.70324755856455,True,True
2017-05-09 20:00:00,119.66999816894533,119.91999816894533,118.08000183105467,118.22000122070312,1227400,129.11400095621744,1856193.3333333333,26.189325546789444,33.74843614703974,True,True
2017-05-10 20:00:00,117.87000274658205,118.41000366210938,116.20999908447266,116.43000030517578,1358600,128.35233434041342,1856300.0,27.09781284601656,31.543635798281063,True,True
2017-05-11 20:00:00,115.98999786376952,117.86000061035156,114.33000183105467,115.19000244140624,2732700,127.59966761271158,1910396.6666666667,28.300575481534057,30.07770754461008,True,False
2017-05-14 20:00:00,115.0,117.48999786376952,114.02999877929688,117.3499984741211,1710300,127.05566762288412,1882246.6666666667,29.473279560000247,35.684723673302436,True,True
2017-05-15 20:00:00,117.48999786376952,120.87000274658205,117.0999984741211,117.76000213623048,2682000,126.36366755167643,1856486.6666666667,29.066094221578307,36.72198564312273,True,False
2017-05-16 20:00:00,116.9800033569336,121.68000030517578,116.08000183105467,120.48999786376952,3733600,125.66166737874349,1922823.3333333333,28.93259484039283,43.28131426027229,True,False
2017-05-17 20:00:00,128.16000366210938,131.75,125.38999938964844,128.8000030517578,5666300,125.34066772460938,2053410.0,27.860135318296848,57.66648169868221,False,False
2017-05-18 20:00:00,129.02999877929688,133.8000030517578,129.0,131.42999267578125,3856500,125.20500081380209,2128770.0,27.27117670594865,61.03472840321894,False,False
2017-05-21 20:00:00,131.1999969482422,134.88999938964844,130.22000122070312,134.42999267578125,2031400,125.01566721598307,2122926.6666666665,26.93391582204895,64.50409131302666,False,True
2017-05-22 20:00:00,134.1699981689453,136.3000030517578,133.50999450683594,136.16000366210938,1199100,124.99166717529297,2107846.6666666665,26.888497859291068,66.36398796425274,False,True
2017-05-23 20:00:00,136.39999389648438,138.75,135.00999450683594,138.10000610351562,1301400,125.05933380126953,2108026.6666666665,27.283510508398358,68.36572271949625,False,True
2017-05-24 20:00:00,138.99000549316406,139.97999572753906,138.2100067138672,138.41000366210938,1770500,125.06400044759114,2114223.3333333335,27.857733814074574,68.68640549540976,False,True
2017-05-25 20:00:00,138.4600067138672,139.49000549316406,132.64999389648438,134.3800048828125,2365700,124.84866739908854,2120200.0,26.718802163396926,60.14983412214938,False,False
2017-05-29 20:00:00,133.8000030517578,134.1300048828125,129.64999389648438,130.49000549316406,1723200,124.99600092569987,1947083.3333333333,24.931071624455164,53.267941354563064,False,True
2017-05-30 20:00:00,131.8000030517578,133.82000732421875,128.82000732421875,129.3300018310547,2405900,125.11033426920572,1940833.3333333333,23.221962034070838,51.38011078609915,False,False
2017-05-31 20:00:00,130.0,130.9600067138672,127.8499984741211,129.27999877929688,1911900,125.26833419799804,1939990.0,21.86310812026533,51.29571902366371,False,True
2017-06-01 20:00:00,131.55999755859375,132.07000732421875,128.8699951171875,131.5,1422100,125.54800084431966,1919553.3333333333,20.31666787101393,54.842060290204984,False,True
2017-06-04 20:00:00,132.5,132.77999877929688,121.2300033569336,124.02999877929688,3822200,125.58200073242188,1986330.0,20.45498027592086,43.392679470616514,True,False
2017-06-05 20:00:00,124.1500015258789,124.27999877929688,121.45999908447266,122.2699966430664,2061000,125.5273338317871,2016520.0,20.583413223334443,41.20972269439525,True,False
2017-06-06 20:00:00,121.52999877929688,123.36000061035156,118.33999633789062,119.1500015258789,2210600,125.35266723632813,2051010.0,21.228589595254693,37.59872516897624,True,False
2017-06-07 20:00:00,119.87999725341795,120.23999786376952,116.25,119.75,2026900,125.24166717529297,2080183.3333333333,22.149183581828623,38.710946771885276,True,True
2017-06-08 20:00:00,119.0999984741211,122.20999908447266,118.23999786376952,119.04000091552734,1410100,125.0706672668457,2092583.3333333333,22.420061082243627,37.85120137655661,True,True
2017-06-11 20:00:00,117.8000030517578,120.22000122070312,115.1999969482422,116.44000244140624,1802500,124.80933405558268,2120080.0,23.158176465378524,34.80294140358479,True,True
2017-06-12 20:00:00,115.81999969482422,119.08999633789062,115.66000366210938,118.5199966430664,1199500,124.62666727701823,2121733.3333333335,23.84356932114665,39.032949827357264,True,True
2017-06-13 20:00:00,118.58999633789062,121.5,118.01000213623048,120.08999633789062,1533700,124.50600051879883,2128080.0,23.74059384394979,42.087235489199415,True,True
2017-06-14 20:00:00,119.0,120.4499969482422,115.79000091552734,120.37000274658205,1824000,124.41133397420248,2139733.3333333335,24.042945438976627,42.63916425301808,True,True
2017-06-15 20:00:00,120.0,120.73999786376952,117.0500030517578,118.0500030517578,3658800,124.17966740926107,2214860.0,24.232291832702465,39.29739021874791,True,False
2017-06-18 20:00:00,118.37999725341795,122.63999938964844,118.37999725341795,122.27999877929688,1431600,124.17533391316732,2195556.6666666665,23.811693186483627,47.39298466117326,True,True
2017-06-19 20:00:00,122.9800033569336,126.79000091552734,122.19000244140624,124.58000183105467,2028600,124.40166727701823,2177080.0,22.28656996443868,51.203658752540846,False,True
2017-06-20 20:00:00,124.48999786376952,134.4499969482422,124.3000030517578,133.99000549316406,2893200,124.87700068155924,2233376.6666666665,22.06029593381124,63.00944787933786,False,False
2017-06-21 20:00:00,134.86000061035156,137.2899932861328,134.1999969482422,135.6300048828125,1731400,125.45733413696288,2250176.6666666665,22.298309702223897,64.6162068267874,False,True
2017-06-22 20:00:00,135.33999633789062,136.86000061035156,133.8300018310547,136.27999877929688,1790300,126.11900075276692,2264566.6666666665,22.422898479587342,65.2602818815781,False,True
2017-06-25 20:00:00,136.97000122070312,137.3000030517578,133.42999267578125,134.6699981689453,1389400,126.7683339436849,2219790.0,22.612375230101527,62.23830396669109,False,True
2017-06-26 20:00:00,134.49000549316406,135.22999572753906,130.11000061035156,130.30999755859375,1193100,127.20033391316731,2202550.0,21.899266643395656,54.833200529510705,False,True
2017-06-27 20:00:00,130.41000366210938,135.27999877929688,129.61000061035156,134.3300018310547,1261700,127.75266723632812,2155206.6666666665,21.10931284017166,59.60542704169902,False,True
2017-06-28 20:00:00,133.5800018310547,133.5800018310547,127.48999786376952,128.77999877929688,1387800,128.02900060017905,2077013.3333333333,19.84040984523986,51.51314215242526,False,True
2017-06-29 20:00:00,129.74000549316406,129.8300018310547,125.87000274658205,125.91000366210938,1369900,127.93266728719075,1933800.0,18.573460481852347,47.89219085307575,True,True
2017-07-02 20:00:00,126.1999969482422,128.0,124.95999908447266,125.87000274658205,597000,127.74733428955078,1825150.0,17.613107135941313,47.84171486400757,True,True
2017-07-04 20:00:00,126.0,128.8000030517578,125.43000030517578,128.33999633789062,1189400,127.5443344116211,1797083.3333333333,16.507891401114644,51.25785258078485,False,True
2017-07-05 20:00:00,127.0500030517578,128.83999633789062,124.75,127.22000122070312,1256300,127.24633433024088,1798990.0,15.658893538757678,49.66928760389052,True,True
2017-07-06 20:00:00,127.58000183105467,131.42999267578125,127.3499984741211,130.83999633789062,1030300,127.00433400472005,1789953.3333333333,14.91440224423223,54.57004721184874,False,True
2017-07-09 20:00:00,130.41000366210938,130.41000366210938,127.01000213623048,129.55999755859375,916000,126.70933380126954,1761470.0,14.124276235822578,52.6190373047816,False,True
2017-07-10 20:00:00,128.60000610351562,132.86000061035156,128.60000610351562,131.9199981689453,1073000,126.62733357747396,1718380.0,14.02632138601456,55.75962677690143,False,True
2017-07-11 20:00:00,133.24000549316406,133.94000244140625,131.3300018310547,133.22000122070312,796400,126.7183334350586,1687486.6666666667,14.19769741716775,57.43338730487629,False,True
2017-07-12 20:00:00,133.32000732421875,134.4600067138672,131.02999877929688,133.4199981689453,725800,126.85466664632162,1631483.3333333333,14.484348914827033,57.6985385020385,False,True
2017-07-13 20:00:00,134.05999755859375,135.3000030517578,133.27000427246094,134.27000427246094,737500,127.02100016276042,1592336.6666666667,14.959839488978599,58.87115072791536,False,True
2017-07-16 20:00:00,133.33999633789062,134.4499969482422,130.0399932861328,130.6199951171875,1376700,126.99166666666666,1590823.3333333333,14.283410498068394,52.18192659277662,False,True
2017-07-17 20:00:00,130.30999755859375,131.0800018310547,128.72000122070312,130.85000610351562,993300,127.21900024414063,1496526.6666666667,13.27643017500026,52.54783180353506,False,True
2017-07-18 20:00:00,131.7100067138672,133.22999572753906,129.85000610351562,130.4499969482422,1173600,127.49166692097982,1466946.6666666667,12.931954029910724,51.80539828403442,False,True
2017-07-19 20:00:00,130.52000427246094,134.39999389648438,129.5399932861328,133.7899932861328,1130600,127.97966664632162,1430946.6666666667,12.926650927206534,57.23815156279804,False,True
2017-07-20 20:00:00,133.02000427246094,135.42999267578125,133.02000427246094,134.22000122070312,756000,128.46200002034504,1388583.3333333333,13.19322667400428,57.89620027009946,False,True
2017-07-23 20:00:00,134.24000549316406,138.4499969482422,133.72999572753906,138.27000427246094,1207500,129.10300013224284,1381830.0,14.161400654198674,63.58075070974325,False,True
2017-07-24 20:00:00,134.1300048828125,136.97000122070312,132.8800048828125,133.55999755859375,1826700,129.67366663614908,1382636.6666666667,14.739984940187638,54.38468058410357,False,False
2017-07-25 20:00:00,133.52000427246094,137.89999389648438,132.6999969482422,137.19000244140625,893600,130.2960001627604,1372440.0,15.499542332214306,59.27370184357641,False,True
2017-07-26 20:00:00,138.72999572753906,139.58999633789062,131.82000732421875,132.72000122070312,1512300,130.71700032552084,1371726.6666666667,16.59212999604114,51.89735178792775,False,False
2017-07-27 20:00:00,132.60000610351562,136.80999755859375,132.17999267578125,135.74000549316406,989800,131.2293337504069,1343920.0,17.606675683880347,55.89118105897389,False,True
2017-07-30 20:00:00,135.30999755859375,136.41000366210938,132.9199981689453,133.2899932861328,1209500,131.73733342488606,1262276.6666666667,18.54875382258818,52.111140484464215,False,True
2017-07-31 20:00:00,132.9199981689453,134.94000244140625,127.5,128.75999450683594,1472500,131.9533332824707,1263640.0,17.31751824595818,45.92629184148901,True,False
2017-08-01 20:00:00,128.5,128.5500030517578,124.0999984741211,125.70999908447266,1480200,131.99099985758463,1245360.0,16.943260479213702,42.2871984774739,True,False
2017-08-02 20:00:00,125.6500015258789,126.77999877929688,124.29000091552734,125.9800033569336,1271200,131.72399978637696,1191293.3333333333,16.595735410093827,42.71990325637214,True,False
2017-08-03 20:00:00,125.87999725341795,128.8300018310547,123.8499984741211,128.6999969482422,872500,131.49299952189128,1162663.3333333333,15.595781691867753,47.0285723439099,True,True
2017-08-06 20:00:00,128.8699951171875,133.11000061035156,128.24000549316406,132.0,1038400,131.3503328959147,1137600.0,15.467491742776307,51.76879413424808,False,True
2017-08-07 20:00:00,131.6199951171875,132.75,130.0800018310547,130.6999969482422,650000,131.21799952189127,1112953.3333333333,15.34836536147711,49.87532833193381,True,True
2017-08-08 20:00:00,130.2100067138672,131.3300018310547,128.72000122070312,130.0800018310547,727700,131.21033299763997,1097440.0,14.785648505623744,48.955681460217114,True,True
2017-08-09 20:00:00,129.0399932861328,129.27000427246094,122.01000213623048,122.12000274658205,1382600,130.80333302815754,1101470.0,14.94701126451048,39.0102524283523,True,False
2017-08-10 20:00:00,122.73999786376952,125.08000183105467,122.2699966430664,124.0999984741211,898000,130.64733301798503,1085143.3333333333,15.09684811204816,42.157998245114996,True,True
2017-08-13 20:00:00,125.0,126.87000274658205,124.54000091552734,126.27999877929688,682500,130.65966618855794,1062230.0,14.684855413159614,45.49355013012114,True,True
2017-08-14 20:00:00,126.26000213623048,127.16999816894533,126.04000091552734,126.37000274658205,590200,130.67633285522462,1062003.3333333333,14.210469288700525,45.632946019982576,True,True
2017-08-15 20:00:00,127.37999725341795,127.43000030517578,122.80999755859376,124.33999633789062,1284400,130.5429995218913,1065170.0,14.558025684506651,42.96407273414657,True,False
2017-08-16 20:00:00,123.37000274658205,125.36000061035156,121.62999725341795,121.73999786376952,1007400,130.36033274332684,1056873.3333333333,15.14130262273885,39.75690015642328,True,True
2017-08-17 20:00:00,121.5999984741211,122.47000122070312,121.0,121.19000244140624,958500,130.03866628011068,1054480.0,15.82235545623237,39.09212191480113,True,True
2017-08-20 20:00:00,121.37000274658205,121.37000274658205,118.69000244140624,120.88999938964844,989700,129.74966634114583,1056936.6666666667,16.942776916954248,38.71188014135507,True,True
2017-08-21 20:00:00,121.0999984741211,124.0,120.4499969482422,123.86000061035156,801000,129.4809997558594,1047870.0,17.04304606707359,44.470398764712876,True,True
2017-08-22 20:00:00,123.2300033569336,124.52999877929688,121.83000183105467,123.6500015258789,655000,129.1619997660319,1043156.6666666666,16.956448549257612,44.15449496066463,True,True
2017-08-23 20:00:00,124.1500015258789,124.41000366210938,122.47000122070312,123.81999969482422,703800,128.84199981689454,1042423.3333333334,16.876036568428493,44.49821299848885,True,True
2017-08-24 20:00:00,124.37999725341795,124.41000366210938,121.41000366210938,121.76000213623048,712100,128.42499974568685,1041576.6666666666,17.08389085887673,41.18986197368299,True,True
2017-08-27 20:00:00,121.6500015258789,123.7699966430664,120.0,123.54000091552734,1052600,128.18899993896486,1030773.3333333334,17.63827164007489,44.99531509193896,True,False
2017-08-28 20:00:00,122.62000274658205,127.62999725341795,122.01000213623048,124.97000122070312,1128200,127.99299977620443,1035270.0,16.75486828519537,47.91138604945066,True,False
2017-08-29 20:00:00,125.87000274658205,138.32000732421875,125.58999633789062,138.27000427246094,2758900,128.25366668701173,1088113.3333333333,17.577475482373153,65.97750483089418,False,False
2017-08-30 20:00:00,140.0,140.11000061035156,131.22000122070312,137.41000366210938,3812600,128.37433369954428,1177513.3333333333,18.619707319219334,64.4215921642829,False,False
2017-08-31 20:00:00,137.39999389648438,139.66000366210938,135.4499969482422,138.02999877929688,1321800,128.50133361816407,1196373.3333333333,19.587494024862217,65.06128350096039,False,False
2017-09-04 20:00:00,135.27000427246094,138.9199981689453,133.86000061035156,135.33999633789062,1143500,128.4036666870117,1194240.0,19.98572883682788,60.01905844239188,False,True
2017-09-05 20:00:00,136.55999755859375,137.39999389648438,133.94000244140625,135.86000061035156,903300,128.48033345540364,1163460.0,20.35551830508171,60.653863840910184,False,True
2017-09-06 20:00:00,135.85000610351562,137.35000610351562,132.27000427246094,134.33999633789062,1421700,128.3853332519531,1181063.3333333333,20.156643528627455,57.76659677832783,False,False
2017-09-07 20:00:00,132.24000549316406,132.24000549316406,126.0,129.4600067138672,3152500,128.27666676839192,1235736.6666666667,19.115695177065543,49.60277958168716,False,False
2017-09-10 20:00:00,131.5,131.92999267578125,124.4800033569336,124.9499969482422,3308500,127.91699981689453,1313026.6666666667,18.478893899172668,43.48616809177205,True,False
2017-09-11 20:00:00,125.06999969482422,125.83000183105467,120.0,123.1500015258789,2217800,127.57900009155273,1346636.6666666667,18.749413576490916,41.29736914992783,True,False
2017-09-12 20:00:00,123.30999755859376,124.87999725341795,122.02999877929688,123.58999633789062,1504200,127.40666681925455,1347693.3333333333,19.000610419715002,42.06500725591671,True,False
2017-09-13 20:00:00,124.25,124.70999908447266,119.54000091552734,119.76000213623048,1957100,127.20833358764648,1363590.0,19.67642909063536,37.471585967213564,True,False
2017-09-14 20:00:00,119.91999816894533,120.9800033569336,117.23999786376952,119.1500015258789,2995900,126.98066685994466,1421080.0,20.679362243323517,36.78265575631667,True,False
2017-09-17 20:00:00,118.83999633789062,120.97000122070312,117.62999725341795,118.4000015258789,1835900,126.63733367919922,1453193.3333333333,21.610657313676807,35.90850535599678,True,False
2017-09-18 20:00:00,118.37999725341795,118.76000213623048,116.13999938964844,117.08999633789062,1445400,126.14033355712891,1466760.0,22.723080008871225,34.371965327002115,True,True
2017-09-19 20:00:00,117.62999725341795,118.61000061035156,114.62999725341795,114.87000274658205,2249200,125.61266708374023,1520066.6666666667,23.998352666078684,31.882201032099246,True,False
2017-09-20 20:00:00,114.52999877929688,116.23999786376952,112.76000213623048,115.0500030517578,1798900,125.11166712443034,1555773.3333333333,25.4677026136087,32.310337696364286,True,False
2017-09-21 20:00:00,114.36000061035156,115.4800033569336,110.6500015258789,110.8499984741211,2174800,124.7360003153483,1582180.0,27.130940374430775,27.90337165623575,True,False
2017-09-24 20:00:00,110.43000030517578,110.81999969482422,107.79000091552734,109.69000244140624,3127500,124.25566711425782,1656496.6666666667,29.038649712761927,26.81550513269933,True,False
2017-09-25 20:00:00,110.16000366210938,111.08999633789062,108.08000183105467,109.1500015258789,1920300,123.68466720581054,1697756.6666666667,30.700332709291295,26.3014365366674,True,False
2017-09-26 20:00:00,109.05999755859376,111.11000061035156,108.5199966430664,110.30999755859376,1681300,123.14933369954427,1734126.6666666667,32.23466057470714,29.43108268654504,True,True
2017-09-27 20:00:00,109.86000061035156,115.3499984741211,109.54000091552734,113.13999938964844,2951300,122.7760004679362,1789690.0,31.987385664397966,36.51424801442603,True,False
2017-09-28 20:00:00,113.26000213623048,116.9000015258789,113.1500015258789,116.73999786376952,2291100,122.60933380126953,1832480.0,31.23257863958924,44.188528700011695,True,False
2017-10-01 20:00:00,116.83000183105467,118.31999969482422,113.55999755859376,115.19000244140624,1979300,122.40933380126953,1866506.6666666667,30.069171610564265,41.84322369865159,True,False
2017-10-02 20:00:00,112.80999755859376,115.51000213623048,112.0,112.8000030517578,1627100,122.13966725667318,1887753.3333333333,29.349431224240355,38.454120962507645,True,True
2017-10-03 20:00:00,112.41999816894533,114.26000213623048,111.5500030517578,113.83000183105467,1338500,121.80533396402994,1905670.0,28.7845554682451,40.68387012090774,True,True
2017-10-04 20:00:00,113.58000183105467,114.44000244140624,112.6500015258789,113.56999969482422,1134000,121.46933390299479,1921636.6666666667,28.192906507245624,40.28709188842751,True,True
2017-10-05 20:00:00,114.01000213623048,116.30999755859376,113.04000091552734,114.6999969482422,1453500,121.16533381144205,1946626.6666666667,26.957743512738805,42.893809143413,True,True
2017-10-08 20:00:00,114.58000183105467,115.4499969482422,113.8000030517578,113.98999786376952,835100,120.9063336690267,1950726.6666666667,25.810806446411043,41.66313594072628,True,True
2017-10-09 20:00:00,114.1500015258789,115.69000244140624,113.6999969482422,114.7699966430664,1349900,120.61400019327799,1960636.6666666667,24.65294964884174,43.578338945450646,True,True
2017-10-10 20:00:00,114.41000366210938,114.8499984741211,111.51000213623048,111.62000274658205,1777700,120.16900024414062,1982286.6666666667,24.244676651344463,38.13356761038843,True,True
2017-10-11 20:00:00,111.3000030517578,112.95999908447266,110.8499984741211,112.7300033569336,1590800,119.3176668802897,1943350.0,24.053356763066205,40.934120855383384,True,True
2017-10-12 20:00:00,113.47000122070312,114.38999938964844,112.6999969482422,114.30999755859376,1325200,118.5476666768392,1860436.6666666667,23.264819241874655,44.76682857161428,True,True
2017-10-15 20:00:00,114.88999938964844,116.66999816894533,114.30999755859376,116.5999984741211,1821400,117.83333333333333,1877090.0,21.662577891872555,49.846494682442525,True,True
2017-10-16 20:00:00,116.5999984741211,117.25,115.29000091552734,115.63999938964844,1799600,117.17666676839193,1898960.0,20.262280372499568,47.85938365360646,True,True
2017-10-17 20:00:00,116.05999755859376,116.94000244140624,114.77999877929688,115.13999938964844,1687800,116.48600006103516,1925110.0,18.860689850398266,46.812653727932855,True,True
2017-10-18 20:00:00,113.95999908447266,115.48999786376952,113.06999969482422,114.2699966430664,1838200,115.81700007120769,1938993.3333333333,18.177731777114378,44.96966575265666,True,True
2017-10-19 20:00:00,113.73999786376952,114.38999938964844,112.70999908447266,114.19000244140624,1571600,115.30799992879231,1886296.6666666667,17.66908618952178,44.79503861962327,True,True
2017-10-22 20:00:00,114.9499969482422,114.9499969482422,113.1999969482422,113.4800033569336,1770000,114.92566680908203,1835013.3333333333,16.947384410040765,43.19187415778119,True,True
2017-10-23 20:00:00,113.11000061035156,115.20999908447266,112.86000061035156,114.04000091552734,1767700,114.62200012207032,1820010.0,16.410217603322867,44.86784387560862,True,True
2017-10-24 20:00:00,113.36000061035156,115.41000366210938,112.87999725341795,114.5500030517578,1929800,114.32066701253255,1834196.6666666667,15.81294269084435,46.418241912748506,False,False
2017-10-25 20:00:00,113.48999786376952,116.0500030517578,112.80999755859376,115.55999755859376,1731200,114.18066685994467,1826666.6666666667,14.937189596961574,49.4499772632525,False,True
2017-10-26 20:00:00,115.52999877929688,116.36000061035156,114.63999938964844,116.2699966430664,1814100,114.08466669718425,1787273.3333333333,13.966854560943334,51.526341718569824,False,False
2017-10-29 20:00:00,116.52999877929688,117.3499984741211,113.44000244140624,114.23999786376952,2181600,113.94599990844726,1798796.6666666667,13.639092422549725,45.7412182878551,False,False
2017-10-30 20:00:00,117.9499969482422,117.9499969482422,111.16999816894533,113.25,2170900,113.81800003051758,1822980.0,14.255043727632984,43.194200799030035,True,False
2017-10-31 20:00:00,113.41999816894533,114.79000091552734,106.36000061035156,107.95999908447266,2871700,113.58766657511393,1843730.0,16.187191854323785,32.71227426862014,True,False
2017-11-01 20:00:00,107.73999786376952,107.88999938964844,104.05999755859376,106.51000213623048,2389300,113.3029998779297,1863410.0,18.45094683317561,30.525638492203495,True,False
2017-11-02 20:00:00,106.08000183105467,108.04000091552734,104.16999816894533,105.08000183105467,1849700,113.11066665649415,1852573.3333333333,20.4705530038399,28.502166015951584,True,True
2017-11-06 20:00:00,104.5500030517578,106.75,103.69000244140624,105.43000030517578,1583700,112.96866658528646,1801113.3333333333,22.44558224262503,29.72993762890824,True,True
2017-11-07 20:00:00,106.02999877929688,109.8499984741211,106.02999877929688,108.13999938964844,1890900,112.93499984741212,1800133.3333333333,22.64900914578364,38.5315926066787,True,False
2017-11-08 20:00:00,108.22000122070312,109.41999816894533,104.91000366210938,104.9800033569336,1365300,112.75733337402343,1789600.0,23.139774792746987,33.29472588098654,True,True
2017-11-09 20:00:00,104.36000061035156,105.30999755859376,101.75,102.98999786376952,1523600,112.41899998982747,1742010.0,24.333897326216835,30.484826843904095,True,True
2017-11-10 20:00:00,101.95999908447266,105.08999633789062,100.5999984741211,104.76000213623048,2972600,112.01966679890951,1764726.6666666667,25.67625060484749,35.68405249603553,True,False
2017-11-13 20:00:00,104.3000030517578,107.83000183105467,103.1999969482422,107.20999908447266,2022000,111.75366668701172,1766150.0,25.671300110145495,42.13536644527393,True,False
2017-11-14 20:00:00,106.3000030517578,107.22000122070312,103.55999755859376,105.12000274658205,1968600,111.49766667683919,1777533.3333333333,25.66670322220793,38.5802096948448,True,False
2017-11-15 20:00:00,105.12999725341795,105.9800033569336,104.0,105.23999786376952,978900,111.21133321126302,1765546.6666666667,25.662434683408765,38.898969276092984,True,True
2017-11-16 20:00:00,105.48999786376952,108.25,105.01000213623048,106.4800033569336,1180800,110.975,1767106.6666666667,24.649842588103315,42.23524962486415,True,True
2017-11-17 20:00:00,106.05999755859376,107.0999984741211,105.41999816894533,105.47000122070312,1034800,110.66733347574869,1753150.0,23.709578499605392,40.30481838907779,True,True
2017-11-20 20:00:00,105.29000091552734,106.9499969482422,98.72000122070312,98.9499969482422,2526700,110.16600011189779,1809536.6666666667,24.593397730086405,30.586021064937043,True,False
2017-11-21 20:00:00,99.36000061035156,99.97000122070312,96.5999984741211,98.9499969482422,2894000,109.63866678873698,1861006.6666666667,25.80900920718122,30.586021064937043,True,False
2017-11-22 20:00:00,99.08999633789062,100.26000213623048,98.27999877929688,99.0,1204400,109.21800003051757,1841896.6666666667,26.810516091249855,30.734577012805886,True,True
2017-11-24 20:00:00,98.70999908447266,99.47000122070312,98.30999755859376,98.77999877929688,482800,108.75299987792968,1804963.3333333333,27.740486769313584,30.42604384726284,True,True
2017-11-27 20:00:00,98.93000030517578,99.33000183105467,97.43000030517578,97.86000061035156,1390400,108.20466664632161,1807136.6666666667,28.78627646770587,29.11002024614822,True,True
2017-11-28 20:00:00,98.08000183105467,98.23999786376952,94.77999877929688,95.83000183105467,1884200,107.51233342488607,1809230.0,30.254910265387082,26.39692507779006,True,False
2017-11-29 20:00:00,96.58000183105467,97.30999755859376,95.05999755859376,95.95999908447266,1401700,106.85633341471355,1795966.6666666667,31.618641648948206,26.866991299389724,True,True
2017-11-30 20:00:00,96.43000030517578,100.3000030517578,96.1999969482422,98.98999786376952,1775800,106.31800003051758,1798900.0,31.427895661812897,36.97105517440892,True,True
2017-12-01 20:00:00,98.01000213623048,99.63999938964844,96.08000183105467,97.94000244140624,1350300,105.77366689046224,1782636.6666666667,31.280558047622915,35.15829606253422,True,True
2017-12-04 20:00:00,98.69000244140624,99.70999908447266,93.6500015258789,93.68000030517578,1722600,105.09000015258789,1787670.0,31.71620574893414,28.955159912856864,True,True
2017-12-05 20:00:00,94.11000061035156,97.1999969482422,93.48999786376952,93.70999908447266,1430700,104.43100001017253,1776360.0,32.15643597498636,29.05009216399188,True,True
2017-12-06 20:00:00,94.06999969482422,94.5999984741211,92.91000366210938,93.79000091552734,1273100,103.75600001017253,1759873.3333333333,32.699295035390094,29.321330226286136,True,True
2017-12-07 20:00:00,93.93000030517578,96.5,93.25,94.83000183105467,1199100,103.09866663614909,1735516.6666666667,32.241754230361764,32.91189526977775,True,True
2017-12-08 20:00:00,95.26000213623048,97.91000366210938,95.26000213623048,96.58000183105467,1339600,102.46600011189778,1722463.3333333333,31.172048742882982,38.56729229900126,True,True
2017-12-11 20:00:00,96.25,97.58000183105467,96.11000061035156,97.25,1363800,101.83200022379557,1707453.3333333333,30.17875079022411,40.63076753470719,True,True
2017-12-12 20:00:00,96.9499969482422,96.9800033569336,94.8499984741211,95.4000015258789,1548600,101.20400034586588,1686353.3333333333,29.6640093716156,36.94106423868001,True,True
2017-12-13 20:00:00,95.5999984741211,99.5199966430664,95.16000366210938,98.0999984741211,1323300,100.69900029500326,1658100.0,28.042073612526593,44.81725624023903,True,True
2017-12-14 20:00:00,98.81999969482422,99.5,95.86000061035156,95.97000122070312,1304000,100.29933369954428,1605843.3333333333,26.53599040765823,40.51777821092495,True,True
2017-12-15 20:00:00,97.41000366210938,97.41000366210938,94.4499969482422,96.41000366210938,3296300,99.96266708374023,1636076.6666666667,25.65161934127496,41.760709919663505,True,False
2017-12-18 20:00:00,96.91999816894533,96.93000030517578,93.31999969482422,93.55999755859376,1557700,99.57866694132487,1626343.3333333333,25.21419653045965,36.44807397170749,True,True
2017-12-19 20:00:00,93.80999755859376,95.25,93.25,95.0199966430664,1524700,99.23166681925456,1624376.6666666667,24.83191861507038,40.61584849827799,True,True
2017-12-20 20:00:00,95.38999938964844,95.9499969482422,93.5199966430664,94.02999877929688,1414700,98.76133346557617,1608503.3333333333,24.110000472858875,38.759661069321005,True,True
2017-12-21 20:00:00,94.48999786376952,97.19000244140624,93.80999755859376,96.36000061035156,1028800,98.4740000406901,1597286.6666666667,22.820267569604766,45.11694046478254,True,True
2017-12-22 20:00:00,96.05999755859376,96.22000122070312,94.72000122070312,95.80999755859376,941300,98.23466669718424,1577876.6666666667,21.62265844515452,43.95694905067918,True,True
2017-12-26 20:00:00,95.55999755859376,96.12000274658205,95.16000366210938,95.4000015258789,502600,97.9226666768392,1495543.3333333333,20.51059282959358,43.06801563037756,True,True
2017-12-27 20:00:00,95.62000274658205,96.9499969482422,95.3499984741211,96.51000213623048,832500,97.5660001118978,1455893.3333333333,19.063356206627383,46.23791890875894,True,True
2017-12-28 20:00:00,96.44000244140624,96.9499969482422,94.4000015258789,95.37999725341795,1139900,97.24133326212565,1428270.0,18.172651188209073,43.57782466956782,True,True
2017-12-29 20:00:00,95.54000091552734,96.1500015258789,94.6999969482422,94.70999908447266,1236900,96.89033330281576,1436870.0,17.34556795682064,42.03372749898019,True,True
2018-01-02 20:00:00,97.36000061035156,101.6500015258789,95.27999877929688,100.88999938964844,1830100,96.70399983723958,1458513.3333333333,18.028470550810585,57.12466371302991,False,False
2018-01-03 20:00:00,101.75,102.62999725341795,100.70999908447266,100.9800033569336,1458500,96.5543332417806,1472636.6666666667,18.959540608999806,57.299019552080985,False,True
2018-01-04 20:00:00,101.86000061035156,101.97000122070312,97.5999984741211,98.44000244140624,1445300,96.53733342488607,1436590.0,18.300550442190872,50.99634463256385,False,False
2018-01-05 20:00:00,99.0199966430664,100.6500015258789,98.5,99.8499984741211,1422600,96.5673334757487,1387543.3333333333,17.688631001582575,54.01988956991204,False,False
2018-01-08 20:00:00,99.4000015258789,101.0199966430664,98.29000091552734,100.80999755859376,1531400,96.62766672770182,1398443.3333333333,17.26202004408699,56.01001029587421,False,False
2018-01-09 20:00:00,101.38999938964844,101.9000015258789,96.16000366210938,96.29000091552734,2639900,96.5446667989095,1470346.6666666667,16.148431900150666,45.93005977935837,True,False
2018-01-10 20:00:00,96.12000274658205,97.23999786376952,94.37000274658205,96.62000274658205,1347900,96.50333353678386,1468930.0,15.801590371767334,46.68447314416127,False,True
2018-01-11 20:00:00,96.4499969482422,96.61000061035156,92.5199966430664,93.05999755859376,3251200,96.41100006103515,1514496.6666666667,16.101792686067984,40.1726457058495,True,False
2018-01-12 20:00:00,93.68000030517578,94.48999786376952,92.91000366210938,94.06999969482422,1572400,96.3480000813802,1520186.6666666667,16.380551977918586,42.618111559202426,True,False
2018-01-16 20:00:00,94.06999969482422,95.22000122070312,91.2300033569336,91.6500015258789,2323800,96.10333353678385,1538453.3333333333,17.175005446937266,38.55194192502094,True,False
2018-01-17 20:00:00,92.0,92.0,88.80999755859375,90.30999755859376,2660700,95.8490000406901,1582133.3333333333,18.570112548833652,36.476637472055884,True,False
2018-01-18 20:00:00,90.0999984741211,93.51000213623048,89.9800033569336,91.91999816894533,2105000,95.79033330281575,1594880.0,19.098045421963054,40.61311567163458,True,False
2018-01-19 20:00:00,92.2300033569336,93.58000183105467,91.5500030517578,93.16000366210938,1927500,95.77200012207031,1611440.0,19.55310128483098,43.65627750936584,True,False
2018-01-22 20:00:00,93.37999725341795,95.33000183105467,92.6500015258789,94.08000183105467,2645200,95.78166681925455,1657176.6666666667,19.122331267388724,45.87243703615502,True,False
2018-01-23 20:00:00,94.0999984741211,95.16000366210938,93.87999725341795,94.62999725341795,1414500,95.775,1664356.6666666667,18.722330536906632,47.20924838382703,True,True
2018-01-24 20:00:00,94.75,96.44000244140624,94.33000183105467,95.33999633789062,1524100,95.7336664835612,1670506.6666666667,17.744910237279377,48.96164230527885,True,True
2018-01-25 20:00:00,95.41000366210938,95.77999877929688,93.66000366210938,94.26000213623048,1228500,95.63399988810221,1665996.6666666667,17.111501478816944,46.43652298435846,True,True
2018-01-26 20:00:00,94.7300033569336,95.69000244140624,94.05999755859376,95.51000213623048,1302800,95.63766657511393,1657803.3333333333,16.523336203101827,49.67179388454386,True,True
2018-01-29 20:00:00,95.9000015258789,95.94000244140624,93.2699966430664,93.54000091552734,1350100,95.48566665649415,1658696.6666666667,16.318136850973232,45.05321038837386,True,True
2018-01-30 20:00:00,92.93000030517578,93.37000274658205,91.66000366210938,92.5,1373400,95.36999994913737,1661010.0,16.763579773570903,42.79114689436944,True,True
2018-01-31 20:00:00,92.61000061035156,92.76000213623048,89.7699966430664,90.29000091552734,1404600,95.16599985758464,1597953.3333333333,17.81516377902722,38.381133579775685,True,True
2018-02-01 20:00:00,90.5199966430664,91.2699966430664,89.2699966430664,89.66999816894531,1349000,95.03633321126303,1590996.6666666667,18.94731278831617,37.22215944917255,True,True
2018-02-02 20:00:00,89.11000061035156,89.44999694824219,85.75,85.91999816894531,2394500,94.73299992879232,1619990.0,20.919280763625675,31.104309191417574,True,False
2018-02-05 20:00:00,86.08999633789062,87.9000015258789,85.30999755859375,85.33999633789062,2369500,94.44333318074544,1651816.6666666667,22.84770500408062,30.275468748932177,True,False
2018-02-06 20:00:00,85.05999755859375,88.33000183105469,84.20999908447266,88.11000061035156,2288900,94.16833318074545,1693820.0,24.877299649859427,38.67957079591413,True,False
2018-02-07 20:00:00,87.25,88.05000305175781,86.08999633789062,86.33999633789062,1254600,93.85266647338867,1704263.3333333333,26.761923249511177,35.7170597811266,True,True
2018-02-08 20:00:00,86.4000015258789,87.2300033569336,83.87999725341797,83.91999816894531,1930400,93.46999969482422,1751856.6666666667,28.965062459952055,32.097356290682704,True,False
2018-02-09 20:00:00,84.44999694824219,85.38999938964844,80.8499984741211,84.5,2399200,93.06966629028321,1804080.0,31.498985279723993,33.82824427994781,True,False
2018-02-12 20:00:00,84.98999786376953,88.36000061035156,84.98999786376953,87.5199966430664,1745100,92.80766626993815,1824253.3333333333,32.14383964101679,42.10374919442176,True,True
2018-02-13 20:00:00,87.25,88.83999633789062,85.88999938964844,88.02999877929688,1661900,92.58499959309896,1838420.0,32.49485135913803,43.39127352912136,True,True
2018-02-14 20:00:00,87.30999755859375,89.12000274658203,86.20999908447266,88.16999816894531,2243800,92.16099955240885,1852210.0,32.67128920637584,43.76100074428416,True,False
2018-02-15 20:00:00,87.9000015258789,88.58999633789062,83.75,85.58999633789062,2489000,91.64799931844075,1886560.0,33.421573661260794,38.73952999106534,True,False
2018-02-16 20:00:00,85.55000305175781,88.2300033569336,84.51000213623047,86.02999877929688,2473900,91.23433252970378,1920846.6666666667,34.11826636936825,40.003935020670625,True,False
2018-02-20 20:00:00,85.5999984741211,87.55999755859375,84.58000183105469,85.51000213623047,1357400,90.75633265177409,1918673.3333333333,34.765195312610885,38.97998744468998,True,True
2018-02-21 20:00:00,85.36000061035156,86.98999786376953,84.66000366210938,84.70999908447266,1366600,90.21966603597005,1913180.0,35.36591504562191,37.394164734246345,True,True
2018-02-22 20:00:00,85.13999938964844,87.54000091552734,85.0199966430664,85.19000244140625,1315700,89.84966608683268,1869040.0,35.549669452793815,38.99776456799257,True,True
2018-02-23 20:00:00,85.43000030517578,88.0199966430664,84.87999725341797,87.80000305175781,1460400,89.55566609700521,1872790.0,35.39285722536256,46.95411503816492,True,True
2018-02-26 20:00:00,88.5,91.27999877929688,87.12000274658203,87.52999877929688,1004400,89.37133280436198,1797896.6666666667,33.38463237939953,46.281616437965354,True,True
2018-02-27 20:00:00,87.68000030517578,88.73999786376953,86.38999938964844,86.56999969482422,1012600,89.12133280436198,1779236.6666666667,31.81810200425673,43.87545782667052,True,True
2018-02-28 20:00:00,86.55000305175781,87.11000061035156,85.13999938964844,85.16000366210938,1345000,88.90499954223633,1746610.0,30.848413054127743,40.541590795077724,True,True
2018-03-01 20:00:00,84.87999725341797,85.0,81.25,83.08999633789062,2434200,88.66433283487956,1739060.0,31.141838041102,36.193524435328364,True,False
2018-03-02 20:00:00,82.30000305175781,86.88999938964844,82.05000305175781,86.61000061035156,1273500,88.48733291625976,1711343.3333333333,30.482814792912023,46.6681401505352,True,True
2018-03-05 20:00:00,86.16000366210938,91.2300033569336,85.3499984741211,90.97000122070312,1883200,88.41433283487956,1709866.6666666667,28.419651520427472,56.248726402108176,False,False
2018-03-06 20:00:00,91.20999908447266,92.6999969482422,89.86000061035156,91.08999633789062,1657300,88.31466598510742,1676936.6666666667,26.96583912088073,56.48044002045792,False,True
2018-03-07 20:00:00,90.52999877929688,92.19000244140624,90.52999877929688,91.6999969482422,1409900,88.21699930826823,1676783.3333333333,25.615870464158753,57.70670344680443,False,True
2018-03-08 20:00:00,91.80999755859376,92.73999786376952,90.8499984741211,92.41999816894533,1253400,88.11966603597006,1667760.0,24.544423220567108,59.169134864137405,False,True
2018-03-09 20:00:00,93.0199966430664,94.79000091552734,92.86000061035156,94.2300033569336,1577900,88.11866607666016,1679406.6666666667,24.18899270671051,62.66423994912048,False,True
2018-03-11 20:00:00,94.5500030517578,95.16000366210938,93.6999969482422,94.4499969482422,1428000,88.08333257039388,1683580.0,23.96866270688246,63.077927658244384,False,True
2018-03-12 20:00:00,94.56999969482422,95.63999938964844,93.47000122070312,94.62999725341795,1759800,88.1196657816569,1697236.6666666667,23.910512370683595,63.43492256006223,False,False
2018-03-13 20:00:00,95.4000015258789,96.33000183105467,92.0,92.26000213623048,2648700,88.11166585286459,1739746.6666666667,23.16210576813632,55.78662266913648,False,False
2018-03-14 20:00:00,92.29000091552734,93.25,87.94999694824219,88.69000244140625,1734500,88.05833257039389,1750743.3333333333,22.085754412896154,46.66041226663482,False,True
2018-03-15 20:00:00,89.19999694824219,90.55999755859376,87.36000061035156,90.02999877929688,1977800,88.07033259073893,1771703.3333333333,21.276079139733472,49.96883601758389,False,False
2018-03-18 20:00:00,89.5,89.70999908447266,85.12999725341797,86.2699966430664,1686600,88.08199920654297,1748106.6666666667,21.195457224690273,42.081476941308765,True,True
2018-03-19 20:00:00,86.5,87.33999633789062,85.87000274658203,87.01000213623047,1487600,88.13766606648763,1718710.0,21.120594017864445,43.95642710936927,True,True
2018-03-20 20:00:00,87.44999694824219,89.75,87.05999755859375,88.79000091552734,1232500,88.16033274332682,1683496.6666666667,20.05057246238755,48.2924876716756,False,True
2018-03-21 20:00:00,87.63999938964844,88.5,85.18000030517578,85.25,2011000,88.1239995320638,1708710.0,19.655021129883973,41.42767841788041,True,False
2018-03-22 20:00:00,85.0,85.3499984741211,82.7699966430664,83.05999755859375,1246400,88.09533284505208,1685910.0,19.95723868059763,37.843677308559506,True,True
2018-03-25 20:00:00,84.5,86.47000122070312,82.77999877929688,86.37000274658203,1137700,88.15766626993815,1643860.0,19.777541458746896,45.51582070318131,True,True
2018-03-26 20:00:00,86.93000030517578,88.66000366210938,84.56999969482422,85.02999877929688,1646800,88.07466634114583,1640583.3333333333,18.782485008979393,43.19152169560294,True,False
2018-03-27 20:00:00,86.05000305175781,87.88999938964844,84.33000183105469,84.95999908447266,1685400,87.97233301798502,1641366.6666666667,17.93596139065684,43.067796821606244,True,False
2018-03-28 20:00:00,85.05999755859375,85.68000030517578,83.30999755859375,83.33000183105469,1592500,87.81099980672201,1619656.6666666667,17.482793344641998,40.181381700516276,True,True
2018-04-01 20:00:00,82.80999755859375,83.37999725341797,79.38999938964844,80.55999755859375,1736700,87.64333318074544,1594580.0,18.146073818564474,35.79139674385199,True,False
2018-04-02 20:00:00,81.0,82.45999908447266,79.2699966430664,81.88999938964844,1073300,87.5053332010905,1547893.3333333333,18.791414771445115,39.22477179533687,True,True
2018-04-03 20:00:00,80.83999633789062,84.4000015258789,80.30999755859375,83.9800033569336,1184200,87.4543332417806,1542120.0,18.580015739873943,44.26803820221708,True,True
2018-04-04 20:00:00,84.80000305175781,84.80000305175781,82.54000091552734,83.06999969482422,1216500,87.39966659545898,1537116.6666666667,18.22296352349671,42.61006237392201,True,True
2018-04-05 20:00:00,65.98999786376953,69.48999786376953,63.43000030517578,64.0199966430664,26083800,86.69399973551432,2362720.0,20.97724077494726,23.102975232600315,True,False
2018-04-08 20:00:00,64.56999969482422,67.2300033569336,61.29999923706055,65.36000061035156,7900000,85.94599965413411,2577373.3333333335,23.70953313937769,25.680361788859518,True,False
2018-04-09 20:00:00,66.20999908447266,68.66000366210938,65.4000015258789,68.12000274658203,2882700,85.29899978637695,2639983.3333333335,25.799461436588874,30.823372457897484,True,False
2018-04-10 20:00:00,67.51000213623047,69.11000061035156,65.75,66.29000091552734,2204500,84.62299982706706,2679713.3333333335,27.596431060969785,29.372015062861028,True,True
2018-04-11 20:00:00,67.41000366210938,70.58000183105469,67.05000305175781,69.83000183105469,4386100,84.1119997660319,2781083.3333333335,28.78829119915488,35.681139471036914,True,False
2018-04-12 20:00:00,70.31999969482422,70.62000274658203,68.88999938964844,70.12000274658203,2260200,83.67966664632162,2775283.3333333335,29.8816823472276,36.18406317179359,True,True
2018-04-15 20:00:00,70.48999786376953,71.25,68.76000213623047,70.37000274658203,2217000,83.13833338419596,2806733.3333333335,30.675923476708157,36.64397755089161,True,True
2018-04-16 20:00:00,70.68000030517578,71.08000183105469,70.05999755859375,70.5199966430664,1718200,82.4566665649414,2801233.3333333335,31.413433096940103,36.93763185869169,True,True
2018-04-17 20:00:00,70.47000122070312,71.18000030517578,69.93000030517578,70.06999969482422,1714300,81.75600001017253,2803133.3333333335,32.119812267952064,36.39264904580551,True,True
2018-04-18 20:00:00,67.72000122070312,70.37999725341797,67.01000213623047,69.05000305175781,3672500,81.00100021362304,2878553.3333333335,33.23724760457121,35.127519218591026,True,False
2018-04-19 20:00:00,69.29000091552734,69.41000366210938,67.75,68.43000030517578,3355100,80.20133361816406,2948610.0,34.27486613143184,34.34593404641724,True,False
2018-04-22 20:00:00,68.83000183105469,69.91000366210938,67.69999694824219,68.13999938964844,2620400,79.33166681925455,2983360.0,35.012582130740945,33.96525918055106,True,True
2018-04-23 20:00:00,65.66000366210938,66.26000213623047,62.06999969482422,62.34999847412109,7408500,78.26166687011718,3182710.0,36.51263555970912,27.428714032660555,True,False
2018-04-24 20:00:00,62.61000061035156,63.93000030517578,62.34999847412109,62.9900016784668,3689800,77.20700035095214,3247043.3333333335,37.90554231517957,29.053998757958883,True,False
2018-04-25 20:00:00,63.470001220703125,63.470001220703125,61.61000061035156,62.61000061035156,3066200,76.21866696675619,3260960.0,39.294603214146996,28.643810914342293,True,True
2018-04-26 20:00:00,62.83000183105469,63.619998931884766,62.45000076293945,62.959999084472656,2889900,75.36100018819174,3299473.3333333335,40.51024816613288,29.629261825737135,True,True
2018-04-29 20:00:00,62.9900016784668,63.13999938964844,61.5,61.93999862670898,2863900,74.42466684977214,3329010.0,41.77351031365195,28.398381483635966,True,True
2018-04-30 20:00:00,62.0,62.93000030517578,60.630001068115234,60.84999847412109,2842100,73.57733357747396,3367526.6666666665,43.06825231758393,27.102642525991826,True,True
2018-05-01 20:00:00,60.93999862670898,62.209999084472656,60.900001525878906,61.04999923706055,3522900,72.71200014750163,3435370.0,44.27051274980648,27.754012055599915,True,False
2018-05-02 20:00:00,60.88999938964844,62.43000030517578,60.22999954223633,62.38999938964844,2674900,71.83200009663899,3483450.0,45.487511829082926,32.12976586587849,True,True
2018-05-03 20:00:00,62.29999923706055,63.869998931884766,61.75,62.130001068115234,2721100,71.06133346557617,3507120.0,45.75122988310848,31.728219932042094,True,True
2018-05-06 20:00:00,62.380001068115234,63.84999847412109,61.93999862670898,62.869998931884766,2739800,70.38833351135254,3556900.0,45.99611093327507,34.24698660135317,True,True
2018-05-07 20:00:00,62.540000915527344,63.5,62.27000045776367,62.869998931884766,1698900,69.60500005086263,3575606.6666666665,46.22350047985833,34.24698660135318,True,True
2018-05-08 20:00:00,62.77999877929688,64.4800033569336,62.65999984741211,64.3499984741211,2320900,68.91566670735678,3598076.6666666665,45.79452938422794,39.430246648196196,True,True
2018-05-09 20:00:00,64.55000305175781,65.76000213623047,64.52999877929688,65.2699966430664,3171800,68.25933329264323,3647623.3333333335,44.61584355428656,42.46636844918737,True,True
2018-05-10 20:00:00,65.38999938964844,66.91000366210938,64.61000061035156,66.44999694824219,2474200,67.69666646321615,3677013.3333333335,42.87394914733175,46.19192115260904,True,True
2018-05-13 20:00:00,66.43000030517578,67.8499984741211,65.80999755859375,67.22000122070312,2314800,67.25199991861979,3696283.3333333335,40.757343736011826,48.53391502851529,True,True
2018-05-14 20:00:00,66.72000122070312,67.83999633789062,66.25,67.2300033569336,1883900,66.76333338419596,3723303.3333333335,38.79192442550046,48.565231971965765,False,True
2018-05-15 20:00:00,67.12000274658203,67.5999984741211,65.7300033569336,67.0199966430664,2118200,66.19799982706705,3754436.6666666665,37.18966492799081,47.906097348296925,False,True
2018-05-16 20:00:00,65.26000213623047,67.5199966430664,65.0999984741211,66.63999938964844,1747700,65.65033315022787,3772143.3333333335,35.96951269281407,46.671757430290036,False,True
2018-05-17 20:00:00,66.7699966430664,68.12999725341797,66.5,67.83000183105469,1768600,65.7773333231608,2961636.6666666665,34.45361589449336,50.93525125992616,False,True
2018-05-20 20:00:00,68.19999694824219,68.23999786376953,66.55999755859375,66.79000091552734,1247900,65.825,2739900.0,32.97556773386766,47.37082321814428,False,True
2018-05-21 20:00:00,67.13999938964844,67.5199966430664,66.37999725341797,66.55999755859375,1068600,65.77299982706705,2679430.0,31.694981510462046,46.59423865220996,False,True
2018-05-22 20:00:00,66.05999755859375,66.9800033569336,66.0,66.56999969482422,848600,65.78233311971029,2634233.3333333335,30.704903290220592,46.63520959004325,False,True
2018-05-23 20:00:00,66.70999908447266,66.86000061035156,65.55000305175781,66.66999816894531,1202100,65.67699966430663,2528100.0,30.021194893697338,47.07238468455444,False,True
2018-05-24 20:00:00,66.94999694824219,69.18000030517578,66.83000183105469,68.43000030517578,1373000,65.6206662495931,2498526.6666666665,27.944569232035864,54.18618354120748,False,True
2018-05-28 20:00:00,67.8499984741211,68.12000274658203,66.3499984741211,67.05999755859375,1310500,65.51033274332683,2468310.0,26.16222351951279,48.699196025904996,False,True
2018-05-29 20:00:00,67.37999725341797,68.18000030517578,66.7699966430664,67.87000274658203,1586700,65.42199961344402,2463926.6666666665,24.46873901557912,51.806507941227,False,True
2018-05-30 20:00:00,68.20999908447266,68.83000183105469,67.36000061035156,68.2699966430664,1407900,65.36199951171875,2453713.3333333335,22.96632719154453,53.31044835520574,False,True
2018-05-31 20:00:00,68.52999877929688,69.61000061035156,66.5,67.91000366210938,2121000,65.32399953206381,2401996.6666666665,21.639757599000518,51.74535951581159,False,True
2018-06-03 20:00:00,67.88999938964844,68.44999694824219,66.94999694824219,68.04000091552734,1278600,65.31099955240886,2332780.0,20.40794297735251,52.2900632184791,False,True
2018-06-04 20:00:00,68.06999969482422,68.5999984741211,67.25,68.41000366210938,1297200,65.31999969482422,2288673.3333333335,19.151661645598406,53.88562286786497,False,True
2018-06-05 20:00:00,68.5999984741211,69.05000305175781,67.91000366210938,68.55000305175781,1209500,65.52666651407877,2082040.0,17.923464620823502,54.5055892294515,False,True
2018-06-06 20:00:00,69.04000091552734,70.19999694824219,68.2699966430664,69.0199966430664,1918600,65.7276663462321,2023000.0,17.576897323761987,56.61435486561853,False,True
2018-06-07 20:00:00,69.0999984741211,71.41000366210938,68.83000183105469,70.01000213623047,1592900,65.97433306376139,1973890.0,17.961896795589176,60.74222739854617,False,True
2018-06-10 20:00:00,71.2699966430664,71.8499984741211,69.33999633789062,69.36000061035156,1488500,66.18766644795735,1927176.6666666667,18.554209826301243,56.913479171563985,False,True
2018-06-11 20:00:00,69.23999786376953,71.41000366210938,69.23999786376953,70.58000183105469,1104200,66.47566655476888,1868520.0,19.01099466690487,61.782672137287264,False,True
2018-06-12 20:00:00,70.91000366210938,71.94999694824219,70.12999725341797,70.54000091552734,1244900,66.7986666361491,1815280.0,19.739132867803587,61.537118109463506,False,True
2018-06-13 20:00:00,70.87000274658203,74.33000183105469,70.7699966430664,73.63999938964844,2876900,67.21833330790201,1793746.6666666667,21.487657711829197,71.11764191753872,False,False
2018-06-14 20:00:00,74.04000091552734,74.63999938964844,71.8499984741211,73.95999908447266,3454500,67.60399996439615,1819733.3333333333,23.22638842665935,71.89584113951557,False,False
2018-06-17 20:00:00,73.02999877929688,73.54000091552734,71.12999725341797,72.0199966430664,3055500,67.9336664835612,1830880.0,24.13899290714489,61.14049292429539,False,False
2018-06-18 20:00:00,71.61000061035156,73.3499984741211,71.27999877929688,72.9800033569336,2923600,68.27066663106282,1837006.6666666667,24.986411353310036,64.00970585820751,False,False
2018-06-19 20:00:00,73.37999725341797,74.30000305175781,72.77999877929688,73.43000030517578,1914700,68.62266667683919,1844200.0,26.200614937612603,65.30294284090724,False,False
2018-06-20 20:00:00,74.18000030517578,75.1500015258789,72.31999969482422,72.48999786376953,2367500,68.89399998982748,1845753.3333333333,27.670500598177252,60.41900232661895,False,False
2018-06-21 20:00:00,73.0,74.4000015258789,72.33000183105469,74.02999877929688,1980200,69.18600006103516,1806033.3333333333,29.035394425844427,65.03295584889145,False,False
2018-06-24 20:00:00,73.1500015258789,73.55999755859375,71.16000366210938,71.7300033569336,1821400,69.3620002746582,1784273.3333333333,29.081001269729438,54.76507458086921,False,False
2018-06-25 20:00:00,71.12000274658203,71.47000122070312,66.0999984741211,66.7300033569336,4109500,69.34566701253256,1844096.6666666667,28.14286895053495,39.98511094075251,True,False
2018-06-26 20:00:00,66.52999877929688,67.05999755859375,65.41999816894531,65.45999908447266,1663900,69.28666687011719,1836763.3333333333,27.562624711336287,37.236234024187844,True,True
2018-06-27 20:00:00,65.19000244140625,66.2699966430664,63.5099983215332,65.76000213623047,2389700,69.24466705322266,1845813.3333333333,27.75405422081281,38.315035378457665,True,False
2018-06-28 20:00:00,65.68000030517578,68.27999877929688,65.54000091552734,67.0,1623800,69.25666707356771,1841683.3333333333,26.7546856014211,42.699071236088194,True,True
2018-07-01 20:00:00,66.81999969482422,69.05000305175781,66.27999877929688,68.62000274658203,1554500,69.28300043741862,1834546.6666666667,25.42356362137972,47.9079660747079,True,True
2018-07-02 20:00:00,68.61000061035156,69.0999984741211,67.81999969482422,68.27999877929688,858500,69.33266703287761,1821566.6666666667,24.16082421973562,46.94344482224322,True,True
2018-07-04 20:00:00,68.80000305175781,69.63999938964844,68.0199966430664,69.29000091552734,720700,69.4236671447754,1809970.0,22.690774923269323,50.15384188916555,True,True
2018-07-05 20:00:00,69.80000305175781,71.37999725341797,69.76000213623047,70.83000183105469,1501500,69.56566721598307,1831733.3333333333,21.68935614607725,54.658850234620594,False,True
2018-07-08 20:00:00,71.33999633789062,72.37000274658203,70.19000244140625,71.62000274658203,2813100,69.73066736857096,1885433.3333333333,21.200291451741652,56.815043543940455,False,False
2018-07-09 20:00:00,71.94000244140625,71.94000244140625,70.08999633789062,70.18000030517578,1378100,69.7890007019043,1885603.3333333333,20.68629792424715,51.96417486196464,False,True
2018-07-10 20:00:00,69.8499984741211,70.54000091552734,69.1500015258789,70.27999877929688,1418700,69.89633407592774,1889210.0,19.648870025725753,52.268944737932756,False,True
2018-07-11 20:00:00,70.52999877929688,71.55999755859375,70.0999984741211,71.13999938964844,1503900,70.00533396402994,1886450.0,19.184243359458605,54.918051903893364,False,True
2018-07-12 20:00:00,69.37999725341797,70.98999786376953,68.54000091552734,70.19000244140625,1176300,70.06933415730795,1878730.0,17.87053945096641,51.51667726329331,False,True
2018-07-15 20:00:00,69.93000030517578,70.94999694824219,69.7300033569336,70.11000061035156,1139400,70.14266738891601,1846010.0,16.65067153593795,51.228926158993694,True,True
2018-07-16 20:00:00,70.02999877929688,71.16999816894531,69.69999694824219,70.2300033569336,2257600,70.21566747029622,1878643.3333333333,15.64224433342772,51.665046559253724,False,False
2018-07-17 20:00:00,70.33000183105469,70.66999816894531,69.55999755859375,70.37000274658203,1316900,70.28100077311198,1879300.0,14.6188495236861,52.202045018237456,False,True
2018-07-18 20:00:00,70.37999725341797,70.66999816894531,69.18000030517578,70.11000061035156,1321200,70.33300069173177,1883023.3333333333,13.723585915796546,51.067320949052316,True,True
2018-07-19 20:00:00,70.11000061035156,70.11000061035156,69.0199966430664,69.19999694824219,1040400,70.3390007019043,1853750.0,12.997099896059158,47.20011983166838,True,True
2018-07-22 20:00:00,69.2699966430664,69.2699966430664,68.2300033569336,68.95999908447266,1090500,70.30400060017904,1837003.3333333333,12.831020609115289,46.20630865213113,True,True
2018-07-23 20:00:00,69.20999908447266,71.11000061035156,68.58000183105469,68.98999786376953,1359600,70.29166717529297,1832706.6666666667,12.387210542522201,46.358343745662864,True,True
2018-07-24 20:00:00,69.01000213623047,70.43000030517578,69.01000213623047,70.0999984741211,1148400,70.27566706339518,1834180.0,11.975101194971476,51.78799583196289,True,True
2018-07-25 20:00:00,70.2699966430664,70.5,69.1500015258789,69.91000366210938,1109100,70.25466715494791,1829653.3333333333,11.638089618332705,50.83941664752184,True,True
2018-07-26 20:00:00,69.83999633789062,69.83999633789062,68.22000122070312,68.63999938964844,1268400,70.08800048828125,1776036.6666666667,10.971885243527323,44.91694706066505,True,True
2018-07-29 20:00:00,68.5199966430664,69.75,67.61000061035156,68.58000183105469,1640600,69.90866724650066,1715573.3333333333,10.766897789278309,44.65230477375755,True,True
2018-07-30 20:00:00,69.33999633789062,70.44000244140625,65.25,66.54000091552734,2572100,69.72600072224935,1699460.0,11.876664740920068,36.7285014567443,True,False
2018-07-31 20:00:00,65.37999725341797,66.54000091552734,64.93000030517578,65.58999633789062,2055300,69.47966715494792,1670516.6666666667,13.05512829749921,33.72694300969326,True,False
2018-08-01 20:00:00,65.30999755859375,65.30999755859375,64.16000366210938,64.44999694824219,2430300,69.18033370971679,1687703.3333333333,14.496766287174353,30.50526588045253,True,False
2018-08-02 20:00:00,64.58999633789062,64.5999984741211,62.5,63.040000915527344,2115300,68.86533381144206,1679296.6666666667,16.484764561044333,27.062054009333764,True,False
2018-08-05 20:00:00,63.040000915527344,63.27999877929688,61.45000076293945,61.75,2208800,68.45600051879883,1686916.6666666667,18.680419102961196,24.35367045191552,True,False
2018-08-06 20:00:00,61.93999862670898,63.11000061035156,61.93999862670898,63.0099983215332,2091500,68.16533368428549,1695920.0,20.71924117759828,31.55864787637602,True,False
2018-08-07 20:00:00,63.16999816894531,64.80000305175781,62.650001525878906,63.61000061035156,2667000,68.06133359273275,1647836.6666666667,21.174122835599185,34.74592639935262,True,False
2018-08-08 20:00:00,63.470001220703125,64.69999694824219,62.619998931884766,64.37999725341797,1608300,68.0253335316976,1645983.3333333333,21.61009600787919,38.691778145278086,True,True
2018-08-09 20:00:00,63.880001068115234,65.45999908447266,63.880001068115234,64.44000244140625,1022700,67.98133354187011,1600416.6666666667,21.41106343640823,39.00133336362683,True,True
2018-08-12 20:00:00,64.30000305175781,65.48999786376953,63.25,64.87000274658203,1336500,67.91033363342285,1590840.0,21.550819121988276,41.289054730904766,True,True
2018-08-13 20:00:00,65.01000213623047,66.58000183105469,65.0,66.44999694824219,1413300,67.83800010681152,1586133.3333333333,20.848316906964104,48.876183677659604,True,True
2018-08-14 20:00:00,67.5199966430664,68.33999633789062,66.44000244140625,66.87000274658203,1896300,67.79100023905436,1620726.6666666667,19.64797177690227,50.70003519126477,True,False
2018-08-15 20:00:00,67.0199966430664,68.20999908447266,66.44000244140625,67.8499984741211,1152800,67.74300015767416,1635130.0,18.533365584702,54.75588521398929,False,True
2018-08-16 20:00:00,67.55000305175781,69.4000015258789,67.0199966430664,68.80000305175781,1233800,67.67533353169759,1626206.6666666667,18.1810413998873,58.33437193333219,False,True
2018-08-19 20:00:00,69.27999877929688,69.33000183105469,68.30999755859375,69.05000305175781,1433300,67.58966687520345,1580213.3333333333,17.85388322827365,59.24782677486276,False,True
2018-08-20 20:00:00,68.95999908447266,70.43000030517578,68.80999755859375,69.62000274658203,1738600,67.571000289917,1592230.0,18.145478401869845,61.32948034313722,False,False
2018-08-21 20:00:00,69.33999633789062,70.01000213623047,68.93000030517578,69.4800033569336,810800,67.54433377583821,1571966.6666666667,18.416245348780595,60.511892138665125,False,True
2018-08-22 20:00:00,69.30000305175781,69.62000274658203,68.30000305175781,69.18000030517578,1871500,67.47900047302247,1584220.0,18.143151837372354,58.70583770511861,False,False
2018-08-23 20:00:00,69.4000015258789,70.80999755859375,69.27999877929688,70.08000183105469,1936200,67.47533378601074,1609550.0,18.555338495120843,62.33746984925783,False,False
2018-08-26 20:00:00,70.5,73.36000061035156,70.4000015258789,72.36000061035156,1831200,67.55033378601074,1632610.0,20.031452869764035,69.62534057441377,False,False
2018-08-27 20:00:00,72.26000213623047,74.44999694824219,72.25,73.8499984741211,1478400,67.67100028991699,1606636.6666666667,21.770105859119433,73.26607948334637,False,True
2018-08-28 20:00:00,73.87000274658203,74.37999725341797,73.3499984741211,74.08000183105469,1438100,67.79466692606609,1610676.6666666667,23.384569349235157,73.78836200426005,False,True
2018-08-29 20:00:00,73.95999908447266,74.6500015258789,71.77999877929688,73.6500015258789,671900,67.91266695658366,1589033.3333333333,23.604678084563044,70.99584983834505,False,True
2018-08-30 20:00:00,73.73999786376953,74.69000244140625,73.47000122070312,73.91000366210938,905100,68.06966718037923,1584523.3333333333,23.826878922108897,71.6934192875255,False,True
2018-09-03 20:00:00,73.44000244140625,73.9000015258789,72.36000061035156,73.83999633789062,1014900,68.23233375549316,1582003.3333333333,23.200259931694195,71.19689601081744,False,True
2018-09-04 20:00:00,73.55999755859375,74.80999755859375,73.55999755859375,74.2300033569336,887700,68.4070006052653,1566273.3333333333,23.074337136275037,72.34593032817087,False,True
2018-09-05 20:00:00,74.30000305175781,74.61000061035156,71.44000244140625,72.20999908447266,1233400,68.47733395894369,1569106.6666666667,21.581507826659298,59.177974728337155,False,True
2018-09-06 20:00:00,71.62999725341797,71.69999694824219,68.86000061035156,69.16999816894531,1708200,68.45266710917154,1589076.6666666667,21.140724652129816,45.69755722876992,False,False
2018-09-09 20:00:00,69.56999969482422,69.56999969482422,67.77999877929688,68.4000015258789,1294400,68.44466718037923,1589943.3333333333,21.166466963871603,43.02420664256953,True,True
2018-09-10 20:00:00,68.0999984741211,69.13999938964844,66.3499984741211,66.81999969482422,2375000,68.38600044250488,1614423.3333333333,21.712440443347557,38.09894483657097,True,False
2018-09-11 20:00:00,66.86000061035156,66.95999908447266,65.47000122070312,66.51000213623047,1363900,68.38500048319499,1574150.0,22.514951169431495,37.19916752585507,True,True
2018-09-12 20:00:00,67.02999877929688,67.66999816894531,66.08000183105469,67.4800033569336,1205000,68.44800071716308,1545806.6666666667,22.8036435330943,41.82862510469701,True,True
2018-09-13 20:00:00,67.6500015258789,68.52999877929688,67.19000244140625,68.08999633789062,957900,68.56933403015137,1496726.6666666667,22.538313722053715,44.594635238349426,True,True
2018-09-16 20:00:00,68.08999633789062,68.4000015258789,66.47000122070312,67.0199966430664,1141400,68.70200055440267,1464263.3333333333,22.58386999522087,40.91915109814681,True,True
2018-09-17 20:00:00,66.8499984741211,67.9800033569336,66.58999633789062,67.81999969482422,760100,68.90433387756347,1415973.3333333333,22.626172248876085,44.59592019302481,True,True
2018-09-18 20:00:00,67.79000091552734,68.95999908447266,67.19999694824219,67.25,918700,69.0456672668457,1376880.0,22.015704012825715,42.56345031269179,True,True
2018-09-19 20:00:00,67.36000061035156,68.61000061035156,67.26000213623047,68.27999877929688,1150400,69.2013338724772,1326326.6666666667,21.44884065077894,47.24252285636677,True,True
2018-09-20 20:00:00,68.37000274658203,68.86000061035156,66.41999816894531,66.58999633789062,1992800,69.2750005086263,1339143.3333333333,21.342202279732188,41.297775532342854,True,False
2018-09-23 20:00:00,66.5199966430664,66.87000274658203,65.63999938964844,66.4800033569336,1093700,69.34300053914389,1341510.0,21.609175598658023,40.936718615311904,True,True
2018-09-24 20:00:00,66.70999908447266,66.83000183105469,65.6500015258789,65.86000061035156,1067200,69.3760004679362,1332533.3333333333,21.857079394803442,38.873632034811536,True,True
2018-09-25 20:00:00,66.02999877929688,69.33999633789062,66.02999877929688,67.41999816894531,1841900,69.40833384195963,1346820.0,20.364441054303747,46.21802880308122,True,False
2018-09-26 20:00:00,67.55000305175781,69.43000030517578,67.0,69.04000091552734,971700,69.48066711425781,1316000.0,18.925115980661324,52.58870941083414,True,True
2018-09-27 20:00:00,68.80999755859375,69.93000030517578,68.55999755859375,69.08000183105469,1312900,69.5216672261556,1321336.6666666667,17.86117933399022,52.73757830125895,True,True
2018-09-30 20:00:00,69.47000122070312,69.9000015258789,68.30000305175781,68.81999969482422,900400,69.52233378092448,1310223.3333333333,16.701104011931616,51.60337233801029,True,True
2018-10-01 20:00:00,68.86000061035156,69.9000015258789,68.56999969482422,69.8499984741211,1065200,69.54900029500325,1297953.3333333333,15.623891212877199,55.670682271551264,False,True
2018-10-02 20:00:00,70.0,70.58000183105469,69.55000305175781,69.94000244140625,874000,69.55966695149739,1269133.3333333333,15.084978963564938,56.01851598440245,False,True
2018-10-03 20:00:00,69.76000213623047,69.76000213623047,65.70999908447266,66.19000244140625,1378000,69.45000025431315,1288040.0,15.633217281153302,41.431521824765674,True,False
2018-10-04 20:00:00,66.2699966430664,66.98999786376953,63.790000915527344,65.08000183105469,1302400,69.31333363850912,1269070.0,16.877078054900245,38.25603173422099,True,False
2018-10-07 20:00:00,64.61000061035156,65.01000213623047,62.83000183105469,64.16999816894531,1396600,69.1163335164388,1251083.3333333333,18.352100859194962,35.8313870626099,True,False
2018-10-08 20:00:00,64.18000030517578,65.97000122070312,63.720001220703125,65.5,887600,68.88766682942709,1219630.0,19.061454450187536,41.65199048845191,True,True
2018-10-09 20:00:00,65.5,66.2699966430664,63.77999877929688,63.84999847412109,1477800,68.55433349609375,1219610.0,19.517445445583228,37.14984842088207,True,False
2018-10-10 20:00:00,64.08000183105469,64.97000122070312,61.06999969482422,61.75,2194900,68.1433334350586,1244836.6666666667,20.88392575016571,32.35625687215093,True,False
2018-10-11 20:00:00,62.68999862670898,63.0,60.900001525878906,62.560001373291016,1689900,67.77366676330567,1278770.0,22.20460715053002,35.79743999857304,True,False
2018-10-14 20:00:00,62.16999816894531,63.0,61.5099983215332,62.02999877929688,1151800,67.37766660054525,1286993.3333333333,23.43095416515402,34.55860551349881,True,True
2018-10-15 20:00:00,62.470001220703125,65.12000274658203,62.27000045776367,64.91000366210938,1483200,67.0800001780192,1302603.3333333333,23.116084171669637,45.57964585920797,True,False
2018-10-16 20:00:00,64.91000366210938,65.5,64.0999984741211,65.04000091552734,2128300,66.77366676330567,1343956.6666666667,22.590649967775448,46.021537910814395,True,False
2018-10-17 20:00:00,65.3499984741211,65.48999786376953,63.4900016784668,64.44000244140625,1163200,66.51466687520345,1341616.6666666667,22.374998003112943,44.23614916542622,True,True
2018-10-18 20:00:00,64.48999786376953,67.0199966430664,63.75,66.05999755859375,1635800,66.41100018819174,1339203.3333333333,21.244603882267565,49.8888298405538,True,False
2018-10-21 20:00:00,67.06999969482422,67.55000305175781,64.75,65.18000030517578,1055800,66.3036668141683,1331250.0,19.89781718785179,47.09603923592005,True,True
2018-10-22 20:00:00,64.33999633789062,65.87000274658203,62.709999084472656,65.04000091552734,1176000,66.24433352152506,1291283.3333333333,19.618386020156795,46.648631515408695,True,True
2018-10-23 20:00:00,64.88999938964844,64.97000122070312,60.709999084472656,60.91999816894531,2541000,66.0580000559489,1330520.0,20.128297349674003,35.85390584948966,True,False
2018-10-24 20:00:00,61.470001220703125,64.55999755859375,60.68000030517578,64.29000091552734,1884100,65.95166664123535,1353156.6666666667,20.612598662388255,46.715447198472184,True,False
2018-10-25 20:00:00,62.13999938964844,65.55000305175781,61.45000076293945,63.95000076293945,1625500,65.81366678873698,1375410.0,20.442042441848805,45.87153348945976,True,False
2018-10-28 20:00:00,65.08000183105469,66.69999694824219,61.810001373291016,63.31999969482422,1609900,65.69033355712891,1391026.6666666667,19.617830219974884,44.27547920338121,True,False
2018-10-29 20:00:00,61.40999984741211,63.0,58.33000183105469,61.02999877929688,5709800,65.464000193278,1556016.6666666667,20.182677444484735,38.967964839499494,True,False
2018-10-30 20:00:00,61.65999984741211,65.7699966430664,61.2599983215332,64.81999969482422,2474400,65.38300018310547,1607873.3333333333,19.348969509121325,49.71226892617897,True,False
2018-10-31 20:00:00,65.05000305175781,69.2699966430664,62.33000183105469,68.43000030517578,1776700,65.3880002339681,1628750.0,18.666325661652788,57.40426718505106,False,False
2018-11-01 20:00:00,68.94999694824219,69.80999755859375,65.88999938964844,67.41000366210938,1577700,65.41533381144205,1614913.3333333333,18.208099838942562,54.85132820276358,False,True
2018-11-05 20:00:00,67.7300033569336,69.19000244140625,66.37999725341797,68.97000122070312,1184200,65.49833374023437,1617930.0,17.78260443214021,57.932743980180625,False,True
2018-11-06 20:00:00,69.0999984741211,69.8499984741211,68.05000305175781,68.52999877929688,1154400,65.58733367919922,1620836.6666666667,17.62069346340899,56.75613014653443,False,True
2018-11-07 20:00:00,69.2699966430664,70.0,68.05000305175781,69.02999877929688,1606400,65.64100036621093,1612986.6666666667,17.52480403457739,57.80487944743508,False,True
2018-11-08 20:00:00,68.98999786376953,69.72000122070312,67.95999908447266,68.66999816894531,1138400,65.62866694132487,1618543.3333333333,17.38761362823579,56.73794279686841,False,True
2018-11-09 20:00:00,68.38999938964844,68.5,64.93000030517578,66.02999877929688,1326000,65.52700017293294,1618980.0,16.465189494691018,49.51961404026906,False,True
2018-11-12 20:00:00,66.0999984741211,66.19000244140625,62.5099983215332,62.86000061035156,2228600,65.32833353678386,1663253.3333333333,16.49546423419036,42.52384493827696,True,False
2018-11-13 20:00:00,62.970001220703125,65.30000305175781,62.79999923706055,63.72999954223633,1524900,65.1243335723877,1678576.6666666667,16.523576492296897,44.827539819054394,True,True
2018-11-14 20:00:00,64.16999816894531,64.77999877929688,62.84999847412109,64.1500015258789,2388700,64.93133354187012,1729066.6666666667,16.549680731967253,45.95375170632149,True,False
2018-11-15 20:00:00,62.81999969482422,65.06999969482422,61.52000045776367,65.02999877929688,1305800,64.89266675313314,1726660.0,17.060152065680253,48.333449891125696,False,True
2018-11-16 20:00:00,64.86000061035156,66.91000366210938,64.33000183105469,66.51000213623047,1172300,64.94033342997233,1722323.3333333333,16.573235744898582,52.14945773046744,False,True
2018-11-19 20:00:00,66.31999969482422,66.8499984741211,63.52999877929688,64.25,1684600,64.94300015767415,1731923.3333333333,16.4317598145933,46.50142866450756,True,True
2018-11-20 20:00:00,63.5099983215332,64.77999877929688,62.63999938964844,63.59000015258789,1264600,64.87933349609375,1744490.0,16.635115846256404,44.969683131566086,True,True
2018-11-21 20:00:00,63.93999862670898,64.66000366210938,63.09999847412109,64.06999969482422,976500,64.88666687011718,1727780.0,16.82394644708643,46.35370120708244,True,True
2018-11-23 20:00:00,63.619998931884766,66.30000305175781,63.29999923706055,64.66999816894531,688300,64.98400014241537,1677560.0,16.10510476877092,48.11046563200744,True,True
2018-11-26 20:00:00,65.5,67.52999877929688,65.01000213623047,67.37999725341797,1170600,65.14466667175293,1660250.0,15.067781278956703,55.24009001612665,False,True
2018-11-27 20:00:00,66.80000305175781,68.13999938964844,65.73999786376953,67.19000244140625,1284400,65.31666679382325,1664670.0,14.386194090594552,54.67291591013881,False,True
2018-11-28 20:00:00,67.11000061035156,67.27999877929688,65.18000030517578,65.76000213623047,1906600,65.34500007629394,1678783.3333333333,13.466112317522484,50.47246776109511,False,False
2018-11-29 20:00:00,65.22000122070312,66.25,64.70999908447266,64.79000091552734,1469100,65.33666674296062,1656810.0,12.638110061921408,47.790311439685034,True,True
2018-11-30 20:00:00,64.83999633789062,65.5,63.54999923706055,64.25,2849200,65.33033332824706,1713010.0,12.439014622444072,46.31475503160304,True,False
2018-12-03 20:00:00,65.25,68.93000030517578,65.25,68.31999969482422,2691300,65.40566673278809,1748193.3333333333,12.460348771222206,57.07279457645218,False,False
2018-12-04 20:00:00,68.06999969482422,68.72000122070312,65.37999725341797,65.5199966430664,1963200,65.41699994405111,1778440.0,12.480159052230475,49.69480556135052,False,False
2018-12-06 20:00:00,64.72000122070312,65.45999908447266,63.220001220703125,65.0999984741211,1565500,65.4189998626709,1791423.3333333333,11.730330297845198,48.67828146210563,True,True
2018-12-07 20:00:00,64.69999694824219,66.87999725341797,63.93000030517578,64.51000213623047,1258200,65.53866666158041,1748663.3333333333,11.367242210593801,47.217137719303615,True,True
2018-12-10 20:00:00,64.7300033569336,65.80000305175781,63.540000915527344,65.41999816894531,1192600,65.57633323669434,1725613.3333333333,10.844088742357153,49.72379555038791,True,True
2018-12-11 20:00:00,66.30000305175781,66.4800033569336,64.86000061035156,65.5999984741211,901800,65.63133316040039,1701490.0,10.65877393506724,50.227309676987865,True,True
2018-12-12 20:00:00,66.6500015258789,68.5999984741211,66.6500015258789,67.66999816894531,1093200,65.77633310953776,1684266.6666666667,11.327529703194102,55.7194756636957,False,True
2018-12-13 20:00:00,67.95999908447266,68.87000274658203,67.05000305175781,67.29000091552734,1182100,65.98499984741211,1533343.3333333333,12.047309037077506,54.529926730258204,False,True
2018-12-14 20:00:00,66.61000061035156,67.63999938964844,65.66000366210938,66.25,1184900,66.0326665242513,1490360.0,11.957011759249971,51.30183310709931,False,True
2018-12-17 20:00:00,65.75,66.9000015258789,64.20999908447266,64.81999969482422,1394500,65.91233317057292,1477620.0,11.165033739004738,47.1671875906742,True,True
2018-12-18 20:00:00,66.69000244140625,66.86000061035156,63.5,64.26000213623047,1707700,65.8073331197103,1481953.3333333333,10.630110511209528,45.61671500471966,True,False
2018-12-19 20:00:00,64.04000091552734,65.4800033569336,61.88999938964844,62.75,1753800,65.59999974568684,1500940.0,10.815474327250588,41.64178438404837,True,False
2018-12-20 20:00:00,62.43000030517578,63.380001068115234,60.630001068115234,61.72999954223633,1733400,65.3733331044515,1520240.0,11.465537047672383,39.15950732764803,True,False
2018-12-21 20:00:00,62.02000045776367,63.33000183105469,58.34999847412109,58.66999816894531,3337600,65.0279997507731,1577946.6666666667,12.816432541860761,32.835767033576715,True,False
2018-12-24 20:00:00,58.25,60.119998931884766,57.0,58.5,1000700,64.68899981180827,1573356.6666666667,14.453229810964944,32.52156030140785,True,True
2018-12-26 20:00:00,58.880001068115234,62.04999923706055,58.459999084472656,62.02000045776367,1388500,64.55533320109049,1575440.0,14.946839281025646,44.38799003365717,True,True
2018-12-27 20:00:00,61.400001525878906,62.369998931884766,60.0,62.34000015258789,1173000,64.53799985249837,1540253.3333333333,15.244379795194018,45.329232979894755,True,True
2018-12-28 20:00:00,62.7400016784668,63.81999969482422,61.709999084472656,62.27999877929688,1027600,64.48966649373372,1523676.6666666667,14.814426868727043,45.174840522248125,True,True
2018-12-31 20:00:00,62.79999923706055,64.54000091552734,62.65999984741211,63.59000015258789,1074800,64.47099978129069,1479880.0,14.083591878100764,49.239887161539144,True,True
2019-01-02 20:00:00,62.4900016784668,64.97000122070312,62.02999877929688,63.560001373291016,1429600,64.42199986775717,1484006.6666666667,13.667410578750047,49.15001487359413,True,True
2019-01-03 20:00:00,64.47000122070312,69.61000061035156,64.4000015258789,68.05999755859375,3760400,64.47366638183594,1570276.6666666667,13.910573768268254,60.7290712296076,False,False
2019-01-04 20:00:00,69.31999969482422,73.37000274658203,69.12000274658203,72.2699966430664,2936600,64.74099960327149,1612010.0,15.14074309607342,68.05743012477457,False,False
2019-01-07 20:00:00,72.93000030517578,75.0199966430664,72.20999908447266,74.20999908447266,2347500,65.09499956766764,1648106.6666666667,16.647971140189156,70.76479425409732,False,False
2019-01-08 20:00:00,75.55999755859375,76.8499984741211,73.66000366210938,74.9000015258789,2683000,65.4559996287028,1704990.0,18.41823161276007,71.6840595021811,False,False
2019-01-09 20:00:00,75.52999877929688,75.72000122070312,73.26000213623047,73.69999694824219,1762800,65.75699958801269,1740806.6666666667,19.872122397058853,67.69727437020931,False,False
2019-01-10 20:00:00,73.4800033569336,75.44999694824219,72.7300033569336,75.12000274658203,1838900,66.01499977111817,1763083.3333333333,20.963202441432344,69.83519996860777,False,False
2019-01-11 20:00:00,75.0999984741211,75.37999725341797,73.62000274658203,74.6500015258789,1199500,66.26366640726725,1760253.3333333333,21.976348196922014,68.22568552514483,False,True
2019-01-14 20:00:00,74.25,74.3499984741211,73.12999725341797,73.54000091552734,1551300,66.52299969991049,1748410.0,22.654078306779038,64.4478927300706,False,True
2019-01-15 20:00:00,75.0,79.55999755859375,74.83000183105469,78.76000213623047,2630600,66.98866640726725,1787126.6666666667,24.44759279921937,72.2342132889057,False,False
2019-01-16 20:00:00,77.37999725341797,77.91000366210938,75.5999984741211,76.55999755859375,2228800,67.39899965922038,1766446.6666666667,26.112999113628245,65.70305569630615,False,False
2019-01-17 20:00:00,76.44000244140625,78.91000366210938,75.91000366210938,78.66999816894531,2411200,67.74399960835775,1757110.0,27.84704003791477,68.63241090052108,False,False
2019-01-18 20:00:00,79.23999786376953,79.5,77.93000030517578,78.41999816894531,2033500,68.17399965922037,1759453.3333333333,29.566916539214912,67.89249815547507,False,False
2019-01-22 20:00:00,78.0,78.0,76.37999725341797,77.33000183105469,1581700,68.58166643778483,1759993.3333333333,30.29006300923325,64.62137309287726,False,True
2019-01-23 20:00:00,76.5199966430664,77.13999938964844,74.05000305175781,75.19999694824219,1621200,68.93799959818521,1772093.3333333333,29.81081006339865,58.67230732224207,False,True
2019-01-24 20:00:00,76.98999786376953,77.58000183105469,76.26000213623047,77.01000213623047,1855000,69.32433306376139,1794173.3333333333,29.49088209132403,61.88352143376217,False,False
2019-01-25 20:00:00,77.4000015258789,79.98999786376953,76.55000305175781,79.94999694824219,2585700,69.8026663462321,1850303.3333333333,29.8289113397104,66.44436331066717,False,False
2019-01-28 20:00:00,79.5199966430664,81.25,79.37999725341797,80.66000366210938,2326500,70.23566652933756,1891413.3333333333,30.438010650141113,67.45708310015974,False,False
2019-01-29 20:00:00,80.72000122070312,81.11000061035156,78.23999786376953,79.29000091552734,1140800,70.63566652933757,1890036.6666666667,30.433469134315764,63.47620884967623,False,True
2019-01-30 20:00:00,79.29000091552734,80.05999755859375,78.20999908447266,79.9800033569336,772300,71.09333330790201,1876283.3333333333,30.414051983516536,64.60901961481422,False,True
2019-01-31 20:00:00,79.61000061035156,80.69000244140625,79.27999877929688,80.58999633789062,896400,71.6189998626709,1859680.0,30.573615603469047,65.62408649639187,False,True
2019-02-01 20:00:00,80.83000183105469,83.05000305175781,80.56999969482422,82.91999816894531,1644600,72.24099973042806,1857576.6666666667,31.32594716960122,69.25183652535961,False,True
2019-02-04 20:00:00,83.12999725341797,83.12999725341797,80.47000122070312,81.5999984741211,1250000,72.86933301289876,1840783.3333333333,31.967111204796513,65.06276410975687,False,True
2019-02-05 20:00:00,82.30999755859375,82.48999786376953,80.76000213623047,81.4000015258789,971600,73.52499974568686,1815390.0,32.56247780890642,64.42686561421516,False,True
2019-02-06 20:00:00,81.1500015258789,81.75,80.30000305175781,81.41999816894531,791800,74.28333307902018,1730530.0,32.81966566542932,64.46426280898896,False,True
2019-02-07 20:00:00,80.73999786376953,81.1500015258789,79.5199966430664,79.83000183105469,1182500,74.99433314005533,1736590.0,32.56130244020218,59.14042240232491,False,True
2019-02-08 20:00:00,79.5,80.91000366210938,79.41000366210938,80.87000274658203,994300,75.62266654968262,1723450.0,32.250302034700766,61.3867087093128,False,True
2019-02-11 20:00:00,81.06999969482422,81.25,79.9000015258789,80.20999908447266,1137800,76.21833318074545,1722276.6666666667,32.0897270671,59.163785314031635,False,True
2019-02-12 20:00:00,81.52999877929688,81.63999938964844,80.30000305175781,81.4000015258789,1988400,76.85566660563151,1754303.3333333333,32.090415460844106,61.84647827299096,False,False
2019-02-13 20:00:00,81.52999877929688,82.29000091552734,80.1500015258789,81.05999755859375,1381200,77.43799985249838,1764516.6666666667,32.33855229766655,60.62110015609389,False,True
2019-02-14 20:00:00,81.87000274658203,83.98999786376953,80.11000061035156,83.41999816894531,3009400,78.09999974568684,1817176.6666666667,33.147352613859745,65.70094160534333,False,False
2019-02-15 20:00:00,82.05000305175781,84.25,82.05000305175781,84.1500015258789,1904400,78.63633321126302,1755310.0,33.97998557647277,67.114109025982,False,False
2019-02-19 20:00:00,84.25,84.70999908447266,83.5999984741211,84.08000183105469,1149300,79.03000005086263,1695733.3333333333,34.8998060812523,66.82976942183313,False,True
2019-02-20 20:00:00,83.7300033569336,84.2300033569336,82.68000030517578,83.73999786376953,1224800,79.3476666768392,1658310.0,34.97580337160803,65.38084224740673,False,True
2019-02-21 20:00:00,83.62000274658203,84.5,82.20999908447266,83.33000183105469,950400,79.62866668701172,1600556.6666666667,34.66556997891579,63.59044736284576,False,True
2019-02-22 20:00:00,83.7300033569336,84.87000274658203,83.27999877929688,84.8499984741211,1208600,80.00033340454101,1582083.3333333333,34.5369079393981,67.17883958754214,False,True
2019-02-25 20:00:00,85.48999786376953,87.6500015258789,85.3499984741211,86.87999725341797,1650500,80.39233322143555,1575803.3333333333,35.407948103488025,71.25363107673554,False,False
2019-02-26 20:00:00,86.91000366210938,87.05000305175781,85.6500015258789,85.69999694824219,755000,80.76066640218099,1560986.6666666667,36.2167711130001,66.11527393557894,False,True
2019-02-27 20:00:00,85.23999786376953,87.02999877929688,85.02999877929688,87.0,1000000,81.20933303833007,1542610.0,36.4362713653645,68.78591107692714,False,True
2019-02-28 20:00:00,87.0199966430664,87.83000183105469,85.44000244140625,86.2300033569336,1056400,81.45833307902018,1490136.6666666667,36.925581694483654,65.49332535366001,False,True
2019-03-01 20:00:00,86.72000122070312,88.80000305175781,85.91000366210938,88.16999816894531,1086600,81.84533309936523,1452063.3333333333,37.70061412895382,69.459809789753,False,True
2019-03-04 20:00:00,88.5199966430664,88.83000183105469,85.0,85.41000366210938,1481200,82.06999994913737,1421063.3333333333,37.63861964547897,59.05871668892012,False,False
2019-03-05 20:00:00,84.88999938964844,86.19000244140625,84.2699966430664,85.04000091552734,915800,82.29066670735678,1383806.6666666667,36.99337086937362,57.80896987505591,False,True
2019-03-06 20:00:00,85.19000244140625,85.19000244140625,83.2300033569336,83.37000274658203,818700,82.49200007120768,1358373.3333333333,35.61835894461362,52.41746753801747,False,True
2019-03-07 20:00:00,82.83999633789062,83.44000244140625,81.68000030517578,82.44999694824219,980600,82.73366673787434,1337020.0,33.33756436826893,49.66918814452445,True,True
2019-03-08 20:00:00,81.83000183105469,82.37000274658203,80.91999816894531,82.12000274658203,869400,82.90400009155273,1304166.6666666667,31.132114257593315,48.68321624740602,True,True
2019-03-10 20:00:00,82.62000274658203,84.20999908447266,81.83999633789062,84.16999816894531,1256400,83.0446667989095,1259856.6666666667,29.712591318032786,54.69929731132599,False,True
2019-03-11 20:00:00,84.05000305175781,85.25,83.66000366210938,84.9000015258789,758500,83.18600006103516,1207590.0,28.872174025839136,56.64831972915243,False,True
2019-03-12 20:00:00,85.4800033569336,86.0999984741211,84.70999908447266,85.05999755859375,1137800,83.3783332824707,1207490.0,28.456382312657038,57.08413138654686,False,True
2019-03-13 20:00:00,85.11000061035156,85.73999786376953,83.83000183105469,84.30999755859375,1638300,83.52266642252604,1236356.6666666667,27.500222422523308,54.32707309423894,False,False
2019-03-14 20:00:00,83.88999938964844,85.23999786376953,83.88999938964844,84.80000305175781,1835900,83.66299997965494,1267673.3333333333,26.612359667399126,55.82814186185448,False,False
2019-03-17 20:00:00,84.81999969482422,85.88999938964844,84.05999755859375,85.62000274658203,898400,83.75300013224283,1242800.0,26.107231395513967,58.298129102637716,False,True
2019-03-18 20:00:00,86.12000274658203,86.3499984741211,85.20999908447266,85.66999816894531,852800,83.88866678873698,1229560.0,25.859841239254827,58.45067980023292,False,True
2019-03-19 20:00:00,85.62999725341797,87.19999694824219,85.37999725341797,86.30999755859375,978700,84.05233332316081,1229796.6666666667,26.02397258382029,60.44543354365023,False,True
2019-03-20 20:00:00,85.56999969482422,87.25,85.0,87.08000183105469,819200,84.24100011189779,1230710.0,25.872659623109875,62.7618252952232,False,True
2019-03-21 20:00:00,86.75,87.0999984741211,85.30000305175781,85.33999633789062,1531900,84.42466659545899,1242356.6666666667,25.732154731021637,54.93309049270827,False,False
2019-03-24 20:00:00,85.27999877929688,86.05999755859375,84.20999908447266,86.0199966430664,846100,84.59633305867513,1237416.6666666667,24.721919266804434,57.18098467624667,False,True
2019-03-25 20:00:00,86.95999908447266,87.47000122070312,86.19000244140625,87.12000274658203,892500,84.82666651407878,1229240.0,24.551975203962126,60.6042323706489,False,True
2019-03-26 20:00:00,87.04000091552734,87.55000305175781,85.44000244140625,86.0199966430664,972600,84.98066635131836,1195380.0,23.824949837630133,55.80003538797579,False,True
2019-03-27 20:00:00,86.0199966430664,86.94000244140625,85.16999816894531,85.73999786376953,855000,85.13666636149088,1177840.0,22.94862574583916,54.613278325283495,False,True
2019-03-28 20:00:00,86.5199966430664,86.77999877929688,85.87999725341797,86.01000213623047,1199800,85.22299982706706,1117520.0,22.134896232033253,55.59404952122081,False,False
2019-03-31 20:00:00,87.36000061035156,87.91000366210938,85.81999969482422,85.94999694824219,969500,85.28299967447917,1086356.6666666667,22.053918385219898,55.308007558409415,False,True
2019-04-01 20:00:00,85.80000305175781,87.16000366210938,84.95999908447266,86.69999694824219,1169100,85.37033284505209,1087016.6666666667,21.283136959845937,58.20272734814365,False,False
2019-04-02 20:00:00,86.13999938964844,86.5999984741211,83.31999969482422,84.3499984741211,2420600,85.39066619873047,1126876.6666666667,20.08564372026658,47.76358676749893,True,False
2019-04-03 20:00:00,84.43000030517578,84.77999877929688,82.37000274658203,83.22000122070312,1243800,85.38699951171876,1136656.6666666667,19.52808691422992,43.70438264383125,True,False
2019-04-04 20:00:00,83.62000274658203,85.12999725341797,83.62000274658203,84.76000213623047,1825700,85.38399963378906,1157226.6666666667,18.7597744996493,49.947455378873045,True,False
2019-04-07 20:00:00,84.75,84.91000366210938,82.1500015258789,84.43000030517578,1544200,85.30233306884766,1153683.3333333333,18.85321220141617,48.70109792679484,True,False
2019-04-08 20:00:00,84.08999633789062,84.3499984741211,82.58000183105469,82.7300033569336,877400,85.20333328247071,1157763.3333333333,18.93997578162826,42.77899081984488,True,True
2019-04-09 20:00:00,82.75,84.16000366210938,82.55000305175781,83.41000366210938,990600,85.08366673787435,1157450.0,19.0372251873009,45.62715619760546,True,True
2019-04-10 20:00:00,83.62000274658203,83.91999816894531,80.98999786376953,81.05999755859375,1070500,84.91133321126303,1157920.0,19.92809388713666,38.49586267500065,True,True
2019-04-11 20:00:00,81.37999725341797,81.77999877929688,79.20999908447266,79.4000015258789,1723100,84.61899998982747,1179136.6666666667,21.476155561780722,34.405216223146375,True,False
2019-04-14 20:00:00,79.33000183105469,80.37000274658203,77.62999725341797,78.1500015258789,1654400,84.37699991861979,1184910.0,23.42863309815963,31.675664837514045,True,False
2019-04-15 20:00:00,78.52999877929688,79.26000213623047,76.73999786376953,76.9800033569336,1331400,84.10833333333333,1198763.3333333333,25.496403818370847,29.330135322850648,True,False
2019-04-16 20:00:00,77.13999938964844,77.29000091552734,73.9000015258789,74.31999969482422,1753400,83.80666656494141,1229920.0,28.073601965921277,24.828701179934292,True,False
2019-04-17 20:00:00,74.73999786376953,75.70999908447266,72.43000030517578,73.95999908447266,1689700,83.52366663614909,1253556.6666666667,30.7335193144205,24.285464685879578,True,False
2019-04-21 20:00:00,73.95999908447266,74.63999938964844,72.36000061035156,73.66000366210938,1243000,83.24166666666666,1266010.0,33.21573340322476,23.8178020303997,True,True
2019-04-22 20:00:00,73.70999908447266,75.55999755859375,73.33000183105469,75.41000366210938,1492400,82.94966684977213,1273876.6666666667,34.7451661182209,32.03932140230298,True,False
2019-04-23 20:00:00,75.02999877929688,75.22000122070312,73.44999694824219,73.5199966430664,918000,82.57033335367838,1279193.3333333333,36.165353639288746,28.466270454349456,True,True
2019-04-24 20:00:00,73.02999877929688,74.18000030517578,72.4000015258789,73.94000244140625,1095900,82.19966684977213,1277796.6666666667,37.74304461747504,30.325805670912843,True,True
2019-04-25 20:00:00,74.41000366210938,75.0999984741211,73.58999633789062,75.02999877929688,1425700,81.89033355712891,1270710.0,38.41556502425119,35.044926061059975,True,False
2019-04-28 20:00:00,74.43000030517578,74.80999755859375,72.94999694824219,74.37999725341797,1518200,81.54300003051758,1260120.0,39.22839497067118,33.58410538838558,True,False
2019-04-29 20:00:00,74.61000061035156,80.0,73.79000091552734,76.80000305175781,2041900,81.2490000406901,1298236.6666666667,36.735587458994985,43.09476602378716,True,False
2019-04-30 20:00:00,77.16999816894531,80.4800033569336,77.01000213623047,78.91000366210938,1969100,81.02366689046224,1335446.6666666667,34.20216521137105,49.83931584887479,True,False
2019-05-01 20:00:00,79.25,81.4800033569336,79.06999969482422,80.94000244140625,1947400,80.84466705322265,1367736.6666666667,32.11540171187122,55.32536445841717,False,False
2019-05-02 20:00:00,80.55999755859375,83.1500015258789,79.63999938964844,83.05999755859375,1744800,80.71066691080729,1398590.0,30.856227384569575,60.218639216342375,False,False
2019-05-05 20:00:00,81.73999786376953,85.16000366210938,80.7300033569336,85.0,1220100,80.69933369954427,1388196.6666666667,30.38774938464661,64.094367035509,False,True
2019-05-06 20:00:00,84.04000091552734,84.80000305175781,82.44000244140625,83.2300033569336,1842500,80.60633392333985,1421410.0,29.95273409900386,58.49490240439993,False,False
2019-05-07 20:00:00,82.93000030517578,83.76000213623047,82.2699966430664,82.8499984741211,1202900,80.46400044759115,1431756.6666666667,29.449987683035886,57.336761972592534,False,True
2019-05-08 20:00:00,82.25,82.79000091552734,80.69999694824219,82.0199966430664,1188600,80.3306671142578,1438956.6666666667,28.10827793603448,54.785340956923235,False,True
2019-05-09 20:00:00,81.91999816894531,82.0,78.19999694824219,80.68000030517578,1433500,80.16200052897135,1458240.0,26.49232078387043,50.85112012577253,False,True
2019-05-12 20:00:00,79.37999725341797,79.48999786376953,75.5199966430664,75.75,1474100,79.82000045776367,1467383.3333333333,25.965236652047956,39.587450248710915,True,False
2019-05-13 20:00:00,76.13999938964844,76.83000183105469,75.5199966430664,76.11000061035156,948100,79.49200057983398,1466670.0,25.47580138678423,40.62175313085506,True,True
2019-05-14 20:00:00,75.45999908447266,76.2699966430664,74.30999755859375,75.98999786376953,1887800,79.13500061035157,1490626.6666666667,25.426925380260094,40.37361651489302,True,False
2019-05-15 20:00:00,76.16000366210938,78.44999694824219,76.16000366210938,77.63999938964844,1054300,78.91133397420248,1445083.3333333333,24.312970702778642,45.31948571015374,True,True
2019-05-16 20:00:00,77.01000213623047,78.0199966430664,76.12000274658203,77.19999694824219,927000,78.71066716512044,1434523.3333333333,23.293805203268672,44.26504896922279,True,True
2019-05-19 20:00:00,76.75,77.20999908447266,76.05000305175781,76.83000183105469,868400,78.44633382161459,1402613.3333333333,22.37592748407763,43.351637102034715,True,True
2019-05-20 20:00:00,77.08000183105469,78.83000183105469,76.8499984741211,78.68000030517578,1093800,78.25466715494791,1387600.0,20.816720465554397,49.0165704890304,False,True
2019-05-21 20:00:00,78.5,79.58999633789062,77.9800033569336,79.0199966430664,827000,78.13100026448568,1385920.0,19.708936984395383,50.006062605347054,False,True
2019-05-22 20:00:00,78.61000061035156,80.55999755859375,78.06999969482422,80.5,1294400,78.03400014241537,1396046.6666666667,19.09783599560806,54.17529509974132,False,True
2019-05-23 20:00:00,80.79000091552734,82.30999755859375,80.26000213623047,81.75,1465900,78.05700022379557,1409226.6666666667,19.21004833451703,57.406151458692236,False,False
2019-05-27 20:00:00,81.86000061035156,84.04000091552734,81.66000366210938,81.76000213623047,1319000,78.13566691080729,1395756.6666666667,19.89420644983826,57.43201384018711,False,True
2019-05-28 20:00:00,81.47000122070312,81.56999969482422,77.2699966430664,77.58999633789062,1331500,78.11700007120768,1384993.3333333333,18.5188886101089,45.129124525181076,True,True
2019-05-29 20:00:00,77.87000274658203,78.83000183105469,77.02999877929688,78.73999786376953,783500,78.17566655476888,1366730.0,17.24173999213514,48.4112452959791,False,True
2019-05-30 20:00:00,77.94999694824219,80.20999908447266,77.56999969482422,78.62999725341797,927400,78.31933314005533,1339196.6666666667,16.488831040885383,48.11478090123588,False,True
2019-06-02 20:00:00,78.98999786376953,80.37999725341797,78.29000091552734,79.55999755859375,1192000,78.50599975585938,1322606.6666666667,15.85356261855063,50.85495827318526,False,True
2019-06-03 20:00:00,80.68000030517578,81.68000030517578,79.80000305175781,81.55999755859375,1634500,78.76933288574219,1335656.6666666667,15.746454240059046,56.21086466810614,False,False
2019-06-04 20:00:00,82.11000061035156,82.75,80.91999816894531,81.0199966430664,1000100,78.95633265177409,1319246.6666666667,16.019479068491908,54.48433475731523,False,True
2019-06-05 20:00:00,81.05999755859375,81.80999755859375,79.69000244140625,79.86000061035156,810500,79.16766611735027,1315663.3333333333,15.674368088813955,50.86973661689462,False,True
2019-06-06 20:00:00,80.1500015258789,81.11000061035156,79.29000091552734,80.83000183105469,708000,79.39733276367187,1302733.3333333333,15.16361979928632,53.63946551777956,False,True
2019-06-09 20:00:00,80.77999877929688,81.54000091552734,76.56999969482422,76.80000305175781,1460900,79.45633290608724,1303906.6666666667,14.62873689139809,42.83498071007472,True,False
2019-06-10 20:00:00,76.87999725341797,77.27999877929688,74.4800033569336,75.55999755859375,1467500,79.4956662495931,1302216.6666666667,14.857060361914266,40.154820888666315,True,False
2019-06-11 20:00:00,76.83999633789062,76.9800033569336,74.94000244140625,75.80000305175781,1359500,79.46233291625977,1279470.0,15.06907501310786,40.92527378187156,True,False
2019-06-12 20:00:00,75.73999786376953,76.45999908447266,75.0,76.37000274658203,1367500,79.37766621907552,1259416.6666666667,15.265945760644769,42.80843299784183,True,False
2019-06-13 20:00:00,76.30000305175781,77.79000091552734,75.45999908447266,77.70999908447266,1250400,79.26999944051107,1236183.3333333333,14.77245603932522,47.079377591813646,True,False
2019-06-16 20:00:00,79.06999969482422,82.56999969482422,78.5,81.83999633789062,2414500,79.2293327331543,1258506.6666666667,14.956495575882062,57.59121444856338,False,False
2019-06-17 20:00:00,82.81999969482422,84.87000274658203,82.0,84.27999877929688,1954700,79.2053326924642,1282993.3333333333,15.773684455698879,62.34949121660676,False,False
2019-06-18 20:00:00,84.70999908447266,85.36000061035156,83.69999694824219,84.87000274658203,1236300,79.2599993387858,1262786.6666666667,16.661314196856896,63.41831694791007,False,True
2019-06-19 20:00:00,85.5999984741211,87.12999725341797,85.5999984741211,86.56999969482422,1426800,79.38399937947591,1270250.0,17.931820505410947,66.37983124453933,False,False
2019-06-20 20:00:00,87.25,88.8499984741211,86.29000091552734,88.69999694824219,2262000,79.6066660563151,1306030.0,19.502379641267282,69.69069777903036,False,False
2019-06-23 20:00:00,88.69999694824219,89.30000305175781,86.66999816894531,86.91999816894531,1272500,79.81466598510742,1300663.3333333333,21.059357890680328,64.01704501255422,False,True
2019-06-24 20:00:00,87.25,88.62999725341797,86.33000183105469,87.61000061035156,1231100,80.2099993387858,1292563.3333333333,22.319901175559842,65.19977497363774,False,True
2019-06-25 20:00:00,87.54000091552734,88.27999877929688,85.22000122070312,85.62999725341797,1226200,80.52733256022135,1301833.3333333333,22.88988530445847,59.18775238315074,False,True
2019-06-26 20:00:00,86.05999755859375,86.58999633789062,84.52999877929688,84.72000122070312,992400,80.81833267211914,1271986.6666666667,23.056236130104896,56.604403961226346,False,True
2019-06-27 20:00:00,84.58999633789062,85.27999877929688,83.37000274658203,84.95999908447266,1616400,81.06233266194661,1290723.3333333333,22.620908790194996,57.13577595733196,False,False
2019-06-30 20:00:00,85.80000305175781,86.5,84.58000183105469,85.41999816894531,1040400,81.33633270263672,1294503.3333333333,22.628884959209763,58.19245227462469,False,True
2019-07-01 20:00:00,86.0,86.0,83.94999694824219,85.01000213623047,947500,81.60899937947592,1297140.0,22.310080883914594,56.84732187544061,False,True
2019-07-02 20:00:00,84.83999633789062,86.54000091552734,83.63999938964844,86.5199966430664,767700,81.87033259073893,1286270.0,22.208156089928156,60.47133890069719,False,True
2019-07-04 20:00:00,85.61000061035156,87.05999755859375,85.0,85.27999877929688,681900,82.07899932861328,1281433.3333333333,22.301643543078114,56.290639780178445,False,True
2019-07-07 20:00:00,84.73999786376953,85.0,82.11000061035156,83.01000213623047,1064200,82.16266606648763,1273760.0,20.922597073370678,49.53864068328331,False,True
2019-07-08 20:00:00,82.4800033569336,84.1500015258789,82.3499984741211,83.81999969482422,985300,82.2316660563151,1257740.0,19.64205392292806,51.762093023552545,False,True
2019-07-09 20:00:00,83.94000244140625,85.05999755859375,83.05000305175781,83.7699966430664,757100,82.29866587320963,1239010.0,18.84933646886484,51.61090831530273,False,True
2019-07-10 20:00:00,83.80999755859375,83.9800033569336,80.16999816894531,81.2300033569336,1074500,82.41999944051106,1230443.3333333333,18.157645019212268,44.500681702746625,True,True
2019-07-11 20:00:00,81.37999725341797,81.94999694824219,79.62000274658203,80.0999984741211,954300,82.46533279418945,1236136.6666666667,17.726001420417205,41.74529886204465,True,True
2019-07-14 20:00:00,79.98999786376953,81.56999969482422,79.52999877929688,81.38999938964844,1115600,82.55733286539713,1242410.0,17.360901951706744,45.86607643027448,True,True
2019-07-15 20:00:00,81.3499984741211,81.51000213623047,79.69999694824219,79.87999725341797,814400,82.56799952189128,1229823.3333333333,17.0218810164756,42.111022272261444,True,True
2019-07-16 20:00:00,79.91000366210938,80.87999725341797,79.4000015258789,80.2300033569336,904000,82.52366638183594,1205473.3333333333,16.841388518882667,43.27037939158863,True,True
2019-07-17 20:00:00,80.3499984741211,81.5,80.13999938964844,81.30999755859375,756200,82.53333307902018,1197343.3333333333,16.30001234882722,46.81019194758662,True,True
2019-07-18 20:00:00,81.80999755859375,82.26000213623047,80.2300033569336,80.54000091552734,935600,82.55599975585938,1201513.3333333333,15.35322924426353,44.67006722652556,True,True
2019-07-21 20:00:00,80.88999938964844,82.70999908447266,80.38999938964844,81.70999908447266,750600,82.58533299763998,1202933.3333333333,14.29676791679935,48.52136186036437,True,True
2019-07-22 20:00:00,81.66999816894531,81.83000183105469,78.41999816894531,78.51000213623047,1816600,82.6423329671224,1214790.0,14.25306748607056,40.26603088624582,True,False
2019-07-23 20:00:00,78.54000091552734,79.72000122070312,77.5999984741211,79.1500015258789,1568400,82.7619997660319,1218153.3333333333,14.58066611082469,42.377610454412476,True,False
2019-07-24 20:00:00,78.69000244140625,79.30000305175781,77.30000305175781,78.80000305175781,732900,82.8619997660319,1197266.6666666667,15.018125440276268,41.51334904097387,True,True
2019-07-25 20:00:00,79.33999633789062,80.94999694824219,79.01000213623047,80.1500015258789,985800,82.9879997253418,1184543.3333333333,14.391108222756376,46.0810910325876,True,True
2019-07-28 20:00:00,80.08999633789062,80.45999908447266,78.1500015258789,80.26000213623047,1058500,83.07299982706705,1178146.6666666667,14.230979975774613,46.448091204097636,True,True
2019-07-29 20:00:00,82.7699966430664,85.56999969482422,80.05999755859375,85.43000030517578,1740300,83.19266662597656,1155673.3333333333,14.648913101355229,60.17002178803651,False,False
2019-07-30 20:00:00,85.5,86.52999877929688,83.86000061035156,84.91999816894531,1263000,83.21399993896485,1132616.6666666667,15.350674301268771,58.57552824183253,False,False
2019-07-31 20:00:00,84.5199966430664,87.2300033569336,84.23999786376953,84.8499984741211,1016800,83.21333312988281,1125300.0,16.22546633443784,58.34698423063456,False,True
2019-08-01 20:00:00,84.7300033569336,85.9000015258789,82.70999908447266,83.47000122070312,1267200,83.10999984741211,1119980.0,16.22909319123412,53.88347927853907,False,False
2019-08-04 20:00:00,82.31999969482422,82.44999694824219,80.02999877929688,80.91999816894531,1401600,82.85066655476888,1091300.0,15.098094316435219,46.764452551204364,True,False
2019-08-05 20:00:00,81.19999694824219,82.7699966430664,79.9000015258789,82.62999725341797,1308100,82.70766652425131,1092486.6666666667,14.121253402651446,51.40136528631412,True,False
2019-08-06 20:00:00,81.77999877929688,81.77999877929688,79.7699966430664,80.45999908447266,1278500,82.46933314005534,1094066.6666666667,13.157259700025211,45.93364509472887,True,False
2019-08-07 20:00:00,80.66000366210938,81.30999755859375,78.01000213623047,81.26000213623047,1566700,82.32366663614908,1105416.6666666667,12.911583776454815,48.124486767352295,True,False
2019-08-08 20:00:00,80.97000122070312,82.72000122070312,80.22000122070312,81.79000091552734,1280500,82.2259999593099,1115020.0,12.045065766521619,49.58208128133937,True,False
2019-08-11 20:00:00,81.66000366210938,83.83999633789062,80.55999755859375,82.4800033569336,1062400,82.1433334350586,1096553.3333333333,11.597899272997608,51.492987135746574,False,True
2019-08-12 20:00:00,82.30000305175781,84.77999877929688,81.95999908447266,82.88999938964844,971000,82.05900014241537,1094240.0,11.556876669850055,52.64157787858758,False,True
2019-08-13 20:00:00,82.13999938964844,83.29000091552734,80.91000366210938,81.05999755859375,1460000,81.92733332316081,1111323.3333333333,11.021590789306194,47.262208729024756,True,False
2019-08-14 20:00:00,80.95999908447266,81.47000122070312,79.58999633789062,80.61000061035156,1171900,81.73033345540365,1124796.6666666667,10.525692840321927,46.01694047222395,True,False
2019-08-15 20:00:00,81.41999816894531,83.3499984741211,80.80000305175781,83.12000274658203,1071100,81.65833358764648,1137770.0,10.27904502042576,53.39336433163646,False,True
2019-08-18 20:00:00,84.08000183105469,84.91999816894531,83.1500015258789,84.5199966430664,872800,81.70866673787435,1131390.0,10.63341250049257,56.928567815310075,False,True
2019-08-19 20:00:00,84.2300033569336,84.95999908447266,83.91999816894531,84.0999984741211,797200,81.71800003051757,1125120.0,10.977033333383984,55.56684614680463,False,True
2019-08-20 20:00:00,84.75,86.11000061035156,84.4800033569336,86.06999969482422,705200,81.7946667989095,1123390.0,11.714793925181397,60.35679257858564,False,True
2019-08-21 20:00:00,86.31999969482422,86.31999969482422,84.62999725341797,85.55999755859375,858400,81.93899993896484,1116186.6666666667,12.475455124234127,58.59571078939613,False,True
2019-08-22 20:00:00,85.55999755859375,85.81999969482422,81.58000183105469,81.91000366210938,1213400,81.99933344523112,1124823.3333333333,11.662733638427564,47.83777047519977,True,False
2019-08-25 20:00:00,82.29000091552734,83.19000244140625,81.08999633789062,82.80999755859375,1070900,82.04666671752929,1123333.3333333333,10.962102212246078,50.26258552239072,False,True
2019-08-26 20:00:00,83.51000213623047,84.08000183105469,79.43000030517578,80.26000213623047,1507200,82.05933354695638,1146426.6666666667,10.986276366750241,44.018835062451544,True,False
2019-08-27 20:00:00,79.87000274658203,82.61000061035156,79.26000213623047,81.3499984741211,1040600,82.0966667175293,1150980.0,11.075271581080193,47.04688179207942,True,True
2019-08-28 20:00:00,82.05999755859375,82.48999786376953,81.41000366210938,82.44000244140625,1198200,82.13433354695638,1165713.3333333333,11.157909994386575,49.96169643169218,False,False
2019-08-29 20:00:00,82.7699966430664,82.81999969482422,80.69000244140625,81.81999969482422,887600,82.17700017293295,1164113.3333333333,11.542225642797133,48.332008446321076,True,True
2019-09-02 20:00:00,81.7300033569336,81.94999694824219,79.55999755859375,80.05999755859375,899900,82.12200012207032,1169090.0,12.355593109967717,43.94947495599021,True,True
2019-09-03 20:00:00,81.0,81.06999969482422,76.75,77.62000274658203,1643900,82.0923334757487,1163333.3333333333,14.047658150514767,38.70908401932848,True,False
2019-09-04 20:00:00,79.91999816894531,80.12999725341797,78.20999908447266,79.2699966430664,1678500,82.09633331298828,1167003.3333333333,15.618861402451314,43.605982998318154,True,False
2019-09-05 20:00:00,79.44999694824219,80.11000061035156,79.08000183105469,79.23999786376953,676100,82.110999806722,1165110.0,17.077835850678106,43.53787498857126,True,True
2019-09-08 20:00:00,78.52999877929688,79.52999877929688,77.3499984741211,78.97000122070312,934600,82.07166646321615,1163403.3333333333,18.96119290104695,42.88859297503789,True,True
2019-09-09 20:00:00,78.37000274658203,78.91000366210938,76.83000183105469,77.91000366210938,1247000,81.99333318074544,1169686.6666666667,20.85586773772643,40.344782747025015,True,False
2019-09-10 20:00:00,77.8499984741211,79.79000091552734,77.83999633789062,78.4800033569336,871000,81.76166661580403,1140710.0,21.97366212750966,42.3257588691903,True,True
2019-09-11 20:00:00,78.75,78.94999694824219,75.0,76.06999969482422,2311000,81.46666666666667,1175643.3333333333,23.812823123218134,36.76656712461303,True,False
2019-09-12 20:00:00,76.4000015258789,78.16999816894531,75.54000091552734,76.43000030517578,1646100,81.18600006103516,1196620.0,25.52061547637601,38.07497547012666,True,False
2019-09-15 20:00:00,76.19000244140625,79.04000091552734,75.5999984741211,78.33999633789062,1128700,81.01499989827474,1192003.3333333333,26.48328097926534,44.622050636300045,True,True
2019-09-16 20:00:00,77.70999908447266,79.37000274658203,77.56999969482422,79.0999984741211,954300,80.9543332417806,1177093.3333333333,27.143312755749495,47.022220203273385,True,True
2019-09-17 20:00:00,79.5199966430664,80.20999908447266,77.38999938964844,78.54000091552734,721800,80.81800003051758,1157550.0,27.168173825327923,45.45878849314204,True,True
2019-09-18 20:00:00,78.5,79.22000122070312,77.91000366210938,78.12000274658203,1050400,80.7400001525879,1149946.6666666667,27.191259104222176,44.269928926659865,True,True
2019-09-19 20:00:00,78.5199966430664,81.63999938964844,78.37000274658203,81.20999908447266,2160800,80.73833338419597,1169750.0,25.678134583626584,53.83559457913509,False,False
2019-09-22 20:00:00,81.01000213623047,81.97000122070312,76.62999725341797,77.63999938964844,1621800,80.6,1181126.6666666667,25.048003404097532,44.361697655595194,True,False
2019-09-23 20:00:00,78.37999725341797,78.37999725341797,75.48999786376953,76.94999694824219,1370400,80.41566645304361,1191393.3333333333,24.910106812849033,42.7941850798612,True,False
2019-09-24 20:00:00,76.62000274658203,77.5,75.0199966430664,75.06999969482422,1211300,80.15499979654948,1199403.3333333333,24.959732594585603,38.7740947288073,True,False
2019-09-25 20:00:00,75.19000244140625,75.47000122070312,72.8499984741211,73.76000213623047,1477200,79.91166661580404,1199976.6666666667,25.742190315735424,36.22076651077516,True,False
2019-09-26 20:00:00,74.2699966430664,74.2699966430664,72.0,72.81999969482422,1065400,79.6519999186198,1196426.6666666667,26.721564832076098,34.46684679409094,True,True
2019-09-29 20:00:00,72.93000030517578,74.87999725341797,72.77999877929688,74.2300033569336,1224700,79.35566660563151,1201546.6666666667,27.223228237781843,39.22108521471984,True,False
2019-09-30 20:00:00,73.52999877929688,74.75,73.30000305175781,73.95999908447266,1259200,79.00366668701172,1214426.6666666667,27.68905854308003,38.64295548104341,True,False
2019-10-01 20:00:00,73.97000122070312,73.97000122070312,72.91000366210938,73.04000091552734,1074900,78.63500010172525,1223683.3333333333,28.2610296191454,36.66005974708907,True,True
2019-10-02 20:00:00,73.63999938964844,74.93000030517578,72.25,74.87999725341797,1171500,78.26200002034506,1239226.6666666667,28.090055733080895,42.96375420706849,True,True
2019-10-03 20:00:00,74.91000366210938,75.81999969482422,73.37999725341797,74.87000274658203,766700,77.90566685994466,1236170.0,27.32495428290967,42.93875673653969,True,True
2019-10-06 20:00:00,73.01000213623047,75.22000122070312,73.01000213623047,74.76000213623047,654100,77.66733347574869,1217526.6666666667,26.787471524139733,42.64466894375466,True,True
2019-10-07 20:00:00,74.44000244140625,75.4800033569336,73.5199966430664,74.44000244140625,631000,77.38833363850911,1202863.3333333333,26.10269810263723,41.748868255337065,True,True
2019-10-08 20:00:00,75.12999725341797,75.7300033569336,74.05999755859375,74.68000030517578,589800,77.20233357747396,1172283.3333333333,25.282869840186297,42.72069067187807,True,True
2019-10-09 20:00:00,74.55000305175781,75.9000015258789,74.12999725341797,75.7699966430664,620600,77.0163335164388,1158283.3333333333,24.391928856826176,47.04201022284978,True,True
2019-10-10 20:00:00,76.27999877929688,77.22000122070312,76.01000213623047,76.12000274658203,761700,76.80566685994467,1143733.3333333333,22.67702124442158,48.3884918205882,True,True
2019-10-13 20:00:00,76.38999938964844,78.30000305175781,76.26000213623047,77.45999908447266,659700,76.66033350626627,1136136.6666666667,21.749330093842907,53.285525344876426,False,True
2019-10-14 20:00:00,77.41999816894531,79.05999755859375,77.36000061035156,78.5199966430664,783400,76.60900014241537,1132253.3333333333,21.314394971070975,56.77907202869247,False,True
2019-10-15 20:00:00,78.05999755859375,79.06999969482422,77.51000213623047,78.12000274658203,1044300,76.62566680908203,1112266.6666666667,20.916166457989274,55.104382126007046,False,True
2019-10-16 20:00:00,78.3499984741211,78.68000030517578,77.37999725341797,77.43000030517578,667600,76.56433359781902,1078570.0,20.439450168709833,52.241873519253105,False,True
2019-10-17 20:00:00,77.63999938964844,79.37999725341797,77.25,77.76000213623047,863000,76.51500040690104,1084800.0,20.42416617704927,53.486363387619676,False,True
2019-10-20 20:00:00,77.88999938964844,78.69000244140625,77.01000213623047,78.58999633789062,851200,76.50233357747396,1082020.0,20.194304977493633,56.55290076086771,False,True
2019-10-21 20:00:00,78.76000213623047,80.37000274658203,78.36000061035156,78.51000213623047,848400,76.52233352661133,1068733.3333333333,20.922265977464047,56.168548622324664,False,True
2019-10-22 20:00:00,78.66999816894531,79.36000061035156,77.91999816894531,78.0999984741211,645300,76.50966669718424,1061210.0,21.198041984794013,54.13765233693405,False,True
2019-10-23 20:00:00,78.18000030517578,78.18000030517578,76.7300033569336,77.5,618800,76.55733337402344,1004803.3333333334,20.462710002765082,51.219061254531276,False,True
2019-10-24 20:00:00,76.41000366210938,78.20999908447266,76.2699966430664,77.55000305175781,749300,76.5946667989095,974910.0,19.429321393053417,51.453948154410135,False,True
2019-10-27 20:00:00,77.79000091552734,79.97000122070312,77.38999938964844,79.86000061035156,1429300,76.64533360799153,984930.0,19.50531821589212,60.835957286789935,False,False
2019-10-28 20:00:00,80.0,85.0,78.25,83.3499984741211,2051000,76.7870002746582,1021486.6666666666,21.40388991840448,70.20481011968914,False,False
2019-10-29 20:00:00,83.05999755859375,84.05000305175781,82.86000061035156,83.66000366210938,962500,76.95766703287761,1029510.0,23.16684935645167,70.87138241562411,False,True
2019-10-30 20:00:00,83.77999877929688,84.72000122070312,82.72000122070312,83.91999816894531,1141600,77.15100021362305,1032550.0,24.98630612828462,71.44829894687426,False,False
2019-10-31 20:00:00,84.13999938964844,85.11000061035156,82.87000274658203,83.58000183105469,1181500,77.23000030517578,999906.6666666666,26.78159803551747,69.50950325983032,False,False
2019-11-04 20:00:00,84.36000061035156,84.94999694824219,83.38999938964844,84.43000030517578,1072200,77.45633366902669,981586.6666666666,28.448654806519393,71.58542023001213,False,False
2019-11-05 20:00:00,84.29000091552734,85.38999938964844,84.0199966430664,84.12999725341797,808100,77.69566701253255,962843.3333333334,30.12618593919074,69.77963384010252,False,True
2019-11-06 20:00:00,84.05999755859375,84.56999969482422,83.5199966430664,83.68000030517578,874700,77.9826670328776,951623.3333333334,31.221553864733476,67.04755443471491,False,True
2019-11-07 20:00:00,83.83999633789062,84.61000061035156,82.45999908447266,82.76000213623047,704200,78.2826670328776,925856.6666666666,31.317676845921795,61.72649255768108,False,True
2019-11-08 20:00:00,82.23999786376953,85.52999877929688,81.8499984741211,85.0999984741211,870200,78.69200032552084,919350.0,31.77547170932598,68.5608677431348,False,True
2019-11-11 20:00:00,85.11000061035156,85.61000061035156,84.26000213623047,84.86000061035156,571600,79.04633356730143,897580.0,32.23221225052241,67.23478250944112,False,True
2019-11-12 20:00:00,84.87999725341797,86.52999877929688,84.31999969482422,86.13999938964844,963300,79.45233357747396,887716.6666666666,33.01393785087285,70.51079168619015,False,False
2019-11-13 20:00:00,85.94999694824219,87.83999633789062,85.04000091552734,87.43000030517578,1176100,79.93200022379557,891090.0,34.18813240243383,73.3976004373545,False,False
2019-11-14 20:00:00,87.55999755859375,87.7699966430664,85.73999786376953,85.79000091552734,1131800,80.29566701253255,889766.6666666666,35.2784559145976,64.7229575430417,False,False
2019-11-15 20:00:00,86.45999908447266,87.2300033569336,85.98999786376953,86.69999694824219,1236900,80.69000015258788,905440.0,36.290899175892534,67.05000676264922,False,False
2019-11-18 20:00:00,86.5,88.0,86.3499984741211,87.48999786376953,892100,81.11433334350586,913373.3333333334,37.501829925106236,68.96404784093994,False,True
2019-11-19 20:00:00,87.8499984741211,88.62999725341797,87.62999725341797,87.94000244140625,1184500,81.56433334350587,931823.3333333334,38.833297746422474,70.03194279358802,False,False
2019-11-20 20:00:00,87.7300033569336,90.0,87.22000122070312,88.9000015258789,1672800,82.03833338419597,967923.3333333334,40.46679738335638,72.22736998695788,False,False
2019-11-21 20:00:00,89.5,89.69999694824219,87.8499984741211,88.4000015258789,1046300,82.45933354695639,982113.3333333334,41.983618474795,69.3766305584631,False,False
2019-11-22 20:00:00,89.29000091552734,89.93000030517578,88.08000183105469,88.7300033569336,1751300,82.87966690063476,1015100.0,43.45799135993714,70.2122797858043,False,False
2019-11-25 20:00:00,89.77999877929688,94.4800033569336,89.62000274658203,94.0,2346900,83.43100026448568,1071340.0,45.73244949525277,79.72657822827348,False,False
2019-11-26 20:00:00,94.0,94.1999969482422,92.37000274658205,93.76000213623048,1423500,83.93900044759114,1092676.6666666667,47.84444633518872,78.49694948998318,False,False
2019-11-27 20:00:00,94.41000366210938,94.75,93.75,94.12000274658205,865500,84.47233378092447,1086716.6666666667,49.885661098294,79.0196631865954,False,True
2019-11-29 20:00:00,94.88999938964844,95.0,93.81999969482422,94.16000366210938,700600,85.03000055948893,1087816.6666666667,51.81767973864122,79.08051397266074,False,True
2019-12-02 20:00:00,94.81999969482422,95.36000061035156,93.2699966430664,94.47000122070312,1198900,85.58700052897136,1099013.3333333333,52.99277427927958,79.574927527058,False,False
2019-12-03 20:00:00,94.1999969482422,94.63999938964844,92.6500015258789,94.0999984741211,1436700,86.10400060017903,1118530.0,53.4094732776798,77.22880845299346,False,False
2019-12-04 20:00:00,93.80999755859376,95.38999938964844,93.22000122070312,95.0,1344700,86.65366719563802,1135073.3333333333,53.99675626401285,78.86138414676502,False,False
2019-12-05 20:00:00,95.13999938964844,95.4499969482422,93.56999969482422,93.98999786376952,979700,87.18333384195964,1146220.0,54.55808087166089,72.57316906754265,False,True
2019-12-06 20:00:00,94.54000091552734,94.8499984741211,93.36000061035156,94.4800033569336,941500,87.74933395385742,1156976.6666666667,54.830521658183805,73.67009092735593,False,True
2019-12-09 20:00:00,94.5999984741211,95.44000244140624,94.36000061035156,94.79000091552734,954200,88.32400054931641,1163806.6666666667,55.265269304847074,74.3685097379429,False,True
2019-12-10 20:00:00,94.63999938964844,96.58999633789062,94.16000366210938,95.72000122070312,1186100,88.85266723632813,1155700.0,55.98644179672544,76.39171741492433,False,False
2019-12-11 20:00:00,96.0199966430664,96.79000091552734,94.47000122070312,94.93000030517578,946000,89.23866729736328,1118866.6666666667,56.707703001791636,71.24699060224039,False,True
2019-12-12 20:00:00,94.66999816894533,95.08000183105467,92.79000091552734,92.8499984741211,3144500,89.54500045776368,1191600.0,55.494553056950075,59.823282670660404,False,False
2019-12-13 20:00:00,91.58000183105467,92.52999877929688,89.16000366210938,91.51000213623048,1849700,89.79800059000651,1215203.3333333333,51.676256876895074,53.83465791324159,False,False
2019-12-16 20:00:00,91.61000061035156,93.3499984741211,91.61000061035156,92.66000366210938,1720500,90.10066731770833,1233170.0,48.561541270042845,57.74417351077283,False,False
2019-12-17 20:00:00,93.43000030517578,93.43000030517578,90.97000122070312,91.30999755859376,1421200,90.33000055948894,1244803.3333333333,45.289459104001004,52.1599120837016,False,False
2019-12-18 20:00:00,90.83999633789062,91.98999786376952,90.6999969482422,91.18000030517578,1445600,90.5650006612142,1266053.3333333333,42.09060005358532,51.64201451132994,False,False
2019-12-19 20:00:00,90.9000015258789,91.54000091552734,90.9000015258789,91.13999938964844,1488400,90.81366729736328,1286510.0,39.120230935342185,51.47265716072439,False,False
2019-12-20 20:00:00,92.01000213623048,92.04000091552734,89.41000366210938,90.0999984741211,4175500,91.05833384195964,1402220.0,37.17120278805169,47.14379379895085,True,False
2019-12-23 20:00:00,90.68000030517578,90.69000244140624,88.36000061035156,90.16000366210938,2324000,91.22700068155925,1450680.0,35.89814403804261,47.418563913704126,True,False
2019-12-24 20:00:00,90.47000122070312,91.54000091552734,89.93000030517578,91.43000030517578,526400,91.44600067138671,1449173.3333333333,34.12639538300348,52.98879652905335,True,True
2019-12-26 20:00:00,91.1999969482422,91.5199966430664,88.4800033569336,88.79000091552734,1057700,91.53433405558268,1452320.0,33.19713879616531,42.831273551214274,True,True
2019-12-27 20:00:00,89.16999816894531,89.22000122070312,87.29000091552734,88.38999938964844,1296300,91.5663340250651,1456326.6666666667,32.84481231244099,41.53220737212483,True,True
2019-12-30 20:00:00,88.2699966430664,88.80999755859375,87.61000061035156,88.05000305175781,733000,91.64166742960612,1443033.3333333333,32.51765200612555,40.41029337541118,True,True
2019-12-31 20:00:00,87.69999694824219,88.1500015258789,86.97000122070312,87.31999969482422,929800,91.66233418782552,1432796.6666666667,32.48796444114809,38.034608647997544,True,True
2020-01-02 20:00:00,86.91000366210938,87.97000122070312,85.36000061035156,85.97000122070312,1679600,91.61166763305664,1459046.6666666667,33.07429102467345,34.048181535287156,True,False
2020-01-03 20:00:00,76.1500015258789,78.0999984741211,75.16000366210938,77.9000015258789,5529300,91.2770009358724,1603873.3333333333,35.58172459727264,20.330553876814786,True,False
2020-01-06 20:00:00,77.2699966430664,77.43000030517578,75.5199966430664,77.33999633789062,2817200,90.89166742960612,1642020.0,37.91005577182903,19.736323884838413,True,False
2020-01-07 20:00:00,77.27999877929688,77.62000274658203,76.16000366210938,77.13999938964844,1536000,90.5163340250651,1658343.3333333333,39.95300552913839,19.516925831094447,True,True
2020-01-08 20:00:00,77.29000091552734,77.44999694824219,76.08000183105469,76.52999877929688,1698500,90.10966720581055,1656583.3333333333,41.86073354046647,18.829391518872335,True,False
2020-01-09 20:00:00,76.5,78.69000244140625,76.5,77.94999694824219,1977600,89.5746671040853,1644273.3333333333,42.804867177305844,25.41612522177104,True,False
2020-01-10 20:00:00,77.69999694824219,78.25,76.31999969482422,76.47000122070312,1204000,88.99833374023437,1636956.6666666667,43.71604830824035,23.294440055065678,True,True
2020-01-13 20:00:00,76.58000183105469,77.91999816894531,75.80999755859375,77.0999984741211,1938100,88.43100026448568,1672710.0,44.662934435415096,26.121609896834464,True,False
2020-01-14 20:00:00,77.37999725341797,81.63999938964844,77.0999984741211,81.47000122070312,2830600,88.00800018310547,1743710.0,43.30385772574492,42.07113658512118,True,False
2020-01-15 20:00:00,81.12000274658203,82.37999725341797,80.29000091552734,80.54000091552734,1105100,87.54366683959961,1740583.3333333333,41.67381450862723,40.08765969810392,True,True
2020-01-16 20:00:00,81.08000183105469,81.56999969482422,80.29000091552734,80.62000274658203,1343500,87.09433364868164,1737476.6666666667,40.16020294987509,40.348195854463334,True,True
2020-01-17 20:00:00,80.9800033569336,81.11000061035156,80.05000305175781,80.5,1418500,86.6110003153483,1739936.6666666667,38.840992821024074,40.06673911126489,True,True
2020-01-21 20:00:00,80.16999816894531,80.26000213623047,78.45999908447266,78.6500015258789,1228500,86.09966710408528,1748230.0,38.162998612843744,35.90815494471394,True,True
2020-01-22 20:00:00,78.83000183105469,79.52999877929688,78.22000122070312,78.4800033569336,845400,85.56633377075195,1745026.6666666667,37.612396524226675,35.54308658557923,True,True
2020-01-23 20:00:00,78.56999969482422,78.93000030517578,77.44999694824219,78.23999786376953,1167100,85.01466700236003,1752123.3333333333,37.355913557302344,35.00203825664721,True,True
2020-01-24 20:00:00,78.1500015258789,78.76000213623047,75.83000183105469,76.73999786376953,1299000,84.38200022379557,1755886.6666666667,37.60840431629647,31.74915924545698,True,True
2020-01-27 20:00:00,75.68000030517578,76.43000030517578,75.23999786376953,76.06999969482422,1097500,83.75333353678386,1760936.6666666667,38.00850290761365,30.390593091034052,True,True
2020-01-28 20:00:00,79.0,79.05999755859375,75.37000274658203,76.45999908447266,2016300,83.20700022379557,1723330.0,36.758823386779504,32.20901844830004,True,False
2020-01-29 20:00:00,76.08999633789062,76.3499984741211,74.81999969482422,74.98999786376953,1270200,82.65633341471354,1704013.3333333333,35.794076264921635,29.12104889067615,True,True
2020-01-30 20:00:00,74.55000305175781,74.55000305175781,72.97000122070312,73.13999938964844,1482000,82.0056666056315,1696063.3333333333,35.50664524695015,25.77226947166026,True,True
2020-01-31 20:00:00,72.55000305175781,73.5999984741211,71.83999633789062,73.06999969482422,1480100,81.3976666768392,1698026.6666666667,35.57133039214564,25.652067563121495,True,True
2020-02-03 20:00:00,73.94999694824219,74.0999984741211,72.56999969482422,72.94000244140625,1258200,80.78966674804687,1691780.0,35.3254164298309,25.41500032902239,True,True
2020-02-04 20:00:00,73.7300033569336,74.5199966430664,73.0,73.87999725341797,1066800,80.21433334350586,1677726.6666666667,34.836373461059544,30.42220971857444,True,True
2020-02-05 20:00:00,74.55999755859375,77.33000183105469,74.5,76.0,1384700,79.7443333943685,1584700.0,32.85897196698759,40.1768100156086,True,True
2020-02-06 20:00:00,76.19000244140625,76.19000244140625,74.66000366210938,75.80999755859375,906800,79.26599985758463,1537460.0,31.022813436777913,39.64041530860939,True,True
2020-02-07 20:00:00,75.66000366210938,75.73999786376953,74.08000183105469,74.13999938964844,843100,78.68966649373372,1548016.6666666667,29.571257274672742,35.19300789026801,True,True
2020-02-10 20:00:00,73.66000366210938,75.26000213623047,73.51000213623047,75.11000061035156,849700,78.2336664835612,1541083.3333333333,28.471341006264165,39.44287123046293,True,True
2020-02-11 20:00:00,75.27999877929688,76.77999877929688,75.16000366210938,76.13999938964844,985500,77.82533315022786,1530723.3333333333,26.630995490437467,43.66725284097227,True,True
2020-02-12 20:00:00,76.4000015258789,77.16000366210938,75.25,75.83000183105469,2120000,77.41799977620443,1576956.6666666667,24.728967599992437,42.701758190790315,True,False
2020-02-13 20:00:00,77.5999984741211,78.44000244140625,75.01000213623047,78.05000305175781,2227400,77.10899988810222,1620210.0,23.585112476257137,51.04887188349688,False,False
2020-02-14 20:00:00,78.01000213623047,78.45999908447266,77.44999694824219,78.44999694824219,1370200,76.85833307902018,1609896.6666666667,22.532510178309103,52.39453599522591,False,True
2020-02-18 20:00:00,79.0,79.33000183105469,78.12999725341797,79.30000305175781,1209900,76.90499979654948,1465916.6666666667,21.973157599781036,55.21218690437066,False,True
2020-02-19 20:00:00,79.69000244140625,82.58999633789062,79.63999938964844,82.41999816894531,1895400,77.07433319091797,1435190.0,22.707584006683476,63.704083602034714,False,False
2020-02-20 20:00:00,82.0,83.12000274658203,80.93000030517578,82.7699966430664,2653300,77.2619997660319,1472433.3333333333,23.55783766866934,64.5168466922191,False,False
2020-02-21 20:00:00,82.27999877929688,82.73999786376953,80.37999725341797,80.88999938964844,1414000,77.40733311971029,1462950.0,23.987640704463598,57.118136985815084,False,True
2020-02-24 20:00:00,79.87999725341797,80.30999755859375,77.41999816894531,78.87000274658203,1366400,77.43799997965495,1442576.6666666667,22.737503134354494,50.42667106690774,False,True
2020-02-25 20:00:00,79.05999755859375,79.69000244140625,76.7699966430664,77.31999969482422,2174600,77.46633326212564,1474930.0,21.269097386371488,45.97581769112073,True,False
2020-02-26 20:00:00,78.05999755859375,79.22000122070312,76.97000122070312,77.97000122070312,1442300,77.49533335367839,1458403.3333333333,19.905577763244413,48.04673308695268,False,True
2020-02-27 20:00:00,76.94999694824219,78.37999725341797,75.63999938964844,75.83999633789062,1641700,77.3076665242513,1418773.3333333333,18.967080866331145,42.3215819767135,True,False
2020-02-28 20:00:00,73.69000244140625,76.44000244140625,73.5,75.41000366210938,2525000,77.13666661580403,1466103.3333333333,18.972881582899255,41.252913834889405,True,False
2020-03-02 20:00:00,75.7300033569336,79.0999984741211,75.3499984741211,79.05999755859375,2261300,77.0846664428711,1496696.6666666667,17.70358494694495,52.270441509621904,False,False
2020-03-03 20:00:00,78.55000305175781,79.7699966430664,76.62999725341797,77.80000305175781,1939400,76.99466654459636,1514060.0,16.635582322669862,48.86365465849414,False,False
2020-03-04 20:00:00,79.1500015258789,80.23999786376953,77.8499984741211,80.16000366210938,2043800,77.04499994913736,1541236.6666666667,15.843027234471291,54.80527247594515,False,False
2020-03-05 20:00:00,78.3499984741211,80.1500015258789,78.0,78.61000061035156,1430200,77.04933319091796,1560730.0,15.107083224001192,50.64327394876421,False,True
2020-03-06 20:00:00,75.18000030517578,76.9000015258789,74.81999969482422,76.04000091552734,1800100,76.9759999593099,1581830.0,15.01684977981031,44.59598716841418,True,False
2020-03-08 20:00:00,72.47000122070312,73.48999786376953,71.0199966430664,71.08999633789062,2063100,76.78766657511393,1607300.0,16.10951922501713,35.743046247831366,True,False
2020-03-09 20:00:00,72.69000244140625,74.31999969482422,70.2699966430664,74.30999755859375,2933100,76.72899983723958,1668486.6666666667,16.723589038833897,43.58812707198808,True,False
2020-03-10 20:00:00,72.18000030517578,73.88999938964844,70.97000122070312,71.9000015258789,2347100,76.57699991861979,1679513.3333333333,17.29379672309232,39.68306884048054,True,False
2020-03-11 20:00:00,68.1500015258789,71.54000091552734,67.93000030517578,68.0199966430664,4007600,76.34466654459635,1770760.0,18.65442597983796,34.34777287201639,True,False
2020-03-12 20:00:00,69.55000305175781,74.0,69.55000305175781,73.83999633789062,3552500,76.36799977620443,1839776.6666666667,18.761948997349833,46.06221800654793,True,False
2020-03-15 20:00:00,67.94999694824219,75.33999633789062,67.12999725341797,71.5999984741211,3589000,76.31899973551432,1910073.3333333333,19.498798087893906,42.89017271206071,True,False
2020-03-16 20:00:00,73.11000061035156,76.4800033569336,69.86000061035156,70.37000274658203,3429600,76.23333307902018,1982453.3333333333,19.688577601661716,41.21191737787233,True,False
2020-03-17 20:00:00,67.9000015258789,72.87000274658203,63.34999847412109,66.9000015258789,2667800,76.00066655476888,2035820.0,21.243786558822162,36.833168590620765,True,False
2020-03-18 20:00:00,66.30000305175781,67.80999755859375,63.95000076293945,66.51000213623047,2650700,75.68433329264323,2078020.0,22.687909161899718,36.365502601638504,True,False
2020-03-19 20:00:00,67.26000213623047,72.41999816894531,66.51000213623047,66.95999908447266,2726500,75.38933334350585,2138676.6666666665,22.319065706292438,37.3538764221168,True,False
2020-03-22 20:00:00,67.69999694824219,68.5999984741211,62.47999954223633,63.18000030517578,2447200,75.0240000406901,2192146.6666666665,22.78609143893377,32.752016138459744,True,False
2020-03-23 20:00:00,65.38999938964844,68.02999877929688,63.290000915527344,67.43000030517578,2794000,74.76800003051758,2256956.6666666665,23.21975819067215,41.48122581407718,True,False
2020-03-24 20:00:00,66.75,71.4800033569336,65.70999908447266,69.58999633789062,2500100,74.54966659545899,2307443.3333333335,22.51747430105971,45.363007855121715,True,False
2020-03-25 20:00:00,68.69999694824219,73.27999877929688,68.69999694824219,73.05000305175781,1855700,74.45699996948242,2298633.3333333335,21.353558211466943,50.973204746034725,True,True
2020-03-26 20:00:00,71.19999694824219,72.16000366210938,68.55000305175781,68.95999908447266,1463900,74.15399983723958,2273183.3333333335,20.310550034089278,45.08053798490698,True,True
2020-03-29 20:00:00,70.19999694824219,72.52999877929688,69.25,72.16999816894531,2023200,73.94466654459636,2294950.0,19.229508202949265,49.969028136892966,True,True
2020-03-30 20:00:00,71.44000244140625,73.88999938964844,70.5199966430664,73.2300033569336,1695300,73.74233322143554,2311130.0,17.900924691352962,51.504142992601075,True,True
2020-03-31 20:00:00,72.05000305175781,74.83999633789062,71.52999877929688,74.18000030517578,1966300,73.46766662597656,2313493.3333333335,16.95020843444985,52.899003983865775,False,True
2020-04-01 20:00:00,73.51000213623047,77.41999816894531,73.51000213623047,77.06999969482422,1513500,73.27766672770183,2275500.0,16.779032278265543,56.95509992173767,False,True
2020-04-02 20:00:00,77.58999633789062,79.48999786376953,77.23999786376953,78.58999633789062,2222200,73.2009999593099,2302440.0,17.125182862413947,58.95701929455327,False,True
2020-04-05 20:00:00,80.55000305175781,85.25,80.25,85.11000061035156,3234100,73.40899988810222,2364696.6666666665,18.55906717092089,66.21531540838554,False,False
2020-04-06 20:00:00,86.20999908447266,87.8499984741211,85.12999725341797,86.66000366210938,2971500,73.72033335367838,2391260.0,20.285676909694445,67.67868545245798,False,False
2020-04-07 20:00:00,86.73999786376953,88.58999633789062,85.94999694824219,87.75,2086000,74.04633331298828,2412716.6666666665,21.996500158687876,68.7052424140973,False,True
2020-04-08 20:00:00,87.33999633789062,87.98999786376953,85.16999816894531,86.80999755859375,1810500,74.41200002034505,2418343.3333333335,23.286569299166565,66.73668848995322,False,True
2020-04-12 20:00:00,85.68000030517578,88.23999786376953,85.68000030517578,88.01000213623047,1452100,74.83199996948242,2382580.0,24.526892689883528,67.99730389943413,False,True
2020-04-13 20:00:00,88.23999786376953,91.73999786376952,88.23999786376953,91.27999877929688,1937700,75.23933334350586,2371793.3333333335,26.229352516727793,71.2002851988318,False,True
2020-04-14 20:00:00,89.22000122070312,91.79000091552734,88.93000030517578,90.9499969482422,1642200,75.67766647338867,2361886.6666666665,27.817565867099045,70.43415100533721,False,True
2020-04-15 20:00:00,91.98999786376952,96.13999938964844,91.43000030517578,95.66000366210938,3501100,76.19433314005533,2410463.3333333335,29.871962479520906,74.63011266441738,False,False
2020-04-16 20:00:00,97.83000183105467,100.2699966430664,96.16000366210938,100.0,3859300,76.90733311971029,2491433.3333333335,32.209701375209306,77.76189426171466,False,False
2020-04-19 20:00:00,99.8000030517578,102.41999816894533,99.3000030517578,101.19000244140624,2422600,77.74566650390625,2512183.3333333335,34.57315920817829,78.54399894037068,False,True
2020-04-20 20:00:00,99.5,100.75,97.9000015258789,99.45999908447266,2620700,78.69133326212565,2530770.0,36.19930488969637,74.44492308353163,False,False
2020-04-21 20:00:00,100.29000091552734,101.98999786376952,99.55999755859376,100.97000122070312,1612300,79.58000005086264,2486743.3333333335,37.84309935690182,75.63992044923069,False,True
2020-04-22 20:00:00,101.41000366210938,104.1999969482422,100.5500030517578,101.9000015258789,1262700,80.58000005086264,2450596.6666666665,39.595932133217765,76.37273391396351,False,True
2020-04-23 20:00:00,102.73999786376952,103.95999908447266,101.61000061035156,103.4800033569336,1535500,81.7620002746582,2368193.3333333335,41.22356256836828,77.6053240917544,False,True
2020-04-26 20:00:00,104.0,104.80999755859376,102.4000015258789,102.9800033569336,1249700,82.73333384195963,2291433.3333333335,42.824972255167374,76.2496963542584,False,True
2020-04-27 20:00:00,104.27999877929688,104.36000061035156,96.6999969482422,97.66999816894533,2779100,83.6023338317871,2264436.6666666665,42.03448301303985,63.55290553931196,False,False
2020-04-28 20:00:00,98.13999938964844,98.94000244140624,95.18000030517578,95.95999908447266,1779900,84.4553337097168,2209446.6666666665,40.80174916270807,60.08318566997095,False,True
2020-04-29 20:00:00,95.69000244140624,98.3499984741211,95.02999877929688,97.66000366210938,1564300,85.48066711425781,2172663.3333333335,39.607156343663384,62.28754650563777,False,True
2020-04-30 20:00:00,97.25,98.20999908447266,96.1999969482422,97.3000030517578,1279300,86.50700047810872,2126950.0,38.49789158312189,61.512851947987414,False,True
2020-05-03 20:00:00,97.70999908447266,101.37999725341795,97.70999908447266,100.98999786376952,1502100,87.64133377075196,2086136.6666666667,38.12236571948704,66.15887419312891,False,True
2020-05-04 20:00:00,99.3499984741211,100.5199966430664,97.01000213623048,98.81999969482422,1850100,88.8293337504069,2066233.3333333333,37.508134243132744,61.46017500645314,False,True
2020-05-05 20:00:00,96.83999633789062,97.87000274658205,95.37999725341795,96.08000183105467,1556900,89.78433380126953,2024996.6666666667,36.33281094372796,56.04739350226576,False,True
2020-05-06 20:00:00,97.16000366210938,97.81999969482422,95.5999984741211,96.47000122070312,1327300,90.68033396402994,1985903.3333333333,35.24143930856637,56.63283848417956,False,True
2020-05-07 20:00:00,96.87999725341795,96.93000030517578,94.66999816894533,95.91999816894533,1198600,91.44266713460287,1964000.0,33.869407862153984,55.509895470096495,False,True
2020-05-10 20:00:00,96.08999633789062,99.6500015258789,95.66000366210938,99.33000183105467,1534400,92.45500055948894,1966350.0,33.288339531569186,60.71141470551541,False,True
2020-05-11 20:00:00,100.0,100.13999938964844,96.73999786376952,96.73999786376952,1618100,93.27400054931641,1952846.6666666667,32.865073491457956,55.41230104222843,False,True
2020-05-12 20:00:00,96.9800033569336,98.66000366210938,95.33000183105467,96.4499969482422,1648900,94.04800033569336,1951300.0,31.893296661672448,54.83516833664706,False,True
2020-05-13 20:00:00,95.8499984741211,96.51000213623048,93.86000061035156,94.83000183105467,1085500,94.73633371988932,1921940.0,30.423044879192418,51.60195279180944,False,True
2020-05-14 20:00:00,94.08999633789062,96.1500015258789,93.22000122070312,96.12000274658205,1228800,95.37133382161458,1912450.0,28.816831660742825,53.93134187555793,False,True
2020-05-17 20:00:00,97.87999725341795,98.80999755859376,96.26000213623048,96.45999908447266,1160200,95.96700057983398,1877050.0,28.110896323917665,54.5522050738704,False,True
2020-05-18 20:00:00,97.33000183105467,97.4800033569336,94.36000061035156,94.91999816894533,961700,96.29400049845377,1801303.3333333333,26.740449007919267,51.18721869278215,True,True
2020-05-19 20:00:00,95.43000030517578,98.48999786376952,93.63999938964844,98.31999969482422,1765700,96.6826670328776,1761110.0,25.766895545229097,57.43049326365154,False,False
2020-05-20 20:00:00,98.48999786376952,98.93000030517578,96.97000122070312,98.68000030517578,1462600,97.04700037638347,1740330.0,24.99388988807962,58.042418183444,False,True
2020-05-21 20:00:00,97.66999816894533,99.8000030517578,97.4499969482422,99.37000274658205,1320500,97.46566721598307,1723996.6666666667,24.53742860230356,59.25146628960606,False,True
2020-05-25 20:00:00,100.41000366210938,101.87999725341795,98.11000061035156,98.68000030517578,3190300,97.82133382161459,1781936.6666666667,24.693272714461155,57.46808367013658,False,False
2020-05-26 20:00:00,98.7300033569336,99.80999755859376,96.62000274658205,98.22000122070312,2432600,98.05266723632812,1798433.3333333333,24.19148935275982,56.25251802238772,False,False
2020-05-27 20:00:00,98.36000061035156,102.9800033569336,98.0199966430664,100.5500030517578,1659500,98.37266743977865,1799010.0,24.552589881670126,60.778005389884484,False,True
2020-05-28 20:00:00,101.20999908447266,102.56999969482422,99.56999969482422,101.91000366210938,3120400,98.58100077311198,1786320.0,24.88789751565827,63.17269773902948,False,False
2020-05-31 20:00:00,101.6999969482422,102.58000183105467,100.5199966430664,101.75,1345200,98.63933410644532,1702516.6666666667,25.201854074038142,62.687768507240584,False,True
2020-06-01 20:00:00,101.12000274658205,102.16999816894533,99.16999816894533,100.9000015258789,1902000,98.62966740926107,1685163.3333333333,24.851002602072093,60.050592334174944,False,False
2020-06-02 20:00:00,100.80999755859376,100.80999755859376,97.5500030517578,98.83000183105467,1630000,98.60866750081381,1652140.0,23.81651535391321,54.08355961538944,False,True
2020-06-03 20:00:00,98.19000244140624,99.3499984741211,93.4800033569336,93.8000030517578,1528700,98.36966756184896,1649353.3333333333,22.813071433480268,42.922439085242864,True,True
2020-06-04 20:00:00,93.16999816894533,96.31999969482422,90.16999816894533,93.51000213623048,1599700,98.09000091552734,1660586.6666666667,22.76929432792817,42.379421706224655,True,True
2020-06-07 20:00:00,91.87000274658205,94.5999984741211,91.0500030517578,94.58000183105467,1387500,97.79333419799805,1655653.3333333333,22.728644158486933,45.13730232696314,True,True
2020-06-08 20:00:00,95.08999633789062,95.16999816894533,92.5,93.0,1199000,97.46066741943359,1653963.3333333333,22.45714928858499,41.944776939985026,True,True
2020-06-09 20:00:00,94.19000244140624,95.04000091552734,92.97000122070312,93.04000091552734,1318300,97.306334177653,1605270.0,22.205046909390326,42.05651481249162,True,True
2020-06-10 20:00:00,93.38999938964844,93.87999725341795,90.68000030517578,90.80999755859376,1934600,97.1346674601237,1610426.6666666667,22.613362704876035,37.70016613567673,True,False
2020-06-11 20:00:00,92.3499984741211,93.69000244140624,89.95999908447266,92.06999969482422,1079800,96.94833399454753,1594276.6666666667,23.178899618420747,41.39403618808498,True,True
2020-06-14 20:00:00,90.48999786376952,93.9499969482422,90.47000122070312,93.51000213623048,1281600,96.82200063069662,1594353.3333333333,23.574601795106908,45.37991189142693,True,True
2020-06-15 20:00:00,94.4499969482422,95.61000061035156,93.30999755859376,95.52999877929688,1175000,96.64000066121419,1583450.0,23.140862572954536,50.468906146851566,True,True
2020-06-16 20:00:00,96.23999786376952,97.2699966430664,95.0,96.27999877929688,962300,96.55533396402994,1553856.6666666667,22.018057510024857,52.24787192633108,True,True
2020-06-17 20:00:00,96.27999877929688,97.93000030517578,95.86000061035156,97.36000061035156,999500,96.5980005900065,1535276.6666666667,20.70358170388196,54.76723479812369,False,True
2020-06-18 20:00:00,98.33999633789062,106.26000213623048,97.83000183105467,105.4000015258789,3731800,96.8956672668457,1615426.6666666667,21.372255661331724,68.21252793909865,False,False
2020-06-21 20:00:00,104.83999633789062,109.13999938964844,104.38999938964844,108.93000030517578,2497400,97.32933400472005,1658720.0,22.53247272374915,72.1296151692586,False,False
2020-06-22 20:00:00,109.45999908447266,110.25,106.02999877929688,106.5199966430664,1945600,97.56900049845378,1672426.6666666667,23.800932958337107,66.13746578115742,False,False
2020-06-23 20:00:00,105.6500015258789,107.86000061035156,104.0,104.33000183105467,1636800,97.82200063069662,1673050.0,24.19826238021867,61.16489135069983,False,True
2020-06-24 20:00:00,105.08000183105467,106.06999969482422,103.6500015258789,105.9499969482422,1315400,98.13866729736328,1661933.3333333333,24.435479790236975,63.35946829722037,False,True
2020-06-25 20:00:00,105.3000030517578,105.56999969482422,100.8000030517578,101.43000030517578,2124000,98.35866724650064,1696550.0,23.64357417712836,54.162692053251085,False,False
2020-06-28 20:00:00,101.4800033569336,103.87000274658205,100.08000183105467,102.4800033569336,1075700,98.5706672668457,1691446.6666666667,22.67063892220053,55.76885431435926,False,True
2020-06-29 20:00:00,102.52999877929688,104.52999877929688,101.66999816894533,103.97000122070312,1131600,98.82100067138671,1690493.3333333333,21.948142738729807,58.016995575927965,False,True
2020-06-30 20:00:00,103.98999786376952,104.62000274658205,101.33000183105467,102.6500015258789,1312600,99.07866744995117,1702190.0,21.15361209852556,55.33376203341837,False,True
2020-07-01 20:00:00,102.81999969482422,107.37999725341795,102.5199966430664,106.47000122070312,1438200,99.35033416748047,1691273.3333333333,21.17071053912705,60.9607828333189,False,True
2020-07-05 20:00:00,106.58000183105467,108.4800033569336,105.5199966430664,107.79000091552734,1364900,99.65400085449218,1688016.6666666667,21.458367315005592,62.709011459378786,False,True
2020-07-06 20:00:00,107.7300033569336,110.37000274658205,106.87000274658205,108.6500015258789,1601900,99.96333414713541,1697396.6666666667,22.16468271726926,63.84500292742047,False,True
2020-07-07 20:00:00,108.55999755859376,109.5500030517578,107.37000274658205,108.2699966430664,735600,100.28300069173177,1615573.3333333333,22.82054701937124,62.93273401868742,False,True
2020-07-08 20:00:00,108.0,109.19000244140624,105.48999786376952,107.87000274658205,1020100,100.60466740926107,1568490.0,22.616933182640505,61.92963602685547,False,True
2020-07-09 20:00:00,107.73999786376952,108.16999816894533,104.54000091552734,104.76000213623048,794600,100.74500071207682,1539660.0,22.042126252827792,54.63757980314937,False,True
2020-07-12 20:00:00,104.5199966430664,105.0,100.0199966430664,100.55999755859376,1478900,100.7000005086263,1484943.3333333333,20.960755542263893,46.64902804675394,True,True
2020-07-13 20:00:00,100.1999969482422,103.2300033569336,97.83000183105467,103.0199966430664,1684900,100.74233373006184,1496266.6666666667,20.54899325764971,51.1538421417803,False,False
2020-07-14 20:00:00,103.26000213623048,104.97000122070312,102.58999633789062,104.25,1790200,100.85400034586588,1492540.0,19.583892958841297,53.27811793771694,False,False
2020-07-15 20:00:00,103.83000183105467,103.83000183105467,99.8499984741211,101.58000183105467,938700,100.94566701253255,1469496.6666666667,19.39972740036247,48.36146769504543,False,True
2020-07-16 20:00:00,102.31999969482422,104.58000183105467,100.95999908447266,104.11000061035156,2503600,101.28933359781901,1501993.3333333333,18.972645981068702,52.80576797834168,False,False
2020-07-19 20:00:00,105.19000244140624,110.01000213623048,105.01000213623048,109.69000244140624,1388400,101.82866694132487,1494950.0,18.221035018893286,60.81587580351706,False,True
2020-07-20 20:00:00,109.66999816894533,109.66999816894533,106.45999908447266,106.6500015258789,1077400,102.23100026448567,1484613.3333333333,17.523110554016114,55.308261689045004,False,True
2020-07-21 20:00:00,107.05999755859376,107.73999786376952,104.0500030517578,105.37000274658205,804200,102.64333368937174,1471453.3333333333,16.367336039572162,53.12664014225466,False,True
2020-07-22 20:00:00,106.33000183105467,107.08999633789062,101.41000366210938,101.68000030517578,1154100,102.9313336690267,1465980.0,15.972497721457106,47.33057845611116,True,True
2020-07-23 20:00:00,100.72000122070312,101.41999816894533,98.29000091552734,99.41999816894533,852300,103.21833368937175,1429903.3333333333,16.3009765508499,44.153331273685566,True,True
2020-07-26 20:00:00,100.1500015258789,102.68000030517578,100.1500015258789,102.08999633789062,1038200,103.55233357747396,1428516.6666666667,16.215702508261558,48.54773995654346,True,True
2020-07-27 20:00:00,101.76000213623048,102.31999969482422,100.1999969482422,100.61000061035156,732200,103.789000193278,1410203.3333333333,16.13651946871524,46.36967223307016,True,True
2020-07-28 20:00:00,101.08999633789062,101.5500030517578,97.8000030517578,98.04000091552734,986300,103.87266693115234,1403913.3333333333,16.61479906291733,42.780414506353466,True,True
2020-07-29 20:00:00,97.31999969482422,100.97000122070312,97.12999725341795,100.51000213623048,1431000,104.01366704305013,1419536.6666666667,17.20570079401411,47.024593534338095,True,False
2020-07-30 20:00:00,100.38999938964844,101.1500015258789,98.05999755859376,98.76000213623048,1115400,104.06033376057943,1423400.0,17.68619098825515,44.50580771788973,True,True
2020-08-02 20:00:00,100.9499969482422,102.61000061035156,98.9000015258789,101.79000091552734,1942800,103.94000040690104,1363766.6666666667,17.578162338715625,49.54498478006531,True,False
2020-08-03 20:00:00,101.0,101.95999908447266,96.88999938964844,99.9499969482422,1977700,103.64066696166992,1346443.3333333333,17.98640730360898,46.76770802187028,True,False
2020-08-04 20:00:00,100.0,101.0,96.25,97.62000274658205,1390000,103.34400049845378,1327923.3333333333,18.520548984673322,43.446507513849575,True,False
2020-08-05 20:00:00,97.8000030517578,98.5,96.91999816894533,97.25,964200,103.10800043741862,1305503.3333333333,19.01653768851878,42.92519745883078,True,True
2020-08-06 20:00:00,97.25,98.3499984741211,95.93000030517578,96.93000030517578,760500,102.80733388264974,1287006.6666666667,19.73433945532654,42.4507848162465,True,True
2020-08-09 20:00:00,96.76000213623048,97.16000366210938,92.94000244140624,94.31999969482422,1208100,102.5703338623047,1256476.6666666667,21.088986437068478,38.694417968370225,True,True
2020-08-10 20:00:00,94.12000274658205,95.05999755859376,92.83999633789062,92.9800033569336,1571300,102.25366719563802,1272996.6666666667,22.368188245302388,36.88959801410074,True,False
2020-08-11 20:00:00,93.0500030517578,94.8000030517578,93.01000213623048,94.22000122070312,739000,101.92866719563803,1259910.0,23.556018495805308,39.6928144776773,True,True
2020-08-12 20:00:00,94.58999633789062,95.58999633789062,94.27999877929688,95.55999755859376,513100,101.69233373006185,1233260.0,24.23511488169964,42.65698750642825,True,True
2020-08-13 20:00:00,95.62000274658205,96.41999816894533,94.27999877929688,94.87000274658205,900700,101.30566711425782,1215343.3333333333,24.427724383864255,41.52517913391678,True,True
2020-08-16 20:00:00,95.3000030517578,97.8000030517578,95.3000030517578,97.4800033569336,1058600,100.96200052897136,1205133.3333333333,23.9155096934765,47.22890084203728,True,True
2020-08-17 20:00:00,97.51000213623048,97.97000122070312,96.1500015258789,97.55999755859376,962700,100.59233373006185,1183826.6666666667,23.356038834077975,47.39825356113263,True,True
2020-08-18 20:00:00,96.95999908447266,98.1999969482422,96.16000366210938,96.2699966430664,1208300,100.19233373006185,1199583.3333333333,22.717332264033494,44.896062429475805,True,False
2020-08-19 20:00:00,96.0500030517578,96.0999984741211,94.4800033569336,95.52999877929688,921600,99.78100026448568,1196300.0,22.745328974534207,43.47813444913138,True,True
2020-08-20 20:00:00,95.5,95.69000244140624,93.3499984741211,94.11000061035156,2559600,99.42600021362304,1255133.3333333333,23.14780151052177,40.814340060212004,True,False
2020-08-23 20:00:00,94.55999755859376,94.9499969482422,92.94000244140624,94.04000091552734,849600,99.2086669921875,1234156.6666666667,23.65497107421891,40.682020102233885,True,True
2020-08-24 20:00:00,94.04000091552734,95.45999908447266,93.5999984741211,95.30999755859376,583900,98.95166702270508,1197456.6666666667,23.81179128262869,44.21561175363834,True,True
2020-08-25 20:00:00,94.0199966430664,94.93000030517578,92.93000030517578,93.75,687700,98.60166702270507,1160706.6666666667,24.198876864838642,40.98585347690448,True,True
2020-08-26 20:00:00,94.41000366210938,95.48999786376952,93.5,94.3000030517578,744100,98.35900039672852,1154220.0,24.19444308188734,42.578412155987245,True,True
2020-08-27 20:00:00,94.12999725341795,94.55999755859376,93.55999755859376,93.9000015258789,675700,98.01866709391275,1093290.0,24.190325997718276,41.69710668615615,True,True
2020-08-30 20:00:00,93.79000091552734,96.76000213623048,93.5,96.3499984741211,876500,97.57400029500326,1076226.6666666667,22.836448304689267,48.70092848229781,True,True
2020-08-31 20:00:00,95.62000274658205,95.95999908447266,92.26000213623048,92.97000122070312,980400,97.11800028483073,1072993.3333333333,22.151922955217497,41.325336753105304,True,True
2020-09-01 20:00:00,93.08999633789062,95.51000213623048,92.7699966430664,95.44000244140624,807200,96.7870002746582,1073093.3333333333,21.516292273565142,47.57380375003057,True,True
2020-09-02 20:00:00,95.9800033569336,95.9800033569336,90.61000061035156,91.56999969482422,1515300,96.45000025431315,1085133.3333333333,21.83049319522896,40.32740907791767,True,False
2020-09-03 20:00:00,91.62999725341795,91.66000366210938,88.9000015258789,90.48999786376952,962500,96.15233357747395,1088806.6666666667,22.70790350843598,38.56213136172784,True,True
2020-09-07 20:00:00,88.94000244140625,91.30999755859376,88.68000030517578,89.7300033569336,1093100,95.74033381144206,1090636.6666666667,23.593715006743395,37.32398670121967,True,False
2020-09-08 20:00:00,90.1999969482422,92.08999633789062,89.08999633789062,91.51000213623048,1078000,95.43700052897135,1102163.3333333333,23.890107893406014,42.019531758698776,True,True
2020-09-09 20:00:00,90.83000183105467,91.9499969482422,88.0,88.26000213623047,900100,95.11100056966146,1099290.0,24.556683657198196,36.62438428532817,True,True
2020-09-10 20:00:00,89.04000091552734,90.3499984741211,87.41000366210938,88.0,803400,94.69400049845378,1078370.0,25.377552420064415,36.22368097456365,True,True
2020-09-13 20:00:00,91.0,94.5500030517578,90.05000305175781,93.1500015258789,1429100,94.50700047810872,1088826.6666666667,23.758891550315298,48.29151969743283,True,False
2020-09-14 20:00:00,93.5,93.6999969482422,90.98999786376952,91.43000030517578,857500,94.16166712443034,1052650.0,22.25584931411969,45.2143435410855,True,True
2020-09-15 20:00:00,92.5999984741211,92.98999786376952,89.8499984741211,89.94000244140625,1059100,93.82800064086913,1022030.0,21.357725099288523,42.67734369698161,True,False
2020-09-16 20:00:00,86.62000274658203,91.11000061035156,86.5,90.41999816894533,1392700,93.58800048828125,1022120.0,21.715542482810328,43.77188991952236,True,False
2020-09-17 20:00:00,90.76000213623048,91.0,85.6500015258789,86.79000091552734,3301700,93.23933385213216,1100036.6666666667,22.300538109388523,37.88097728260612,True,False
2020-09-20 20:00:00,86.37000274658203,86.77999877929688,84.80999755859375,85.38999938964844,1472200,92.85466715494792,1123760.0,23.087342833261182,35.87561197336749,True,False
2020-09-21 20:00:00,85.87999725341797,87.08999633789062,84.9000015258789,86.93000030517578,954400,92.60833384195963,1115303.3333333333,23.63730918873421,39.659664834506344,True,True
2020-09-22 20:00:00,86.69999694824219,87.91000366210938,85.7699966430664,85.97000122070312,935700,92.37466710408529,1094116.6666666667,23.669053947467955,38.148385823735445,True,True
2020-09-23 20:00:00,84.98999786376953,85.30999755859375,82.9800033569336,85.06999969482422,1035700,92.06966705322266,1104006.6666666667,24.55610167630283,36.73508763746223,True,True
2020-09-24 20:00:00,84.68000030517578,87.3499984741211,84.05999755859375,86.55000305175781,1378100,91.76933390299479,1132840.0,24.30336207895206,40.63026202233588,True,False
2020-09-27 20:00:00,87.70999908447266,90.4499969482422,87.37000274658203,90.36000061035156,1445300,91.61900049845377,1150993.3333333333,22.742505549606268,49.28658635460905,True,False
2020-09-28 20:00:00,90.22000122070312,90.4800033569336,87.26000213623047,87.43000030517578,1136900,91.28400039672852,1153603.3333333333,21.333750440598177,43.97633507263157,True,True
2020-09-29 20:00:00,87.87000274658203,90.79000091552734,87.87000274658203,89.73999786376953,1333600,91.02333374023438,1165966.6666666667,19.897716831616698,48.67172377947879,True,False
2020-09-30 20:00:00,90.0999984741211,93.08000183105467,89.9800033569336,92.43000030517578,1280500,90.89533386230468,1168373.3333333333,19.267025441994882,53.55351014460016,False,False
2020-10-01 20:00:00,91.19000244140624,91.91000366210938,87.25,88.75,1261300,90.6693339029948,1179696.6666666667,18.17060606272612,46.97179461200614,True,False
2020-10-04 20:00:00,89.26000213623047,92.4499969482422,89.26000213623047,92.3000030517578,1095700,90.60900065104167,1130900.0,16.94513673651012,52.97576400177866,False,True
2020-10-05 20:00:00,91.97000122070312,92.33999633789062,88.31999969482422,88.5999984741211,1094100,90.42766723632812,1139050.0,16.159068274840383,47.00251212577513,True,True
2020-10-06 20:00:00,89.68000030517578,91.18000030517578,88.62000274658203,90.4499969482422,925300,90.26566721598307,1150430.0,15.429147560432769,50.03601533049695,False,True
2020-10-07 20:00:00,90.70999908447266,93.22000122070312,90.08999633789062,92.77999877929688,1127000,90.23333384195963,1165073.3333333333,14.7451021082706,53.63553077866226,False,True
2020-10-08 20:00:00,92.98999786376952,96.77999877929688,92.5999984741211,95.73999786376952,1583900,90.2813336690267,1193066.6666666667,15.273345556681901,57.795287388139485,False,False
2020-10-11 20:00:00,97.02999877929688,98.47000122070312,95.58000183105467,97.6999969482422,1240200,90.40800018310547,1211883.3333333333,16.215773300186388,60.33310172052329,False,False
2020-10-12 20:00:00,97.26000213623048,98.12000274658205,96.08999633789062,97.08000183105467,1033300,90.4323336283366,1217110.0,17.090884776297695,59.1220424147079,False,True
2020-10-13 20:00:00,94.43000030517578,97.41999816894533,93.23999786376952,93.3499984741211,1086000,90.44500020345052,1220630.0,16.645116431545684,52.31800670529274,False,True
2020-10-14 20:00:00,91.3000030517578,92.87999725341795,90.22000122070312,90.52999877929688,884200,90.28133341471354,1223196.6666666667,15.752582497879132,47.83577321842552,False,True
2020-10-15 20:00:00,91.11000061035156,92.41000366210938,90.3000030517578,90.62999725341795,1084100,90.25,1208823.3333333333,14.923800988045906,48.005881907655606,False,True
2020-10-18 20:00:00,91.04000091552734,91.29000091552734,86.9000015258789,87.76000213623047,1037300,90.15900014241537,1211316.6666666667,15.182228023002237,43.61031021500228,True,True
2020-10-19 20:00:00,88.62000274658203,89.88999938964844,87.7699966430664,89.30999755859375,922600,90.14499994913737,1205633.3333333333,15.422195984033113,46.46146839427484,True,True
2020-10-20 20:00:00,89.0999984741211,89.83999633789062,88.29000091552734,88.5999984741211,678900,90.04799982706706,1192330.0,15.64502337641893,45.3308208428752,True,True
2020-10-21 20:00:00,88.91999816894531,90.66999816894533,88.47000122070312,90.48999786376952,660600,90.12233301798503,1184346.6666666667,15.481263866472252,48.89597244620228,False,True
2020-10-22 20:00:00,90.81999969482422,91.11000061035156,89.19000244140625,89.69000244140625,652000,90.17866643269856,1179300.0,15.131783083914863,47.48441971809852,True,True
2020-10-25 20:00:00,88.81999969482422,90.48999786376952,88.55999755859375,90.44000244140624,652100,90.08833312988281,1153400.0,15.038681936640755,48.97170247129236,False,True
2020-10-26 20:00:00,90.16999816894533,90.91999816894533,88.26000213623047,88.3499984741211,771000,89.985666402181,1150516.6666666667,14.741297234103925,45.1355599136116,True,True
2020-10-27 20:00:00,87.3499984741211,87.9000015258789,85.30999755859375,86.98999786376953,1178600,89.88733291625977,1154500.0,15.489094931361267,42.786813366996704,True,False
2020-10-28 20:00:00,86.94000244140625,87.98999786376953,85.4800033569336,87.0199966430664,691800,89.7739995320638,1131136.6666666667,16.136465804958483,42.857449368151435,True,True
2020-10-29 20:00:00,86.55000305175781,86.83999633789062,83.44000244140625,86.63999938964844,1105300,89.76899948120118,1057923.3333333333,17.35048057604542,42.14760293327804,True,False
2020-11-02 20:00:00,86.5999984741211,86.5999984741211,81.87000274658203,84.44000244140625,983900,89.73733291625976,1041646.6666666666,18.88919594991309,38.2025178319512,True,True
2020-11-03 20:00:00,84.58999633789062,86.16999816894531,83.93000030517578,84.94999694824219,1085400,89.67133280436198,1046013.3333333334,20.31800308279021,39.61359503162568,True,False
2020-11-04 20:00:00,87.62000274658203,92.38999938964844,87.4800033569336,91.20999908447266,2087400,89.84599939982097,1084403.3333333333,18.901805078429618,53.61449491424657,False,False
2020-11-05 20:00:00,87.25,91.0500030517578,84.37000274658203,84.6500015258789,3100000,89.83199946085612,1153213.3333333333,18.46737402016868,42.49533630724086,True,False
2020-11-06 20:00:00,85.16999816894531,85.19999694824219,82.36000061035156,83.1500015258789,1565900,89.71866607666016,1159473.3333333333,18.58961982090312,40.430565792229785,True,False
2020-11-09 20:00:00,83.38999938964844,84.02999877929688,80.5999984741211,81.27999877929688,1795500,89.41599934895834,1171146.6666666667,19.123504707289037,37.95467510565367,True,False
2020-11-10 20:00:00,80.91999816894531,84.94000244140625,80.6500015258789,83.06999969482422,1618600,89.27066599527994,1187203.3333333333,19.26415802654655,41.63885751305548,True,False
2020-11-11 20:00:00,84.19999694824219,84.94000244140625,82.22000122070312,82.76000213623047,742500,89.03799947102864,1167500.0,19.394764680142817,41.18278128256333,True,True
2020-11-12 20:00:00,82.55999755859375,83.93000030517578,81.76000213623047,82.31999969482422,768800,88.7009994506836,1150443.3333333333,19.643401495277452,40.50463274650303,True,True
2020-11-13 20:00:00,82.3499984741211,83.2300033569336,81.95999908447266,82.52999877929688,656700,88.49366607666016,1130290.0,19.874278537902466,41.00395286808341,True,True
2020-11-16 20:00:00,83.01000213623047,84.93000030517578,82.2300033569336,84.3499984741211,901600,88.22866592407226,1123820.0,19.31368172836188,45.28949014543555,True,True
2020-11-17 20:00:00,83.8499984741211,83.8499984741211,82.26000213623047,82.9800033569336,790700,88.04133275349935,1113706.6666666667,18.793127548074192,42.77086911147253,True,True
2020-11-18 20:00:00,83.11000061035156,84.63999938964844,82.36000061035156,82.73999786376953,894200,87.78433278401693,1112670.0,17.94625730688883,42.32678268538706,True,True
2020-11-19 20:00:00,83.0999984741211,83.41999816894531,81.02999877929688,81.69000244140625,1525300,87.41466623942057,1125946.6666666667,17.665700837162976,40.35279711106798,True,False
2020-11-20 20:00:00,81.75,82.16999816894531,80.01000213623047,81.93000030517578,2272400,86.95433298746745,1148896.6666666667,17.76833504303235,41.02976216340336,True,False
2020-11-23 20:00:00,82.41999816894531,83.4000015258789,81.33000183105469,81.38999938964844,1178800,86.410666402181,1146850.0,17.256951445883015,39.93160441503479,True,False
2020-11-24 20:00:00,81.4000015258789,82.13999938964844,80.62000274658203,80.73999786376953,1037000,85.86599960327149,1146973.3333333333,17.05313646625198,38.59262287484499,True,True
2020-11-25 20:00:00,81.33999633789062,82.3499984741211,80.94999694824219,81.16000366210938,642000,85.4596664428711,1132173.3333333333,16.754863177721774,39.992811994601816,True,True
2020-11-27 20:00:00,82.01000213623047,83.98999786376953,81.2300033569336,83.25,747900,85.21699981689453,1127630.0,15.66452599848087,46.52678544949257,True,True
2020-11-30 20:00:00,83.05000305175781,84.97000122070312,82.88999938964844,84.54000091552734,3216900,85.01399993896484,1198723.3333333333,14.881125615646166,50.13582704108563,True,False
2020-12-01 20:00:00,84.45999908447266,85.7300033569336,83.75,85.41999816894531,886500,84.93599980672201,1193696.6666666667,14.483477786685816,52.49143745819729,False,True
2020-12-02 20:00:00,85.61000061035156,85.61000061035156,82.01000213623047,82.2699966430664,1069500,84.70133310953776,1198593.3333333333,13.61681264559753,44.40494299263595,True,True
2020-12-03 20:00:00,81.91999816894531,83.5999984741211,81.1500015258789,82.9000015258789,881500,84.51133321126302,1205346.6666666667,13.186910325234672,46.19040011510142,True,True
2020-12-04 20:00:00,83.05999755859375,83.86000061035156,82.41000366210938,83.13999938964844,862600,84.26633326212566,1212080.0,12.655546282624643,46.8901398673549,True,True
2020-12-07 20:00:00,83.44000244140625,83.94999694824219,82.22000122070312,83.05999755859375,744500,84.04533309936524,1215163.3333333333,12.252033757640389,46.672262123503764,True,True
2020-12-08 20:00:00,83.19999694824219,83.19999694824219,82.08999633789062,82.8499984741211,697200,83.79233296712239,1216666.6666666667,11.942063712766325,46.06716514185521,True,True
2020-12-09 20:00:00,82.79000091552734,82.79000091552734,80.62000274658203,80.95999908447266,946000,83.54599965413412,1222500.0,12.351880000405243,40.92460291158972,True,True
2020-12-10 20:00:00,81.22000122070312,82.38999938964844,80.81999969482422,82.05000305175781,918900,83.38133316040039,1213843.3333333333,12.732423696069954,44.75490387562602,True,True
2020-12-11 20:00:00,81.76000213623047,82.22000122070312,80.79000091552734,81.30000305175781,1004900,83.19066670735677,1224280.0,13.100509186563931,42.7032457069805,True,True
2020-12-14 20:00:00,83.19999694824219,87.5,82.87000274658203,86.80999755859375,1717400,83.19633331298829,1244683.3333333333,13.597395981632092,57.953286787086874,False,False
2020-12-15 20:00:00,87.22000122070312,87.5199966430664,85.16999816894531,86.2699966430664,1080100,83.25733311971028,1247890.0,14.066276980632951,56.36979625418008,False,True
2020-12-16 20:00:00,85.93000030517578,87.29000091552734,85.5,86.2300033569336,924200,83.3,1242516.6666666667,14.501666479705179,56.247217354376176,False,True
2020-12-17 20:00:00,86.97000122070312,88.36000061035156,86.31999969482422,88.27999877929688,846500,83.2023333231608,1201153.3333333333,15.335012147431994,60.93635038798409,False,True
2020-12-18 20:00:00,89.02999877929688,89.33999633789062,87.44000244140625,88.33999633789062,2954500,83.32533315022786,1196303.3333333333,16.473150956792846,61.067860913114124,False,False
2020-12-21 20:00:00,87.44999694824219,87.9000015258789,85.47000122070312,86.97000122070312,983400,83.45266647338867,1176886.6666666667,16.310165090052745,56.398818428122624,False,True
2020-12-22 20:00:00,87.11000061035156,88.41999816894531,86.04000091552734,87.98999786376953,738300,83.67633310953777,1141646.6666666667,16.377403760372584,58.917298498698145,False,True
2020-12-23 20:00:00,88.69000244140625,88.95999908447266,87.54000091552734,87.93000030517578,491100,83.83833312988281,1104063.3333333333,16.66653303446377,58.702507325190155,False,True
2020-12-24 20:00:00,87.94999694824219,88.37000274658203,87.04000091552734,87.37000274658203,182100,83.99199981689453,1085383.3333333333,16.61815798758898,56.62741427740028,False,True
2020-12-28 20:00:00,87.7300033569336,88.1500015258789,86.04000091552734,86.33999633789062,1210300,84.12599970499674,1100100.0,15.96424241875556,52.92184946502925,False,False
2020-12-29 20:00:00,87.12999725341797,87.44000244140625,85.12999725341797,85.87000274658203,739500,84.23733317057291,1102860.0,14.841242516335681,51.273102636339,False,True
2020-12-30 20:00:00,86.45999908447266,89.3499984741211,86.12000274658203,86.86000061035156,594000,84.32099990844726,1092606.6666666667,14.73802024195533,54.48941612549319,False,True
2020-12-31 20:00:00,86.54000091552734,87.16999816894531,85.33000183105469,86.9800033569336,561100,84.4543332417806,1084953.3333333333,14.19283550643425,54.87820834130387,False,True
2021-01-04 20:00:00,86.9800033569336,87.4800033569336,83.30999755859375,86.44999694824219,1567400,84.57799987792968,1107393.3333333333,13.68533554621803,52.73540621927718,False,False
2021-01-05 20:00:00,86.63999938964844,86.63999938964844,83.68000030517578,85.87000274658203,1391000,84.71733322143555,1102916.6666666667,13.214085583160111,50.41548464179694,False,False
2021-01-06 20:00:00,84.79000091552734,86.0,83.12000274658203,84.30999755859375,1562900,84.79666646321614,1079266.6666666667,13.047701743925582,44.717333304868376,True,False
2021-01-07 20:00:00,85.06999969482422,90.54000091552734,84.26000213623047,90.05000305175781,1405600,85.08533325195313,1086826.6666666667,13.42100951278897,61.81763592818806,False,False
2021-01-08 20:00:00,90.3499984741211,94.0,90.26000213623048,93.83000183105467,1458100,85.5216667175293,1100863.3333333333,14.80389795627956,68.68683124931015,False,False
2021-01-11 20:00:00,93.23999786376952,93.7699966430664,92.05999755859376,93.31999969482422,924600,85.92699991861979,1110283.3333333333,16.088008653806533,66.93708580703249,False,True
2021-01-12 20:00:00,93.0999984741211,95.43000030517578,93.08000183105467,94.30999755859376,988500,86.29566650390625,1118303.3333333333,17.712002248736727,68.60877888878844,False,True
2021-01-13 20:00:00,94.33999633789062,94.5,92.19000244140624,92.73999786376952,971800,86.56899973551432,1043466.6666666666,18.730723089099737,63.155281791744514,False,True
2021-01-14 20:00:00,93.4000015258789,93.58000183105467,91.6999969482422,92.04000091552734,1143400,86.78966649373372,1052030.0,19.408731430360394,60.83350998237892,False,False
2021-01-15 20:00:00,91.63999938964844,92.5199966430664,89.31999969482422,90.55999755859376,930100,87.06599985758463,1047383.3333333334,18.852850680724693,56.134653905330424,False,True
2021-01-19 20:00:00,91.31999969482422,94.58999633789062,90.81999969482422,93.95999908447266,996000,87.43466644287109,1051200.0,19.01921221118742,63.17226647712902,False,True
2021-01-20 20:00:00,93.9800033569336,97.18000030517578,93.72000122070312,96.37000274658205,937000,87.87566655476888,1053680.0,19.889627854737068,67.19043000201027,False,True
2021-01-21 20:00:00,96.4000015258789,96.41000366210938,91.9800033569336,93.9000015258789,1173200,88.23700002034505,1067970.0,19.908269541672563,59.96869776538417,False,False
2021-01-22 20:00:00,94.12000274658205,98.44000244140624,94.04000091552734,97.88999938964844,1435200,88.73833338419597,1092570.0,20.471541184647542,66.27464912766769,False,False
2021-01-25 20:00:00,98.91000366210938,101.47000122070312,98.48999786376952,100.5,1352800,89.38966674804688,1106130.0,21.682341345540273,69.64331454668776,False,False
2021-01-26 20:00:00,100.20999908447266,101.33000183105467,98.25,99.38999938964844,931300,89.96766662597656,1106543.3333333333,22.696257691615155,66.5966738924281,False,True
2021-01-27 20:00:00,98.04000091552734,99.37999725341795,92.4499969482422,93.0,1260700,90.3576665242513,1115070.0,21.440123872503655,52.38845411019531,False,False
2021-01-28 20:00:00,93.6999969482422,95.0999984741211,91.16999816894533,91.2699966430664,872800,90.50633316040039,1086916.6666666667,19.927061518517608,49.32052293641644,False,True
2021-01-29 20:00:00,90.98999786376952,92.16000366210938,88.63999938964844,89.75,1396700,90.62233327229818,1097470.0,19.220583610088145,46.731137235850035,True,False
2021-02-01 20:00:00,90.0,91.4000015258789,89.3499984741211,90.91999816894533,995900,90.77866643269857,1099860.0,18.56456840940365,48.952751461973016,False,True
2021-02-02 20:00:00,92.0999984741211,94.19000244140624,91.41999816894533,93.0500030517578,1423800,90.93766657511394,1119103.3333333333,17.39738584471561,52.81121268215401,False,False
2021-02-03 20:00:00,93.0,93.80999755859376,90.8000030517578,90.97000122070312,896000,91.02533340454102,1050486.6666666667,16.18549857737585,48.92239724039643,True,True
2021-02-04 20:00:00,91.16000366210938,92.58999633789062,90.52999877929688,90.91000366210938,881100,91.15666681925455,1047076.6666666666,15.145762711994598,48.81074660788421,True,True
2021-02-05 20:00:00,91.62999725341795,91.6999969482422,90.0,90.23999786376952,1315800,91.23166681925456,1066326.6666666667,14.354608337453216,47.50686109384843,True,False
2021-02-08 20:00:00,91.08000183105467,93.70999908447266,90.0999984741211,93.62000274658205,1001400,91.42133356730143,1083336.6666666667,13.72247936465826,54.15953818172557,False,True
2021-02-09 20:00:00,94.33999633789062,94.5,89.23999786376953,89.45999908447266,1360100,91.49100011189779,1122603.3333333333,12.829032237899897,46.3703016692072,True,False
2021-02-10 20:00:00,87.5,88.13999938964844,84.08000183105469,85.16999816894531,2253800,91.45200017293294,1157386.6666666667,13.330358575462721,39.98393529283935,True,False
2021-02-11 20:00:00,86.04000091552734,86.7300033569336,84.61000061035156,84.98999786376953,1066100,91.4226666768392,1168273.3333333333,13.795875888913914,39.73664580582204,True,True
2021-02-12 20:00:00,84.98999786376953,85.19999694824219,83.19999694824219,84.33000183105469,1153800,91.33833338419596,1186933.3333333333,14.582341121583637,38.78935048485628,True,True
2021-02-16 20:00:00,84.98999786376953,84.98999786376953,81.8499984741211,82.12999725341797,1520100,91.17666651407878,1218900.0,15.634702662577869,35.73152509125859,True,False
2021-02-17 20:00:00,82.05999755859375,84.05000305175781,80.5,83.7699966430664,1957500,91.08733317057292,1231903.3333333333,16.91816555599426,39.55671515615065,True,False
2021-02-18 20:00:00,83.05000305175781,83.05000305175781,79.81999969482422,81.55000305175781,1939300,90.94333318074544,1250180.0,18.26103946247142,36.39857015426445,True,False
2021-02-19 20:00:00,82.0199966430664,82.4800033569336,80.31999969482422,80.54000091552734,1552400,90.81766662597656,1249830.0,19.507993804200208,35.02836083807586,True,False
2021-02-22 20:00:00,80.0199966430664,80.48999786376953,78.91000366210938,79.91999816894531,1750300,90.47999979654948,1261320.0,20.992607741751687,34.17780512497849,True,False
2021-02-23 20:00:00,79.16999816894531,79.6500015258789,76.69000244140625,79.0199966430664,2487400,89.98633295694987,1295630.0,22.830349884851724,32.92788820946678,True,False
2021-02-24 20:00:00,79.87999725341797,82.75,79.33999633789062,80.61000061035156,1858500,89.56266632080079,1326760.0,23.076462115121043,37.29109540176846,True,False
2021-02-25 20:00:00,79.8499984741211,80.63999938964844,77.73999786376953,78.44999694824219,1073300,89.03399963378907,1329586.6666666667,23.683543946262596,34.05047614664542,True,True
2021-02-26 20:00:00,79.16999816894531,79.63999938964844,77.7699966430664,78.66000366210938,1691500,88.56466649373372,1353576.6666666667,24.247262789465463,34.64512994616308,True,False
2021-03-01 20:00:00,79.7300033569336,80.25,79.01000213623047,79.62999725341797,788900,88.15099970499675,1341760.0,24.48119565854763,37.45054073251141,True,True
2021-03-02 20:00:00,79.1500015258789,79.56999969482422,78.5199966430664,78.55999755859375,799700,87.75099970499674,1337413.3333333333,24.832801061050105,35.63345303255883,True,True
2021-03-03 20:00:00,78.33000183105469,78.58000183105469,75.55000305175781,76.0199966430664,1425100,87.15299962361654,1351716.6666666667,25.889895771898313,31.701305161580695,True,False
2021-03-04 20:00:00,75.75,78.9000015258789,75.5199966430664,77.5,1797900,86.5239995320638,1380413.3333333333,26.70658261755389,36.12434460151779,True,False
2021-03-05 20:00:00,77.5999984741211,80.75,76.55999755859375,80.26000213623047,1800500,86.06933288574218,1401323.3333333333,26.549475960519135,43.47581357432084,True,False
2021-03-08 20:00:00,79.79000091552734,80.91999816894531,77.69999694824219,77.83999633789062,1273700,85.4009994506836,1395940.0,26.32220462480046,39.214202447742394,True,True
2021-03-09 20:00:00,79.69999694824219,80.87000274658203,79.01000213623047,79.11000061035156,1290300,84.68799947102865,1393856.6666666667,26.11116695591883,42.404896214167756,True,True
2021-03-10 20:00:00,79.27999877929688,80.19000244140625,77.83999633789062,78.3499984741211,1136500,83.98666610717774,1400696.6666666667,26.287822652919154,41.017357847497045,True,True
2021-03-11 20:00:00,78.91000366210938,80.4800033569336,78.91000366210938,79.4800033569336,909900,83.53599955240885,1389003.3333333333,26.287945825560445,43.95382511432893,True,True
2021-03-12 20:00:00,78.83999633789062,79.16000366210938,77.5,79.01000213623047,815700,83.12733306884766,1387100.0,26.73801180072371,42.995037052749154,True,True
2021-03-14 20:00:00,79.48999786376953,80.83999633789062,78.70999908447266,80.6500015258789,830300,82.82399978637696,1368220.0,26.220035824307445,47.31373414961191,True,True
2021-03-15 20:00:00,81.37999725341797,81.51000213623047,79.0,80.27999877929688,789500,82.46933314005534,1361340.0,25.391568622849896,46.45856541001481,True,True
2021-03-16 20:00:00,78.79000091552734,81.08000183105469,77.77999877929688,80.19999694824219,1240100,82.04099960327149,1355216.6666666667,25.07317650392212,46.26385638352681,True,True
2021-03-17 20:00:00,79.36000061035156,80.04000091552734,78.01000213623047,78.25,1263600,81.61699956258138,1367470.0,24.77752667920347,41.67870960514655,True,True
2021-03-18 20:00:00,79.7300033569336,81.22000122070312,78.38999938964844,79.37000274658203,2610300,81.23233286539714,1425110.0,23.8414378054554,45.0474613784995,True,False
2021-03-21 20:00:00,78.95999908447266,82.0999984741211,78.95999908447266,81.66999816894531,2270300,80.946666208903,1456926.6666666667,22.510018140462392,51.272074660595294,False,False
2021-03-22 20:00:00,81.55000305175781,81.75,79.44000244140625,79.8499984741211,1695900,80.48766606648763,1480076.6666666667,21.273699880111746,46.75856083107584,True,False
2021-03-23 20:00:00,79.36000061035156,79.66999816894531,77.68000030517578,78.4800033569336,1310400,80.121666208903,1478420.0,20.927948505124018,43.644040139275845,True,True
2021-03-24 20:00:00,78.91999816894531,79.94999694824219,77.38999938964844,79.77999877929688,1044600,79.94199956258139,1438113.3333333333,20.72980216947346,47.23556489998496,True,True
2021-03-25 20:00:00,79.77999877929688,81.8499984741211,79.33999633789062,81.75,1105400,79.83399963378906,1439423.3333333333,19.475220763037054,52.20628344534079,False,True
2021-03-28 20:00:00,81.36000061035156,82.2300033569336,80.36000061035156,81.0999984741211,913600,79.72633285522461,1431416.6666666667,18.114267376861488,50.515322510957105,False,True
2021-03-29 20:00:00,80.61000061035156,80.61000061035156,78.94999694824219,80.2300033569336,1267300,79.66299972534179,1422990.0,17.533813436795946,48.26209973462695,False,True
2021-03-30 20:00:00,81.01000213623047,82.30000305175781,80.47000122070312,81.2699966430664,1096700,79.57966639200846,1394296.6666666667,16.434679818868336,51.071669396004715,False,True
2021-03-31 20:00:00,81.56999969482422,83.12999725341797,80.27999877929688,83.01000213623047,1135700,79.62833302815756,1367510.0,15.799399695101371,55.43236124117548,False,True
2021-04-04 20:00:00,82.83000183105469,83.41000366210938,82.33999633789062,83.25,914400,79.7186663309733,1346243.3333333333,15.33918024531992,56.014658052787524,False,True
2021-04-05 20:00:00,83.0,83.88999938964844,82.55000305175781,83.18000030517578,913600,79.82733306884765,1318353.3333333333,15.138329960886134,55.78571826814029,False,True
2021-04-06 20:00:00,83.51000213623047,83.51000213623047,81.19000244140625,81.37999725341797,1434300,79.90599975585937,1283250.0,14.17661273192023,50.1136975729927,False,False
2021-04-07 20:00:00,82.0,82.61000061035156,80.13999938964844,80.83000183105469,1457800,79.91333312988282,1269893.3333333333,13.583556019059007,48.49132951923448,False,False
2021-04-08 20:00:00,80.80999755859375,81.2699966430664,79.55999755859375,79.95999908447266,1329300,79.96366653442382,1278426.6666666667,13.317218119069496,45.95684647299216,True,False
2021-04-11 20:00:00,80.63999938964844,80.75,78.44000244140625,79.87000274658203,1305100,80.00399983723959,1265546.6666666667,13.59044897767826,45.690808859979576,True,False
2021-04-12 20:00:00,80.0,81.88999938964844,80.0,80.6500015258789,1399100,80.03799997965494,1285886.6666666667,13.163036695285836,48.474790443579415,False,False
2021-04-13 20:00:00,80.6500015258789,83.22000122070312,80.54000091552734,82.20999908447266,1040600,80.15966669718425,1293916.6666666667,12.392658441509909,53.5980242416263,False,True
2021-04-14 20:00:00,82.87000274658203,84.16999816894531,82.44000244140625,83.19999694824219,714000,80.3990000406901,1270213.3333333333,12.141841769173991,56.55061377946946,False,True
2021-04-15 20:00:00,83.62000274658203,83.87000274658203,81.5199966430664,82.68000030517578,999000,80.5716667175293,1243583.3333333333,11.403694240606502,54.5859054420619,False,True
2021-04-18 20:00:00,82.79000091552734,83.72000122070312,81.66999816894531,82.66999816894531,1037200,80.6519999186198,1218140.0,10.718271535508121,54.54664946844138,False,True
2021-04-19 20:00:00,82.9000015258789,84.63999938964844,82.9000015258789,84.56999969482422,735600,80.87633336385092,1200203.3333333333,10.573219807079097,60.37610819057245,False,True
2021-04-20 20:00:00,84.45999908447266,84.8499984741211,83.81999969482422,84.72000122070312,766100,81.06333338419596,1182730.0,10.548961632591277,60.80350957319964,False,True
2021-04-21 20:00:00,84.5,84.5,82.8499984741211,84.18000030517578,1338200,81.25766677856446,1189453.3333333333,9.914787079758643,58.36289541922724,False,False
2021-04-22 20:00:00,84.5999984741211,85.69999694824219,83.44000244140625,85.58000183105469,1081300,81.46100006103515,1195166.6666666667,9.984622200261745,62.55891581522054,False,True
2021-04-25 20:00:00,85.47000122070312,86.22000122070312,84.72000122070312,85.61000061035156,759800,81.68100001017253,1193303.3333333333,10.316359875022801,62.64578314305199,False,True
2021-04-26 20:00:00,86.02999877929688,86.33999633789062,84.38999938964844,84.62999725341797,677200,81.81366653442383,1188200.0,10.396295977148688,57.918274568082495,False,True
2021-04-27 20:00:00,84.2699966430664,85.26000213623047,83.94999694824219,84.88999938964844,707300,81.96733322143555,1185460.0,10.164357986473373,58.80645997635615,False,True
2021-04-28 20:00:00,84.94999694824219,85.1500015258789,84.0199966430664,84.88999938964844,770100,82.12366663614908,1169793.3333333333,9.948986995132007,58.80645997635615,False,True
2021-04-29 20:00:00,84.5,85.81999969482422,84.30999755859375,85.37999725341797,1068500,82.36133321126302,1163290.0,10.170854515383331,60.622977558967584,False,True
2021-05-02 20:00:00,85.4000015258789,86.02999877929688,84.5,85.5199966430664,861100,82.5663330078125,1104983.3333333333,10.507408466832997,61.150106621247204,False,True
2021-05-03 20:00:00,83.48999786376953,85.19000244140625,80.7300033569336,81.02999877929688,2450900,82.54499969482421,1111003.3333333333,11.064906625648758,41.816087035026776,True,False
2021-05-04 20:00:00,81.76000213623047,83.12999725341797,81.19000244140625,81.27999877929688,1666100,82.59266637166341,1110010.0,11.58258348740625,42.89864193632204,True,False
2021-05-05 20:00:00,81.20999908447266,82.83000183105469,80.2699966430664,82.30999755859375,1523900,82.72033284505208,1117126.6666666667,12.504373458950838,47.25301866964673,True,False
2021-05-06 20:00:00,82.48999786376953,84.26000213623047,82.12000274658203,82.73999786376953,1113100,82.81899948120117,1119410.0,12.361516253441355,49.00147159877621,True,True
2021-05-09 20:00:00,83.0,83.51000213623047,81.38999938964844,81.38999938964844,1865000,82.80699946085612,1144730.0,12.600660521622004,44.063132580680644,True,False
2021-05-10 20:00:00,80.31999969482422,81.5,79.41999816894531,80.63999938964844,2845600,82.79166615804037,1209130.0,13.693254249425406,41.55741036110198,True,False
2021-05-11 20:00:00,79.81999969482422,83.23999786376953,79.62999725341797,82.37000274658203,1262800,82.86299947102864,1208980.0,13.60329521187705,48.791296975144405,True,False
2021-05-12 20:00:00,82.4800033569336,83.58999633789062,81.86000061035156,83.2300033569336,960400,82.92833302815755,1204436.6666666667,13.314796323925844,51.973718510133914,False,True
2021-05-13 20:00:00,83.75,83.75,82.55000305175781,82.62000274658203,889200,82.9153330485026,1196220.0,12.949791259341453,49.61827971084448,True,True
2021-05-16 20:00:00,82.47000122070312,83.87000274658203,81.91000366210938,82.2699966430664,1184300,82.88266626993816,1205216.6666666667,12.94355494651427,48.26662731280547,True,True
2021-05-17 20:00:00,82.1500015258789,82.97000122070312,81.30999755859375,81.77999877929688,964400,82.83599955240885,1206910.0,13.24108131223642,46.362510814006804,True,True
2021-05-18 20:00:00,80.81999969482422,81.77999877929688,79.70999908447266,81.70999908447266,1050800,82.84699961344401,1194126.6666666667,14.244236252251687,46.08282380805235,True,True
2021-05-19 20:00:00,81.80999755859375,84.51000213623047,81.4800033569336,83.51000213623047,834900,82.93633295694987,1173363.3333333333,13.502267342786293,53.800771693134195,False,True
2021-05-20 20:00:00,83.98999786376953,84.48999786376953,82.62999725341797,82.76000213623047,829000,83.02966639200847,1156686.6666666667,12.813296212568428,50.55364044160218,True,True
2021-05-23 20:00:00,83.69999694824219,83.98999786376953,82.79000091552734,82.91000366210938,827600,83.13099975585938,1140770.0,12.173537305937554,51.18817528997187,True,True
2021-05-24 20:00:00,82.95999908447266,83.7699966430664,82.12999725341797,82.68000030517578,851600,83.19866638183593,1122520.0,11.94105659077077,50.125973193154,True,True
2021-05-25 20:00:00,82.86000061035156,83.58999633789062,82.44999694824219,83.16000366210938,775900,83.23033320109049,1113696.6666666667,11.725181640973043,52.348313509718444,True,True
2021-05-26 20:00:00,83.08000183105469,83.08000183105469,81.61000061035156,82.68000030517578,993300,83.21299997965495,1123006.6666666667,11.993875617388118,49.95131512719662,True,True
2021-05-27 20:00:00,83.44000244140625,84.2300033569336,82.61000061035156,83.77999877929688,956100,83.24966659545899,1121576.6666666667,11.450620504445917,55.0328288738243,False,True
2021-05-31 20:00:00,84.12999725341797,84.41000366210938,82.38999938964844,82.88999938964844,938800,83.25699996948242,1118296.6666666667,11.078760594878904,50.55992878188983,True,True
2021-06-01 20:00:00,82.87000274658203,83.37000274658203,82.0,82.26000213623047,969100,83.18000005086263,1126080.0,10.972803669821399,47.610079048859724,True,True
2021-06-02 20:00:00,82.44000244140625,83.12000274658203,81.45999908447266,82.9000015258789,1004400,83.1193333943685,1134023.3333333333,11.20113738614731,50.75344457494562,True,True
2021-06-03 20:00:00,83.16999816894531,84.44999694824219,82.86000061035156,83.33000183105469,1017900,83.09100011189778,1123346.6666666667,10.448249028335487,52.80243813971855,False,True
2021-06-06 20:00:00,83.4800033569336,85.79000091552734,83.04000091552734,85.11000061035156,1205700,83.07533340454101,1127493.3333333333,10.472807503038192,60.187007608954055,False,False
2021-06-07 20:00:00,85.87999725341797,86.30000305175781,83.97000122070312,84.80999755859375,965800,83.0486666361491,1134360.0,10.77952251380355,58.52498257647939,False,True
2021-06-08 20:00:00,84.7699966430664,86.33999633789062,84.69000244140625,86.19999694824219,958500,83.1009999593099,1143736.6666666667,11.087151415166488,63.54764531125845,False,True
2021-06-09 20:00:00,86.37999725341797,87.6500015258789,85.63999938964844,87.52999877929688,1030900,83.18899993896484,1154523.3333333333,12.081174533828287,67.59177436640287,False,True
2021-06-10 20:00:00,84.66999816894531,85.0,81.05999755859375,82.58000183105469,2683100,83.11200002034505,1218290.0,12.159360311790838,46.787033711290874,True,False
2021-06-13 20:00:00,82.94000244140625,83.27999877929688,81.04000091552734,82.63999938964844,1437500,83.0206667582194,1230590.0,12.240854857915622,46.99997401653512,True,False
2021-06-14 20:00:00,82.55000305175781,83.27999877929688,82.26000213623047,82.76000213623047,1512600,82.92866694132486,1252306.6666666667,12.316528365031491,47.452904354549034,True,False
2021-06-15 20:00:00,82.91000366210938,84.08000183105469,82.2699966430664,83.12000274658203,2064200,82.99833374023437,1239416.6666666667,11.881915396874382,48.86470326905279,False,False
2021-06-16 20:00:00,82.87999725341797,83.58000183105469,82.0,83.12999725341797,1457100,83.06000035603842,1232450.0,11.626846433167216,48.90574626009076,False,False
2021-06-17 20:00:00,83.0,84.13999938964844,82.62000274658203,83.95999908447266,2074200,83.11500040690105,1250793.3333333333,11.02493622979289,52.32779232338156,False,False
2021-06-20 20:00:00,84.41999816894531,85.18000030517578,84.08999633789062,84.93000030517578,1454800,83.18800048828125,1262183.3333333333,10.644542660482415,56.03383400677874,False,False
2021-06-21 20:00:00,85.1500015258789,85.98999786376953,82.44000244140625,85.08999633789062,2130300,83.31133371988932,1271026.6666666667,10.44667196799658,56.63269916203376,False,False
2021-06-22 20:00:00,85.5,85.75,84.30999755859375,85.12999725341797,1200900,83.4610003153483,1216203.3333333333,10.262934896402589,56.79116236634199,False,True
2021-06-23 20:00:00,85.41000366210938,86.52999877929688,84.41999816894531,86.12999725341797,1415900,83.58633346557617,1221306.6666666667,9.585505367984467,60.66109220083774,False,False
2021-06-24 20:00:00,85.5199966430664,87.01000213623047,84.69000244140625,86.83000183105469,1930600,83.70633341471354,1253646.6666666667,9.145870890408377,63.149166720055796,False,False
2021-06-27 20:00:00,88.12000274658203,88.26000213623047,85.31999969482422,85.61000061035156,968200,83.80600001017253,1256280.0,9.460938887455638,56.448230468962194,False,True
2021-06-28 20:00:00,85.20999908447266,85.97000122070312,84.51000213623047,84.69999694824219,722600,83.88700002034506,1240890.0,9.200432257067574,52.014588802693886,False,True
2021-06-29 20:00:00,84.87000274658203,84.98999786376953,83.86000061035156,84.12999725341797,973200,83.96533330281575,1241183.3333333333,8.548573622400527,49.39742597570362,False,True
2021-06-30 20:00:00,84.08999633789062,84.5,83.12000274658203,84.0199966430664,1564000,84.04233322143554,1258290.0,8.399135710886233,48.886218526679556,True,False
2021-07-01 20:00:00,84.05000305175781,84.2300033569336,82.8499984741211,83.58000183105469,1034000,84.04466654459635,1264926.6666666667,8.423951227925519,46.79992617197401,True,True
2021-07-05 20:00:00,83.31999969482422,83.75,82.9000015258789,83.33999633789062,1069100,84.06399968465169,1272930.0,8.446994208033427,45.65536540733067,True,True
2021-07-06 20:00:00,83.41999816894531,83.41999816894531,81.63999938964844,82.12999725341797,979300,84.03799947102864,1277986.6666666667,9.230989713587709,40.30371964483066,True,True
2021-07-07 20:00:00,81.25,82.4800033569336,81.11000061035156,81.43000030517578,1018500,83.99633280436198,1283550.0,10.248665636191529,37.56072305313531,True,True
2021-07-08 20:00:00,81.1500015258789,82.12000274658203,80.44000244140625,82.04000091552734,880300,83.95899937947591,1287030.0,11.544153329690019,41.30931463958957,True,True
2021-07-11 20:00:00,82.04000091552734,82.44000244140625,80.88999938964844,81.18000030517578,991700,83.90899937947592,1286976.6666666667,12.454292691940333,37.85846209666773,True,True
2021-07-12 20:00:00,81.13999938964844,81.56999969482422,80.25,80.62000274658203,695700,83.80366617838541,1278296.6666666667,13.647422657702327,35.76343476935604,True,True
2021-07-13 20:00:00,80.80999755859375,80.9000015258789,79.52999877929688,79.87000274658203,713100,83.70299962361653,1270773.3333333333,15.121286227025033,33.11995339664296,True,True
2021-07-14 20:00:00,79.80000305175781,80.4800033569336,78.80000305175781,79.98999786376953,1015200,83.62733281453451,1272310.0,16.833425225329986,33.961008515956266,True,True
2021-07-15 20:00:00,80.2300033569336,80.58000183105469,77.55000305175781,78.33000183105469,1803000,83.4749994913737,1298930.0,18.94061043897759,28.60233248648011,True,False
2021-07-18 20:00:00,78.0999984741211,79.58000183105469,77.30000305175781,77.55999755859375,1328500,83.282666015625,1309283.3333333333,20.993008121456196,26.512558445962632,True,False
2021-07-19 20:00:00,78.45999908447266,79.29000091552734,78.0,79.20999908447266,1863400,83.0859992980957,1331206.6666666667,22.898805969472043,37.11531235685924,True,False
2021-07-20 20:00:00,78.93000030517578,79.80000305175781,78.30000305175781,79.13999938964844,1166000,82.89699935913086,1337880.0,24.080030790558336,36.87225891098836,True,True
2021-07-21 20:00:00,78.83000183105469,78.91999816894531,78.05000305175781,78.62000274658203,843600,82.64433288574219,1334050.0,25.30063760864665,35.036729692667315,True,True
2021-07-22 20:00:00,78.94000244140625,79.62999725341797,78.5199966430664,79.30000305175781,854400,82.36999969482422,1328166.6666666667,25.622794649475413,39.29267377982576,True,True
2021-07-25 20:00:00,78.7699966430664,79.16999816894531,77.11000061035156,77.30999755859375,787100,82.19433288574218,1264966.6666666667,26.657955380056666,32.56828551093874,True,True
2021-07-26 20:00:00,76.98999786376953,77.0999984741211,75.55000305175781,76.33999633789062,2015100,81.98433278401693,1284220.0,28.25599695717324,29.8836942476164,True,False
2021-07-27 20:00:00,76.54000091552734,78.33000183105469,76.26000213623047,78.01000213623047,1212800,81.8259994506836,1274226.6666666667,28.54523380362242,39.17906561508206,True,True
2021-07-28 20:00:00,78.51000213623047,78.62000274658203,77.2300033569336,77.4000015258789,1534500,81.63533274332683,1256570.0,28.551979702532837,37.23718921116041,True,False
2021-07-29 20:00:00,77.37999725341797,77.83999633789062,76.98999786376953,77.3499984741211,1497300,81.44266611735026,1257910.0,28.681076307910754,37.074971131304686,True,False
2021-08-01 20:00:00,77.48999786376953,78.66999816894531,77.22000122070312,78.47000122070312,1361000,81.25966618855794,1234136.6666666667,28.034093514468612,43.05851418805614,True,False
2021-08-02 20:00:00,77.91999816894531,78.16000366210938,75.75,77.94999694824219,1577800,81.0269994099935,1238236.6666666667,28.212727547667892,41.10420292227298,True,False
2021-08-03 20:00:00,78.18000030517578,79.80999755859375,77.22000122070312,77.33999633789062,1648400,80.76866607666015,1222173.3333333333,27.06423041519843,38.87517701335054,True,False
2021-08-04 20:00:00,77.62000274658203,77.62000274658203,76.30000305175781,76.91999816894531,1224000,80.49499944051107,1222943.3333333333,26.487563866186626,37.372442773473246,True,False
2021-08-05 20:00:00,76.83000183105469,77.06999969482422,76.0,76.30000305175781,979000,80.16733296712239,1208380.0,26.106438116439058,35.20879519864528,True,True
2021-08-08 20:00:00,76.4800033569336,76.80000305175781,75.1500015258789,75.30999755859375,973200,79.78333282470703,1176466.6666666667,26.176432036860554,32.02090965378859,True,True
2021-08-09 20:00:00,75.31999969482422,75.44999694824219,72.97000122070312,73.62000274658203,1193200,79.38366622924805,1183966.6666666667,27.13777095687492,27.451590273728847,True,False
2021-08-10 20:00:00,73.9800033569336,74.43000030517578,72.4800033569336,72.9000015258789,1797900,78.9903330485026,1219810.0,28.202886195822146,25.764741375909296,True,False
2021-08-11 20:00:00,73.30000305175781,73.44999694824219,71.91000366210938,72.9000015258789,1213500,78.61599985758464,1227820.0,29.389415936578157,25.76474137590929,True,True
2021-08-12 20:00:00,73.08999633789062,73.91000366210938,72.61000061035156,73.47000122070312,825000,78.26433334350585,1203186.6666666667,30.079345946584564,29.729290202853726,True,True
2021-08-15 20:00:00,73.48999786376953,74.0199966430664,72.8499984741211,73.98999786376953,1025100,77.94466654459636,1202890.0,30.619198461359765,33.23244722094215,True,True
2021-08-16 20:00:00,73.62999725341797,75.69000244140625,73.41999816894531,75.66000366210938,1162400,77.68866678873698,1206000.0,29.72129326416935,43.051501557237685,True,True
2021-08-17 20:00:00,75.58000183105469,75.69000244140625,74.45999908447266,74.54000091552734,983500,77.43566691080729,1206140.0,28.887524152492535,38.917807224490254,True,True
2021-08-18 20:00:00,74.52999877929688,75.61000061035156,74.41999816894531,74.51000213623047,865100,77.20500030517579,1201026.6666666667,28.13636190114402,38.81031762823533,True,True
2021-08-19 20:00:00,74.47000122070312,76.05999755859375,74.41999816894531,74.9000015258789,772200,76.96700032552083,1197423.3333333333,27.053836851430358,41.08837218172905,True,True
2021-08-22 20:00:00,75.18000030517578,75.77999877929688,74.6500015258789,75.52999877929688,659700,76.77866694132487,1186356.6666666667,26.048635019553387,44.67174741412879,True,True
2021-08-23 20:00:00,75.76000213623047,75.77999877929688,75.19000244140625,75.54000091552734,503700,76.60933354695638,1179956.6666666667,25.11523331852477,44.729228581996246,True,True
2021-08-24 20:00:00,75.68000030517578,75.94999694824219,75.0,75.76000213623047,768000,76.47233352661132,1181786.6666666667,24.394265635569948,46.05672377520231,True,True
2021-08-25 20:00:00,75.94999694824219,76.19999694824219,75.0999984741211,75.1500015258789,763300,76.31100031534831,1173390.0,23.460566890306946,42.97467243711056,True,True
2021-08-26 20:00:00,75.51000213623047,76.91000366210938,75.0,75.68000030517578,708700,76.22266693115235,1136913.3333333333,21.88145575119725,46.33489536463661,True,True
2021-08-29 20:00:00,75.75,76.66000366210938,75.75,76.05000305175781,580100,76.17233378092448,1111966.6666666667,20.415138264881104,48.611466817086296,True,True
2021-08-30 20:00:00,76.16999816894531,76.73999786376953,75.5999984741211,76.48999786376953,1317000,76.08166707356771,1093753.3333333333,19.2048515261804,51.259402575500005,False,False
2021-08-31 20:00:00,76.70999908447266,80.30000305175781,76.12999725341797,77.02999877929688,2662300,76.01133371988932,1143630.0,20.203948856589253,54.36718165575346,False,False
2021-09-01 20:00:00,77.20999908447266,77.70999908447266,76.08999633789062,77.2300033569336,856000,75.96500040690104,1144043.3333333333,21.091064935833078,55.498955412086794,False,True
2021-09-02 20:00:00,76.91000366210938,77.47000122070312,76.01000213623047,76.08999633789062,1042900,75.85800018310547,1150326.6666666667,21.82850783949317,48.166056607322446,False,True
2021-09-06 20:00:00,75.77999877929688,76.70999908447266,74.38999938964844,74.69999694824219,1107800,75.77100016276042,1161016.6666666667,20.957288848517354,41.045021347472264,True,True
2021-09-07 20:00:00,74.41999816894531,75.0,73.88999938964844,74.05999755859375,559900,75.69500020345052,1112510.0,19.739376377220676,38.24160386995982,True,True
2021-09-08 20:00:00,74.18000030517578,75.0,72.6500015258789,72.69000244140625,877000,75.51766688028971,1101316.6666666667,18.95879773811135,33.03943914420945,True,True
2021-09-09 20:00:00,72.72000122070312,73.33000183105469,70.97000122070312,71.12000274658203,1186700,75.30833358764649,1089723.3333333333,19.220923512777567,28.289963914373793,True,False
2021-09-12 20:00:00,71.76000213623047,72.8499984741211,71.1500015258789,72.44999694824219,1798800,75.14500020345052,1099773.3333333333,19.464326017824767,36.60396234624949,True,False
2021-09-13 20:00:00,72.95999908447266,73.02999877929688,71.87000274658203,72.23999786376953,874200,74.93733342488606,1083546.6666666667,19.528468560489536,35.89629052015322,True,True
2021-09-14 20:00:00,72.62000274658203,73.86000061035156,72.54000091552734,73.44000244140625,1316600,74.7870002746582,1074840.0,18.865367420709937,42.712092300107,True,False
2021-09-15 20:00:00,72.94000244140625,75.08000183105469,72.94000244140625,75.04000091552734,1123900,74.71033376057943,1057356.6666666667,17.710787880884116,50.29984067202255,False,False
2021-09-16 20:00:00,75.25,76.11000061035156,74.22000122070312,75.98999786376953,2544900,74.6793337504069,1101386.6666666667,17.309133659039887,54.180352635803985,False,False
2021-09-19 20:00:00,78.0,79.5,75.5199966430664,75.91000366210938,2735500,74.66633377075195,1159936.6666666667,18.536206217774993,53.79943599110798,False,False
2021-09-20 20:00:00,75.75,76.83000183105469,74.86000061035156,76.05999755859375,1208100,74.69133377075195,1167766.6666666667,19.1884530627405,54.446151033300126,False,False
2021-09-21 20:00:00,73.12000274658203,73.8499984741211,69.41999816894531,69.58999633789062,5782700,74.55700022379557,1320750.0,18.672384132232825,32.992644965355964,True,False
2021-09-22 20:00:00,69.2300033569336,70.22000122070312,68.81999969482422,69.77999877929688,2412200,74.45300013224283,1341226.6666666667,18.41679247512144,33.81738020277028,True,False
2021-09-23 20:00:00,69.69000244140625,70.13999938964844,68.62000274658203,69.0,1407400,74.32300008138021,1347690.0,18.255898222124735,32.072200099889315,True,False
2021-09-26 20:00:00,68.91000366210938,69.27999877929688,67.87000274658203,69.26000213623047,1654300,74.18266677856445,1375333.3333333333,18.39654918136618,33.30770265258701,True,False
2021-09-27 20:00:00,69.06999969482422,69.62999725341797,68.55000305175781,68.68000030517578,1156500,74.00566685994467,1379713.3333333333,18.32307992632293,31.913248486788476,True,True
2021-09-28 20:00:00,68.80000305175781,69.23999786376953,68.29000091552734,68.66999816894531,1609000,73.7726666768392,1394600.0,18.36497614039768,31.888454799196808,True,False
2021-09-29 20:00:00,68.73999786376953,69.91000366210938,68.69999694824219,68.77999877929688,1731000,73.5806666056315,1419516.6666666667,17.985771281589553,32.509466786054304,True,False
2021-09-30 20:00:00,68.38999938964844,68.76000213623047,67.4000015258789,68.20999908447266,2391500,73.37066650390625,1470396.6666666667,18.212865708860967,30.93548262554861,True,False
2021-10-03 20:00:00,67.80000305175781,68.12000274658203,66.12000274658203,66.31999969482422,1704000,73.0846664428711,1501456.6666666667,18.93051234484549,26.375502248888793,True,False
2021-10-04 20:00:00,66.12000274658203,66.58999633789062,65.23999786376953,65.33000183105469,2325100,72.74466654459636,1556970.0,19.91701094500794,24.350733614611006,True,False
2021-10-05 20:00:00,64.87999725341797,66.19000244140625,64.7699966430664,65.81999969482422,2209500,72.42066650390625,1613830.0,20.99967633453377,27.324503020113855,True,False
2021-10-06 20:00:00,65.81999969482422,67.02999877929688,65.44000244140625,65.6500015258789,2152100,72.0836664835612,1659966.6666666667,21.401228466964245,26.92899306159553,True,False
2021-10-07 20:00:00,65.8499984741211,66.12000274658203,65.30999755859375,65.88999938964844,1613900,71.77499974568686,1688320.0,21.828203112152888,28.502411946331613,True,True
2021-10-10 20:00:00,65.69000244140625,65.9000015258789,64.77999877929688,64.80999755859375,1094400,71.41266632080078,1701176.6666666667,22.449574614944147,25.809171494504728,True,True
2021-10-11 20:00:00,64.87999725341797,65.22000122070312,64.19999694824219,64.36000061035156,1142200,71.0229995727539,1719913.3333333333,23.267790244252733,24.759380018960584,True,True
2021-10-12 20:00:00,64.44000244140625,65.13999938964844,64.08000183105469,64.22000122070312,1452200,70.61399968465169,1724420.0,24.0781473411533,24.426497163686896,True,True
2021-10-13 20:00:00,64.37999725341797,65.9800033569336,64.37999725341797,65.77999877929688,1662900,70.23899968465169,1691106.6666666667,24.111988778674633,34.925435654260916,True,True
2021-10-14 20:00:00,65.55999755859375,65.91999816894531,65.31999969482422,65.55999755859375,1620500,69.8499994913737,1716590.0,24.143412970658726,34.20377059391899,True,True
2021-10-17 20:00:00,65.52999877929688,65.52999877929688,64.19999694824219,64.58000183105469,1595100,69.4663330078125,1734996.6666666667,24.730906105380786,31.11912677187785,True,True
2021-10-18 20:00:00,64.69000244140625,65.69000244140625,64.56999969482422,65.47000122070312,1162700,69.15866648356119,1736826.6666666667,25.128100985754468,36.70215913352244,True,True
2021-10-19 20:00:00,65.9000015258789,65.97000122070312,65.5,65.6500015258789,892500,68.8783332824707,1747913.3333333333,25.229666554336898,37.80022534543047,True,True
2021-10-20 20:00:00,66.05000305175781,66.19000244140625,64.91999816894531,65.87000274658203,1295400,68.6509999593099,1761860.0,25.639839343051715,39.18877031722088,True,True
2021-10-21 20:00:00,65.83000183105469,66.33000183105469,65.30999755859375,65.79000091552734,1755100,68.47333323160807,1780806.6666666667,25.87656174069728,38.84913564516623,True,True
2021-10-24 20:00:00,65.70999908447266,66.9000015258789,65.19000244140625,66.75,1143500,68.28333333333333,1758963.3333333333,25.513443859887854,45.00806164796424,True,True
2021-10-25 20:00:00,66.88999938964844,67.0999984741211,66.38999938964844,66.55000305175781,1506000,68.0936668395996,1780023.3333333333,24.97475395939134,44.01351384670736,True,True
2021-10-26 20:00:00,66.66000366210938,66.66000366210938,64.86000061035156,64.97000122070312,1452100,67.81133346557617,1784540.0,25.419999674282504,37.048460827095944,True,True
2021-10-27 20:00:00,65.29000091552734,65.94999694824219,64.93000030517578,65.73999786376953,1730500,67.50133336385092,1804760.0,25.8334421238243,41.87583575841819,True,True
2021-10-28 20:00:00,65.88999938964844,67.63999938964844,65.54000091552734,66.9800033569336,1654100,67.20100021362305,1775066.6666666667,24.611888705301688,48.69850281063462,True,True
2021-10-31 20:00:00,66.81999969482422,69.58000183105469,66.80000305175781,69.3499984741211,2592500,66.98233337402344,1770300.0,23.58750081409962,58.681307095743726,False,False
2021-11-01 20:00:00,65.54000091552734,65.66999816894531,61.90999984741211,63.47999954223633,5132300,66.56300010681153,1901106.6666666667,23.70336395868199,38.63061422208713,True,False
2021-11-02 20:00:00,64.5999984741211,67.43000030517578,64.0,66.79000091552734,3427000,66.46966692606608,1822583.3333333333,22.81924891018325,49.176217406795956,False,False
2021-11-03 20:00:00,66.2300033569336,67.83000183105469,66.02999877929688,67.48999786376953,2279000,66.39333356221518,1818143.3333333333,21.788176741431187,51.09032812068297,False,False
2021-11-04 20:00:00,67.29000091552734,69.05999755859375,66.47000122070312,67.86000061035156,2403600,66.35533358256022,1851350.0,20.25589419148215,52.116868643631875,False,False
2021-11-08 20:00:00,68.27999877929688,68.94999694824219,66.13999938964844,66.48999786376953,2221300,66.26300010681152,1870250.0,18.94785333980483,48.09196879263749,False,False
2021-11-09 20:00:00,66.9000015258789,67.44999694824219,66.20999908447266,66.52999877929688,1581100,66.19133338928222,1884403.3333333333,17.733243977533036,48.217713918902966,False,True
2021-11-10 20:00:00,67.04000091552734,67.91999816894531,65.20999908447266,65.38999938964844,1647600,66.08200009663899,1885690.0,17.123274863220757,44.880860352367236,True,True
2021-11-11 20:00:00,65.5999984741211,65.81999969482422,64.33999633789062,65.11000061035156,1522600,65.95966682434081,1878743.3333333333,16.977103269313933,44.07408970948767,True,True
2021-11-12 20:00:00,65.11000061035156,65.6500015258789,64.72000122070312,65.61000061035156,1442300,65.87300020853678,1847103.3333333333,16.841372503543308,45.94279597527709,True,True
2021-11-15 20:00:00,65.93000030517578,65.93000030517578,64.51000213623047,65.19000244140625,1357600,65.83533363342285,1835556.6666666667,16.52125501545756,44.59484313929144,True,True
2021-11-16 20:00:00,65.37999725341797,66.19999694824219,64.95999908447266,65.72000122070312,1505000,65.8483336130778,1808220.0,16.03192663572581,46.719259713045716,True,True
2021-11-17 20:00:00,65.8499984741211,65.87999725341797,64.37999725341797,65.0199966430664,1146200,65.82166684468588,1772776.6666666667,15.916039325724242,44.30305429309552,True,True
2021-11-18 20:00:00,65.05999755859375,65.19999694824219,64.13999938964844,65.12999725341797,1429400,65.80433336893718,1748686.6666666667,15.948088364891907,44.78629519788505,True,True
2021-11-19 20:00:00,65.18000030517578,65.6500015258789,64.23999786376953,64.51000213623047,1583400,65.75833346048991,1747670.0,15.611348873640882,42.54568804644705,True,True
2021-11-22 20:00:00,64.58000183105469,64.72000122070312,63.27999877929688,63.34000015258789,1364100,65.70933354695639,1756660.0,15.881881472559698,38.619178784467294,True,True
2021-11-23 20:00:00,63.0,63.900001525878906,62.310001373291016,63.810001373291016,1313500,65.69100023905436,1762370.0,16.656909138362987,40.97573984965518,True,True
2021-11-24 20:00:00,64.30000305175781,67.08000183105469,64.05999755859375,66.73999786376953,5078700,65.77500012715657,1883253.3333333333,15.75853709052384,53.07155109595627,False,False
2021-11-26 20:00:00,68.7699966430664,70.58000183105469,67.88999938964844,68.37999725341797,3169400,65.86166674296061,1933470.0,16.457062500432475,58.23117426860267,False,False
2021-11-29 20:00:00,68.7699966430664,71.8499984741211,68.7699966430664,70.37000274658203,3517800,66.02200024922689,1996713.3333333333,17.533268442561027,63.478369413600596,False,False
2021-11-30 20:00:00,69.95999908447266,70.91999816894531,66.80000305175781,67.72000122070312,5622100,66.1266668955485,2130946.6666666665,17.420348890746883,53.78806532055796,False,False
2021-12-01 20:00:00,68.0,69.62000274658203,64.69000244140625,64.95999908447266,3740500,66.10966682434082,2216873.3333333335,16.32034606080551,45.92473870517032,True,False
2021-12-02 20:00:00,64.91000366210938,66.77999877929688,63.400001525878906,66.62999725341797,2368900,66.14233334859212,2266086.6666666665,15.544521068548562,50.62793340502778,False,False
2021-12-03 20:00:00,66.79000091552734,66.79000091552734,65.20999908447266,65.77999877929688,2573600,66.13933321634929,2308693.3333333335,14.819503860824563,48.324131044285984,True,False
2021-12-06 20:00:00,66.02999877929688,66.4800033569336,64.33999633789062,65.01000213623047,2202200,66.11333325703939,2323596.6666666665,14.512530688045757,46.27008268809773,True,True
2021-12-07 20:00:00,65.30000305175781,67.48999786376953,65.0,66.7300033569336,2161200,66.1126667022705,2357520.0,13.726497778085823,51.25440993976272,False,True
2021-12-08 20:00:00,66.94999694824219,67.5,65.94999694824219,67.33000183105469,1270500,66.1386666615804,2349670.0,12.991609540853796,52.895961739922356,False,True
2021-12-09 20:00:00,67.2300033569336,67.8499984741211,66.38999938964844,66.47000122070312,1485500,66.1886666615804,2350783.3333333335,12.12558049432508,50.282195243392145,False,True
2021-12-10 20:00:00,66.48999786376953,67.30000305175781,64.7699966430664,65.4000015258789,1810700,66.17733345031738,2353456.6666666665,12.101956154211207,47.15981399361897,True,True
2021-12-13 20:00:00,64.7699966430664,68.25,64.31999969482422,67.80999755859375,2771300,66.20499992370605,2390696.6666666665,11.560302826800944,54.076859564390624,False,False
2021-12-14 20:00:00,67.31999969482422,69.87000274658203,67.0999984741211,68.58999633789062,1983900,66.17966651916504,2370410.0,11.208842680475126,56.080747884614546,False,True
2021-12-15 20:00:00,68.41999816894531,72.12999725341797,67.80000305175781,71.98999786376953,2794500,66.46333312988281,2292483.3333333335,11.804254420200566,63.547605480339456,False,False
2021-12-16 20:00:00,72.31999969482422,72.52999877929688,71.30000305175781,72.0,2193700,66.6369997660319,2251373.3333333335,12.504659820489223,63.567228845043985,False,True
2021-12-17 20:00:00,72.58999633789062,73.83000183105469,71.8499984741211,72.88999938964844,13902500,66.81699981689454,2638823.3333333335,13.616638586507985,65.35444297140441,False,False
2021-12-20 20:00:00,73.7300033569336,74.30000305175781,72.16000366210938,73.44999694824219,2450100,67.00333302815756,2640373.3333333335,14.80896985211464,66.46902409690178,False,True
2021-12-21 20:00:00,73.83999633789062,73.83999633789062,71.44000244140625,73.68000030517578,1609800,67.24299977620443,2619990.0,15.461889422716364,66.9394667758353,False,True
2021-12-22 20:00:00,73.69000244140625,73.7300033569336,72.8499984741211,73.37000274658203,1407100,67.47099990844727,2614190.0,16.06817188113225,65.60349802455937,False,True
2021-12-23 20:00:00,73.5199966430664,74.0199966430664,72.62999725341797,73.47000122070312,1082100,67.74033330281576,2595340.0,16.752222192747205,65.84033387954534,False,True
2021-12-27 20:00:00,73.70999908447266,74.04000091552734,73.0199966430664,73.9800033569336,992200,68.03600006103515,2577660.0,17.396191105791477,67.0851034780404,False,True
2021-12-28 20:00:00,73.8499984741211,74.55999755859375,73.08999633789062,73.30000305175781,874700,68.29233347574869,2558740.0,18.228671562502686,63.749503530745855,False,True
2021-12-29 20:00:00,73.2300033569336,74.26000213623047,72.54000091552734,73.79000091552734,951800,68.57900009155273,2545213.3333333335,18.559583039571958,65.09626155626673,False,True
2021-12-30 20:00:00,73.9000015258789,75.44000244140625,73.52999877929688,74.11000061035156,4082500,68.85866673787434,2631130.0,19.416528829061082,65.98502429661468,False,False
2021-12-31 20:00:00,74.05999755859375,75.31999969482422,73.30999755859375,73.4000015258789,2789500,69.1380002339681,2685906.6666666665,20.029140189293894,62.20058723759727,False,False
2022-01-03 20:00:00,73.19999694824219,74.05999755859375,72.26000213623047,73.97000122070312,1391200,69.4326670328776,2684633.3333333335,19.759847954252585,63.98635313592583,False,True
2022-01-04 20:00:00,73.7300033569336,73.75,70.81999969482422,71.80999755859375,2297400,69.67600021362304,2708433.3333333335,18.519481217785685,53.643883974926645,False,True
2022-01-05 20:00:00,71.72000122070312,72.81999969482422,70.37000274658203,70.44999694824219,1597300,69.91300010681152,2716206.6666666665,17.30781461364285,48.34529325845851,False,True
2022-01-06 20:00:00,70.80999755859375,72.69000244140625,70.44000244140625,72.62999725341797,1997700,70.20699996948242,2739013.3333333335,16.182695624081646,55.869802283536444,False,True
2022-01-07 20:00:00,72.69000244140625,74.44999694824219,72.69000244140625,73.19000244140625,2531500,70.42200012207032,2654106.6666666665,15.996120295384248,57.57929149494253,False,True
2022-01-10 20:00:00,73.0,74.9000015258789,72.83999633789062,74.66000366210938,2084900,70.63133366902669,2617956.6666666665,16.066096426121998,61.7661549291212,False,True
2022-01-11 20:00:00,74.45999908447266,75.38999938964844,73.8499984741211,74.44000244140625,1317400,70.76700032552084,2544610.0,16.392951976514752,60.798992672092666,False,True
2022-01-12 20:00:00,73.9800033569336,74.52999877929688,72.83999633789062,73.62000274658203,1638800,70.96366704305014,2411833.3333333335,15.927164961774107,57.20360709269694,False,True
2022-01-13 20:00:00,72.94000244140625,74.2300033569336,72.79000091552734,73.6500015258789,1319200,71.253333791097,2331123.3333333335,15.457476781699452,57.303083519213956,False,True
2022-01-14 20:00:00,73.4800033569336,74.94000244140625,72.83000183105469,74.87999725341797,1572800,71.52833379109701,2304586.6666666665,15.458684440640706,61.27739813606031,False,True
2022-01-18 20:00:00,75.70999908447266,76.30000305175781,74.47000122070312,75.01000213623047,3063700,71.83600056966146,2320923.3333333335,16.198166186005956,61.68336800787839,False,False
2022-01-19 20:00:00,75.05999755859375,76.19000244140625,74.05999755859375,74.77999877929688,1551200,72.16166712443034,2299223.3333333335,16.5416466406108,60.47536786313595,False,True
2022-01-20 20:00:00,75.2699966430664,76.05000305175781,74.66000366210938,74.76000213623047,1336300,72.4293337504069,2271726.6666666665,16.860592777029584,60.36468269401926,False,True
2022-01-21 20:00:00,74.98999786376953,76.5,74.68000030517578,74.79000091552734,1820500,72.678000386556,2290060.0,17.418316182787816,60.48153630530422,False,True
2022-01-24 20:00:00,73.83000183105469,75.43000030517578,73.08000183105469,75.33999633789062,3265500,72.97366689046224,2349393.3333333335,16.593835400197513,62.65537860582708,False,False
2022-01-25 20:00:00,74.79000091552734,75.04000091552734,72.66999816894531,74.1500015258789,1716700,73.26533355712891,2346260.0,15.52620826313767,55.537000111723856,False,True
2022-01-26 20:00:00,73.20999908447266,75.0999984741211,73.11000061035156,73.5199966430664,3195000,73.45566685994466,2360383.3333333335,14.57878005590514,52.15844590478943,False,False
2022-01-27 20:00:00,73.5999984741211,74.30000305175781,71.47000122070312,71.58999633789062,1921100,73.55566685994467,2358290.0,14.511611860881676,43.44004415420449,True,True
2022-01-28 20:00:00,71.44999694824219,74.26000213623047,70.73999786376953,74.2300033569336,1621400,73.6303337097168,2319186.6666666665,14.877136028187996,54.615230139768265,False,True
2022-01-31 20:00:00,73.6500015258789,74.72000122070312,73.5,74.33000183105469,1754900,73.70800043741862,2304560.0,14.83240835110046,54.97809303309737,False,True
2022-02-01 20:00:00,74.0999984741211,75.76000213623047,73.94000244140625,75.19000244140625,1555100,73.78466720581055,1892980.0,13.98574342780023,58.082095483020154,False,True
2022-02-02 20:00:00,74.91999816894531,75.41999816894531,73.08999633789062,74.38999938964844,1746300,73.8160006205241,1869520.0,13.753262733315669,54.329664122379086,False,True
2022-02-03 20:00:00,73.95999908447266,74.22000122070312,72.83999633789062,73.05000305175781,1583000,73.79500071207683,1868626.6666666667,13.694773337372421,48.65904225659481,True,True
2022-02-04 20:00:00,73.0199966430664,73.26000213623047,72.2699966430664,72.69000244140625,1322100,73.77233403523763,1865793.3333333333,13.995828024900064,47.23270956243258,True,True
2022-02-07 20:00:00,72.69999694824219,73.88999938964844,72.6500015258789,73.3499984741211,1465100,73.7683339436849,1878560.0,13.739026863417974,50.11947230264136,True,True
2022-02-08 20:00:00,70.62999725341797,72.7300033569336,67.9000015258789,70.06999969482422,3279700,73.63800048828125,1954810.0,15.68195914114792,38.76831255286633,True,False
2022-02-09 20:00:00,66.83999633789062,69.88999938964844,66.61000061035156,68.27999877929688,3234300,73.47066701253256,2033463.3333333333,17.86852414333372,34.214194166917224,True,False
2022-02-10 20:00:00,67.27999877929688,67.98999786376953,66.41000366210938,66.9000015258789,3147800,73.24100036621094,2106663.3333333335,19.95610098886877,31.173819618191416,True,False
2022-02-11 20:00:00,67.23999786376953,67.97000122070312,66.5,66.76000213623047,1577900,72.99600041707357,2023176.6666666667,21.89456520257989,30.874077777334126,True,True
2022-02-14 20:00:00,66.4800033569336,66.62000274658203,65.5999984741211,66.0199966430664,2284000,72.75000025431315,2006326.6666666667,23.96739037492244,29.27193131853707,True,False
2022-02-15 20:00:00,66.77999877929688,68.19999694824219,66.51000213623047,67.5,1834300,72.53433354695638,2021096.6666666667,24.59754019513668,36.38239578583967,True,True
2022-02-16 20:00:00,67.4000015258789,68.12000274658203,66.93000030517578,67.83000183105469,1498300,72.40166702270508,1994460.0,25.182679313907048,37.88195049238926,True,True
2022-02-17 20:00:00,67.33999633789062,68.70999908447266,66.97000122070312,67.83000183105469,2953500,72.31433385213217,2039666.6666666667,25.25708255910206,37.881950492389265,True,False
2022-02-18 20:00:00,67.98999786376953,70.06999969482422,67.73999786376953,68.52999877929688,2273500,72.17766723632812,2048860.0,24.34058334739276,41.28659250502468,True,False
