Datetime,OPEN,HIGH,LOW,Adj Close,Volume,Price_Moving_Avg,Vol_Moving_Avg,ADX,RSI,Price Lower than MAVG,Volume Higher than MAVG
1992-03-31 20:00:00,8.92194652557373,9.281220436096191,8.802188873291016,9.221341133117676,1309102,9.091603469848632,1164866.2,,,False,False
1992-04-01 20:00:00,9.041705131530762,9.101582527160645,8.862068176269531,8.92194652557373,647140,9.083619626363118,1186437.5333333334,,,True,True
1992-04-02 20:00:00,8.981825828552246,8.981825828552246,8.7423095703125,8.7423095703125,883242,9.069647884368896,1215878.9333333333,,,True,True
1992-04-03 20:00:00,8.7423095703125,9.101582527160645,8.682432174682617,9.101582527160645,1484247,9.067651907602945,1214793.4,,,False,False
1992-04-05 20:00:00,9.221341133117676,9.520734786987305,9.16146183013916,9.460857391357422,2198189,9.077631759643555,1251896.1,,,False,False
1992-04-06 20:00:00,9.460857391357422,9.460857391357422,9.041705131530762,9.041705131530762,1447506,9.075635846455892,1259919.2333333334,,,True,False
1992-04-07 20:00:00,9.041705131530762,9.221341133117676,8.802188873291016,8.802188873291016,2206122,9.065656057993571,1261213.5333333334,,,True,False
1992-04-08 20:00:00,8.92194652557373,8.981825828552246,8.802188873291016,8.862068176269531,1582362,9.059668159484863,1283682.5333333334,,,True,False
1992-04-09 20:00:00,8.981825828552246,9.101582527160645,8.92194652557373,8.981825828552246,896811,9.049688339233398,1275269.7,,,True,True
1992-04-12 20:00:00,9.041705131530762,9.16146183013916,8.981825828552246,9.041705131530762,794312,9.043700472513835,1268958.3333333333,,,True,True
1992-04-13 20:00:00,8.981825828552246,9.221341133117676,8.92194652557373,9.221341133117676,1723480,9.043700472513835,1292679.8333333333,,,False,False
1992-04-14 20:00:00,9.34109878540039,9.520734786987305,9.281220436096191,9.520734786987305,2042249,9.06166410446167,1291246.3666666667,,,False,False
1992-04-15 20:00:00,9.520734786987305,9.700371742248535,9.281220436096191,9.640493392944336,3292065,9.081623713175455,1370392.3333333333,,,False,False
1992-04-19 20:00:00,9.520734786987305,9.640493392944336,9.460857391357422,9.58061408996582,1217250,9.097591431935628,1384977.3666666667,,,False,True
1992-04-20 20:00:00,9.520734786987305,9.58061408996582,9.16146183013916,9.281220436096191,1436860,9.107571252187093,1390961.6666666667,,50.98039828016518,False,False
1992-04-21 20:00:00,9.281220436096191,9.281220436096191,9.101582527160645,9.16146183013916,726676,9.115555095672608,1373036.6,,48.91460999347074,False,True
1992-04-22 20:00:00,9.460857391357422,9.520734786987305,9.400978088378906,9.400978088378906,1457318,9.135514736175537,1383488.2666666666,,53.015257054247755,False,False
1992-04-23 20:00:00,9.460857391357422,9.88000774383545,9.400978088378906,9.820130348205566,2543052,9.167450141906738,1433192.8,,59.18907246507039,False,False
1992-04-26 20:00:00,9.820130348205566,9.820130348205566,9.640493392944336,9.640493392944336,2375839,9.193397649129231,1474908.9666666666,,55.80471493764342,False,False
1992-04-27 20:00:00,9.58061408996582,9.76025104522705,9.58061408996582,9.640493392944336,1688201,9.213357257843018,1490356.8333333333,,55.80471493764342,False,False
1992-04-28 20:00:00,9.700371742248535,9.76025104522705,9.520734786987305,9.520734786987305,837525,9.229324913024902,1468562.8333333333,,53.44207038196666,False,True
1992-04-29 20:00:00,9.640493392944336,9.99976634979248,9.640493392944336,9.939887046813965,2250378,9.255272420247396,1505011.4333333333,,59.84930117337218,False,False
1992-04-30 20:00:00,9.88000774383545,9.939887046813965,9.76025104522705,9.820130348205566,1498443,9.273236083984376,1509047.3666666667,,57.41800700315493,False,True
1992-05-03 20:00:00,9.820130348205566,9.99976634979248,9.76025104522705,9.99976634979248,1619729,9.295191669464112,1483558.4,,60.04028683736756,False,False
1992-05-04 20:00:00,9.99976634979248,9.99976634979248,9.76025104522705,9.820130348205566,1550005,9.31315533320109,1467317.2666666666,,56.30612307866771,False,False
1992-05-05 20:00:00,9.820130348205566,9.820130348205566,9.640493392944336,9.640493392944336,819989,9.331119028727214,1458633.0666666667,,52.77154637377832,False,True
1992-05-06 20:00:00,9.700371742248535,9.939887046813965,9.640493392944336,9.939887046813965,1207856,9.359062512715658,1474797.6666666667,,57.55399382673158,False,True
1992-05-07 20:00:00,9.88000774383545,9.939887046813965,9.700371742248535,9.820130348205566,719787,9.383014106750489,1475055.1333333333,33.228255639952096,55.148405279814924,False,True
1992-05-10 20:00:00,9.820130348205566,9.99976634979248,9.76025104522705,9.99976634979248,1365466,9.416945457458496,1495380.9,33.58506139820836,57.98519094533435,False,True
1992-05-11 20:00:00,9.939887046813965,10.179403305053713,9.76025104522705,9.76025104522705,2814225,9.44488894144694,1554514.2,34.437456019994904,53.157517373631734,False,False
1992-05-12 20:00:00,9.88000774383545,9.99976634979248,9.88000774383545,9.88000774383545,1414523,9.466844495137533,1558028.2333333334,35.228965311653845,55.16737902482577,False,True
1992-05-13 20:00:00,9.99976634979248,10.29916000366211,9.939887046813965,10.29916000366211,2202782,9.512751611073812,1609882.9666666666,36.68712930926582,61.40864842084136,False,False
1992-05-14 20:00:00,10.29916000366211,10.29916000366211,10.119524002075195,10.239280700683594,2053104,9.562650648752848,1648878.3666666667,38.0411387356198,60.12100782728409,False,False
1992-05-17 20:00:00,10.359039306640623,10.359039306640623,10.239280700683594,10.29916000366211,1681729,9.602569897969564,1655461.1,39.42936328237079,61.00164317341432,False,False
1992-05-18 20:00:00,10.359039306640623,10.418917655944824,10.29916000366211,10.359039306640623,1229566,9.63250929514567,1623173.6666666667,40.84784234264911,61.90753369167814,False,True
1992-05-19 20:00:00,10.359039306640623,10.359039306640623,10.119524002075195,10.119524002075195,971754,9.668436590830485,1607315.2666666666,40.78833132147492,56.2763871382958,False,True
1992-05-20 20:00:00,10.239280700683594,10.359039306640623,10.179403305053713,10.359039306640623,1345634,9.720331605275472,1578632.3333333333,40.733071087527456,60.177320156008285,False,True
1992-05-21 20:00:00,10.359039306640623,10.538676261901855,10.29916000366211,10.47879695892334,2187960,9.774222564697265,1598818.9333333333,41.20902818356685,62.00272657982785,False,False
1992-05-25 20:00:00,10.71831226348877,11.077585220336914,10.658432960510254,11.017705917358398,5912982,9.842085234324138,1766024.6333333333,42.719875785053766,68.90921896454383,False,False
1992-05-26 20:00:00,11.017705917358398,11.017705917358398,10.598553657531738,10.71831226348877,2496500,9.897972138722738,1822764.2333333334,43.74103099598068,62.15053912257529,False,False
1992-05-27 20:00:00,10.71831226348877,10.778190612792969,10.598553657531738,10.71831226348877,1684443,9.947871176401774,1821463.0,44.68924654898425,62.15053912257529,False,True
1992-05-28 20:00:00,10.598553657531738,10.658432960510254,10.47879695892334,10.538676261901855,1322880,9.981802558898925,1797484.0333333334,44.774111757099355,58.179752309817665,False,True
1992-05-31 20:00:00,10.538676261901855,10.71831226348877,10.418917655944824,10.538676261901855,1292193,10.011741987864177,1730821.6333333333,44.85291516463481,58.179752309817665,False,True
1992-06-01 20:00:00,10.658432960510254,10.658432960510254,10.418917655944824,10.418917655944824,1159425,10.039685440063476,1728894.1333333333,44.9260897573463,55.44104394098568,False,True
1992-06-02 20:00:00,10.538676261901855,10.598553657531738,10.418917655944824,10.538676261901855,1340624,10.081600634256999,1725686.2666666666,44.99403759343554,57.590938996876574,False,True
1992-06-03 20:00:00,10.47879695892334,10.47879695892334,10.29916000366211,10.359039306640623,737113,10.121519883473715,1726034.1666666667,44.14949530110234,53.426890412028285,False,True
1992-06-04 20:00:00,10.538676261901855,10.538676261901855,10.418917655944824,10.47879695892334,1121640,10.15744717915853,1714844.9,43.57914456412892,55.72520995729919,False,True
1992-06-07 20:00:00,10.538676261901855,10.71831226348877,10.47879695892334,10.658432960510254,1594261,10.185390599568684,1683218.5333333334,43.62607328024774,58.99407211670034,False,True
1992-06-08 20:00:00,10.598553657531738,10.658432960510254,10.418917655944824,10.418917655944824,728137,10.211338075002034,1628295.1333333333,43.22231637459749,53.33933679828574,False,True
1992-06-09 20:00:00,10.418917655944824,10.658432960510254,10.359039306640623,10.538676261901855,1399910,10.241277503967286,1618685.4333333333,42.40716467958968,55.629449573026605,False,True
1992-06-10 20:00:00,10.538676261901855,10.658432960510254,10.47879695892334,10.47879695892334,1210570,10.273212909698486,1631120.2666666666,41.65023810565385,54.19713960001196,False,True
1992-06-11 20:00:00,10.598553657531738,10.598553657531738,10.359039306640623,10.359039306640623,833558,10.287184651692709,1583892.9333333333,40.06343716174773,51.3495331176996,False,True
1992-06-14 20:00:00,10.359039306640623,10.47879695892334,10.29916000366211,10.418917655944824,762164,10.30714422861735,1559350.3,38.17944875697792,52.688055488265086,False,True
1992-06-15 20:00:00,10.47879695892334,10.47879695892334,10.359039306640623,10.418917655944824,570110,10.321115938822429,1524363.0,36.43003095254881,52.688055488265086,False,True
1992-06-16 20:00:00,10.359039306640623,10.418917655944824,10.179403305053713,10.239280700683594,803289,10.335087617238363,1499472.4666666666,34.01481597783573,48.08502646114163,True,True
1992-06-17 20:00:00,10.179403305053713,10.29916000366211,9.820130348205566,9.88000774383545,1750618,10.343071428934733,1530493.4333333333,33.41370010740703,40.46989881246179,True,False
1992-06-18 20:00:00,9.88000774383545,9.88000774383545,9.76025104522705,9.820130348205566,1246058,10.33907953898112,1531766.8333333333,33.071483031759406,39.35136231972369,True,True
1992-06-21 20:00:00,9.700371742248535,9.88000774383545,9.520734786987305,9.700371742248535,918521,10.33508758544922,1538391.3,33.51324064752004,37.14034336070487,True,True
1992-06-22 20:00:00,9.700371742248535,9.76025104522705,9.460857391357422,9.460857391357422,1250024,10.317123953501383,1534543.2333333334,34.09075420121356,33.13097134453532,True,True
1992-06-23 20:00:00,9.520734786987305,9.700371742248535,9.460857391357422,9.640493392944336,744211,10.313132031758625,1465542.7666666666,34.6270167867861,38.493822016090675,True,True
1992-06-24 20:00:00,9.58061408996582,9.640493392944336,9.34109878540039,9.460857391357422,972798,10.299160353342693,1450818.6,35.46746761174224,35.433485088447014,True,True
1992-06-25 20:00:00,9.34109878540039,9.520734786987305,9.34109878540039,9.460857391357422,736278,10.271216932932536,1401935.1333333333,36.24788623491579,35.433485088447014,True,True
1992-06-28 20:00:00,9.460857391357422,9.76025104522705,9.400978088378906,9.640493392944336,861323,10.251257356007894,1362209.1,35.29977950645549,40.8841733287059,True,True
1992-06-29 20:00:00,9.700371742248535,9.76025104522705,9.281220436096191,9.400978088378906,1222051,10.221317958831786,1346886.5,34.8557302473184,36.46405829211971,True,True
1992-06-30 20:00:00,9.400978088378906,9.460857391357422,9.101582527160645,9.460857391357422,522305,10.19137856165568,1323311.1333333333,35.0186560523377,38.261129080848505,True,True
1992-07-01 20:00:00,9.460857391357422,9.520734786987305,9.400978088378906,9.520734786987305,629187,10.171418921152751,1311892.2333333334,34.78626992908447,40.086051900766584,True,True
1992-07-05 20:00:00,9.520734786987305,9.520734786987305,9.34109878540039,9.400978088378906,849632,10.139483547210693,1295358.8333333333,34.76775657789172,37.68669180786744,True,True
1992-07-06 20:00:00,9.400978088378906,9.400978088378906,9.221341133117676,9.281220436096191,1309519,10.099564329783123,1266077.4666666666,35.125569951038564,35.40451672571383,True,False
1992-07-07 20:00:00,9.281220436096191,9.281220436096191,9.101582527160645,9.221341133117676,969666,10.039685503641765,1101300.2666666666,35.79976692681813,34.28651510098192,True,True
1992-07-08 20:00:00,9.221341133117676,9.34109878540039,9.16146183013916,9.34109878540039,1009539,9.993778387705484,1051734.9,36.001971140650625,38.471296247544956,True,True
1992-07-09 20:00:00,9.400978088378906,9.400978088378906,9.281220436096191,9.34109878540039,940232,9.947871271769205,1026927.8666666667,35.77055061352606,38.47129624754495,True,True
1992-07-12 20:00:00,9.34109878540039,9.520734786987305,9.281220436096191,9.520734786987305,689935,9.913939889272054,1005829.7,34.763286208057664,44.607867856661606,True,True
1992-07-13 20:00:00,9.460857391357422,9.700371742248535,9.400978088378906,9.640493392944336,1534557,9.884000460306803,1013908.5,32.794426577414534,48.309210109789504,True,False
1992-07-14 20:00:00,9.640493392944336,9.640493392944336,9.34109878540039,9.34109878540039,1029788,9.848073164621988,1009587.2666666667,31.237600089019356,40.94345068774637,True,False
1992-07-15 20:00:00,9.34109878540039,9.400978088378906,9.221341133117676,9.34109878540039,716447,9.808153915405274,988781.3666666667,30.307159843373466,40.94345068774637,True,True
1992-07-16 20:00:00,9.34109878540039,9.34109878540039,9.16146183013916,9.221341133117676,909754,9.770230642954509,994536.0666666667,29.687448640014612,38.23874572257328,True,True
1992-07-19 20:00:00,9.16146183013916,9.281220436096191,9.101582527160645,9.221341133117676,936892,9.728315448760986,988377.8,29.353201522149238,38.23874572257328,True,True
1992-07-20 20:00:00,9.221341133117676,9.34109878540039,9.16146183013916,9.281220436096191,947538,9.68240836461385,966820.3666666667,28.64687109729962,40.517348413367145,True,True
1992-07-21 20:00:00,9.281220436096191,9.460857391357422,9.221341133117676,9.460857391357422,1785481,9.650473022460938,1002065.1666666666,27.24702393008758,46.85226488526963,True,False
1992-07-22 20:00:00,9.520734786987305,9.58061408996582,9.281220436096191,9.400978088378906,1006825,9.612549750010173,988962.3333333334,25.323011440373698,45.12701152834248,True,False
1992-07-23 20:00:00,9.34109878540039,9.460857391357422,9.281220436096191,9.34109878540039,625221,9.574626477559407,969450.7,23.536428414210803,43.40572187646726,True,True
1992-07-26 20:00:00,9.281220436096191,9.281220436096191,9.16146183013916,9.16146183013916,735443,9.534707228342691,966180.2,22.48173122747741,38.64361866140626,True,True
1992-07-27 20:00:00,9.16146183013916,9.400978088378906,9.16146183013916,9.34109878540039,1110993,9.498779932657877,977807.8333333334,20.939612456954478,45.12691511519106,True,False
1992-07-28 20:00:00,9.34109878540039,9.460857391357422,9.34109878540039,9.400978088378906,792642,9.464848613739013,985225.5666666667,19.83081717168815,47.132275783005625,True,True
1992-07-29 20:00:00,9.520734786987305,9.640493392944336,9.460857391357422,9.640493392944336,1557311,9.444889036814372,1010359.6333333333,19.669570723138797,54.32298958882416,False,False
1992-07-30 20:00:00,9.76025104522705,9.88000774383545,9.700371742248535,9.820130348205566,1374651,9.442893123626709,997827.4,20.437146262908016,58.844245181388345,False,False
1992-08-02 20:00:00,9.820130348205566,9.88000774383545,9.640493392944336,9.700371742248535,657787,9.438901170094807,978218.3666666667,20.774876176397946,54.93992706331012,False,True
1992-08-03 20:00:00,9.700371742248535,9.76025104522705,9.58061408996582,9.700371742248535,886373,9.438901170094807,977146.7666666667,20.71697559992115,54.93992706331012,False,True
1992-08-04 20:00:00,9.640493392944336,9.700371742248535,9.520734786987305,9.58061408996582,702878,9.442893060048421,958908.5666666667,20.296176310135678,51.014383924240214,False,True
1992-08-05 20:00:00,9.58061408996582,9.640493392944336,9.460857391357422,9.58061408996582,844414,9.44089708328247,962248.6666666666,19.543790443097386,51.014383924240214,False,True
1992-08-06 20:00:00,9.520734786987305,9.640493392944336,9.460857391357422,9.520734786987305,578251,9.442892996470134,949097.1,18.845146423704684,48.98476037523812,False,True
1992-08-09 20:00:00,9.460857391357422,9.58061408996582,9.400978088378906,9.460857391357422,623968,9.442892996470134,945353.4333333333,17.814971422362937,46.97226363251736,False,True
1992-08-10 20:00:00,9.460857391357422,9.58061408996582,9.460857391357422,9.520734786987305,445065,9.438901042938232,931478.1666666666,16.85838034968846,49.21903970913086,False,True
1992-08-11 20:00:00,9.520734786987305,9.640493392944336,9.460857391357422,9.58061408996582,662797,9.444888909657797,912836.3666666667,16.334745583730335,51.43508119624794,False,True
1992-08-12 20:00:00,9.58061408996582,9.640493392944336,9.520734786987305,9.58061408996582,695571,9.448880799611409,918611.9,15.848513301054936,51.435081196247936,False,True
1992-08-13 20:00:00,9.520734786987305,9.640493392944336,9.520734786987305,9.640493392944336,428365,9.45287275314331,911917.8333333334,15.397011895713494,53.77460247064396,False,True
1992-08-16 20:00:00,9.640493392944336,9.640493392944336,9.460857391357422,9.520734786987305,760703,9.456864643096925,908953.5333333333,14.488529134238709,48.71958573578328,False,True
1992-08-17 20:00:00,9.58061408996582,9.58061408996582,9.460857391357422,9.520734786987305,507066,9.464848454793295,882205.1,13.644937998583552,48.71958573578327,False,True
1992-08-18 20:00:00,9.520734786987305,9.58061408996582,9.400978088378906,9.460857391357422,803289,9.472832330067952,876659.2,12.974953284089525,46.201189379804816,True,True
1992-08-19 20:00:00,9.400978088378906,9.460857391357422,9.400978088378906,9.400978088378906,609147,9.474828306833903,863312.8,12.352824620630784,43.76481454423655,True,True
1992-08-20 20:00:00,9.400978088378906,9.460857391357422,9.281220436096191,9.281220436096191,900360,9.472832361857096,861983.7333333333,12.702292625918625,39.30100343433008,True,False
1992-08-23 20:00:00,9.221341133117676,9.34109878540039,9.16146183013916,9.221341133117676,853181,9.462852573394775,867425.2666666667,13.77993543017479,37.25492375869818,True,True
1992-08-24 20:00:00,9.221341133117676,9.281220436096191,9.041705131530762,9.101582527160645,967370,9.444888877868653,848519.0333333333,15.40293284220049,33.498621609896986,True,False
1992-08-25 20:00:00,9.16146183013916,9.16146183013916,9.041705131530762,9.041705131530762,856939,9.43490908940633,842757.4,16.910001867652927,31.773639266240433,True,False
1992-08-26 20:00:00,9.101582527160645,9.16146183013916,8.981825828552246,9.041705131530762,755275,9.42492930094401,844051.6666666666,18.606012194155532,31.773639266240433,True,True
1992-08-27 20:00:00,9.101582527160645,9.281220436096191,9.041705131530762,9.281220436096191,736905,9.42692527770996,838290.0333333333,18.94055381047334,44.929431600125085,True,True
1992-08-30 20:00:00,9.281220436096191,9.520734786987305,9.221341133117676,9.520734786987305,1270482,9.436905066172281,849409.7,17.77389026107687,54.39885445196994,False,False
1992-08-31 20:00:00,9.400978088378906,9.400978088378906,9.221341133117676,9.281220436096191,849215,9.436905066172281,846132.2666666667,16.690559822351574,45.89932417043085,True,False
1992-09-01 20:00:00,9.400978088378906,9.400978088378906,9.281220436096191,9.281220436096191,901404,9.430917167663575,816663.0333333333,15.684610129249519,45.89932417043086,True,False
1992-09-02 20:00:00,9.221341133117676,9.281220436096191,9.041705131530762,9.101582527160645,882407,9.420937315622966,812515.7666666667,15.90121528596781,40.40765199450595,True,False
1992-09-03 20:00:00,8.981825828552246,9.16146183013916,8.981825828552246,9.101582527160645,594534,9.412953440348307,811492.8666666667,16.409995377376553,40.40765199450595,True,True
1992-09-07 20:00:00,9.101582527160645,9.101582527160645,8.92194652557373,8.92194652557373,713524,9.404969596862793,810762.2333333333,17.179252420652325,35.48391746575187,True,True
1992-09-08 20:00:00,8.981825828552246,9.041705131530762,8.92194652557373,8.981825828552246,821450,9.392993831634522,801110.8,17.89356253226554,38.18771311853808,True,False
1992-09-09 20:00:00,8.981825828552246,9.101582527160645,8.981825828552246,8.981825828552246,1190112,9.3790220896403,814359.8,18.021625101772965,38.18771311853808,True,False
1992-09-10 20:00:00,8.981825828552246,9.041705131530762,8.862068176269531,8.92194652557373,751309,9.355070527394613,787493.0666666667,18.786561329170954,36.4176561879407,True,True
1992-09-13 20:00:00,8.981825828552246,9.041705131530762,8.862068176269531,9.041705131530762,1272152,9.32912302017212,784076.4333333333,19.496859254611945,42.18914254634399,True,False
1992-09-14 20:00:00,8.981825828552246,9.041705131530762,8.92194652557373,8.981825828552246,920400,9.305171489715576,792830.2,20.15642161395001,40.2231498287804,True,False
1992-09-15 20:00:00,8.862068176269531,9.041705131530762,8.862068176269531,8.92194652557373,1360038,9.279223982493082,808619.0333333333,21.10334854834383,38.301047347821296,True,False
1992-09-16 20:00:00,8.92194652557373,8.981825828552246,8.92194652557373,8.92194652557373,548399,9.257268397013346,803469.7333333333,21.982637844566664,38.3010473478213,True,True
1992-09-17 20:00:00,9.041705131530762,9.101582527160645,8.92194652557373,9.101582527160645,1255034,9.241300678253173,817157.0666666667,21.53886774722714,47.09672024324893,True,False
1992-09-20 20:00:00,9.041705131530762,9.16146183013916,8.981825828552246,9.101582527160645,953801,9.227328936258951,829675.4,20.577077060058063,47.096720243248924,True,False
1992-09-21 20:00:00,9.101582527160645,9.16146183013916,8.981825828552246,9.041705131530762,841491,9.213357194264729,836926.1666666666,19.68398570768678,44.63678822424692,True,False
1992-09-22 20:00:00,8.981825828552246,9.16146183013916,8.981825828552246,9.041705131530762,1685487,9.197389539082845,878273.5666666667,18.854686594770588,44.63678822424692,True,False
1992-09-23 20:00:00,8.981825828552246,9.041705131530762,8.802188873291016,8.802188873291016,764043,9.171442031860352,881648.4333333333,19.394002481536635,35.93043345174467,True,True
1992-09-24 20:00:00,8.862068176269531,8.92194652557373,8.562673568725586,8.562673568725586,1513890,9.137510681152344,908925.7333333333,21.06494587801553,29.693302303756504,True,False
1992-09-27 20:00:00,8.562673568725586,8.802188873291016,8.562673568725586,8.562673568725586,1200967,9.101583353678386,934679.1333333333,22.61653617474593,29.693302303756496,True,False
1992-09-28 20:00:00,8.562673568725586,8.682432174682617,8.502795219421387,8.562673568725586,844414,9.069647979736327,937469.5,24.305058497039422,29.693302303756496,True,True
1992-09-29 20:00:00,8.562673568725586,8.622552871704102,8.383036613464355,8.442915916442871,837733,9.033720684051513,948491.7333333333,26.31636438437081,26.789234343411806,True,True
1992-09-30 20:00:00,8.562673568725586,8.802188873291016,8.502795219421387,8.622552871704102,1419742,9.00577720006307,969040.1666666666,26.471633792584107,36.77763805981053,True,False
1992-10-01 20:00:00,8.502795219421387,8.562673568725586,8.383036613464355,8.383036613464355,1164226,8.971845817565917,987542.8,27.133948862506422,30.752980717738645,True,False
1992-10-04 20:00:00,8.263279914855957,8.323159217834473,7.96388578414917,8.023763656616211,2008222,8.929930591583252,1024471.5333333333,29.01842907664926,24.317960936171264,True,False
1992-10-05 20:00:00,8.203400611877441,8.263279914855957,8.083642959594727,8.203400611877441,1105357,8.895999240875245,1032877.4,30.768303561210466,31.981756694198616,True,False
1992-10-06 20:00:00,8.203400611877441,8.263279914855957,8.143522262573242,8.263279914855957,903074,8.868055820465088,1030734.2,32.39318701116016,34.36756395499192,True,True
1992-10-07 20:00:00,8.263279914855957,8.263279914855957,8.083642959594727,8.143522262573242,1300752,8.838116391499836,1045527.9666666667,34.05815914893031,31.953547397070658,True,False
1992-10-08 20:00:00,8.143522262573242,8.143522262573242,7.904006958007812,7.904006958007812,1507002,8.800193119049073,1070585.5333333334,36.02155104250404,27.754594013899354,True,False
1992-10-11 20:00:00,7.96388578414917,8.083642959594727,7.844128131866455,7.904006958007812,1568375,8.754286003112792,1098301.2,37.96887700741794,27.754594013899354,True,False
1992-10-12 20:00:00,7.96388578414917,8.203400611877441,7.904006958007812,8.143522262573242,1681312,8.708378918965657,1111995.5333333334,38.74220935476061,37.30886343841099,True,False
1992-10-13 20:00:00,8.143522262573242,8.203400611877441,8.083642959594727,8.203400611877441,891175,8.672451591491699,1113394.2,39.46030367729309,39.464227180090674,True,True
1992-10-14 20:00:00,8.083642959594727,8.323159217834473,8.083642959594727,8.203400611877441,1872531,8.63652426401774,1145765.1,39.13541338438447,39.464227180090674,True,False
1992-10-15 20:00:00,8.323159217834473,8.323159217834473,8.083642959594727,8.263279914855957,1154415,8.608580843607585,1154832.0333333334,38.83372954096932,41.78547788976445,True,True
1992-10-18 20:00:00,8.203400611877441,8.263279914855957,8.143522262573242,8.143522262573242,1309937,8.57664550145467,1178678.8,38.553594543512396,38.597736943653025,True,False
1992-10-19 20:00:00,8.203400611877441,8.263279914855957,7.96388578414917,8.023763656616211,1377573,8.546706072489421,1200813.7666666666,38.98524378216704,35.667401987918105,True,False
1992-10-20 20:00:00,7.96388578414917,8.083642959594727,7.904006958007812,8.023763656616211,1107236,8.514770666758219,1210339.9666666666,39.586721836658214,35.667401987918105,True,True
1992-10-21 20:00:00,8.203400611877441,8.203400611877441,8.083642959594727,8.083642959594727,1494685,8.484831237792969,1220492.4,39.10856327798963,38.3801857651568,True,False
1992-10-22 20:00:00,8.143522262573242,8.203400611877441,7.724370002746582,7.7842488288879395,2618413,8.446907981236775,1282729.2,39.821353943157604,31.278236337187533,True,False
1992-10-26 20:00:00,7.724370002746582,7.724370002746582,7.544734001159668,7.604612827301025,3042602,8.399004904429118,1341744.2,40.90145026557561,27.93783923788481,True,False
1992-10-27 20:00:00,7.664491176605225,7.904006958007812,7.604612827301025,7.904006958007812,1603238,8.363077608744304,1364505.4666666666,40.68475997946511,39.529238483883766,True,False
1992-10-28 20:00:00,7.844128131866455,8.143522262573242,7.844128131866455,8.083642959594727,1172576,8.335134156545003,1358256.7333333334,39.13816181924063,45.222552720735216,True,True
1992-10-29 20:00:00,8.143522262573242,8.203400611877441,8.083642959594727,8.203400611877441,1450638,8.31118262608846,1388331.3666666667,37.400399064100725,48.690796135194,True,False
1992-10-30 20:00:00,8.083642959594727,8.203400611877441,8.083642959594727,8.143522262573242,967996,8.279247283935547,1378763.4333333333,35.78676222004224,47.085532039627125,True,True
1992-11-02 20:00:00,8.143522262573242,8.263279914855957,8.023763656616211,8.083642959594727,845875,8.245315965016683,1375165.9,34.288385150559364,45.47107519638027,True,True
1992-11-03 20:00:00,8.143522262573242,8.143522262573242,7.7842488288879395,7.904006958007812,1585285,8.207392692565918,1399959.0333333334,33.813172462162896,40.93636477637836,True,False
1992-11-04 20:00:00,7.904006958007812,8.083642959594727,7.724370002746582,7.904006958007812,1344173,8.169469420115153,1388581.9,33.5732595709215,40.936364776378355,True,True
1992-11-05 20:00:00,7.96388578414917,7.96388578414917,7.904006958007812,7.96388578414917,829174,8.141525983810425,1390752.9333333333,33.35048331476877,43.12894204631791,True,True
1992-11-06 20:00:00,7.96388578414917,7.96388578414917,7.844128131866455,7.904006958007812,1094502,8.119570430119833,1376773.3333333333,33.35834679673735,41.471019896387574,True,True
1992-11-09 20:00:00,7.904006958007812,8.083642959594727,7.844128131866455,7.904006958007812,1298455,8.09761487642924,1380022.9333333333,32.55371118128045,41.471019896387574,True,True
1992-11-10 20:00:00,7.904006958007812,8.023763656616211,7.844128131866455,7.96388578414917,1512638,8.077655283610026,1402297.0666666667,31.806549538356183,43.9690225435839,True,False
1992-11-11 20:00:00,8.023763656616211,8.083642959594727,7.904006958007812,7.96388578414917,1394900,8.06168761253357,1420869.3,30.702297923177216,43.969022543583904,True,True
1992-11-12 20:00:00,7.904006958007812,8.023763656616211,7.904006958007812,7.96388578414917,1080724,8.039732042948405,1409568.7,29.676921423368174,43.9690225435839,True,True
1992-11-13 20:00:00,7.904006958007812,7.96388578414917,7.844128131866455,7.904006958007812,926245,8.02376438776652,1401636.0,29.034059726070872,41.74382666728193,True,True
1992-11-16 20:00:00,7.904006958007812,8.083642959594727,7.904006958007812,8.023763656616211,1152953,8.023764387766521,1373127.0333333334,27.572554531536394,47.46970951788229,True,True
1992-11-17 20:00:00,7.96388578414917,8.083642959594727,7.96388578414917,7.96388578414917,939188,8.015780560175578,1367588.0666666667,26.21544256518295,45.083704627346485,True,True
1992-11-18 20:00:00,7.96388578414917,8.143522262573242,7.96388578414917,8.143522262573242,1119344,8.01178863843282,1374797.0666666667,24.52899583564928,52.755832170316594,False,True
1992-11-19 20:00:00,8.203400611877441,8.263279914855957,8.083642959594727,8.203400611877441,1450846,8.013784583409628,1379800.2,23.366645255579584,55.011999188838075,False,False
1992-11-20 20:00:00,8.323159217834473,8.383036613464355,8.143522262573242,8.383036613464355,1756672,8.029752238591511,1388122.5333333334,22.957911183792714,61.02531364696006,False,False
1992-11-23 20:00:00,8.323159217834473,8.383036613464355,8.143522262573242,8.203400611877441,1082185,8.039732027053834,1371916.2,22.578372402847766,53.346288130937694,False,True
1992-11-24 20:00:00,8.143522262573242,8.263279914855957,8.143522262573242,8.263279914855957,1219337,8.04372394879659,1356517.0333333334,22.225943534827458,55.3626236054358,False,True
1992-11-25 20:00:00,8.203400611877441,8.502795219421387,8.203400611877441,8.442915916442871,1817211,8.051707792282105,1387384.9,23.096264060449677,60.83168505619065,False,False
1992-11-27 20:00:00,8.502795219421387,8.622552871704102,8.442915916442871,8.502795219421387,1603655,8.06168761253357,1378422.3666666667,24.36725221241159,62.48183631955707,False,False
1992-11-30 20:00:00,8.562673568725586,8.682432174682617,8.502795219421387,8.562673568725586,2089845,8.07166740099589,1409603.3666666667,25.76071049677773,64.11015073907274,False,False
1992-12-01 20:00:00,8.562673568725586,8.7423095703125,8.502795219421387,8.682432174682617,2404856,8.089631064732869,1446100.6666666667,27.26143996795343,67.17831860019726,False,False
1992-12-02 20:00:00,8.802188873291016,8.92194652557373,8.7423095703125,8.802188873291016,2454122,8.115578571955362,1481985.6333333333,29.198132973742933,69.94524986312959,False,False
1992-12-03 20:00:00,8.802188873291016,8.862068176269531,8.562673568725586,8.622552871704102,2315718,8.135538212458293,1522268.3666666667,29.526247170812315,61.56172641246322,False,False
1992-12-04 20:00:00,8.502795219421387,8.622552871704102,8.442915916442871,8.442915916442871,1494894,8.147513977686565,1522275.3333333333,28.996026666532092,54.52384677483037,False,True
1992-12-07 20:00:00,8.562673568725586,8.622552871704102,8.442915916442871,8.562673568725586,1385715,8.173461469014486,1481185.4,28.503679055414743,57.973287858176,False,True
1992-12-08 20:00:00,8.562673568725586,8.682432174682617,8.442915916442871,8.682432174682617,2862864,8.209388780593873,1475194.1333333333,28.314788910728847,61.147068755415454,False,False
1992-12-09 20:00:00,8.682432174682617,8.682432174682617,8.562673568725586,8.622552871704102,2294634,8.233340311050416,1498240.6666666667,28.139390919234803,58.75776438454836,False,False
1992-12-10 20:00:00,8.622552871704102,8.682432174682617,8.502795219421387,8.502795219421387,1618477,8.247312053044636,1513104.0333333334,27.500418982672727,54.19656732546192,False,False
1992-12-11 20:00:00,8.502795219421387,8.562673568725586,8.442915916442871,8.502795219421387,911841,8.257291873296102,1495144.1333333333,26.44770850540005,54.19656732546193,False,True
1992-12-14 20:00:00,8.502795219421387,8.682432174682617,8.442915916442871,8.622552871704102,1995279,8.27325956026713,1529386.9,26.118957870781056,57.97962420440417,False,False
1992-12-15 20:00:00,8.682432174682617,8.682432174682617,8.562673568725586,8.682432174682617,1803642,8.29321920077006,1561312.4666666666,25.81368942434913,59.76885113002418,False,False
1992-12-16 20:00:00,8.682432174682617,8.682432174682617,8.562673568725586,8.622552871704102,1436025,8.317170731226604,1556337.1333333333,25.530225866948054,57.148295069243915,False,True
1992-12-17 20:00:00,8.562673568725586,8.682432174682617,8.502795219421387,8.562673568725586,1741224,8.339126284917196,1569572.1666666667,24.73569269545226,54.571560958060886,False,False
1992-12-18 20:00:00,8.622552871704102,8.682432174682617,8.502795219421387,8.682432174682617,3531715,8.36307783126831,1659656.8666666667,23.997911893349027,58.592774520443555,False,False
1992-12-21 20:00:00,8.682432174682617,8.682432174682617,8.502795219421387,8.562673568725586,1646241,8.385033384958904,1678048.1666666667,23.312829719967453,53.49342894121843,False,True
1992-12-22 20:00:00,8.562673568725586,8.562673568725586,8.383036613464355,8.442915916442871,1698638,8.402997016906738,1691387.6,21.699877063187056,48.90943290357243,False,False
1992-12-23 20:00:00,8.442915916442871,8.442915916442871,8.263279914855957,8.383036613464355,1883595,8.416968711217244,1703752.8333333333,21.086498650937585,46.75216695835247,True,False
1992-12-24 20:00:00,8.323159217834473,8.442915916442871,8.263279914855957,8.323159217834473,1011000,8.428944492340088,1690956.1666666667,20.516932982420222,44.632194816513355,True,True
1992-12-28 20:00:00,8.263279914855957,8.442915916442871,8.083642959594727,8.143522262573242,1934114,8.434932374954224,1719402.5,21.094570460882032,38.928989508302635,True,False
1992-12-29 20:00:00,8.263279914855957,8.502795219421387,8.203400611877441,8.323159217834473,2042040,8.448904116948446,1756595.6666666667,21.078388109372067,46.316472446765964,True,False
1992-12-30 20:00:00,8.323159217834473,8.383036613464355,8.263279914855957,8.263279914855957,1398031,8.456887992223104,1764764.9333333333,21.063361640112817,44.38893916606445,True,True
1992-12-31 20:00:00,8.263279914855957,8.323159217834473,8.143522262573242,8.143522262573242,2470197,8.46287587483724,1815798.5666666667,21.741478245164846,40.737438775665716,True,False
1993-01-04 20:00:00,8.263279914855957,8.502795219421387,8.263279914855957,8.383036613464355,899942,8.47085968653361,1808485.1666666667,20.831257375286494,49.657089613757,True,True
1993-01-05 20:00:00,8.383036613464355,8.562673568725586,8.383036613464355,8.502795219421387,1332274,8.480839506785076,1804532.7666666666,19.550375476752777,53.43126239034769,False,True
1993-01-06 20:00:00,8.442915916442871,8.562673568725586,8.442915916442871,8.502795219421387,1326220,8.484831460316975,1790184.3666666667,18.36098514240004,53.43126239034769,False,True
1993-01-07 20:00:00,8.562673568725586,8.562673568725586,8.323159217834473,8.323159217834473,1044401,8.488823413848877,1788924.9,18.053382956808957,47.266794134172905,True,True
1993-01-08 20:00:00,8.383036613464355,8.383036613464355,8.143522262573242,8.263279914855957,1415984,8.488823413848877,1795479.8,18.728727020162246,45.38704400240078,True,True
1993-01-11 20:00:00,8.263279914855957,8.323159217834473,8.143522262573242,8.203400611877441,1253364,8.480839570363363,1776684.9,19.355832221847443,43.52303571206457,True,True
1993-01-12 20:00:00,8.203400611877441,8.263279914855957,8.143522262573242,8.203400611877441,1082603,8.470859750111897,1759316.5,19.93814419484084,43.52303571206457,True,True
1993-01-13 20:00:00,8.203400611877441,8.323159217834473,8.203400611877441,8.323159217834473,1321418,8.462875938415527,1733702.2666666666,19.92162142633802,48.43515618893354,True,True
1993-01-14 20:00:00,8.323159217834473,8.323159217834473,8.083642959594727,8.143522262573242,1466294,8.444912274678549,1702416.8666666667,20.574058874306086,42.46841314287567,True,True
1993-01-15 20:00:00,8.143522262573242,8.263279914855957,8.083642959594727,8.263279914855957,1825979,8.426948642730713,1681478.7666666666,21.179893647419295,47.14327867325305,True,False
1993-01-18 20:00:00,8.263279914855957,8.323159217834473,8.203400611877441,8.263279914855957,1444375,8.414972877502441,1652434.0,21.159413135532553,47.14327867325305,True,True
1993-01-19 20:00:00,8.442915916442871,8.562673568725586,8.383036613464355,8.442915916442871,1937663,8.414972877502441,1667192.9666666666,20.00459377945598,53.689645647356954,False,False
1993-01-20 20:00:00,8.442915916442871,8.502795219421387,8.263279914855957,8.323159217834473,1187815,8.406989065806071,1660596.3,18.99437435679672,49.30548480571563,True,True
1993-01-21 20:00:00,8.323159217834473,8.442915916442871,8.323159217834473,8.383036613464355,1007660,8.397009213765463,1598756.1666666667,18.056313464327406,51.44057980977473,True,True
1993-01-22 20:00:00,8.442915916442871,8.502795219421387,8.383036613464355,8.383036613464355,1798423,8.389025338490804,1582215.8,16.775543362375924,51.44057980977473,True,False
1993-01-25 20:00:00,8.442915916442871,8.682432174682617,8.383036613464355,8.622552871704102,2329287,8.393017260233561,1605909.4666666666,16.688365247521364,59.37768846191961,False,False
1993-01-26 20:00:00,8.682432174682617,8.682432174682617,8.562673568725586,8.562673568725586,1179048,8.395013205210368,1614816.3666666667,16.607414140870702,56.87483510588931,False,True
1993-01-27 20:00:00,8.562673568725586,8.7423095703125,8.502795219421387,8.622552871704102,1464207,8.395013205210368,1597113.9666666666,16.067077160775835,58.747446400867986,False,True
1993-01-28 20:00:00,8.622552871704102,8.92194652557373,8.562673568725586,8.862068176269531,1436860,8.401001071929931,1584887.9,16.56607890586277,65.24784296665212,False,True
1993-01-29 20:00:00,8.92194652557373,8.981825828552246,8.862068176269531,8.92194652557373,1707615,8.410980860392252,1593940.9,17.317421710587148,66.66216291980966,False,False
1993-02-01 20:00:00,8.862068176269531,8.92194652557373,8.802188873291016,8.862068176269531,976555,8.420960680643718,1568451.9333333333,17.53023733896372,63.86317458217945,False,True
1993-02-02 20:00:00,8.802188873291016,8.92194652557373,8.802188873291016,8.802188873291016,838151,8.42495257059733,1478666.4666666666,17.727851851027676,61.10032763198333,False,True
1993-02-03 20:00:00,8.862068176269531,8.92194652557373,8.802188873291016,8.862068176269531,1143142,8.434932390848795,1461896.5,17.91135104080135,62.831978943953246,False,True
1993-02-04 20:00:00,8.981825828552246,9.101582527160645,8.92194652557373,9.041705131530762,1719931,8.454892031351726,1462606.2666666666,19.03112033229556,67.50534750029722,False,False
1993-02-05 20:00:00,9.101582527160645,9.281220436096191,9.101582527160645,9.101582527160645,2920481,8.478843561808269,1497169.1333333333,20.793122712492554,68.90865239592723,False,False
1993-02-08 20:00:00,9.16146183013916,9.281220436096191,9.101582527160645,9.16146183013916,1110993,8.506786982218424,1500502.2333333334,22.42926777981833,70.2904205065301,False,True
1993-02-09 20:00:00,9.101582527160645,9.101582527160645,8.92194652557373,9.041705131530762,1966053,8.536726411183675,1501566.8666666667,22.408181685437107,64.14997511211945,False,False
1993-02-10 20:00:00,8.981825828552246,9.041705131530762,8.802188873291016,8.802188873291016,2558500,8.552694066365559,1518782.2,21.540083533246264,53.99109698216068,False,False
1993-02-11 20:00:00,8.862068176269531,8.92194652557373,8.802188873291016,8.92194652557373,4019575,8.574649620056153,1606167.0,20.733992391926197,57.60607640396379,False,False
1993-02-12 20:00:00,8.981825828552246,9.221341133117676,8.981825828552246,9.221341133117676,4369240,8.610576915740968,1669468.4333333333,21.395594602645925,65.00818994997745,False,False
1993-02-16 20:00:00,9.16146183013916,9.16146183013916,9.041705131530762,9.041705131530762,2117610,8.632532533009847,1710057.3666666667,22.009939512599953,58.41752311316311,False,False
1993-02-17 20:00:00,9.101582527160645,9.16146183013916,9.041705131530762,9.101582527160645,2788130,8.652492109934489,1758585.9,22.580402643271555,59.87768650936211,False,False
1993-02-18 20:00:00,9.16146183013916,9.16146183013916,9.041705131530762,9.101582527160645,2194431,8.67245168685913,1787526.2666666666,23.110118407466615,59.87768650936211,False,False
1993-02-19 20:00:00,9.101582527160645,9.460857391357422,9.101582527160645,9.400978088378906,3809359,8.708378982543945,1879691.5333333334,24.743665617515784,66.66559049138347,False,False
1993-02-22 20:00:00,9.400978088378906,9.520734786987305,9.34109878540039,9.460857391357422,2644716,8.74829823176066,1920649.2666666666,26.441385706395398,67.83755599615046,False,False
1993-02-23 20:00:00,9.520734786987305,9.640493392944336,9.400978088378906,9.640493392944336,2814642,8.79620132446289,1972691.8666666667,28.355081267643328,71.11812226174781,False,False
1993-02-24 20:00:00,9.58061408996582,9.76025104522705,9.520734786987305,9.700371742248535,4424142,8.846100362141927,2084076.5,30.432313362067926,72.13828337598514,False,False
1993-02-25 20:00:00,9.640493392944336,9.700371742248535,9.520734786987305,9.58061408996582,1702814,8.888015524546306,2096789.7,32.3611717354622,67.03812855674298,False,True
1993-02-26 20:00:00,9.640493392944336,9.700371742248535,9.460857391357422,9.700371742248535,2222822,8.939910507202148,2122007.3,33.59521667589961,69.37022270215019,False,False
1993-03-01 20:00:00,9.640493392944336,9.76025104522705,9.640493392944336,9.76025104522705,1888814,8.989809544881185,2124101.8,34.92330014914218,70.49430525889696,False,True
1993-03-02 20:00:00,9.700371742248535,9.88000774383545,9.640493392944336,9.88000774383545,1830780,9.043700472513835,2136981.966666667,36.49240157215929,72.65567625292326,False,True
1993-03-03 20:00:00,9.820130348205566,9.88000774383545,9.700371742248535,9.88000774383545,1736423,9.091603533426921,2130273.966666667,37.94942432210375,72.65567625292326,False,True
1993-03-04 20:00:00,9.700371742248535,9.76025104522705,9.58061408996582,9.58061408996582,1487796,9.133518695831299,2140273.3333333335,38.1549826142948,59.92760645758056,False,True
1993-03-05 20:00:00,9.640493392944336,9.700371742248535,9.520734786987305,9.520734786987305,1424335,9.171441968282064,2154162.5,37.82026159785251,57.7486252831086,False,True
1993-03-08 20:00:00,9.58061408996582,9.640493392944336,9.460857391357422,9.640493392944336,2129091,9.213357194264729,2165184.7666666666,37.0015910450284,60.81719993513954,False,True
1993-03-09 20:00:00,9.640493392944336,9.939887046813965,9.58061408996582,9.939887046813965,3096252,9.257268333435059,2190750.2666666666,37.41391432505334,67.22561882034452,False,False
1993-03-10 20:00:00,9.939887046813965,10.05964469909668,9.88000774383545,9.939887046813965,2241192,9.303175449371338,2226155.066666667,38.15489666633586,67.22561882034452,False,False
1993-03-11 20:00:00,9.99976634979248,9.99976634979248,9.88000774383545,9.99976634979248,2306741,9.349082565307617,2254239.533333333,38.842951697526765,68.42352440770529,False,False
1993-03-12 20:00:00,9.88000774383545,9.939887046813965,9.76025104522705,9.939887046813965,1646241,9.385009860992431,2261218.9,38.50821034642018,65.83226110086417,False,True
1993-03-15 20:00:00,9.99976634979248,10.119524002075195,9.939887046813965,10.05964469909668,1633298,9.422933133443196,2258741.6666666665,38.80725174048113,68.40905642308617,False,True
1993-03-16 20:00:00,10.05964469909668,10.119524002075195,9.939887046813965,9.99976634979248,1887770,9.460856405893962,2289115.5,39.0849330349663,65.73948697397968,False,True
1993-03-17 20:00:00,9.99976634979248,10.119524002075195,9.939887046813965,10.119524002075195,2104875,9.504767576853434,2331339.6333333333,39.342779951273954,68.39586381571107,False,True
1993-03-18 20:00:00,10.05964469909668,10.179403305053713,10.05964469909668,10.05964469909668,1759177,9.544686794281006,2351874.1333333333,39.791871677738946,65.65479208922375,False,True
1993-03-19 20:00:00,10.119524002075195,10.179403305053713,10.05964469909668,10.119524002075195,2020330,9.58061408996582,2361887.433333333,40.20888542374216,67.07578111764683,False,True
1993-03-22 20:00:00,10.05964469909668,10.179403305053713,9.99976634979248,10.119524002075195,2295469,9.614545472462972,2341053.7,40.01283077748771,67.07578111764683,False,True
1993-03-23 20:00:00,10.179403305053713,10.29916000366211,10.179403305053713,10.239280700683594,1777965,9.650472768147786,2363286.1,40.31212182741393,69.95872010963599,False,True
1993-03-24 20:00:00,10.239280700683594,10.47879695892334,10.179403305053713,10.418917655944824,3041767,9.696379852294921,2399143.2333333334,41.180944654736045,73.68145719192701,False,False
1993-03-25 20:00:00,10.47879695892334,10.838069915771484,10.47879695892334,10.778190612792969,4181778,9.762246576944987,2453252.5,42.80935166926422,79.2261193788991,False,False
1993-03-26 20:00:00,10.778190612792969,10.778190612792969,10.658432960510254,10.71831226348877,1858545,9.822125434875488,2381218.1666666665,44.321443897040375,76.33948069335521,False,True
1993-03-29 20:00:00,10.658432960510254,10.778190612792969,10.359039306640623,10.418917655944824,1517439,9.86204465230306,2286158.1333333333,43.50502457925236,63.81871383629849,False,True
1993-03-30 20:00:00,10.418917655944824,10.71831226348877,10.418917655944824,10.658432960510254,2143913,9.91593557993571,2287034.9,42.74692092702063,68.29830328520914,False,True
1993-03-31 20:00:00,10.778190612792969,10.838069915771484,10.538676261901855,10.538676261901855,2477294,9.963838704427083,2276673.7,42.430460395257,64.02968973468415,False,False
1993-04-01 20:00:00,10.598553657531738,10.598553657531738,10.359039306640623,10.47879695892334,820824,10.009745852152507,2230886.8,40.99547554452823,61.94498440605034,False,True
1993-04-02 20:00:00,10.359039306640623,10.418917655944824,10.239280700683594,10.239280700683594,778864,10.037689272562663,2129870.3,38.9938311253241,54.32574045378868,False,True
1993-04-04 20:00:00,10.239280700683594,10.71831226348877,10.239280700683594,10.658432960510254,1503661,10.077608458201091,2091835.1333333333,38.19766693738517,62.920939677572576,False,True
1993-04-05 20:00:00,10.658432960510254,10.778190612792969,10.598553657531738,10.658432960510254,1886100,10.111539777119955,2060883.7333333334,37.64136499321852,62.920939677572576,False,True
1993-04-06 20:00:00,10.658432960510254,11.017705917358398,10.538676261901855,10.957826614379885,2840110,10.153454939524332,2008082.6666666667,37.784231977647174,67.921698822932,False,False
1993-04-07 20:00:00,11.017705917358398,11.137463569641112,10.838069915771484,10.89794921875,1885474,10.197366110483806,2014171.3333333333,38.2043348360203,66.00442018266163,False,True
1993-04-11 20:00:00,11.137463569641112,11.197342872619627,11.017705917358398,11.077585220336914,2735942,10.243273226420085,2031275.3333333333,38.73388183755309,68.84567509612033,False,False
1993-04-12 20:00:00,11.137463569641112,11.257222175598145,11.077585220336914,11.197342872619627,2101327,10.29117628733317,2038359.1,39.36536197888041,70.60924648595707,False,False
1993-04-13 20:00:00,11.137463569641112,11.197342872619627,10.89794921875,10.957826614379885,1501783,10.327103583017985,2027392.5333333334,38.85405296616266,62.93582525279937,False,True
1993-04-14 20:00:00,10.957826614379885,11.017705917358398,10.658432960510254,10.658432960510254,1674840,10.353051090240479,2025339.7666666666,37.150901827798464,54.903847164837885,False,True
1993-04-15 20:00:00,10.71831226348877,10.957826614379885,10.598553657531738,10.957826614379885,2617786,10.398958174387614,2063006.1,35.291442450745954,60.35289640770881,False,False
1993-04-18 20:00:00,10.838069915771484,10.957826614379885,10.838069915771484,10.838069915771484,1501783,10.442869345347086,2065587.7,33.56480160062578,57.36693105567845,False,True
1993-04-19 20:00:00,10.838069915771484,10.838069915771484,10.598553657531738,10.598553657531738,1003067,10.4748046875,2028053.5666666667,31.449959481492947,51.84244376546716,False,True
1993-04-20 20:00:00,10.598553657531738,10.658432960510254,10.418917655944824,10.418917655944824,1020185,10.490772374471028,1958851.3333333333,30.163674488206635,48.101093443970484,True,True
1993-04-21 20:00:00,10.47879695892334,10.71831226348877,10.418917655944824,10.598553657531738,1524119,10.51272792816162,1934948.9,28.691836864566074,51.84375222124945,False,True
1993-04-22 20:00:00,10.418917655944824,10.418917655944824,10.29916000366211,10.359039306640623,1068616,10.524703693389892,1893678.0666666667,27.76880172787526,46.97912269187804,True,True
1993-04-25 20:00:00,10.359039306640623,10.418917655944824,10.239280700683594,10.239280700683594,916851,10.534683481852214,1869365.0666666667,27.126257514022424,44.719627615624155,True,True
1993-04-26 20:00:00,10.29916000366211,10.359039306640623,10.239280700683594,10.29916000366211,798696,10.542667325337728,1841545.0,26.529609315444787,46.11512198561372,True,True
1993-04-27 20:00:00,10.359039306640623,10.598553657531738,10.29916000366211,10.538676261901855,1545830,10.560630989074706,1830147.0,24.77128536868795,51.400015104063655,True,True
1993-04-28 20:00:00,10.47879695892334,10.598553657531738,10.418917655944824,10.598553657531738,932091,10.576598644256592,1791054.2,23.1385559895566,52.65027234167173,False,True
1993-04-29 20:00:00,10.598553657531738,10.71831226348877,10.538676261901855,10.598553657531738,921653,10.594562276204426,1763136.7333333334,21.902802369338726,52.65027234167173,False,True
1993-05-02 20:00:00,10.658432960510254,10.658432960510254,10.418917655944824,10.598553657531738,1213910,10.610529931386312,1736256.0666666667,20.493638781355816,52.650272341671744,True,True
1993-05-03 20:00:00,10.658432960510254,10.778190612792969,10.598553657531738,10.71831226348877,1052751,10.630489540100097,1694832.1333333333,19.424640318961828,55.509374258277354,False,True
1993-05-04 20:00:00,10.71831226348877,10.778190612792969,10.598553657531738,10.598553657531738,876562,10.642465305328368,1664785.3666666667,18.43199888959598,52.12013398686798,True,True
1993-05-05 20:00:00,10.598553657531738,10.838069915771484,10.598553657531738,10.658432960510254,1260044,10.650449148813884,1605394.6,17.7928843400265,53.64416947713686,False,True
1993-05-06 20:00:00,10.658432960510254,10.71831226348877,10.538676261901855,10.538676261901855,575120,10.642465337117512,1485172.6666666667,16.86192506795908,50.20245475395224,True,True
1993-05-09 20:00:00,10.598553657531738,10.658432960510254,10.538676261901855,10.538676261901855,1564200,10.63647747039795,1475361.1666666667,15.997462886753622,50.20245475395224,True,False
1993-05-10 20:00:00,10.538676261901855,10.598553657531738,10.47879695892334,10.598553657531738,814144,10.642465337117512,1451918.0,14.871508131987705,51.988649153349144,True,True
1993-05-11 20:00:00,10.538676261901855,10.658432960510254,10.538676261901855,10.658432960510254,586810,10.642465337117512,1400014.5666666667,14.142117424960563,53.774324774089486,False,True
1993-05-12 20:00:00,10.658432960510254,10.658432960510254,10.418917655944824,10.538676261901855,905996,10.642465337117512,1347637.9666666666,13.510484366320856,49.78614347757088,True,True
1993-05-13 20:00:00,10.47879695892334,10.538676261901855,10.29916000366211,10.359039306640623,695571,10.638473415374756,1343462.8666666667,13.552727274754291,44.459593919906865,True,True
1993-05-16 20:00:00,10.418917655944824,10.47879695892334,10.359039306640623,10.47879695892334,596830,10.646457290649414,1337395.0666666667,13.591952832585338,48.42145161719481,True,True
1993-05-17 20:00:00,10.418917655944824,10.47879695892334,10.179403305053713,10.29916000366211,851302,10.634481525421142,1315649.7666666666,14.482418051860789,43.41834061776374,True,True
1993-05-18 20:00:00,10.418917655944824,10.418917655944824,10.239280700683594,10.359039306640623,1131660,10.624501736958821,1290501.7666666666,15.309278612616566,45.44195100105234,True,True
1993-05-19 20:00:00,10.418917655944824,10.418917655944824,10.239280700683594,10.418917655944824,705383,10.606538105010987,1219344.2,16.07707770474693,47.46531993368384,True,True
1993-05-20 20:00:00,10.359039306640623,10.418917655944824,10.29916000366211,10.359039306640623,1103687,10.588574441274007,1193284.6333333333,16.79003400458227,45.642392702409026,True,True
1993-05-23 20:00:00,10.418917655944824,10.598553657531738,10.359039306640623,10.538676261901855,972798,10.570610809326173,1134513.1666666667,16.032113957268074,51.64260192944556,True,True
1993-05-24 20:00:00,10.538676261901855,10.598553657531738,10.418917655944824,10.47879695892334,698703,10.54665927886963,1087759.0333333334,15.328331056190603,49.67424840710669,True,True
1993-05-25 20:00:00,10.538676261901855,10.598553657531738,10.418917655944824,10.598553657531738,1518066,10.534683513641358,1088301.8,14.674818362332953,53.492184782678635,False,False
1993-05-26 20:00:00,10.538676261901855,10.658432960510254,10.538676261901855,10.598553657531738,1035633,10.532687536875407,1066994.9,13.652511974824355,53.492184782678635,False,True
1993-05-27 20:00:00,10.538676261901855,10.598553657531738,10.418917655944824,10.418917655944824,1293445,10.514723904927571,1022850.2,13.491273141571169,47.255501052873925,True,False
1993-05-31 20:00:00,10.418917655944824,10.778190612792969,10.418917655944824,10.598553657531738,2096108,10.506740029652914,1042661.0333333333,12.979838124189191,53.13928815279688,False,False
1993-06-01 20:00:00,10.658432960510254,10.778190612792969,10.658432960510254,10.778190612792969,1721602,10.51272792816162,1066612.2,12.504934179477356,58.165092532127346,False,False
1993-06-02 20:00:00,10.778190612792969,10.89794921875,10.71831226348877,10.838069915771484,1373398,10.526699670155843,1078385.9666666666,12.796956374017318,59.716031406943515,False,False
1993-06-03 20:00:00,10.71831226348877,10.71831226348877,10.538676261901855,10.658432960510254,879276,10.528695646921793,1056891.2,11.949900959944568,53.3286862296682,False,True
1993-06-06 20:00:00,10.71831226348877,10.71831226348877,10.47879695892334,10.47879695892334,1576934,10.532687568664551,1073835.1333333333,11.525725023296014,47.82030297104148,True,False
1993-06-07 20:00:00,10.538676261901855,10.71831226348877,10.47879695892334,10.598553657531738,1148361,10.544663333892823,1081552.1333333333,11.131847367836642,51.42267050265868,False,False
1993-06-08 20:00:00,10.598553657531738,10.71831226348877,10.47879695892334,10.538676261901855,1207647,10.55264720916748,1095183.8333333333,10.766103830624369,49.57961920102389,True,False
1993-06-09 20:00:00,10.598553657531738,10.658432960510254,10.47879695892334,10.47879695892334,916016,10.55065123240153,1074190.0333333334,10.426484831784398,47.73699654959428,True,True
1993-06-10 20:00:00,10.29916000366211,10.29916000366211,9.520734786987305,9.58061408996582,4677153,10.516719913482666,1199025.4333333333,13.630955772646953,29.829061181405624,True,False
1993-06-13 20:00:00,9.700371742248535,9.820130348205566,9.520734786987305,9.58061408996582,3354273,10.482788594563802,1280112.7666666666,16.606535932019323,29.829061181405624,True,False
1993-06-14 20:00:00,9.640493392944336,9.640493392944336,9.520734786987305,9.520734786987305,1770868,10.446861298878988,1298678.0333333334,19.369574651436526,28.988258876151708,True,False
1993-06-15 20:00:00,9.58061408996582,10.119524002075195,9.520734786987305,10.05964469909668,2242445,10.424905713399252,1338334.5,19.199325322309026,44.225714199427266,True,False
1993-06-16 20:00:00,9.99976634979248,10.179403305053713,9.939887046813965,9.99976634979248,1533096,10.40494613647461,1360218.9666666666,18.772695989160717,43.11861778078644,True,False
1993-06-17 20:00:00,10.05964469909668,10.239280700683594,9.99976634979248,10.05964469909668,2500257,10.384986527760823,1401559.4,18.10600790778397,44.611799049850184,True,False
1993-06-20 20:00:00,10.119524002075195,10.239280700683594,10.05964469909668,10.239280700683594,1722019,10.375006675720215,1439789.3666666667,17.486940403648415,48.94205867574862,True,False
1993-06-21 20:00:00,10.239280700683594,10.29916000366211,9.99976634979248,10.119524002075195,1163391,10.361034933725993,1426429.0666666667,16.62015011610713,46.3409827194156,True,True
1993-06-22 20:00:00,10.05964469909668,10.119524002075195,9.76025104522705,9.76025104522705,1299708,10.333091513315837,1442614.5333333334,16.752168935826408,39.550079267174965,True,True
1993-06-23 20:00:00,9.76025104522705,9.88000774383545,9.76025104522705,9.820130348205566,981774,10.30514809290568,1455780.0,16.87475783985145,41.09932211974331,True,True
1993-06-24 20:00:00,9.820130348205566,9.88000774383545,9.700371742248535,9.76025104522705,1284051,10.279200585683187,1468381.8333333333,17.213552302841858,39.99544932773597,True,True
1993-06-27 20:00:00,9.76025104522705,9.820130348205566,9.76025104522705,9.820130348205566,1262550,10.261236953735352,1487281.1333333333,17.52814716133295,41.68227283033151,True,True
1993-06-28 20:00:00,9.88000774383545,9.99976634979248,9.820130348205566,9.939887046813965,1283425,10.243273289998372,1510167.6333333333,16.79106907907774,45.011656568620374,True,True
1993-06-29 20:00:00,9.939887046813965,10.05964469909668,9.88000774383545,10.05964469909668,908501,10.235289446512859,1512074.2666666666,15.79424211642052,48.196654908676486,True,True
1993-06-30 20:00:00,9.939887046813965,9.99976634979248,9.76025104522705,9.76025104522705,835020,10.215329837799072,1502186.2666666666,15.429178168921542,41.69470680836288,True,True
1993-07-01 20:00:00,9.820130348205566,9.820130348205566,9.640493392944336,9.640493392944336,801201,10.189382362365723,1505380.2,15.600710916069911,39.40478361981562,True,True
1993-07-05 20:00:00,9.640493392944336,9.88000774383545,9.640493392944336,9.820130348205566,871760,10.171418730417887,1497649.3,15.412324998291732,44.34265289054819,True,True
1993-07-06 20:00:00,9.820130348205566,9.88000774383545,9.76025104522705,9.76025104522705,501220,10.145471223195393,1481930.0333333334,15.237395217497708,43.08237415202542,True,True
1993-07-07 20:00:00,9.820130348205566,9.88000774383545,9.700371742248535,9.820130348205566,1041061,10.123515669504801,1493341.9666666666,15.359188171142055,44.77274909478327,True,True
1993-07-08 20:00:00,9.820130348205566,9.88000774383545,9.700371742248535,9.820130348205566,585349,10.097568225860595,1462251.4,15.472281628097521,44.77274909478328,True,True
1993-07-11 20:00:00,9.820130348205566,9.88000774383545,9.76025104522705,9.820130348205566,878858,10.07162078221639,1457025.5666666667,15.577296980984741,44.77274909478328,True,True
1993-07-12 20:00:00,9.820130348205566,9.939887046813965,9.76025104522705,9.88000774383545,824373,10.05365711847941,1441389.8333333333,15.223606245933047,46.74795675894713,True,True
1993-07-13 20:00:00,9.88000774383545,9.939887046813965,9.820130348205566,9.939887046813965,1509715,10.031701564788818,1421843.4,14.895179134813617,48.72301687671751,True,False
1993-07-14 20:00:00,9.820130348205566,9.88000774383545,9.76025104522705,9.76025104522705,892010,9.997770245869955,1394190.3333333333,14.966563744915405,43.50951416057492,True,True
1993-07-15 20:00:00,9.820130348205566,9.88000774383545,9.76025104522705,9.820130348205566,1065067,9.963838926951091,1383912.6333333333,15.032849454295635,45.59914328025898,True,True
1993-07-18 20:00:00,9.700371742248535,9.820130348205566,9.640493392944336,9.76025104522705,994091,9.933899529774983,1387739.8,15.817069673134123,43.852234169788275,True,True
1993-07-19 20:00:00,9.76025104522705,9.88000774383545,9.700371742248535,9.76025104522705,1117256,9.90994799931844,1372417.2,15.997735475749463,43.852234169788275,True,True
1993-07-20 20:00:00,9.76025104522705,9.99976634979248,9.700371742248535,9.939887046813965,1031458,9.887992445627848,1368520.4333333333,15.186200929042263,50.45598710629689,False,True
1993-07-21 20:00:00,9.99976634979248,10.418917655944824,9.99976634979248,10.239280700683594,2319267,9.87801259358724,1405574.4333333333,16.04194421517073,59.091789776068794,False,False
1993-07-22 20:00:00,10.239280700683594,10.359039306640623,10.239280700683594,10.29916000366211,1363796,9.872024695078531,1420500.4333333333,16.83656298086145,60.572038459321234,False,True
1993-07-25 20:00:00,10.359039306640623,10.359039306640623,10.239280700683594,10.239280700683594,1022064,9.893980248769124,1298664.1333333333,17.574423263288548,58.30019252309935,False,True
1993-07-26 20:00:00,10.239280700683594,10.29916000366211,10.119524002075195,10.179403305053713,789093,9.913939889272054,1213158.1333333333,17.370803275310806,56.03684515073285,False,True
1993-07-27 20:00:00,10.239280700683594,10.239280700683594,10.05964469909668,10.05964469909668,1110158,9.931903553009032,1191134.4666666666,16.771585234399552,51.7126385544489,False,True
1993-07-28 20:00:00,10.05964469909668,10.29916000366211,10.05964469909668,10.179403305053713,742332,9.935895506540934,1141130.7,16.54767087972499,55.41757788850512,False,True
1993-07-29 20:00:00,10.239280700683594,10.239280700683594,10.05964469909668,10.119524002075195,522096,9.939887428283692,1107430.7,16.33975040752718,53.21886791850932,False,True
1993-08-01 20:00:00,10.119524002075195,10.179403305053713,10.05964469909668,10.179403305053713,694319,9.943879381815593,1047232.7666666667,16.146681397629216,55.135792765773715,False,True
1993-08-02 20:00:00,10.179403305053713,10.179403305053713,9.99976634979248,10.05964469909668,646096,9.937891515096029,1011368.6666666666,15.48005284700986,50.664313693428795,False,True
1993-08-03 20:00:00,10.05964469909668,10.05964469909668,9.939887046813965,9.939887046813965,1044192,9.931903616587322,1007395.3666666667,14.397668194810848,46.594853931489006,False,False
1993-08-04 20:00:00,9.99976634979248,9.99976634979248,9.820130348205566,9.820130348205566,1688618,9.93389959335327,1020359.0333333333,14.17489703755014,42.8852796972057,True,False
1993-08-05 20:00:00,9.820130348205566,9.88000774383545,9.76025104522705,9.820130348205566,836063,9.93389959335327,1015502.0,14.339630606329207,42.8852796972057,True,True
1993-08-08 20:00:00,9.820130348205566,9.88000774383545,9.76025104522705,9.88000774383545,1266098,9.937891483306885,1014903.5666666667,14.492597491624055,45.40566060516291,True,False
1993-08-09 20:00:00,9.88000774383545,9.88000774383545,9.76025104522705,9.820130348205566,827087,9.937891483306885,1000388.1333333333,14.634638170826415,43.3457456599871,True,True
1993-08-10 20:00:00,9.88000774383545,9.88000774383545,9.76025104522705,9.88000774383545,1117882,9.935895506540934,994870.0333333333,14.766533087228606,45.98475150250164,True,False
1993-08-11 20:00:00,9.88000774383545,9.939887046813965,9.76025104522705,9.820130348205566,696824,9.927911694844564,987814.1333333333,14.280780079181346,43.78816046106123,True,True
1993-08-12 20:00:00,9.820130348205566,9.820130348205566,9.700371742248535,9.700371742248535,1680686,9.925915718078613,1016003.0,14.30949189010333,39.703186941071735,True,False
1993-08-15 20:00:00,9.76025104522705,9.820130348205566,9.700371742248535,9.76025104522705,745881,9.929907639821371,1014159.0,14.33615285738803,42.587192018293266,True,True
1993-08-16 20:00:00,9.820130348205566,9.939887046813965,9.76025104522705,9.820130348205566,1164852,9.929907639821371,1023928.7333333333,13.449294430638389,45.399623698733706,True,False
1993-08-17 20:00:00,9.88000774383545,10.05964469909668,9.820130348205566,9.99976634979248,1295115,9.937891483306885,1050391.9,13.570716793631494,52.86004989803714,False,False
1993-08-18 20:00:00,9.939887046813965,9.99976634979248,9.88000774383545,9.99976634979248,1215788,9.943879350026448,1056216.1333333333,13.683466130696518,52.86004989803714,False,False
1993-08-19 20:00:00,9.99976634979248,9.99976634979248,9.88000774383545,9.99976634979248,1552928,9.949867216746012,1088468.7666666666,13.78816194368547,52.860049898037154,False,False
1993-08-22 20:00:00,9.99976634979248,10.05964469909668,9.939887046813965,10.05964469909668,1643945,9.957851028442382,1113971.6666666667,14.356222708692881,55.39727989624218,False,False
1993-08-23 20:00:00,10.05964469909668,10.05964469909668,9.939887046813965,10.05964469909668,1317243,9.963838926951091,1130400.6666666667,14.883707704771192,55.39727989624218,False,False
1993-08-24 20:00:00,10.119524002075195,10.359039306640623,10.05964469909668,10.359039306640623,2159361,9.977810668945313,1152055.5333333334,17.10964147231849,66.00699641856045,False,False
1993-08-25 20:00:00,10.359039306640623,10.418917655944824,10.29916000366211,10.359039306640623,1022481,9.997770277659098,1156404.5666666667,19.41821161080107,66.00699641856043,False,True
1993-08-26 20:00:00,10.359039306640623,10.359039306640623,10.119524002075195,10.119524002075195,1081142,10.00775006612142,1156940.4,19.763959497091264,54.073097713552485,False,True
1993-08-29 20:00:00,10.119524002075195,10.239280700683594,10.119524002075195,10.179403305053713,940441,10.021721808115641,1155152.0666666667,20.0850111057893,56.204895905669886,False,True
1993-08-30 20:00:00,10.119524002075195,10.29916000366211,10.05964469909668,10.239280700683594,1454604,10.037689463297527,1166397.0,20.38313045672319,58.28982732024406,False,False
1993-08-31 20:00:00,10.119524002075195,10.119524002075195,9.99976634979248,10.05964469909668,1009330,10.041681385040283,1165659.4,20.078313100570323,50.51948292787791,False,True
1993-09-01 20:00:00,10.05964469909668,10.29916000366211,10.05964469909668,10.179403305053713,1672127,10.03968547185262,1144088.0666666667,20.842193063533024,54.8414869607692,False,False
1993-09-02 20:00:00,10.05964469909668,10.119524002075195,9.939887046813965,9.939887046813965,1814706,10.027709706624348,1159118.4,20.510340748695114,46.157718713421616,True,False
1993-09-06 20:00:00,9.939887046813965,10.119524002075195,9.820130348205566,9.820130348205566,1736632,10.013738028208415,1182937.3333333333,19.31269270994354,42.53145993295011,True,False
1993-09-07 20:00:00,9.820130348205566,9.88000774383545,9.700371742248535,9.820130348205566,883451,10.001762262980144,1186082.6,18.43261248975251,42.53145993295012,True,True
1993-09-08 20:00:00,9.820130348205566,9.88000774383545,9.700371742248535,9.820130348205566,3412725,9.993778451283772,1262834.8333333333,17.61539514243227,42.53145993295012,True,False
1993-09-09 20:00:00,9.820130348205566,9.939887046813965,9.76025104522705,9.88000774383545,1365257,9.983798599243164,1283599.0,16.42394773735921,45.21903894951599,True,False
1993-09-12 20:00:00,9.939887046813965,9.939887046813965,9.700371742248535,9.820130348205566,676575,9.973818810780843,1288748.3,15.72418240098982,43.05084826722525,True,True
1993-09-13 20:00:00,9.76025104522705,9.820130348205566,9.700371742248535,9.76025104522705,812056,9.95984706878662,1292672.8666666667,15.07440030293253,40.93692193864434,True,True
1993-09-14 20:00:00,9.76025104522705,9.99976634979248,9.700371742248535,9.99976634979248,1124145,9.957851123809814,1308607.8333333333,14.793190276741438,51.24873909555967,False,True
1993-09-15 20:00:00,9.99976634979248,9.99976634979248,9.88000774383545,9.939887046813965,833558,9.957851123809814,1301586.7,14.532066680992568,48.94792482584954,True,True
1993-09-16 20:00:00,9.939887046813965,10.05964469909668,9.88000774383545,9.939887046813965,3646113,9.961843013763428,1366836.5333333334,14.673671680503828,48.94792482584953,True,False
1993-09-19 20:00:00,9.939887046813965,9.99976634979248,9.76025104522705,9.76025104522705,632736,9.959847036997477,1360058.9666666666,13.845564185110076,42.33512687393227,True,True
1993-09-20 20:00:00,9.76025104522705,9.88000774383545,9.700371742248535,9.76025104522705,1259418,9.955855147043865,1359836.3,13.066996908286265,42.33512687393227,True,True
1993-09-21 20:00:00,9.88000774383545,9.88000774383545,9.76025104522705,9.820130348205566,770723,9.955855147043865,1357957.5,12.34404157980701,45.19736105727408,True,True
1993-09-22 20:00:00,9.939887046813965,9.99976634979248,9.88000774383545,9.88000774383545,614783,9.955855147043865,1341187.5333333334,12.129924127748904,47.97804325470316,True,True
1993-09-23 20:00:00,9.939887046813965,9.99976634979248,9.88000774383545,9.99976634979248,694527,9.961843013763428,1341110.9666666666,11.931100779409235,53.10335378162003,False,True
1993-09-26 20:00:00,9.99976634979248,10.05964469909668,9.939887046813965,9.939887046813965,1521614,9.969826857248941,1335808.5666666667,12.16578429835808,50.428124533939965,True,False
1993-09-27 20:00:00,9.99976634979248,10.05964469909668,9.939887046813965,9.939887046813965,857148,9.975814723968506,1339517.4666666666,12.38370470881058,50.42812453393998,True,True
1993-09-28 20:00:00,9.88000774383545,10.05964469909668,9.820130348205566,9.99976634979248,3341331,9.98180259068807,1412066.7666666666,11.511362089016943,53.16454698962264,False,False
1993-09-29 20:00:00,9.99976634979248,9.99976634979248,9.88000774383545,9.88000774383545,1340624,9.97781063715617,1413583.7333333334,10.701329656351422,47.515237366384255,True,True
1993-09-30 20:00:00,9.88000774383545,10.119524002075195,9.88000774383545,10.05964469909668,1627453,9.979806582132975,1427305.9,10.88705418106583,55.20444848050738,False,False
1993-10-03 20:00:00,9.99976634979248,10.05964469909668,9.88000774383545,9.88000774383545,885121,9.975814628601075,1405045.6666666667,11.059512668300636,47.681574020582694,True,True
1993-10-04 20:00:00,9.88000774383545,9.88000774383545,9.76025104522705,9.76025104522705,1342920,9.965834840138752,1395011.5,10.390573277479373,43.43232992362127,True,True
1993-10-05 20:00:00,9.76025104522705,9.88000774383545,9.76025104522705,9.76025104522705,1646659,9.955855051676432,1405992.0333333334,9.769415271716769,43.43232992362127,True,False
1993-10-06 20:00:00,9.76025104522705,9.76025104522705,9.640493392944336,9.640493392944336,868212,9.931903521219889,1362953.7333333334,10.127042753479925,39.36385583788955,True,True
1993-10-07 20:00:00,9.640493392944336,9.76025104522705,9.640493392944336,9.640493392944336,1668578,9.907951990763346,1384490.3,10.459125415117143,39.36385583788955,True,False
1993-10-10 20:00:00,9.76025104522705,9.820130348205566,9.700371742248535,9.76025104522705,423146,9.895976225535074,1362557.1,10.18016916163462,45.305806185650354,True,True
1993-10-11 20:00:00,9.820130348205566,9.820130348205566,9.76025104522705,9.820130348205566,914138,9.884000460306803,1361680.3333333333,9.92113835482942,48.04715873705121,True,True
1993-10-12 20:00:00,9.76025104522705,9.820130348205566,9.700371742248535,9.700371742248535,1460449,9.866036828358968,1361875.1666666667,10.192634566309398,43.36566588398498,True,False
1993-10-13 20:00:00,9.700371742248535,9.700371742248535,9.58061408996582,9.640493392944336,1224139,9.85206511815389,1369035.4666666666,11.318576735350726,41.20392794899265,True,True
1993-10-14 20:00:00,9.640493392944336,9.640493392944336,9.520734786987305,9.520734786987305,1466503,9.83010950088501,1362181.3333333333,12.73926305307003,37.208853234834145,True,False
1993-10-17 20:00:00,9.640493392944336,9.640493392944336,9.520734786987305,9.520734786987305,800575,9.816137758890788,1328376.9666666666,14.058471776666524,37.208853234834145,True,True
1993-10-18 20:00:00,9.520734786987305,9.640493392944336,9.520734786987305,9.640493392944336,2578540,9.81014986038208,1356440.5666666667,15.283451305720414,43.55593294565437,True,False
1993-10-19 20:00:00,9.76025104522705,9.820130348205566,9.58061408996582,9.58061408996582,1353984,9.802165985107422,1372125.0,14.453008555418988,41.3076021407091,True,True
1993-10-20 20:00:00,9.58061408996582,9.58061408996582,9.101582527160645,9.16146183013916,5800463,9.780210367838542,1451716.2666666666,16.270583356276603,29.736350918708187,True,False
1993-10-21 20:00:00,9.16146183013916,9.221341133117676,8.92194652557373,9.041705131530762,4092848,9.752266947428385,1542635.9666666666,18.52448853392104,27.376718200841527,True,False
1993-10-24 20:00:00,8.981825828552246,9.16146183013916,8.92194652557373,8.981825828552246,3284967,9.72432346343994,1629582.3666666667,20.617400484590878,26.254884573491893,True,False
1993-10-25 20:00:00,9.041705131530762,9.101582527160645,8.92194652557373,8.92194652557373,1234994,9.696379979451498,1643680.3,22.56081872449858,25.145231084823678,True,True
1993-10-26 20:00:00,8.92194652557373,8.981825828552246,8.862068176269531,8.92194652557373,2604843,9.66045265197754,1693036.9,24.55939069695102,25.145231084823678,True,False
1993-10-27 20:00:00,8.92194652557373,8.92194652557373,8.862068176269531,8.862068176269531,879484,9.624525356292725,1694567.7666666666,26.415207528514,23.970297949869305,True,True
1993-10-28 20:00:00,8.92194652557373,8.981825828552246,8.802188873291016,8.92194652557373,2898353,9.590594005584716,1669642.4333333333,28.13846601496534,27.612833356330533,True,False
1993-11-01 20:00:00,8.862068176269531,8.981825828552246,8.862068176269531,8.92194652557373,1254408,9.562650521596273,1690364.8333333333,29.738634609527292,27.612833356330533,True,True
1993-11-02 20:00:00,8.862068176269531,8.92194652557373,8.682432174682617,8.862068176269531,2445981,9.532711092631022,1729916.9333333333,31.837686749769613,26.159328612233313,True,False
1993-11-03 20:00:00,8.92194652557373,8.92194652557373,8.7423095703125,8.802188873291016,1663150,9.49877971013387,1759664.5,33.78680659428034,24.755944418170166,True,True
1993-11-04 20:00:00,8.802188873291016,8.981825828552246,8.802188873291016,8.92194652557373,1506375,9.466844336191814,1789384.2333333334,34.88199493259949,32.54967284150098,True,True
1993-11-05 20:00:00,8.802188873291016,9.041705131530762,8.802188873291016,8.981825828552246,3618140,9.432912985483805,1886838.0,35.2234138704339,36.11290687024992,True,False
1993-11-08 20:00:00,8.981825828552246,9.041705131530762,8.92194652557373,8.981825828552246,1131243,9.400977611541748,1873825.6333333333,35.54044574128014,36.11290687024992,True,True
1993-11-09 20:00:00,8.981825828552246,9.041705131530762,8.622552871704102,8.682432174682617,2792514,9.35906244913737,1938337.8333333333,36.99369157171175,27.644462217440353,True,False
1993-11-10 20:00:00,8.682432174682617,8.7423095703125,8.562673568725586,8.682432174682617,2144539,9.31515130996704,1898444.7666666666,38.5156323481223,27.644462217440353,True,False
1993-11-11 20:00:00,8.622552871704102,8.7423095703125,8.562673568725586,8.7423095703125,1848733,9.277228037516275,1915381.7333333334,39.928863069074964,31.376970426666027,True,True
1993-11-12 20:00:00,8.622552871704102,8.682432174682617,8.562673568725586,8.562673568725586,3169317,9.227328999837239,1966777.2,41.24114873853101,26.894586713345593,True,False
1993-11-15 20:00:00,8.622552871704102,8.682432174682617,8.562673568725586,8.622552871704102,1116630,9.185413837432861,1974494.1666666667,42.459699717311615,30.46070970171721,True,True
1993-11-16 20:00:00,8.622552871704102,8.682432174682617,8.502795219421387,8.622552871704102,1369850,9.147490564982096,1975391.8333333333,43.79548411559533,30.46070970171721,True,True
1993-11-17 20:00:00,8.622552871704102,8.7423095703125,8.502795219421387,8.562673568725586,2320937,9.10757131576538,1997867.7666666666,44.24413100936167,28.829700974119742,True,False
1993-11-18 20:00:00,8.562673568725586,8.562673568725586,8.502795219421387,8.562673568725586,973007,9.071643988291422,2001360.9333333333,44.660731696430425,28.82970097411975,True,True
1993-11-19 20:00:00,8.562673568725586,8.562673568725586,8.383036613464355,8.442915916442871,1495729,9.031724739074708,1995599.3,45.538199297666075,25.644698534472372,True,True
1993-11-22 20:00:00,8.502795219421387,8.562673568725586,8.442915916442871,8.502795219421387,869673,8.989809544881185,2010483.5333333334,46.35299064167061,29.819576290898365,True,True
1993-11-23 20:00:00,8.442915916442871,8.562673568725586,8.383036613464355,8.383036613464355,2070640,8.941906420389811,2049033.6,47.33681371511307,26.602449804489485,True,False
1993-11-24 20:00:00,8.442915916442871,8.502795219421387,8.323159217834473,8.442915916442871,1117047,8.899991226196288,2037586.8666666667,48.460282597090675,30.63221009994744,True,True
1993-11-26 20:00:00,8.442915916442871,8.502795219421387,8.323159217834473,8.323159217834473,756110,8.85608008702596,2021985.9,49.50350370178417,27.392960710149506,True,True
1993-11-29 20:00:00,8.383036613464355,8.442915916442871,8.263279914855957,8.383036613464355,2997303,8.818156814575195,2073012.5666666667,50.67996867513548,31.30445241841679,True,False
1993-11-30 20:00:00,8.383036613464355,8.622552871704102,8.323159217834473,8.502795219421387,1625574,8.784225495656331,2100512.533333333,49.367889761881834,38.44682731407107,True,True
1993-12-01 20:00:00,8.442915916442871,8.562673568725586,8.383036613464355,8.502795219421387,1633298,8.746302223205566,2069004.4666666666,48.149530771003455,38.446827314071065,True,True
1993-12-02 20:00:00,8.562673568725586,8.7423095703125,8.562673568725586,8.682432174682617,2578749,8.71636282602946,2109829.966666667,45.21848363588389,47.874832930220315,True,False
1993-12-03 20:00:00,8.682432174682617,8.7423095703125,8.622552871704102,8.682432174682617,1212866,8.700395170847575,1956910.0666666667,42.496797010415726,47.874832930220315,True,True
1993-12-06 20:00:00,8.622552871704102,8.682432174682617,8.562673568725586,8.622552871704102,1413479,8.686423428853352,1867597.7666666666,40.42445931950529,45.19847852271959,True,True
1993-12-07 20:00:00,8.562673568725586,8.622552871704102,8.502795219421387,8.562673568725586,1272570,8.67245168685913,1800517.8666666667,38.92510093501995,42.63189349116033,True,True
1993-12-08 20:00:00,8.502795219421387,8.622552871704102,8.502795219421387,8.562673568725586,1654174,8.660475921630859,1814490.5333333334,37.53283957799785,42.631893491160334,True,True
1993-12-09 20:00:00,8.622552871704102,8.622552871704102,8.502795219421387,8.562673568725586,1337701,8.648500156402587,1772252.4666666666,36.240025460763036,42.63189349116034,True,True
1993-12-10 20:00:00,8.562673568725586,8.682432174682617,8.502795219421387,8.622552871704102,1720767,8.640516312917073,1800295.2333333334,34.36479626624889,46.43114671982384,True,True
1993-12-13 20:00:00,8.562673568725586,8.622552871704102,8.323159217834473,8.323159217834473,4404937,8.620556735992432,1850514.7,33.93209414121556,34.2261780631734,True,False
1993-12-14 20:00:00,8.323159217834473,8.383036613464355,8.203400611877441,8.323159217834473,3783474,8.60059715906779,1934816.9,34.18318677184233,34.22617806317339,True,False
1993-12-15 20:00:00,8.323159217834473,8.383036613464355,8.263279914855957,8.323159217834473,1326011,8.582633527119954,1897484.5666666667,34.41634421456719,34.22617806317339,True,True
1993-12-16 20:00:00,8.383036613464355,8.502795219421387,8.323159217834473,8.442915916442871,1470887,8.570657761891683,1891075.8,33.36817737946014,41.861111546649084,True,True
1993-12-17 20:00:00,8.383036613464355,8.442915916442871,8.203400611877441,8.323159217834473,1951023,8.550698184967041,1905897.4,33.09326482732231,37.20962131655004,True,False
1993-12-20 20:00:00,8.323159217834473,8.383036613464355,8.203400611877441,8.203400611877441,1157755,8.524750677744548,1823884.5666666667,32.83798888605146,33.23276881450395,True,True
1993-12-21 20:00:00,8.203400611877441,8.263279914855957,8.143522262573242,8.143522262573242,1710120,8.496807225545247,1843180.4666666666,32.93311986826627,31.4243527923925,True,True
1993-12-22 20:00:00,8.203400611877441,8.263279914855957,8.143522262573242,8.143522262573242,2283152,8.478843561808269,1826201.7333333334,33.021455780322874,31.4243527923925,True,False
1993-12-23 20:00:00,8.203400611877441,8.323159217834473,8.143522262573242,8.203400611877441,2093394,8.462875843048096,1824496.9,32.4222391114669,35.495274216579986,True,False
1993-12-27 20:00:00,8.203400611877441,8.323159217834473,8.203400611877441,8.263279914855957,1488005,8.44690818786621,1812472.6333333333,31.86582363324349,39.37135036419585,True,True
1993-12-28 20:00:00,8.323159217834473,8.383036613464355,8.203400611877441,8.203400611877441,2504432,8.434932422637939,1790309.8,30.6711509877507,36.978400641431755,True,False
1993-12-29 20:00:00,8.263279914855957,8.263279914855957,8.143522262573242,8.203400611877441,2090889,8.420960680643718,1822785.1,30.02128161204519,36.978400641431755,True,False
1993-12-30 20:00:00,8.203400611877441,8.203400611877441,8.083642959594727,8.143522262573242,2027010,8.404992993672689,1844690.4333333333,29.84062897652534,34.543495768217525,True,False
1993-12-31 20:00:00,8.203400611877441,8.383036613464355,8.143522262573242,8.143522262573242,2855349,8.39102128346761,1862504.1666666667,27.887672723113667,34.54349576821753,True,False
1994-01-03 20:00:00,8.203400611877441,8.383036613464355,8.203400611877441,8.383036613464355,1753332,8.385033384958904,1888515.0,26.074213344945683,49.85972004616847,True,True
1994-01-04 20:00:00,8.383036613464355,8.562673568725586,8.323159217834473,8.323159217834473,1480698,8.38104149500529,1888013.9666666666,25.389463378883825,46.904886347769775,True,True
1994-01-05 20:00:00,8.323159217834473,8.562673568725586,8.323159217834473,8.502795219421387,1684443,8.38104149500529,1915172.9666666666,24.75362412468353,55.43726640713877,False,True
1994-01-06 20:00:00,8.562673568725586,8.682432174682617,8.502795219421387,8.622552871704102,2022835,8.389025370279947,1913579.4666666666,24.910521231503242,60.04684567115698,False,False
1994-01-07 20:00:00,8.622552871704102,8.682432174682617,8.562673568725586,8.622552871704102,1532887,8.395013268788656,1927440.8,25.056211402121544,60.046845671156966,False,True
1994-01-10 20:00:00,8.622552871704102,8.7423095703125,8.622552871704102,8.7423095703125,1626827,8.40898494720459,1956464.7,25.544876961290793,64.32643313624581,False,True
1994-01-11 20:00:00,8.7423095703125,8.7423095703125,8.502795219421387,8.562673568725586,1190529,8.414972845713297,1896238.9,24.799276902612185,54.83769849550859,False,True
1994-01-12 20:00:00,8.622552871704102,8.682432174682617,8.502795219421387,8.502795219421387,1241465,8.414972845713297,1883435.2666666666,24.10693399098205,52.07997499047623,False,True
1994-01-13 20:00:00,8.442915916442871,8.502795219421387,8.383036613464355,8.502795219421387,1033963,8.414972845713297,1863457.4333333333,22.406304331526623,52.07997499047624,False,True
1994-01-14 20:00:00,8.502795219421387,8.562673568725586,8.442915916442871,8.562673568725586,1056508,8.410980892181396,1812716.0666666667,21.288510627136215,54.72079993619192,False,True
1994-01-17 20:00:00,8.562673568725586,8.562673568725586,8.442915916442871,8.442915916442871,668016,8.402997016906738,1794554.4,20.250559330202265,48.91475254921285,False,True
1994-01-18 20:00:00,8.502795219421387,8.622552871704102,8.442915916442871,8.622552871704102,966118,8.402997016906738,1779642.3666666667,19.752191389632134,56.38949670914036,False,True
1994-01-19 20:00:00,8.622552871704102,8.682432174682617,8.562673568725586,8.622552871704102,1389473,8.404992993672689,1783539.1333333333,19.723007414444037,56.38949670914036,False,True
1994-01-20 20:00:00,8.622552871704102,8.682432174682617,8.562673568725586,8.622552871704102,2358721,8.40698897043864,1807024.0333333334,19.695908008912234,56.389496709140374,False,False
1994-01-21 20:00:00,8.622552871704102,8.7423095703125,8.562673568725586,8.682432174682617,1755837,8.41098092397054,1820961.9,20.10328069150288,58.89356270191415,False,True
1994-01-24 20:00:00,8.682432174682617,8.802188873291016,8.682432174682617,8.7423095703125,2335341,8.414972813924154,1841447.7,20.880174934152258,61.28731295726638,False,False
1994-01-25 20:00:00,8.862068176269531,8.92194652557373,8.802188873291016,8.92194652557373,1692167,8.434932390848795,1751022.0333333334,22.285684366461783,67.4174660716849,False,True
1994-01-26 20:00:00,8.92194652557373,8.92194652557373,8.622552871704102,8.682432174682617,1349183,8.446908156077066,1669879.0,21.752402213296143,54.928270457620464,False,True
1994-01-27 20:00:00,8.622552871704102,8.622552871704102,8.442915916442871,8.502795219421387,2143078,8.452896022796631,1697114.5666666667,20.491008898556537,47.77919759551653,False,False
1994-01-28 20:00:00,8.622552871704102,8.622552871704102,8.502795219421387,8.622552871704102,1353358,8.458883921305338,1693196.9333333333,19.319715106298325,52.24185474203957,False,True
1994-01-31 20:00:00,8.622552871704102,8.682432174682617,8.562673568725586,8.622552871704102,1053795,8.468863709767659,1663289.3333333333,18.092497343829386,52.24185474203957,False,True
1994-02-01 20:00:00,8.622552871704102,8.981825828552246,8.562673568725586,8.981825828552246,3245512,8.494811216990152,1732881.2333333334,18.656913598448373,63.18739405629721,False,False
1994-02-02 20:00:00,8.981825828552246,9.041705131530762,8.92194652557373,9.041705131530762,2624675,8.524750645955404,1763366.4,19.44471554619607,64.64190007710936,False,False
1994-02-03 20:00:00,9.041705131530762,9.101582527160645,8.981825828552246,9.041705131530762,1775043,8.554690074920654,1746429.4333333333,20.43230079633582,64.64190007710936,False,False
1994-02-04 20:00:00,8.981825828552246,9.16146183013916,8.862068176269531,8.862068176269531,1687783,8.576645660400391,1732909.0666666667,20.40744692609968,56.829553191541336,False,True
1994-02-07 20:00:00,8.862068176269531,8.981825828552246,8.802188873291016,8.981825828552246,1786524,8.600597190856934,1742859.7,19.95048855867807,60.276299911413936,False,False
1994-02-08 20:00:00,8.981825828552246,8.981825828552246,8.862068176269531,8.862068176269531,698911,8.62255277633667,1682675.6666666667,19.52617007464372,55.50395887261009,False,True
1994-02-09 20:00:00,8.92194652557373,9.041705131530762,8.92194652557373,8.981825828552246,1668369,8.648500283559164,1668591.6666666667,19.472522425747496,58.999828611960105,False,True
1994-02-10 20:00:00,8.981825828552246,9.101582527160645,8.981825828552246,8.981825828552246,1052542,8.676443735758463,1636109.4,19.749430770339206,58.999828611960105,False,True
1994-02-11 20:00:00,8.981825828552246,8.981825828552246,8.862068176269531,8.92194652557373,490783,8.702391211191813,1557290.5333333334,19.053471267100896,56.428966439036174,False,True
1994-02-14 20:00:00,8.92194652557373,9.101582527160645,8.92194652557373,8.92194652557373,1424752,8.720354874928793,1546337.8666666667,19.07793344668854,56.42896643903617,False,True
1994-02-15 20:00:00,8.981825828552246,9.041705131530762,8.862068176269531,8.862068176269531,630231,8.738318506876627,1517988.9666666666,18.646992467365084,53.71451454716857,False,True
1994-02-16 20:00:00,8.92194652557373,8.92194652557373,8.7423095703125,8.862068176269531,1301169,8.750294272104899,1505213.1666666667,17.41679105942468,53.71451454716857,False,True
1994-02-17 20:00:00,8.862068176269531,8.92194652557373,8.7423095703125,8.802188873291016,1090744,8.756282138824464,1474143.4666666666,16.274461180622872,50.876135128117475,False,True
1994-02-18 20:00:00,8.862068176269531,8.862068176269531,8.682432174682617,8.682432174682617,1852908,8.758278115590413,1484810.8333333333,15.417814181834904,45.67750488584045,True,False
1994-02-22 20:00:00,8.7423095703125,8.802188873291016,8.682432174682617,8.7423095703125,908084,8.758278115590413,1460852.7333333334,14.622356254388935,48.510471783755875,True,True
1994-02-23 20:00:00,8.802188873291016,8.92194652557373,8.7423095703125,8.92194652557373,1920545,8.770253880818684,1485186.6,14.1318550834074,55.93506099779767,False,False
1994-02-24 20:00:00,8.862068176269531,8.862068176269531,8.7423095703125,8.7423095703125,1833285,8.778237692515056,1504913.9333333333,13.676389710353117,48.416546981012644,True,False
1994-02-25 20:00:00,8.7423095703125,8.802188873291016,8.682432174682617,8.682432174682617,1009121,8.784225591023763,1504085.8666666667,12.770615276030691,46.18796494435367,True,True
1994-02-28 20:00:00,8.7423095703125,8.802188873291016,8.682432174682617,8.682432174682617,795565,8.788217544555664,1495387.7666666666,11.929539015588437,46.18796494435367,True,True
1994-03-01 20:00:00,8.7423095703125,8.7423095703125,8.562673568725586,8.622552871704102,2128882,8.794205443064373,1544083.3,11.922710263802287,43.84718938776019,True,False
1994-03-02 20:00:00,8.562673568725586,8.622552871704102,8.383036613464355,8.442915916442871,2478129,8.788217544555664,1594483.6666666667,12.988615049091205,37.67806936163871,True,False
1994-03-03 20:00:00,8.442915916442871,8.502795219421387,8.323159217834473,8.502795219421387,1721184,8.784225622812906,1605540.7,14.279353406451154,40.67439736047709,True,False
1994-03-04 20:00:00,8.502795219421387,8.502795219421387,8.323159217834473,8.383036613464355,1222677,8.776241747538249,1567672.5666666667,15.477896166856825,36.85767101906167,True,True
1994-03-07 20:00:00,8.323159217834473,8.383036613464355,8.263279914855957,8.263279914855957,994091,8.762270005544027,1542281.0333333334,16.899188696545117,33.474939978341745,True,True
1994-03-08 20:00:00,8.323159217834473,8.323159217834473,8.143522262573242,8.203400611877441,2546392,8.744306373596192,1549316.0666666667,18.767538638534507,31.89852073588938,True,False
1994-03-09 20:00:00,8.143522262573242,8.203400611877441,8.083642959594727,8.203400611877441,1400119,8.72035484313965,1539581.1333333333,20.747066022317888,31.898520735889374,True,True
1994-03-10 20:00:00,8.263279914855957,8.263279914855957,8.203400611877441,8.203400611877441,1130616,8.704387124379476,1532295.5666666667,21.94873441683629,31.898520735889374,True,True
1994-03-11 20:00:00,8.263279914855957,8.383036613464355,8.203400611877441,8.383036613464355,1234576,8.700395170847575,1502012.1666666667,21.926270020619594,42.112748616637354,True,True
1994-03-14 20:00:00,8.323159217834473,8.383036613464355,8.143522262573242,8.143522262573242,804124,8.684427483876545,1483704.3666666667,22.23406082634442,34.65033554140311,True,True
1994-03-15 20:00:00,8.203400611877441,8.263279914855957,8.143522262573242,8.263279914855957,900151,8.672451718648274,1478582.9,22.519866574517476,40.34261636167959,True,True
1994-03-16 20:00:00,8.263279914855957,8.383036613464355,8.203400611877441,8.383036613464355,1139593,8.652492078145345,1408385.6,21.704474455371493,45.45882955949189,True,True
1994-03-17 20:00:00,8.323159217834473,8.682432174682617,8.323159217834473,8.442915916442871,1908020,8.632532437642416,1384497.1,21.297199845217843,47.866319184018984,True,False
1994-03-18 20:00:00,8.442915916442871,8.502795219421387,8.383036613464355,8.442915916442871,2141408,8.612572797139485,1396709.2666666666,20.9190162786466,47.86631918401899,True,False
1994-03-21 20:00:00,8.442915916442871,8.442915916442871,8.323159217834473,8.383036613464355,711019,8.596605078379314,1364150.4666666666,20.1240627438153,45.5352403012437,True,True
1994-03-22 20:00:00,8.383036613464355,8.442915916442871,8.323159217834473,8.383036613464355,1009956,8.576645437876383,1338264.8666666667,19.385891604329096,45.5352403012437,True,True
1994-03-23 20:00:00,8.383036613464355,8.442915916442871,8.263279914855957,8.263279914855957,893471,8.556685829162598,1344750.2,18.241803733672764,40.91368666202912,True,True
1994-03-24 20:00:00,8.323159217834473,8.323159217834473,8.263279914855957,8.323159217834473,635032,8.534730275472006,1310305.6333333333,17.179436425206173,43.97550834554868,True,True
1994-03-25 20:00:00,8.323159217834473,8.383036613464355,8.263279914855957,8.263279914855957,731060,8.510778745015463,1299589.5666666667,16.631368613128682,41.651141902099454,True,True
1994-03-28 20:00:00,8.323159217834473,8.323159217834473,8.203400611877441,8.263279914855957,708097,8.48882319132487,1306833.3666666667,15.621641368757878,41.65114190209945,True,True
1994-03-29 20:00:00,8.263279914855957,8.263279914855957,8.203400611877441,8.203400611877441,936683,8.464871660868328,1290564.4,14.684037498984988,39.2453852679705,True,True
1994-03-30 20:00:00,8.143522262573242,8.203400611877441,7.724370002746582,7.724370002746582,3019639,8.426948388417562,1370211.3333333333,16.18524435933524,26.20520584433495,True,False
1994-03-31 20:00:00,7.7842488288879395,7.904006958007812,7.724370002746582,7.724370002746582,3341331,8.389025115966797,1438216.7333333334,17.579222158231904,26.205205844334955,True,False
1994-04-03 20:00:00,7.664491176605225,7.724370002746582,7.544734001159668,7.604612827301025,2539086,8.349105914433798,1486494.8,19.514187210026336,23.902463824534717,True,False
1994-04-04 20:00:00,7.604612827301025,7.7842488288879395,7.544734001159668,7.664491176605225,1830363,8.315174547831218,1485743.3,20.81824825421926,27.340444306455243,True,False
1994-04-05 20:00:00,7.664491176605225,7.7842488288879395,7.664491176605225,7.664491176605225,1276327,8.279247268040974,1498018.0666666667,22.02916208096983,27.340444306455243,True,True
1994-04-06 20:00:00,7.664491176605225,7.724370002746582,7.544734001159668,7.604612827301025,1552093,8.235336144765219,1485736.3333333333,23.596207481959254,25.979224199229822,True,False
1994-04-07 20:00:00,7.544734001159668,7.604612827301025,7.365097045898437,7.4848551750183105,1465459,8.193420998255412,1473475.4666666666,25.605921404386972,23.463130127882692,True,True
1994-04-10 20:00:00,7.544734001159668,7.724370002746582,7.4848551750183105,7.664491176605225,937936,8.159489631652832,1471102.6333333333,26.49141832332408,33.817396505468125,True,True
1994-04-11 20:00:00,7.664491176605225,7.664491176605225,7.4848551750183105,7.4848551750183105,605598,8.119570398330689,1464770.4,27.313665462337106,29.51702562527132,True,True
1994-04-12 20:00:00,7.544734001159668,7.544734001159668,7.245338916778564,7.30521821975708,1558146,8.075659243265788,1445745.8666666667,28.845381653643198,25.961653371008918,True,False
1994-04-13 20:00:00,7.424975872039795,7.7842488288879395,7.424975872039795,7.724370002746582,5338906,8.051707712809245,1541105.1,28.5951301080721,43.164261910794785,True,False
1994-04-14 20:00:00,7.904006958007812,8.143522262573242,7.844128131866455,8.143522262573242,4715564,8.039731947580973,1640917.7666666666,26.557510791052742,54.53942635833678,False,False
1994-04-17 20:00:00,8.203400611877441,8.323159217834473,8.023763656616211,8.203400611877441,2552446,8.033744080861409,1685243.4,25.367940098043306,55.89737489371659,False,False
1994-04-18 20:00:00,8.143522262573242,8.203400611877441,8.083642959594727,8.143522262573242,2225118,8.029752159118653,1726277.6333333333,24.263338740248827,54.15527191384919,False,False
1994-04-19 20:00:00,8.203400611877441,8.323159217834473,8.083642959594727,8.143522262573242,2625719,8.027756214141846,1728921.8666666667,23.69271372164008,54.15527191384919,False,False
1994-04-20 20:00:00,8.083642959594727,8.203400611877441,7.96388578414917,7.96388578414917,1989852,8.019772386550903,1748579.6333333333,22.575132527474523,48.85734069662306,True,False
1994-04-21 20:00:00,8.023763656616211,8.263279914855957,8.023763656616211,8.143522262573242,2340977,8.017776441574096,1788925.0,21.77846288762251,53.73186512414724,False,False
1994-04-24 20:00:00,8.143522262573242,8.323159217834473,8.143522262573242,8.263279914855957,1589042,8.013784551620484,1800740.5333333334,21.279287509247524,56.69518514332121,False,True
1994-04-25 20:00:00,8.323159217834473,8.562673568725586,8.263279914855957,8.442915916442871,1372563,8.023764340082804,1819688.5,21.672411729440647,60.75541900012544,False,True
1994-04-27 20:00:00,8.383036613464355,8.502795219421387,8.323159217834473,8.502795219421387,3072246,8.031748183568318,1892091.6666666667,22.037455648191404,62.03328673421675,False,False
1994-04-28 20:00:00,8.502795219421387,8.502795219421387,8.323159217834473,8.502795219421387,1031040,8.03574013710022,1888473.2333333334,22.376425001317106,62.033286734216745,False,True
1994-05-01 20:00:00,8.442915916442871,8.442915916442871,8.203400611877441,8.383036613464355,1175499,8.033744160334269,1864055.8666666667,21.959515897153103,57.67707670310455,False,True
1994-05-02 20:00:00,8.442915916442871,8.442915916442871,8.323159217834473,8.383036613464355,838360,8.031748183568318,1820620.9333333333,21.572386014715104,57.67707670310455,False,True
1994-05-03 20:00:00,8.442915916442871,8.442915916442871,8.203400611877441,8.383036613464355,1074044,8.031748183568318,1832721.7666666666,20.499733159569473,57.67707670310455,False,True
1994-05-04 20:00:00,8.323159217834473,8.383036613464355,8.203400611877441,8.383036613464355,1821804,8.031748183568318,1859783.3666666667,19.503698365505674,57.67707670310456,False,True
1994-05-05 20:00:00,8.263279914855957,8.383036613464355,8.203400611877441,8.383036613464355,1553763,8.035740073521932,1881793.1,18.578808913875005,57.67707670310455,False,True
1994-05-08 20:00:00,8.383036613464355,8.383036613464355,8.203400611877441,8.383036613464355,1331021,8.037735986709595,1904992.7333333334,17.71998299450367,57.67707670310455,False,True
1994-05-09 20:00:00,8.383036613464355,8.383036613464355,8.263279914855957,8.323159217834473,1060892,8.039731963475544,1915987.1333333333,16.92250178365886,54.68209983329244,False,True
1994-05-10 20:00:00,8.323159217834473,8.442915916442871,8.323159217834473,8.442915916442871,1091788,8.04571983019511,1928776.8333333333,16.571948451371412,59.24076649083847,False,True
1994-05-11 20:00:00,8.442915916442871,8.562673568725586,8.442915916442871,8.562673568725586,1895286,8.05769559542338,1960730.2666666666,16.948885604963426,63.22470283648091,False,True
1994-05-12 20:00:00,8.562673568725586,8.712370872497559,8.562673568725586,8.622552871704102,2048929,8.08763502438863,1928373.2666666666,18.028966270720527,65.06346017107354,False,False
1994-05-15 20:00:00,8.622552871704102,8.92194652557373,8.622552871704102,8.92194652557373,3563655,8.127554241816203,1935784.0666666667,19.831072761251455,72.47416166123669,False,False
1994-05-16 20:00:00,8.862068176269531,9.221341133117676,8.802188873291016,9.221341133117676,5238078,8.181445185343424,2025750.4666666666,22.323830090252507,77.59278697433602,False,False
1994-05-17 20:00:00,9.221341133117676,9.221341133117676,9.041705131530762,9.16146183013916,3254697,8.231344207127888,2073228.2666666666,24.638533324324918,74.6046789305806,False,False
1994-05-18 20:00:00,9.041705131530762,9.16146183013916,8.981825828552246,9.101582527160645,1507419,8.279247252146403,2080931.3333333333,26.292845328692454,71.6338481771829,False,True
1994-05-19 20:00:00,9.101582527160645,9.221341133117676,9.101582527160645,9.16146183013916,1626201,8.331142218907674,2083401.6,28.000579178314773,72.80028412671244,False,True
1994-05-22 20:00:00,9.101582527160645,9.16146183013916,9.041705131530762,9.041705131530762,939814,8.383037217458089,2065880.1,29.079758192093283,66.87721984479722,False,True
1994-05-23 20:00:00,9.101582527160645,9.16146183013916,9.041705131530762,9.101582527160645,936474,8.430940262476604,2065831.3666666667,30.0818529906019,68.26738685959147,False,True
1994-05-24 20:00:00,9.101582527160645,9.16146183013916,9.101582527160645,9.16146183013916,3175579,8.486827150980632,2151497.4,31.01236958921704,69.6396744586373,False,False
1994-05-25 20:00:00,9.16146183013916,9.281220436096191,9.101582527160645,9.221341133117676,1618894,8.550697914759319,2153522.3333333335,32.30515505388482,70.99069308848142,False,True
1994-05-26 20:00:00,9.221341133117676,9.221341133117676,9.101582527160645,9.16146183013916,472830,8.598600975672404,1991319.8,33.505598699647756,67.7442197383423,False,True
1994-05-30 20:00:00,9.101582527160645,9.34109878540039,9.101582527160645,9.281220436096191,1357533,8.63652424812317,1879385.4333333333,35.01657430541656,70.63645484338498,False,True
1994-05-31 20:00:00,9.221341133117676,9.281220436096191,9.16146183013916,9.221341133117676,853807,8.670455598831177,1822764.1333333333,36.41962308220189,67.38309798688243,False,True
1994-06-01 20:00:00,9.221341133117676,9.460857391357422,9.221341133117676,9.34109878540039,1460032,8.710374816258748,1797261.2666666666,38.238760761877735,70.32670484283737,False,True
1994-06-02 20:00:00,9.221341133117676,9.34109878540039,9.221341133117676,9.281220436096191,1485082,8.748298088709513,1759240.0333333334,39.92796003586245,67.06758024794746,False,True
1994-06-05 20:00:00,9.16146183013916,9.221341133117676,9.041705131530762,9.101582527160645,977182,8.786221313476563,1725484.3666666667,39.69214939332643,58.33359783951879,False,True
1994-06-06 20:00:00,9.101582527160645,9.16146183013916,8.981825828552246,9.041705131530762,687430,8.816160742441813,1670366.1333333333,38.95552634195919,55.72848518663408,False,True
1994-06-07 20:00:00,9.041705131530762,9.101582527160645,8.92194652557373,9.041705131530762,911006,8.842108249664307,1647764.9333333333,37.77214060117378,55.72848518663408,False,True
1994-06-08 20:00:00,8.981825828552246,9.101582527160645,8.981825828552246,9.041705131530762,739410,8.862067890167236,1626659.8333333333,36.673282413301614,55.72848518663408,False,True
1994-06-09 20:00:00,8.981825828552246,9.101582527160645,8.981825828552246,9.101582527160645,1142515,8.882027467091879,1562335.4666666666,35.65291409599175,58.067395827403075,False,True
1994-06-12 20:00:00,9.041705131530762,9.16146183013916,9.041705131530762,9.101582527160645,553200,8.90198704401652,1546407.4666666666,35.05592490404248,58.067395827403075,False,True
1994-06-13 20:00:00,9.101582527160645,9.16146183013916,9.101582527160645,9.16146183013916,564891,8.927934551239014,1526053.8666666667,34.50157779723245,60.48840801928915,False,True
1994-06-14 20:00:00,9.101582527160645,9.221341133117676,9.101582527160645,9.221341133117676,638581,8.955878035227459,1519394.5666666667,34.341604775720775,62.8013112192324,False,True
1994-06-15 20:00:00,9.16146183013916,9.34109878540039,9.101582527160645,9.34109878540039,1268603,8.987813440958659,1525879.8666666667,34.813670061597016,66.96619383204909,False,True
1994-06-16 20:00:00,9.34109878540039,9.400978088378906,9.16146183013916,9.16146183013916,2194640,9.013760948181153,1538307.7333333334,35.52451005792967,56.70948689415736,False,False
1994-06-19 20:00:00,9.16146183013916,9.221341133117676,9.101582527160645,9.101582527160645,562594,9.037712478637696,1505268.7666666666,35.511942054802894,53.754001196350366,False,True
1994-06-20 20:00:00,9.101582527160645,9.221341133117676,9.041705131530762,9.16146183013916,1249189,9.06365998586019,1502541.0333333334,34.86737353393552,56.21163170576312,False,True
1994-06-21 20:00:00,9.34109878540039,9.58061408996582,9.34109878540039,9.460857391357422,5800463,9.101583258310955,1660526.7333333334,35.829748098622574,65.9539525934196,False,False
1994-06-22 20:00:00,9.460857391357422,9.460857391357422,9.400978088378906,9.460857391357422,802036,9.135514640808106,1650868.3333333333,36.723381622974834,65.9539525934196,False,True
1994-06-23 20:00:00,9.400978088378906,9.400978088378906,9.221341133117676,9.34109878540039,1432267,9.1614621480306,1635434.3666666667,35.99524763536041,59.783516403748926,False,True
1994-06-26 20:00:00,9.281220436096191,9.520734786987305,9.16146183013916,9.520734786987305,1694463,9.191401545206705,1623618.8333333333,35.820204820067296,65.0634280778891,False,False
1994-06-27 20:00:00,9.400978088378906,9.400978088378906,9.041705131530762,9.221341133117676,2056027,9.20138136545817,1573364.5666666667,34.76826085553318,52.65547848323396,False,False
1994-06-28 20:00:00,9.16146183013916,9.221341133117676,9.041705131530762,9.16146183013916,1811366,9.19938538869222,1459140.8333333333,33.791455745608644,50.57796771817154,True,False
1994-06-29 20:00:00,9.041705131530762,9.101582527160645,8.981825828552246,9.041705131530762,1292401,9.195393498738607,1393730.9666666666,32.4407432933704,46.61657546675155,True,True
1994-06-30 20:00:00,9.101582527160645,9.16146183013916,8.981825828552246,9.101582527160645,1009747,9.195393498738607,1377141.9,31.504788599724602,48.776809811420755,True,True
1994-07-04 20:00:00,9.101582527160645,9.221341133117676,9.041705131530762,9.221341133117676,671147,9.197389475504558,1345306.7666666666,30.943171010199233,52.88353505620037,False,True
1994-07-05 20:00:00,9.16146183013916,9.221341133117676,9.16146183013916,9.221341133117676,867377,9.20337734222412,1342892.2,30.42166896278282,52.88353505620037,False,True
1994-07-06 20:00:00,9.221341133117676,9.221341133117676,9.101582527160645,9.16146183013916,733773,9.205373318990071,1336135.5,29.422658125266278,50.53415434629288,True,True
1994-07-07 20:00:00,9.16146183013916,9.400978088378906,9.16146183013916,9.281220436096191,1460658,9.209365272521973,1278971.4666666666,29.4408800400708,54.85398771351706,False,False
1994-07-10 20:00:00,9.281220436096191,9.34109878540039,9.221341133117676,9.281220436096191,926872,9.211361249287924,1255904.0666666667,29.457800389532146,54.85398771351707,False,True
1994-07-11 20:00:00,9.34109878540039,9.400978088378906,9.281220436096191,9.400978088378906,1619520,9.219345124562581,1294127.0666666667,29.763468380329147,59.00590565257915,False,False
1994-07-12 20:00:00,9.400978088378906,9.460857391357422,9.34109878540039,9.460857391357422,1290314,9.22533302307129,1291886.4333333333,30.32431724971181,60.940178630907724,False,True
1994-07-13 20:00:00,9.460857391357422,9.460857391357422,9.281220436096191,9.281220436096191,1536227,9.227328999837239,1314633.7666666666,30.262289047169645,52.87924497955441,False,False
1994-07-14 20:00:00,9.281220436096191,9.400978088378906,9.281220436096191,9.400978088378906,1265890,9.22932497660319,1308162.3666666667,30.20469143052335,56.96606020836662,False,True
1994-07-17 20:00:00,9.400978088378906,9.400978088378906,9.34109878540039,9.34109878540039,852137,9.231320921579997,1287064.2,30.151207929351788,54.42436047665458,False,True
1994-07-18 20:00:00,9.34109878540039,9.520734786987305,9.281220436096191,9.520734786987305,2283570,9.245292663574219,1330610.4666666666,30.75156504555813,60.166316404508244,False,False
1994-07-19 20:00:00,9.520734786987305,9.640493392944336,9.460857391357422,9.58061408996582,3558644,9.263256295522053,1426317.6,31.844392467560045,61.88991085789441,False,False
1994-07-20 20:00:00,9.520734786987305,9.58061408996582,9.34109878540039,9.520734786987305,2885828,9.279223950703939,1492145.0,31.647866506728736,59.13435532159442,False,False
1994-07-21 20:00:00,9.460857391357422,9.520734786987305,9.400978088378906,9.460857391357422,1186772,9.293195692698161,1507057.0666666667,31.46537811452823,56.42877291038586,False,True
1994-07-24 20:00:00,9.520734786987305,9.520734786987305,9.34109878540039,9.460857391357422,896602,9.30517152150472,1498859.9666666666,30.714239540043476,56.42877291038585,False,True
1994-07-25 20:00:00,9.520734786987305,9.58061408996582,9.460857391357422,9.58061408996582,2999808,9.321139240264893,1580413.5666666667,30.375948220335903,60.60921155312066,False,False
1994-07-26 20:00:00,9.520734786987305,9.58061408996582,9.460857391357422,9.520734786987305,869673,9.333115005493164,1590572.9666666666,30.061820566321728,57.63175448497654,False,True
1994-07-27 20:00:00,9.520734786987305,9.640493392944336,9.520734786987305,9.58061408996582,1826814,9.345090770721436,1630180.7333333334,30.133409170915375,59.76059490947422,False,False
1994-07-28 20:00:00,9.520734786987305,9.58061408996582,9.400978088378906,9.520734786987305,2004256,9.351078637440999,1654702.5,28.99308421376989,56.69287440872858,False,False
1994-07-31 20:00:00,9.460857391357422,9.58061408996582,9.400978088378906,9.58061408996582,2050182,9.365050379435221,1649887.2333333334,27.93421103927766,58.9615703485751,False,False
1994-08-01 20:00:00,9.58061408996582,9.640493392944336,9.460857391357422,9.58061408996582,2791679,9.381018098195394,1724190.0666666667,27.377388552004735,58.9615703485751,False,False
1994-08-02 20:00:00,9.700371742248535,10.05964469909668,9.700371742248535,10.05964469909668,7740422,9.410957527160644,1940564.5,28.82247267596417,72.38405131419961,False,False
1994-08-03 20:00:00,10.05964469909668,10.359039306640623,9.99976634979248,10.05964469909668,4667342,9.430917104085287,1902793.8,30.947332573330556,72.38405131419961,False,False
1994-08-04 20:00:00,9.99976634979248,10.119524002075195,9.99976634979248,10.119524002075195,992838,9.45287265777588,1909153.8666666667,32.920416763742196,73.63421150330844,False,True
1994-08-07 20:00:00,10.119524002075195,10.119524002075195,9.99976634979248,9.99976634979248,1720140,9.474828243255615,1918749.6333333333,34.75256636912444,67.09250678146354,False,True
1994-08-08 20:00:00,9.99976634979248,10.359039306640623,9.99976634979248,10.239280700683594,4430196,9.498779773712158,2009940.7333333334,36.96553517720661,72.37793714708106,False,False
1994-08-09 20:00:00,10.179403305053713,10.239280700683594,9.99976634979248,10.119524002075195,1734544,9.52871920267741,1999224.6333333333,39.02043478471148,66.61662824991907,False,True
1994-08-10 20:00:00,10.119524002075195,10.119524002075195,9.939887046813965,10.05964469909668,1174872,9.55865863164266,1978008.1666666667,40.36339152079312,63.878636096656564,False,True
1994-08-11 20:00:00,10.119524002075195,10.239280700683594,10.05964469909668,10.239280700683594,1125606,9.598577817281088,1972448.3333333333,41.89132275310961,68.11279654763953,False,True
1994-08-14 20:00:00,10.179403305053713,10.239280700683594,10.119524002075195,10.119524002075195,915808,9.632509199778239,1969317.0333333334,43.310116040260645,62.825538472814024,False,True
1994-08-15 20:00:00,10.119524002075195,10.119524002075195,9.99976634979248,9.99976634979248,1107862,9.658456707000733,1983874.2,43.50010877981662,57.978701379378094,False,True
1994-08-16 20:00:00,9.99976634979248,10.119524002075195,9.939887046813965,9.99976634979248,1869817,9.684404214223227,2017288.8666666667,43.15602498115182,57.97870137937808,False,True
1994-08-17 20:00:00,9.939887046813965,10.05964469909668,9.939887046813965,9.99976634979248,1499486,9.71234769821167,2042812.6333333333,42.83651859667737,57.97870137937808,False,True
1994-08-18 20:00:00,10.05964469909668,10.05964469909668,9.88000774383545,9.88000774383545,1693211,9.732307275136312,2050564.4,41.997695140246684,52.88308746912895,False,True
1994-08-21 20:00:00,9.88000774383545,10.05964469909668,9.88000774383545,9.99976634979248,1563365,9.756258805592855,2071780.8333333333,41.21878764498962,56.95703039602195,False,True
1994-08-22 20:00:00,9.99976634979248,10.05964469909668,9.939887046813965,9.99976634979248,1616180,9.77621841430664,2071669.5,40.495516399393765,56.95703039602195,False,True
1994-08-23 20:00:00,9.99976634979248,10.119524002075195,9.99976634979248,10.05964469909668,1239795,9.796177991231282,2069985.5333333334,40.13881959296834,59.01209865992539,False,True
1994-08-24 20:00:00,10.05964469909668,10.119524002075195,9.939887046813965,9.939887046813965,2166458,9.818133544921874,2090993.2333333334,39.183697697013216,53.509440045475486,False,False
1994-08-25 20:00:00,9.99976634979248,10.119524002075195,9.939887046813965,9.939887046813965,3042185,9.83609717686971,2150203.066666667,38.296798793626316,53.509440045475486,False,False
1994-08-28 20:00:00,9.99976634979248,10.239280700683594,9.939887046813965,10.179403305053713,3297492,9.864040660858155,2231714.9,38.15363575589697,61.77668727724471,False,False
1994-08-29 20:00:00,10.179403305053713,10.418917655944824,10.119524002075195,10.418917655944824,2197563,9.893980089823405,2228848.0,38.81081930641992,67.92010814763223,False,True
1994-08-30 20:00:00,10.359039306640623,10.71831226348877,10.359039306640623,10.658432960510254,5824261,9.92990738550822,2304368.566666667,40.31453617983679,72.65347815706318,False,False
1994-08-31 20:00:00,10.598553657531738,10.628494262695312,10.359039306640623,10.418917655944824,2505267,9.95984681447347,2291683.2,41.710844705152454,62.69179058547449,False,False
1994-09-01 20:00:00,10.239280700683594,10.29916000366211,10.05964469909668,10.29916000366211,4294297,9.987790234883626,2395267.3666666667,40.54061216186138,58.38150098302036,False,False
1994-09-05 20:00:00,10.29916000366211,10.29916000366211,9.99976634979248,10.179403305053713,1669830,10.011741765340169,2421041.6333333333,39.05595850003157,54.3568236117118,False,True
1994-09-06 20:00:00,10.29916000366211,10.359039306640623,10.239280700683594,10.359039306640623,3543197,10.037689272562663,2439154.6,37.9392550706055,58.93038672864144,False,False
1994-09-07 20:00:00,10.239280700683594,10.538676261901855,10.239280700683594,10.418917655944824,2268122,10.067628701527914,2485769.566666667,37.6059281329594,60.35636658725918,False,True
1994-09-08 20:00:00,10.29916000366211,10.359039306640623,10.239280700683594,10.29916000366211,2471658,10.091580231984457,2507264.3666666667,37.29641026228803,56.156720861138574,False,True
1994-09-11 20:00:00,10.29916000366211,10.29916000366211,10.119524002075195,10.179403305053713,1030414,10.113535849253337,2474802.966666667,36.14787510291738,52.24208563591709,False,True
1994-09-12 20:00:00,10.179403305053713,10.29916000366211,10.119524002075195,10.29916000366211,2365193,10.13748737970988,2485303.3333333335,35.081378169216066,55.576981719925996,False,True
1994-09-13 20:00:00,10.239280700683594,10.29916000366211,10.239280700683594,10.29916000366211,879276,10.161438910166423,2421556.566666667,34.09105958792198,55.57698171992599,False,True
1994-09-14 20:00:00,10.239280700683594,10.359039306640623,10.179403305053713,10.29916000366211,1015384,10.169422753651936,2197388.6333333333,33.47237881157492,55.576981719925996,False,True
1994-09-15 20:00:00,10.29916000366211,10.359039306640623,10.119524002075195,10.179403305053713,3531298,10.173414707183838,2159520.5,32.41006923007183,51.11866887900012,False,False
1994-09-18 20:00:00,10.179403305053713,10.239280700683594,10.119524002075195,10.239280700683594,1735797,10.177406597137452,2184285.8,31.42363890439038,53.14262596295344,False,True
1994-09-19 20:00:00,10.179403305053713,10.179403305053713,9.99976634979248,9.99976634979248,1275910,10.177406597137452,2169478.1333333333,29.55774377858994,45.098581247448244,True,True
1994-09-20 20:00:00,10.05964469909668,10.05964469909668,9.76025104522705,9.939887046813965,1231863,10.16742680867513,2062867.0333333334,28.5310106690253,43.33263904891412,True,True
1994-09-21 20:00:00,9.99976634979248,10.05964469909668,9.939887046813965,10.05964469909668,988037,10.16543083190918,2037983.4666666666,27.57761563871527,47.7401461087205,True,True
1994-09-22 20:00:00,9.99976634979248,10.05964469909668,9.939887046813965,9.99976634979248,956306,10.163434886932373,2030697.9333333333,26.69232025342739,45.821136645503465,True,True
1994-09-25 20:00:00,9.99976634979248,10.119524002075195,9.820130348205566,9.88000774383545,745464,10.151459121704102,2018026.5333333334,26.526518335163015,42.17007363724611,True,True
1994-09-26 20:00:00,9.88000774383545,9.88000774383545,9.820130348205566,9.88000774383545,697241,10.143475246429443,2010740.9666666666,26.372559411060383,42.170073637246105,True,True
1994-09-27 20:00:00,9.939887046813965,9.99976634979248,9.88000774383545,9.939887046813965,999936,10.141479269663494,2007143.4333333333,25.23809527593995,44.724118479542994,True,True
1994-09-28 20:00:00,9.88000774383545,9.99976634979248,9.88000774383545,9.99976634979248,1080098,10.141479269663494,1980819.4666666666,24.184664293328122,47.23378769039081,True,True
1994-09-29 20:00:00,10.05964469909668,10.179403305053713,9.99976634979248,10.05964469909668,1849777,10.143475214640299,1992495.8333333333,22.991094586147813,49.693491146186815,True,True
1994-10-02 20:00:00,10.05964469909668,10.119524002075195,9.939887046813965,9.939887046813965,755693,10.14547119140625,1961245.2333333334,21.45942381209635,45.159372627047325,True,True
1994-10-03 20:00:00,9.99976634979248,10.05964469909668,9.700371742248535,9.76025104522705,1085943,10.137487347920736,1945331.1666666667,21.20839817961718,39.358344491598906,True,True
1994-10-04 20:00:00,9.76025104522705,9.76025104522705,9.58061408996582,9.76025104522705,1929939,10.129503504435222,1955789.8,21.524359426829996,39.3583444915989,True,True
1994-10-05 20:00:00,9.76025104522705,9.939887046813965,9.76025104522705,9.88000774383545,1004528,10.123515605926514,1947947.5666666667,20.6382780544945,44.837077546094164,True,True
1994-10-06 20:00:00,9.88000774383545,10.05964469909668,9.820130348205566,9.88000774383545,1949979,10.121519629160563,1940731.6,19.184824359319055,44.837077546094164,True,False
1994-10-09 20:00:00,9.939887046813965,9.99976634979248,9.76025104522705,9.820130348205566,1122057,10.11752773920695,1876727.3333333333,18.111623395176,42.60503498396121,True,True
1994-10-10 20:00:00,9.820130348205566,9.939887046813965,9.76025104522705,9.820130348205566,1178213,10.10555197397868,1806084.7,17.11507964275745,42.60503498396121,True,True
1994-10-11 20:00:00,9.820130348205566,9.820130348205566,9.640493392944336,9.640493392944336,1074461,10.07960449854533,1768647.9666666666,16.828521932480154,36.31499615689637,True,True
1994-10-12 20:00:00,9.76025104522705,9.88000774383545,9.76025104522705,9.820130348205566,1435399,10.051661078135172,1622352.5666666667,16.175932241818057,45.05141759875318,True,True
1994-10-13 20:00:00,9.88000774383545,9.939887046813965,9.76025104522705,9.939887046813965,1913656,10.035693391164143,1602632.2,15.193044924477187,49.9780052720079,True,False
1994-10-16 20:00:00,9.939887046813965,10.179403305053713,9.939887046813965,10.05964469909668,1046697,10.02770954767863,1494378.8666666667,15.210243821010867,54.38262255874099,False,True
1994-10-17 20:00:00,10.05964469909668,10.05964469909668,9.88000774383545,9.939887046813965,805585,10.019725672403972,1465570.7,14.856664151377332,49.67234479957231,True,True
1994-10-18 20:00:00,10.119524002075195,10.239280700683594,10.05964469909668,10.179403305053713,2226371,10.013737805684407,1421676.5,15.339109320030653,57.58500013152985,False,False
1994-10-19 20:00:00,10.119524002075195,10.119524002075195,9.939887046813965,9.939887046813965,1927851,9.99777011871338,1410334.1333333333,15.06394199224798,49.24670252928615,True,False
1994-10-20 20:00:00,9.939887046813965,10.119524002075195,9.88000774383545,10.119524002075195,1697386,9.991782251993815,1384525.0666666667,14.46676950266067,54.56095940073723,False,False
1994-10-23 20:00:00,10.05964469909668,10.119524002075195,9.939887046813965,9.99976634979248,2085670,9.985794353485108,1419700.2666666666,13.912252190901025,50.74614342270305,False,False
1994-10-24 20:00:00,9.939887046813965,10.119524002075195,9.939887046813965,9.99976634979248,1222051,9.975814565022786,1381595.5333333334,13.397343258552782,50.746143422703064,False,True
1994-10-25 20:00:00,10.05964469909668,10.239280700683594,9.99976634979248,10.179403305053713,1579231,9.971822675069173,1404927.3666666667,13.564271231659507,56.08738996052366,False,False
1994-10-26 20:00:00,10.29916000366211,10.418917655944824,10.179403305053713,10.418917655944824,2084000,9.975814596811931,1440547.9,14.533172469450204,62.00385682208989,False,False
1994-10-27 20:00:00,10.418917655944824,10.538676261901855,10.359039306640623,10.47879695892334,2499840,9.985794385274252,1406165.9666666666,15.893473268354699,63.33390603952985,False,False
1994-10-31 20:00:00,10.47879695892334,10.538676261901855,10.418917655944824,10.47879695892334,1062145,9.99377826054891,1383710.9,17.1566097244803,63.33390603952985,False,True
1994-11-01 20:00:00,10.359039306640623,10.418917655944824,10.05964469909668,10.119524002075195,2561840,9.997770182291667,1426575.2333333334,16.083442762740948,50.9286089540282,False,False
1994-11-02 20:00:00,10.179403305053713,10.179403305053713,10.05964469909668,10.05964469909668,1489257,10.001762104034423,1435155.0333333334,15.086930583982976,49.19893791101694,False,False
1994-11-03 20:00:00,10.119524002075195,10.29916000366211,10.05964469909668,10.29916000366211,1399075,10.009745947519939,1448856.3,14.744706679063999,55.682558555878856,False,True
1994-11-04 20:00:00,10.179403305053713,10.239280700683594,10.05964469909668,10.05964469909668,1459614,10.011741892496746,1465633.2333333334,14.426927338782093,48.954059455281005,False,True
1994-11-07 20:00:00,9.939887046813965,10.05964469909668,9.88000774383545,9.88000774383545,1432685,10.011741892496746,1488540.6,13.659376615506178,44.60103549539132,True,True
1994-11-08 20:00:00,9.88000774383545,9.99976634979248,9.88000774383545,9.939887046813965,966535,10.013737869262695,1497517.0666666667,12.946650943892829,46.31469106775102,True,True
1994-11-09 20:00:00,10.05964469909668,10.119524002075195,9.76025104522705,9.88000774383545,1194704,10.011741892496746,1504009.3333333333,12.419807562376837,44.821574607421944,True,True
1994-11-10 20:00:00,9.99976634979248,9.99976634979248,9.640493392944336,9.700371742248535,2713396,10.00176207224528,1558452.6,11.795894120241329,40.59358733745111,True,False
1994-11-11 20:00:00,9.76025104522705,9.76025104522705,9.400978088378906,9.58061408996582,1817003,9.985794385274252,1557360.1333333333,12.30932158939754,38.0188101113295,True,False
1994-11-14 20:00:00,9.58061408996582,9.640493392944336,9.520734786987305,9.58061408996582,1278832,9.97381862004598,1574798.1,12.786075667899736,38.01881011132949,True,True
1994-11-15 20:00:00,9.640493392944336,9.76025104522705,9.640493392944336,9.700371742248535,1231654,9.97182264328003,1579655.1333333333,12.511975104300364,42.26583205211255,True,True
1994-11-16 20:00:00,9.700371742248535,9.820130348205566,9.700371742248535,9.76025104522705,745046,9.97182264328003,1540158.7,11.91938690653537,44.32020993345249,True,True
1994-11-17 20:00:00,9.820130348205566,9.820130348205566,9.640493392944336,9.76025104522705,949417,9.967830753326416,1538321.6666666667,11.674896699254651,44.32020993345249,True,True
1994-11-18 20:00:00,9.700371742248535,9.76025104522705,9.520734786987305,9.520734786987305,2442850,9.955854988098144,1554750.7,12.021783380276888,38.04072734863188,True,False
1994-11-21 20:00:00,9.58061408996582,9.58061408996582,9.281220436096191,9.34109878540039,2912548,9.939887269337971,1614433.7333333334,13.292124661958189,34.13449075415879,True,False
1994-11-22 20:00:00,9.221341133117676,9.34109878540039,9.221341133117676,9.221341133117676,2262068,9.919927628835042,1650562.2333333334,14.677604389788016,31.79077256104102,True,False
1994-11-23 20:00:00,9.281220436096191,9.281220436096191,8.981825828552246,9.101582527160645,1701352,9.901963933308918,1671458.6,16.68673688466979,29.601903683926185,True,False
1994-11-25 20:00:00,9.101582527160645,9.221341133117676,9.041705131530762,9.221341133117676,223994,9.88200429280599,1631078.4333333333,18.552359915631435,34.46149636141263,True,True
1994-11-28 20:00:00,9.16146183013916,9.400978088378906,9.16146183013916,9.400978088378906,1195748,9.864040660858155,1607148.1666666667,19.10538861669459,41.03649792763646,True,True
1994-11-29 20:00:00,9.400978088378906,9.400978088378906,9.221341133117676,9.34109878540039,1300543,9.840089130401612,1615609.7,19.618915267681807,39.610003897165626,True,True
1994-11-30 20:00:00,9.281220436096191,9.400978088378906,9.281220436096191,9.400978088378906,990124,9.822125498453776,1621761.0,20.09576144359851,41.78915939847405,True,True
1994-12-01 20:00:00,9.400978088378906,9.400978088378906,9.16146183013916,9.221341133117676,1492389,9.790190092722575,1597294.9333333333,21.000863217324223,37.42600731653886,True,True
1994-12-02 20:00:00,9.221341133117676,9.34109878540039,9.221341133117676,9.34109878540039,951296,9.770230484008788,1564743.1,21.84131486435524,41.78946321936105,True,True
1994-12-05 20:00:00,9.281220436096191,9.400978088378906,9.221341133117676,9.34109878540039,1142724,9.744282976786296,1546254.3666666667,22.16221879792883,41.78946321936105,True,True
1994-12-06 20:00:00,9.34109878540039,9.460857391357422,9.34109878540039,9.34109878540039,1992565,9.722327391306559,1543150.8666666667,22.012669880927803,41.789463219361046,True,False
1994-12-07 20:00:00,9.281220436096191,9.34109878540039,8.92194652557373,8.981825828552246,2110512,9.688396040598551,1572766.2333333334,23.42746900689254,33.132489515503934,True,False
1994-12-08 20:00:00,8.92194652557373,9.16146183013916,8.802188873291016,8.802188873291016,2190883,9.642488892873128,1593154.6333333333,25.062288259529264,29.80756599410436,True,False
1994-12-09 20:00:00,8.981825828552246,9.101582527160645,8.92194652557373,9.101582527160645,1392186,9.598577721913655,1570094.1666666667,26.580334708406223,40.520877487434134,True,True
1994-12-12 20:00:00,9.041705131530762,9.400978088378906,9.041705131530762,9.34109878540039,1083020,9.560654449462891,1522866.8333333333,26.07724154926759,47.43317282875473,True,True
1994-12-13 20:00:00,9.281220436096191,9.400978088378906,9.281220436096191,9.281220436096191,935639,9.52073523203532,1518649.9666666666,25.61008361578172,45.99411095871261,True,True
1994-12-14 20:00:00,9.221341133117676,9.281220436096191,9.101582527160645,9.101582527160645,1382584,9.486803849538168,1479341.4333333333,25.82555311302685,41.88826615384874,True,True
1994-12-15 20:00:00,9.16146183013916,9.281220436096191,9.101582527160645,9.221341133117676,813309,9.458860397338867,1456809.8333333333,26.02563193189733,45.38835435767835,True,True
1994-12-16 20:00:00,9.281220436096191,9.400978088378906,9.221341133117676,9.400978088378906,3375149,9.428921000162761,1522678.9666666666,25.47341105797067,50.23064450968712,True,False
1994-12-19 20:00:00,9.281220436096191,9.34109878540039,9.221341133117676,9.34109878540039,798905,9.404969469706218,1500655.3333333333,24.960634532181626,48.68114285269601,True,True
1994-12-20 20:00:00,9.281220436096191,9.34109878540039,9.16146183013916,9.221341133117676,880528,9.383013916015624,1482250.1,24.744232593798266,45.648239652656066,True,True
1994-12-21 20:00:00,9.221341133117676,9.400978088378906,9.221341133117676,9.281220436096191,882198,9.361058362325032,1479438.8666666667,24.144936012694973,47.41240481356113,True,True
1994-12-22 20:00:00,9.281220436096191,9.34109878540039,9.281220436096191,9.281220436096191,862158,9.34109878540039,1468354.0,23.588446330241915,47.41240481356113,True,True
1994-12-23 20:00:00,9.281220436096191,9.460857391357422,9.221341133117676,9.400978088378906,749221,9.33111899693807,1402881.5,22.27455100224308,51.09437560298896,False,True
1994-12-27 20:00:00,9.400978088378906,9.460857391357422,9.34109878540039,9.400978088378906,652777,9.325131130218505,1364073.9666666666,21.054505340529875,51.09437560298896,False,True
1994-12-28 20:00:00,9.34109878540039,9.400978088378906,9.281220436096191,9.281220436096191,1123936,9.315151341756184,1358910.7666666666,20.278404012602227,47.25701444633613,True,True
1994-12-29 20:00:00,9.281220436096191,9.34109878540039,9.221341133117676,9.221341133117676,559463,9.299183654785157,1336504.4,19.902197950345283,45.42019398027431,True,True
1994-12-30 20:00:00,9.221341133117676,9.400978088378906,9.221341133117676,9.221341133117676,1261506,9.281219991048177,1353719.7333333334,19.103786696777735,45.42019398027431,True,True
1995-01-03 20:00:00,9.281220436096191,9.400978088378906,9.221341133117676,9.400978088378906,620002,9.269244225819905,1342739.2333333334,18.362404818465013,51.92201489738253,False,True
1995-01-04 20:00:00,9.400978088378906,9.400978088378906,9.221341133117676,9.281220436096191,954636,9.261260414123536,1293132.1,17.6739787886032,47.83122833251363,False,True
1995-01-05 20:00:00,9.221341133117676,9.281220436096191,9.16146183013916,9.16146183013916,809760,9.255272515614827,1223039.1666666667,17.451408314826686,44.09024369650621,True,True
1995-01-06 20:00:00,9.16146183013916,9.34109878540039,9.16146183013916,9.34109878540039,728763,9.259264437357585,1171929.0,16.717813623096784,50.36165546423326,False,True
1995-01-09 20:00:00,9.34109878540039,9.400978088378906,9.281220436096191,9.34109878540039,972798,9.267248312632242,1147643.8666666667,15.540127677904533,50.36165546423326,False,True
1995-01-10 20:00:00,9.34109878540039,9.400978088378906,9.281220436096191,9.400978088378906,916225,9.27323621114095,1170718.2333333334,14.44656215736887,52.42470485845796,False,True
1995-01-11 20:00:00,9.400978088378906,9.400978088378906,9.34109878540039,9.400978088378906,441517,9.27323621114095,1145577.2,13.43110845972861,52.42470485845796,False,True
1995-01-12 20:00:00,9.34109878540039,9.400978088378906,9.281220436096191,9.34109878540039,521470,9.27323621114095,1119608.1,13.02215473650523,50.01395101329097,False,True
1995-01-13 20:00:00,9.34109878540039,9.34109878540039,9.221341133117676,9.281220436096191,475961,9.269244289398193,1102469.3333333333,13.13465519881026,47.6540465317199,False,True
1995-01-16 20:00:00,9.34109878540039,9.460857391357422,9.281220436096191,9.281220436096191,251132,9.271240266164144,1061094.1,12.287849397406402,47.6540465317199,False,True
1995-01-17 20:00:00,9.34109878540039,9.520734786987305,9.221341133117676,9.520734786987305,2479382,9.277228132883709,1112030.3,11.820969118080344,57.054556956929325,False,False
1995-01-18 20:00:00,9.460857391357422,9.640493392944336,9.460857391357422,9.58061408996582,1265263,9.285211976369222,1116114.9333333333,11.548321219281656,59.03521229537,False,False
1995-01-19 20:00:00,9.520734786987305,9.58061408996582,9.460857391357422,9.460857391357422,490574,9.289203929901124,1066048.5666666667,11.29514817039716,53.700869720097565,False,True
1995-01-20 20:00:00,9.520734786987305,9.520734786987305,9.400978088378906,9.400978088378906,1067364,9.303175671895344,1031276.9666666667,10.518984267379434,51.20926075569259,False,False
1995-01-23 20:00:00,9.281220436096191,9.520734786987305,9.281220436096191,9.460857391357422,1222260,9.325131289164226,998989.5333333333,10.678426919425979,53.531168706281065,False,False
1995-01-24 20:00:00,9.520734786987305,9.640493392944336,9.520734786987305,9.520734786987305,1214118,9.339103031158448,993053.9333333333,10.002185179927737,55.79651678679838,False,False
1995-01-25 20:00:00,9.460857391357422,9.520734786987305,9.34109878540039,9.460857391357422,1744565,9.343094984690348,1015105.4333333333,10.406306730219793,53.013326302836575,False,False
1995-01-26 20:00:00,9.520734786987305,9.76025104522705,9.520734786987305,9.76025104522705,3105438,9.359062671661377,1087432.0666666667,10.139937932298793,62.961684989555835,False,False
1995-01-27 20:00:00,9.76025104522705,9.76025104522705,9.58061408996582,9.58061408996582,844414,9.37503039042155,1069493.0666666667,9.892595477086434,55.384578865039124,False,True
1995-01-30 20:00:00,9.520734786987305,9.520734786987305,9.101582527160645,9.16146183013916,2555160,9.3730344136556,1127554.7666666666,11.066410505369191,42.524876915712404,True,False
1995-01-31 20:00:00,9.281220436096191,9.281220436096191,8.92194652557373,8.92194652557373,3305007,9.357066694895426,1125216.7,12.740842091427956,37.2083437800809,True,False
1995-02-01 20:00:00,9.041705131530762,9.041705131530762,8.7423095703125,8.7423095703125,6433199,9.337107054392497,1313026.5,14.795415485002769,33.79567824833529,True,False
1995-02-02 20:00:00,8.802188873291016,8.92194652557373,8.622552871704102,8.92194652557373,4972750,9.327127234141033,1449433.9,17.000864081912407,39.74704134469205,True,False
1995-02-03 20:00:00,8.981825828552246,9.16146183013916,8.862068176269531,9.101582527160645,1420994,9.32113930384318,1467393.7666666666,17.66470261353728,45.065185966638126,True,True
1995-02-06 20:00:00,9.101582527160645,9.221341133117676,8.981825828552246,9.221341133117676,1467338,9.31914332707723,1487566.4333333333,17.969222973628643,48.3389192159662,True,True
1995-02-07 20:00:00,9.16146183013916,9.16146183013916,9.041705131530762,9.101582527160645,1563783,9.309163475036621,1514718.5,18.251991879427766,45.423752966158034,True,False
1995-02-08 20:00:00,9.041705131530762,9.16146183013916,8.981825828552246,8.981825828552246,1510342,9.2951917330424,1543304.0,18.729555043119937,42.65362336847882,True,True
1995-02-09 20:00:00,8.981825828552246,9.101582527160645,8.92194652557373,9.101582527160645,1607204,9.289203802744547,1559412.9333333333,19.38673661879019,46.18775612499309,True,False
1995-02-10 20:00:00,9.101582527160645,9.16146183013916,9.041705131530762,9.101582527160645,998266,9.285211849212647,1574039.7,19.620838693014086,46.18775612499309,True,True
1995-02-13 20:00:00,9.101582527160645,9.281220436096191,9.101582527160645,9.101582527160645,2711100,9.281219895680746,1622359.5,19.1246839633701,46.187756124993086,True,False
1995-02-14 20:00:00,9.16146183013916,9.16146183013916,9.041705131530762,9.16146183013916,1343755,9.273236020406086,1646484.6,18.925992703451488,48.182045225344325,True,True
1995-02-15 20:00:00,9.16146183013916,9.281220436096191,9.101582527160645,9.281220436096191,844414,9.273236020406086,1642810.5333333334,18.05196662899784,52.01249574446173,False,True
1995-02-16 20:00:00,9.221341133117676,9.221341133117676,9.101582527160645,9.221341133117676,925202,9.275231997172037,1646658.6,17.240370988433735,50.02145301892224,True,True
1995-02-17 20:00:00,9.221341133117676,9.221341133117676,9.101582527160645,9.101582527160645,1290940,9.26724812189738,1665397.8333333333,16.486746465052782,46.211354028646724,True,True
1995-02-21 20:00:00,9.221341133117676,9.520734786987305,9.16146183013916,9.520734786987305,2218229,9.273235988616943,1706912.2,16.39938057235855,58.209352875709484,False,False
1995-02-22 20:00:00,9.520734786987305,9.700371742248535,9.460857391357422,9.520734786987305,2555786,9.277227878570557,1761564.2333333334,17.028556187145774,58.2093528757095,False,False
1995-02-23 20:00:00,9.520734786987305,9.58061408996582,9.400978088378906,9.520734786987305,955471,9.28121976852417,1778696.0333333334,17.251256838354692,58.209352875709484,False,True
1995-02-24 20:00:00,9.460857391357422,9.58061408996582,9.400978088378906,9.58061408996582,1086152,9.289203612009684,1797518.7666666666,17.458050300191545,59.80893553413061,False,True
1995-02-27 20:00:00,9.460857391357422,9.520734786987305,9.400978088378906,9.460857391357422,1054421,9.295191510518391,1816800.7666666666,17.65007280046862,55.25383681225041,False,True
1995-02-28 20:00:00,9.460857391357422,9.520734786987305,9.460857391357422,9.460857391357422,1013296,9.3011794090271,1842206.2333333334,17.828379407868763,55.25383681225043,False,True
1995-03-01 20:00:00,9.460857391357422,9.520734786987305,9.460857391357422,9.520734786987305,650063,9.3011794090271,1781228.9333333333,17.99394982902604,57.14640458264433,False,True
1995-03-02 20:00:00,9.520734786987305,9.520734786987305,9.400978088378906,9.460857391357422,559881,9.297187519073486,1757716.2,17.672973497861815,54.65683208584283,False,True
1995-03-03 20:00:00,9.460857391357422,9.520734786987305,9.400978088378906,9.460857391357422,1007034,9.297187519073486,1774931.5333333334,17.374924047495032,54.65683208584282,False,True
1995-03-06 20:00:00,9.281220436096191,9.400978088378906,9.281220436096191,9.34109878540039,809551,9.295191542307537,1766337.7666666666,16.17624512199669,49.64051122429724,False,True
1995-03-07 20:00:00,9.281220436096191,9.460857391357422,9.281220436096191,9.460857391357422,1190738,9.295191542307537,1765287.0333333334,15.472879026028332,54.17024872244875,False,True
1995-03-08 20:00:00,9.520734786987305,9.820130348205566,9.520734786987305,9.76025104522705,2622588,9.303175417582194,1812236.0333333334,16.636797738451317,63.10495547499335,False,False
1995-03-09 20:00:00,9.88000774383545,9.88000774383545,9.820130348205566,9.88000774383545,1718470,9.317147095998129,1811366.2,17.944098420411198,65.96334604198475,False,True
1995-03-10 20:00:00,9.88000774383545,9.939887046813965,9.76025104522705,9.820130348205566,1439156,9.31914307276408,1755823.4666666666,19.158020482231088,63.32182120183227,False,True
1995-03-13 20:00:00,9.820130348205566,9.99976634979248,9.820130348205566,9.99976634979248,1185728,9.3331148147583,1767200.6,20.52292742844434,67.52361609495487,False,True
1995-03-14 20:00:00,9.99976634979248,9.99976634979248,9.820130348205566,9.88000774383545,2342856,9.357066345214843,1760123.8,21.79034102135665,62.39200142022651,False,False
1995-03-15 20:00:00,9.88000774383545,9.88000774383545,9.76025104522705,9.820130348205566,737531,9.387005805969238,1674541.2666666666,22.4141844339675,59.93926644624251,False,True
1995-03-16 20:00:00,9.820130348205566,9.939887046813965,9.76025104522705,9.88000774383545,1271108,9.424929078420003,1502471.5666666667,23.275713222565816,61.566379349768,False,True
1995-03-17 20:00:00,9.939887046813965,10.05964469909668,9.88000774383545,9.88000774383545,2436587,9.45686445236206,1417932.8,24.586469938154817,61.566379349768,False,False
1995-03-20 20:00:00,9.88000774383545,9.88000774383545,9.700371742248535,9.76025104522705,975094,9.47882006963094,1403069.4666666666,24.287515157217346,56.26550742773028,False,True
1995-03-21 20:00:00,9.76025104522705,9.88000774383545,9.700371742248535,9.820130348205566,1162138,9.49877971013387,1392896.1333333333,24.00991428920398,58.20330003767309,False,True
1995-03-22 20:00:00,9.76025104522705,9.88000774383545,9.76025104522705,9.820130348205566,1067155,9.522731304168701,1376341.8666666667,23.75214205462014,58.20330003767308,False,True
1995-03-23 20:00:00,9.939887046813965,9.99976634979248,9.88000774383545,9.939887046813965,2941565,9.554666678110758,1424049.3,24.143570101446386,62.09851862142438,False,False
1995-03-24 20:00:00,9.939887046813965,9.99976634979248,9.820130348205566,9.88000774383545,2118653,9.580614185333252,1441097.6,23.98669622649455,59.1311742679948,False,False
1995-03-27 20:00:00,9.88000774383545,10.179403305053713,9.820130348205566,10.119524002075195,2390243,9.614545567830403,1487496.8333333333,24.699965169948126,66.10758669924554,False,False
1995-03-28 20:00:00,10.179403305053713,10.239280700683594,10.119524002075195,10.179403305053713,1141472,9.650472927093507,1435175.9,25.609443619961375,67.59679148942708,False,True
1995-03-29 20:00:00,10.239280700683594,10.418917655944824,10.119524002075195,10.418917655944824,2531362,9.692388121287028,1474762.8,27.101075358743664,72.75379510630486,False,False
1995-03-30 20:00:00,10.418917655944824,10.418917655944824,10.29916000366211,10.359039306640623,1469426,9.728315416971842,1495596.5333333334,28.48616197332722,69.76451268428355,False,True
1995-03-31 20:00:00,10.29916000366211,10.538676261901855,10.239280700683594,10.47879695892334,2364775,9.770230611165365,1543582.3,30.1571218648426,72.22272334349606,False,False
1995-04-02 20:00:00,10.47879695892334,10.538676261901855,10.359039306640623,10.47879695892334,2636157,9.816137758890788,1588422.8666666667,31.7087274783926,72.22272334349604,False,False
1995-04-03 20:00:00,10.47879695892334,10.957826614379885,10.47879695892334,10.89794921875,4734978,9.86204490661621,1672314.5,34.14668899695567,79.1151408956014,False,False
1995-04-04 20:00:00,10.89794921875,11.137463569641112,10.89794921875,11.077585220336914,4758359,9.913939921061198,1745733.6,36.69864617541169,81.26114796614937,False,False
1995-04-05 20:00:00,11.077585220336914,11.077585220336914,10.89794921875,11.017705917358398,2607140,9.963838958740235,1800789.2333333334,39.06832069826371,78.37033918616176,False,False
1995-04-06 20:00:00,11.017705917358398,11.017705917358398,10.778190612792969,10.778190612792969,1948936,10.003758176167805,1829548.7,40.25355173476641,67.9565464857439,False,False
1995-04-09 20:00:00,10.778190612792969,10.957826614379885,10.778190612792969,10.778190612792969,1687992,10.047669283548991,1850667.7333333334,41.35412341151892,67.9565464857439,False,True
1995-04-10 20:00:00,10.838069915771484,10.838069915771484,10.71831226348877,10.778190612792969,1269438,10.091580390930176,1859205.8,41.861618242780516,67.9565464857439,False,True
1995-04-11 20:00:00,10.71831226348877,10.957826614379885,10.71831226348877,10.89794921875,1064859,10.137487538655598,1873032.3333333333,42.66650730980871,70.41183611936506,False,True
1995-04-12 20:00:00,10.957826614379885,11.077585220336914,10.89794921875,11.017705917358398,1476941,10.189382489522298,1903601.0,43.71159998405547,72.66724165452848,False,True
1995-04-16 20:00:00,11.137463569641112,11.376978874206545,11.017705917358398,11.077585220336914,3553634,10.243273417154947,1988487.6666666667,45.2712081745503,73.74490193389514,False,False
1995-04-17 20:00:00,11.077585220336914,11.137463569641112,10.957826614379885,10.957826614379885,3574510,10.297164344787598,2080652.9666666666,46.24711139893408,67.97262528968815,False,False
1995-04-18 20:00:00,11.077585220336914,11.197342872619627,10.89794921875,11.077585220336914,4060491,10.351055272420247,2176311.4,47.27427824137783,70.46247915996992,False,False
1995-04-19 20:00:00,11.197342872619627,11.376978874206545,11.137463569641112,11.257222175598145,4376337,10.400954310099284,2234769.7,48.558728080445704,73.75799341854189,False,False
1995-04-20 20:00:00,11.257222175598145,11.496736526489258,11.257222175598145,11.496736526489258,4069050,10.454845269521078,2313122.3666666667,49.94460646584065,77.3815319132571,False,False
1995-04-23 20:00:00,11.43685817718506,11.676374435424805,11.317100524902344,11.317100524902344,3563655,10.50474427541097,2383939.0,51.48711467913529,69.61728328392844,False,False
1995-04-24 20:00:00,11.317100524902344,11.43685817718506,11.257222175598145,11.43685817718506,1993609,10.552647336324055,2410868.3666666667,52.44709159758236,71.65889639366878,False,True
1995-04-25 20:00:00,11.43685817718506,11.496736526489258,11.317100524902344,11.317100524902344,1666073,10.600550429026287,2388308.933333333,53.438359637420135,66.82320241131558,False,True
1995-04-26 20:00:00,11.317100524902344,11.317100524902344,11.017705917358398,11.077585220336914,2641167,10.642465591430664,2451763.466666667,52.25945255733959,58.34324018172959,False,False
1995-04-27 20:00:00,11.017705917358398,11.137463569641112,10.838069915771484,11.017705917358398,2186916,10.68038886388143,2482290.4,50.162400680887266,56.415737231792995,False,True
1995-04-30 20:00:00,11.137463569641112,11.496736526489258,11.137463569641112,11.317100524902344,4348364,10.728291956583659,2546016.3,49.210905958789986,62.99808249080666,False,False
1995-05-01 20:00:00,11.376978874206545,11.496736526489258,11.257222175598145,11.317100524902344,3185182,10.780186939239503,2619685.9,48.327375145413946,62.998082490806674,False,False
1995-05-02 20:00:00,11.317100524902344,11.43685817718506,11.317100524902344,11.376978874206545,1825979,10.8320818901062,2641813.933333333,47.506953675850475,64.25040808069701,False,True
1995-05-03 20:00:00,11.317100524902344,11.43685817718506,11.197342872619627,11.197342872619627,2153515,10.877988974253336,2678025.933333333,46.060847972719316,57.91739627417974,False,True
1995-05-04 20:00:00,11.257222175598145,11.257222175598145,10.957826614379885,11.137463569641112,1938080,10.917908191680908,2644576.433333333,43.52696321608479,55.938102856624695,False,True
1995-05-07 20:00:00,11.017705917358398,11.317100524902344,11.017705917358398,11.197342872619627,2423227,10.96181936264038,2654728.9,41.39169458616673,57.50216026109985,False,True
1995-05-08 20:00:00,11.317100524902344,11.43685817718506,11.137463569641112,11.137463569641112,1579022,10.995750681559246,2627688.2,39.83074915650132,55.38494080850667,False,True
1995-05-09 20:00:00,11.257222175598145,11.616495132446287,11.197342872619627,11.556615829467772,5475849,11.04165776570638,2772167.433333333,38.952949551063554,65.07799505675632,False,False
1995-05-10 20:00:00,11.616495132446287,11.676374435424805,11.376978874206545,11.496736526489258,2368950,11.077585061391195,2766753.7,38.31627672348522,62.97313094236142,False,True
1995-05-11 20:00:00,11.496736526489258,11.616495132446287,11.43685817718506,11.496736526489258,3548416,11.115508302052815,2836053.3666666667,37.725080526448195,62.97313094236142,False,False
1995-05-14 20:00:00,11.496736526489258,11.616495132446287,11.496736526489258,11.556615829467772,1813245,11.15143559773763,2817669.033333333,37.17611262919953,64.31183174521121,False,True
1995-05-15 20:00:00,11.556615829467772,11.556615829467772,11.43685817718506,11.43685817718506,1986094,11.183370971679688,2796000.2666666666,36.28292727222699,59.665591080172675,False,True
1995-05-16 20:00:00,11.496736526489258,11.556615829467772,11.376978874206545,11.43685817718506,3035296,11.201334603627522,2739344.2,35.074506314729334,59.66559108017269,False,False
1995-05-17 20:00:00,11.317100524902344,11.43685817718506,11.257222175598145,11.257222175598145,2178357,11.20732250213623,2653344.1333333333,33.23641703645254,53.00398677893132,False,True
1995-05-18 20:00:00,11.197342872619627,11.257222175598145,11.017705917358398,11.137463569641112,2752851,11.211314423878987,2658201.1666666665,31.391418347563448,49.07053598236611,True,False
1995-05-21 20:00:00,11.137463569641112,11.137463569641112,10.957826614379885,11.017705917358398,2813807,11.219298267364502,2687030.2,29.94014423465762,45.43911751240485,True,False
1995-05-22 20:00:00,10.957826614379885,11.197342872619627,10.89794921875,11.197342872619627,2297139,11.233270009358725,2707335.1,28.267987003268242,51.26514189210345,True,True
1995-05-23 20:00:00,11.197342872619627,11.257222175598145,11.017705917358398,11.017705917358398,1890275,11.241253852844238,2728029.6666666665,26.394200381781097,45.97794862792639,True,True
1995-05-24 20:00:00,11.077585220336914,11.077585220336914,10.957826614379885,10.957826614379885,994091,11.243249766031902,2725670.7333333334,24.95840264294216,44.33648955074074,True,True
1995-05-25 20:00:00,11.017705917358398,11.017705917358398,10.838069915771484,10.838069915771484,1105775,11.237261899312337,2713298.533333333,24.19812597367339,41.170737627562445,True,True
1995-05-29 20:00:00,10.957826614379885,11.077585220336914,10.89794921875,11.077585220336914,1302213,11.237261899312337,2638251.1666666665,23.13236584071893,49.01224575538877,True,True
1995-05-30 20:00:00,11.077585220336914,11.077585220336914,10.838069915771484,11.017705917358398,2743665,11.239257876078288,2610556.3333333335,22.436301522835304,47.31428885858773,True,False
1995-05-31 20:00:00,11.017705917358398,11.077585220336914,10.89794921875,11.077585220336914,1336658,11.239257876078288,2519761.9,21.78995608480051,49.209212393190604,True,True
1995-06-01 20:00:00,11.077585220336914,11.137463569641112,10.838069915771484,10.89794921875,3101471,11.227282110850016,2477266.3666666667,21.49860003150865,44.08643851624143,True,False
1995-06-04 20:00:00,10.89794921875,10.957826614379885,10.778190612792969,10.838069915771484,3820841,11.205326557159424,2468992.7333333334,21.527911419694394,42.498264779094185,True,False
1995-06-05 20:00:00,10.838069915771484,10.89794921875,10.778190612792969,10.89794921875,3127983,11.191354846954345,2454470.3333333335,21.55512913729544,44.64574269049162,True,False
1995-06-06 20:00:00,10.838069915771484,11.017705917358398,10.838069915771484,10.957826614379885,3101263,11.175387128194172,2491392.1333333333,20.65904207802395,46.78589824254853,True,False
1995-06-07 20:00:00,10.778190612792969,10.838069915771484,10.71831226348877,10.71831226348877,2490655,11.155427519480387,2518878.2,20.491791830142756,40.10616961504283,True,True
1995-06-08 20:00:00,10.778190612792969,10.778190612792969,10.47879695892334,10.658432960510254,1896747,11.141455777486165,2494064.2,21.38986941667758,38.62158873890698,True,True
1995-06-11 20:00:00,10.658432960510254,10.71831226348877,10.47879695892334,10.47879695892334,2293590,11.12349214553833,2497620.0,22.223798604174203,34.49619676886312,True,True
1995-06-12 20:00:00,10.47879695892334,10.538676261901855,10.418917655944824,10.47879695892334,2694608,11.09554869333903,2442494.8,23.23599022779755,34.49619676886312,True,False
1995-06-13 20:00:00,10.418917655944824,10.658432960510254,10.29916000366211,10.29916000366211,9526947,11.061617342631022,2653886.966666667,24.61553952584949,30.69380013228602,True,False
1995-06-14 20:00:00,10.359039306640623,10.47879695892334,10.239280700683594,10.29916000366211,4231253,11.025690046946208,2734062.7666666666,26.099789730216624,30.69380013228602,True,False
1995-06-15 20:00:00,10.359039306640623,10.418917655944824,10.179403305053713,10.359039306640623,3770322,10.997746594746907,2787956.3333333335,27.675515771582067,33.526403673624145,True,False
1995-06-18 20:00:00,10.359039306640623,10.658432960510254,10.29916000366211,10.658432960510254,2344526,10.98177890777588,2801504.533333333,27.243662834059386,45.516648697520246,True,True
1995-06-19 20:00:00,10.598553657531738,10.658432960510254,10.47879695892334,10.47879695892334,1914491,10.957827377319337,2784546.6666666665,26.842656534931184,40.76541665838833,True,True
1995-06-20 20:00:00,10.538676261901855,10.538676261901855,10.239280700683594,10.239280700683594,2921733,10.927887948354085,2829303.7,27.432920241100764,35.45169002788361,True,False
1995-06-21 20:00:00,10.359039306640623,10.47879695892334,10.239280700683594,10.418917655944824,3053458,10.88996467590332,2748557.3333333335,27.98102225397252,41.600125335157706,True,False
1995-06-22 20:00:00,10.47879695892334,10.658432960510254,10.418917655944824,10.658432960510254,2652231,10.862021223704021,2758000.033333333,27.234315536073503,48.626640187219195,True,True
1995-06-25 20:00:00,10.598553657531738,10.71831226348877,10.538676261901855,10.538676261901855,2287745,10.830085881551106,2715977.6666666665,26.166337564409645,45.66800560994976,True,True
1995-06-26 20:00:00,10.598553657531738,10.778190612792969,10.538676261901855,10.778190612792969,1790073,10.804138374328613,2715205.2666666666,24.80690085058195,51.96317945602446,True,True
1995-06-27 20:00:00,10.778190612792969,10.778190612792969,10.598553657531738,10.71831226348877,1239378,10.78018684387207,2690314.7333333334,23.544566759170518,50.39126009826216,True,True
1995-06-28 20:00:00,10.778190612792969,11.017705917358398,10.71831226348877,10.957826614379885,4000996,10.764219125111898,2722504.7333333334,22.695479464367647,56.11053808801314,False,False
1995-06-29 20:00:00,10.957826614379885,11.017705917358398,10.89794921875,10.957826614379885,1600524,10.754239273071288,2703243.6333333333,21.907041262050694,56.11053808801313,False,True
1995-07-02 20:00:00,10.957826614379885,10.957826614379885,10.778190612792969,10.838069915771484,1258374,10.744259484608968,2653427.7333333334,20.43859717682392,52.59444375164204,False,True
1995-07-04 20:00:00,10.838069915771484,10.957826614379885,10.778190612792969,10.778190612792969,1545412,10.736275641123454,2611147.9,19.07504195482763,50.87770120644791,False,True
1995-07-05 20:00:00,10.89794921875,10.89794921875,10.778190612792969,10.838069915771484,1465668,10.724299875895182,2583432.2,17.8088835344025,52.545810668878545,False,True
1995-07-06 20:00:00,10.838069915771484,11.317100524902344,10.778190612792969,11.257222175598145,4510776,10.73228375116984,2670782.2333333334,18.6592840118757,62.217747804610724,False,False
1995-07-09 20:00:00,11.197342872619627,11.317100524902344,11.077585220336914,11.137463569641112,2418634,10.738271649678548,2718267.0,19.448941598100813,58.546136082821384,False,True
1995-07-10 20:00:00,11.077585220336914,11.137463569641112,10.89794921875,10.957826614379885,2022417,10.74226353963216,2748821.7333333334,19.023608302440902,53.45082706634082,False,True
1995-07-11 20:00:00,10.89794921875,11.137463569641112,10.89794921875,11.137463569641112,2165206,10.744259484608968,2777588.1666666665,18.628655956470986,57.439796170968826,False,True
1995-07-12 20:00:00,11.137463569641112,11.137463569641112,11.017705917358398,11.137463569641112,1119552,10.748251406351725,2723451.066666667,18.261914492356066,57.43979617096884,False,True
1995-07-13 20:00:00,11.077585220336914,11.317100524902344,10.957826614379885,11.317100524902344,2075650,10.756235249837239,2748084.1333333333,18.75604105211542,61.28723933483573,False,True
1995-07-16 20:00:00,11.257222175598145,11.43685817718506,11.257222175598145,11.257222175598145,2896056,10.76821101506551,2741236.966666667,19.687352796975137,59.36092141527064,False,False
1995-07-17 20:00:00,11.317100524902344,11.317100524902344,11.017705917358398,11.137463569641112,1575473,10.778190803527831,2666391.3666666667,19.04630618693111,55.59707864038164,False,True
1995-07-18 20:00:00,11.017705917358398,11.197342872619627,10.89794921875,11.137463569641112,2561214,10.786174615224203,2647499.066666667,17.82393597711375,55.597078640381646,False,True
1995-07-19 20:00:00,11.197342872619627,11.376978874206545,10.957826614379885,11.257222175598145,2643881,10.796154467264811,2632253.0,17.48430525419129,58.638629789493514,False,False
1995-07-20 20:00:00,11.137463569641112,11.137463569641112,10.957826614379885,11.137463569641112,3404583,10.81012617746989,2662717.2666666666,17.168933868620435,54.610146166615195,False,False
1995-07-23 20:00:00,11.077585220336914,11.317100524902344,11.017705917358398,11.257222175598145,2548062,10.830085817972819,2684427.7666666666,17.598681739277264,57.73696791320434,False,True
1995-07-24 20:00:00,11.197342872619627,11.317100524902344,11.137463569641112,11.317100524902344,2418008,10.85802927017212,2688575.033333333,17.99773333345861,59.24856154478546,False,True
1995-07-25 20:00:00,11.257222175598145,11.317100524902344,11.137463569641112,11.257222175598145,3618348,10.883976777394613,2719366.3666666667,18.368281242341286,57.051091112600446,False,False
1995-07-26 20:00:00,11.257222175598145,11.257222175598145,11.077585220336914,11.077585220336914,1726820,10.909924284617107,2459362.1333333333,18.30576835660679,50.94632988753966,False,True
1995-07-27 20:00:00,11.077585220336914,11.077585220336914,10.71831226348877,10.778190612792969,2299644,10.925891971588134,2394975.1666666665,17.678371949739198,42.73804611073208,True,True
1995-07-30 20:00:00,10.89794921875,10.957826614379885,10.71831226348877,10.778190612792969,5128690,10.939863681793213,2440254.1,17.095789571933576,42.73804611073208,True,False
1995-07-31 20:00:00,10.838069915771484,10.89794921875,10.778190612792969,10.89794921875,3538813,10.94784755706787,2480063.6666666665,16.55482022111407,46.72033762167899,True,False
1995-08-01 20:00:00,10.838069915771484,10.957826614379885,10.838069915771484,10.957826614379885,1648746,10.963815212249756,2471205.5,15.695169087745521,48.643445377001804,True,True
1995-08-02 20:00:00,10.89794921875,11.077585220336914,10.838069915771484,10.838069915771484,1800720,10.983774852752685,2433838.4,14.919949737696925,45.134531642715174,True,True
1995-08-03 20:00:00,10.838069915771484,10.89794921875,10.778190612792969,10.778190612792969,695363,10.995750617980956,2355235.2333333334,13.855541393603259,43.44693328191708,True,True
1995-08-06 20:00:00,10.838069915771484,10.89794921875,10.778190612792969,10.89794921875,1219546,11.003734493255616,2307479.066666667,12.867162216944854,47.66188775436982,True,True
1995-08-07 20:00:00,10.838069915771484,10.89794921875,10.778190612792969,10.838069915771484,1294698,11.013714281717936,2274377.5,11.949381552904907,45.82291974918707,True,True
1995-08-08 20:00:00,10.838069915771484,10.838069915771484,10.71831226348877,10.71831226348877,2353294,11.01171833674113,2293151.533333333,11.482784158490881,42.30709394520123,True,False
1995-08-09 20:00:00,10.71831226348877,10.778190612792969,10.658432960510254,10.658432960510254,1165061,11.009722359975179,2290674.3,11.4230373247382,40.628545009904535,True,True
1995-08-10 20:00:00,10.658432960510254,10.658432960510254,10.47879695892334,10.538676261901855,2644507,10.995750681559246,2245458.0,12.334817405817478,37.43002758269095,True,False
1995-08-13 20:00:00,10.538676261901855,10.538676261901855,10.418917655944824,10.418917655944824,1220590,10.97778704961141,2232793.533333333,13.460872595865734,34.50462050875493,True,True
1995-08-14 20:00:00,10.47879695892334,10.47879695892334,10.29916000366211,10.359039306640623,2407361,10.96181936264038,2271093.1,15.02014784370107,33.111179515626766,True,False
1995-08-15 20:00:00,10.359039306640623,10.418917655944824,10.239280700683594,10.29916000366211,2292964,10.945851675669353,2296011.5,16.704247435028968,31.731148889254708,True,True
1995-08-16 20:00:00,10.29916000366211,10.658432960510254,10.239280700683594,10.598553657531738,1913447,10.937867800394693,2310937.466666667,16.481956859435222,44.24399865377939,True,True
1995-08-17 20:00:00,10.598553657531738,10.71831226348877,10.359039306640623,10.359039306640623,2443685,10.907928371429444,2242034.433333333,15.899683408079943,38.21025080271997,True,False
1995-08-20 20:00:00,10.418917655944824,10.47879695892334,10.359039306640623,10.418917655944824,1647702,10.8839768409729,2216336.7,15.359000917535754,40.398578549450676,True,True
1995-08-21 20:00:00,10.418917655944824,10.538676261901855,10.359039306640623,10.538676261901855,1258166,10.870005162556966,2190861.6666666665,14.462417776845998,44.62281668231539,True,True
1995-08-22 20:00:00,10.47879695892334,10.598553657531738,10.418917655944824,10.538676261901855,1352105,10.850045585632325,2163758.3,13.611107583596548,44.62281668231539,True,True
1995-08-23 20:00:00,10.47879695892334,10.538676261901855,10.29916000366211,10.29916000366211,2042875,10.822102133433024,2194535.7333333334,13.195524020776167,38.322738435775946,True,True
1995-08-24 20:00:00,10.29916000366211,10.538676261901855,10.29916000366211,10.47879695892334,1020603,10.794158681233723,2159367.5,12.809624998157243,44.63610452781886,True,True
1995-08-27 20:00:00,10.47879695892334,10.47879695892334,10.29916000366211,10.47879695892334,556332,10.768211174011231,2081376.7,12.451290191439671,44.63610452781886,True,True
1995-08-28 20:00:00,10.47879695892334,10.598553657531738,10.418917655944824,10.598553657531738,1027283,10.750247510274251,2063103.7,11.86626068892709,48.6963964377313,True,True
1995-08-29 20:00:00,10.47879695892334,10.538676261901855,10.359039306640623,10.47879695892334,1259209,10.728291956583659,2019703.5333333334,11.13727242569867,45.13189442188653,True,True
1995-08-30 20:00:00,10.47879695892334,10.47879695892334,10.359039306640623,10.418917655944824,1419324,10.700348472595214,1978884.9666666666,10.460354752700852,43.4204683319329,True,True
1995-08-31 20:00:00,10.359039306640623,10.71831226348877,10.359039306640623,10.71831226348877,1683608,10.686376762390136,1921519.1333333333,11.10880184444696,53.01430207436811,False,True
1995-09-04 20:00:00,10.71831226348877,10.89794921875,10.658432960510254,10.778190612792969,2237226,10.670409043629965,1911157.9333333333,12.539386994628282,54.66980868988527,False,False
1995-09-05 20:00:00,10.778190612792969,10.838069915771484,10.658432960510254,10.71831226348877,1373816,10.650449434916178,1876351.5333333334,13.867787491225224,52.671220558026555,False,True
1995-09-06 20:00:00,10.47879695892334,10.658432960510254,10.47879695892334,10.658432960510254,1212866,10.630489794413249,1796168.8,13.759658219186678,50.67609385166676,False,True
1995-09-07 20:00:00,10.71831226348877,10.71831226348877,10.538676261901855,10.71831226348877,3554678,10.618514029184977,1857097.4,13.965404579980955,52.609286052691864,False,False
1995-09-10 20:00:00,10.71831226348877,10.957826614379885,10.658432960510254,10.89794921875,1956868,10.622505982716879,1845671.5333333334,15.192505798596693,57.93569951319035,False,False
1995-09-11 20:00:00,10.89794921875,11.077585220336914,10.838069915771484,11.077585220336914,1782349,10.632485802968343,1734126.8333333333,16.753289120033052,62.47738540146872,False,False
1995-09-12 20:00:00,11.077585220336914,11.077585220336914,10.89794921875,10.957826614379885,1508254,10.634481716156007,1666441.5333333334,18.20258791850967,57.98269429470528,False,True
1995-09-13 20:00:00,10.957826614379885,11.017705917358398,10.778190612792969,10.838069915771484,1669622,10.630489826202393,1667137.4,18.66370171877934,53.8135545715003,False,False
1995-09-14 20:00:00,10.957826614379885,10.957826614379885,10.778190612792969,10.957826614379885,1794457,10.634481716156007,1666928.6333333333,19.091878819029745,57.13293118402921,False,False
1995-09-17 20:00:00,10.838069915771484,10.957826614379885,10.778190612792969,10.838069915771484,1882134,10.636477692921956,1706487.6666666667,19.489471840690836,53.02864879057084,False,False
1995-09-18 20:00:00,10.89794921875,10.89794921875,10.658432960510254,10.71831226348877,1749783,10.630489794413249,1724162.2333333334,18.955546832664965,49.22073615981616,False,False
1995-09-19 20:00:00,10.658432960510254,10.71831226348877,10.598553657531738,10.71831226348877,1314738,10.626497872670491,1724830.2333333334,18.04541386006058,49.22073615981616,False,True
1995-09-20 20:00:00,10.598553657531738,10.89794921875,10.598553657531738,10.838069915771484,2772265,10.630489794413249,1738795.9333333333,18.16045443500443,53.12456768643317,False,False
1995-09-21 20:00:00,10.778190612792969,10.838069915771484,10.658432960510254,10.658432960510254,1512847,10.630489794413249,1750388.8,18.26727782602372,47.25592064701749,False,True
1995-09-24 20:00:00,10.71831226348877,10.89794921875,10.658432960510254,10.89794921875,2005091,10.64246555964152,1729074.9333333333,18.667763894474387,54.476933053544585,False,False
1995-09-25 20:00:00,10.838069915771484,10.89794921875,10.179403305053713,10.239280700683594,4557119,10.636477661132812,1840292.5666666667,18.384733084372055,38.76110893754137,True,False
1995-09-26 20:00:00,10.239280700683594,10.359039306640623,10.119524002075195,10.359039306640623,1550214,10.636477661132812,1811721.0,18.36706856422481,42.03536132042235,True,True
1995-09-27 20:00:00,10.29916000366211,10.359039306640623,10.179403305053713,10.29916000366211,2076902,10.636477661132812,1804518.9333333333,18.35066579551665,40.85903549216602,True,False
1995-09-28 20:00:00,10.359039306640623,10.598553657531738,10.29916000366211,10.47879695892334,1847689,10.6324857711792,1802327.0,17.071747491763805,45.76263572323995,True,False
1995-10-01 20:00:00,10.538676261901855,10.538676261901855,10.29916000366211,10.29916000366211,2364775,10.630489794413249,1799696.6666666667,15.884180495421875,42.011367203539926,True,False
1995-10-02 20:00:00,10.359039306640623,10.47879695892334,10.239280700683594,10.29916000366211,3043646,10.626497872670491,1846228.1333333333,15.030708454660568,42.01136720353993,True,False
1995-10-03 20:00:00,10.239280700683594,10.239280700683594,10.119524002075195,10.179403305053713,2439718,10.61452210744222,1885613.2,14.82748309508619,39.50745187551842,True,False
1995-10-04 20:00:00,10.119524002075195,10.179403305053713,10.05964469909668,10.179403305053713,1995905,10.602546342213948,1907073.2,14.916014592863942,39.50745187551842,True,False
1995-10-05 20:00:00,10.119524002075195,10.179403305053713,10.05964469909668,10.119524002075195,1036050,10.596558475494385,1873512.3666666667,14.998222412228996,38.18761092058407,True,True
1995-10-08 20:00:00,10.179403305053713,10.179403305053713,9.99976634979248,10.05964469909668,1588625,10.582586733500163,1892446.4333333333,15.366890283225116,36.86143982207379,True,True
1995-10-09 20:00:00,9.99976634979248,10.05964469909668,9.939887046813965,9.99976634979248,1226226,10.566619046529134,1914776.2333333334,15.993756302283995,35.532572897054436,True,True
1995-10-10 20:00:00,9.99976634979248,10.05964469909668,9.939887046813965,9.939887046813965,1277789,10.544663492838541,1923126.4333333333,16.575846177124383,34.20461147371054,True,True
1995-10-11 20:00:00,9.99976634979248,10.05964469909668,9.88000774383545,10.05964469909668,1866060,10.53069175084432,1943354.8,17.41273411369895,39.106265283339084,True,True
1995-10-12 20:00:00,10.05964469909668,10.119524002075195,9.99976634979248,10.05964469909668,1251486,10.518715985616048,1937760.2,17.68007339303131,39.106265283339084,True,True
1995-10-15 20:00:00,10.179403305053713,10.239280700683594,10.05964469909668,10.05964469909668,978017,10.496760400136312,1914240.5,17.00238475337809,39.106265283339084,True,True
1995-10-16 20:00:00,10.119524002075195,10.179403305053713,10.05964469909668,10.119524002075195,1085317,10.47480484644572,1875843.5333333334,16.373102445128673,41.813327361794514,True,True
1995-10-17 20:00:00,10.119524002075195,10.119524002075195,9.99976634979248,9.99976634979248,1055673,10.450853315989177,1865238.7666666666,16.171868085994436,38.159565441841195,True,True
1995-10-18 20:00:00,10.05964469909668,10.05964469909668,9.88000774383545,9.99976634979248,1835790,10.428897762298584,1886002.9,16.67511632002614,38.159565441841195,True,True
1995-10-19 20:00:00,9.939887046813965,9.99976634979248,9.820130348205566,9.88000774383545,1627244,10.40095427831014,1821755.1,17.453737680777763,34.648178058402465,True,True
1995-10-22 20:00:00,9.939887046813965,9.99976634979248,9.939887046813965,9.939887046813965,1442914,10.36901887257894,1804623.3,18.176743230047126,37.73339155671322,True,True
1995-10-23 20:00:00,9.99976634979248,10.239280700683594,9.939887046813965,10.119524002075195,2580210,10.337083498636881,1831218.6666666667,16.948642666500266,45.973583331344244,True,False
1995-10-24 20:00:00,10.179403305053713,10.47879695892334,10.119524002075195,10.47879695892334,6121737,10.321115843454997,1985001.4333333333,16.990143218536726,57.957186209054356,False,False
1995-10-25 20:00:00,10.47879695892334,10.658432960510254,10.29916000366211,10.29916000366211,5929682,10.303152179718017,2127003.433333333,17.788429776277816,51.773536028073586,True,False
1995-10-26 20:00:00,10.29916000366211,10.29916000366211,10.05964469909668,10.05964469909668,1597601,10.273212782541911,2120441.566666667,17.099216029111094,44.89552398165493,True,True
1995-10-30 20:00:00,10.179403305053713,10.418917655944824,10.119524002075195,10.359039306640623,985949,10.257245095570882,2090568.7333333334,16.968454459092875,53.25510777880211,False,True
1995-10-31 20:00:00,10.359039306640623,10.47879695892334,10.239280700683594,10.29916000366211,2282526,10.24327335357666,2108326.8333333335,17.08980660959165,51.57005759049675,False,False
1995-11-01 20:00:00,10.29916000366211,10.359039306640623,10.179403305053713,10.239280700683594,970919,10.227305634816487,2096866.2,16.851502435393183,49.87071156199349,False,True
1995-11-02 20:00:00,10.239280700683594,10.29916000366211,9.99976634979248,10.179403305053713,2784581,10.205350081125895,2097276.7333333334,15.671452998815022,48.16165492333057,True,False
1995-11-03 20:00:00,10.179403305053713,10.239280700683594,10.05964469909668,10.179403305053713,2216559,10.189382425944011,2120733.8,14.57569280770673,48.16165492333057,True,False
1995-11-06 20:00:00,10.179403305053713,10.269221305847168,10.119524002075195,10.179403305053713,1251694,10.165430895487468,2095620.5666666667,13.716963972453852,48.16165492333057,False,True
1995-11-07 20:00:00,10.239280700683594,10.418917655944824,10.239280700683594,10.29916000366211,2830090,10.167426872253419,2038052.9333333333,13.66575086457206,52.24937297005901,False,False
1995-11-08 20:00:00,10.359039306640623,10.658432960510254,10.359039306640623,10.658432960510254,3636719,10.17740666071574,2107603.1,14.587113697730448,61.944555672310855,False,False
1995-11-09 20:00:00,10.658432960510254,10.71831226348877,10.598553657531738,10.598553657531738,1436025,10.18738644917806,2086240.5333333334,15.65398520631965,59.76648714033149,False,True
1995-11-10 20:00:00,10.538676261901855,10.658432960510254,10.47879695892334,10.658432960510254,1643736,10.193374315897623,2079442.1,15.905973996677838,61.23439777524817,False,True
1995-11-13 20:00:00,10.598553657531738,10.658432960510254,10.538676261901855,10.538676261901855,881989,10.201358191172282,2030015.9,16.13996358772473,56.773092163180515,False,True
1995-11-14 20:00:00,10.598553657531738,10.658432960510254,10.47879695892334,10.598553657531738,1667116,10.211337979634603,1984131.5666666667,15.980529698999828,58.404854634892466,False,True
1995-11-15 20:00:00,10.658432960510254,10.89794921875,10.598553657531738,10.838069915771484,2435334,10.233293533325195,1983985.4333333333,16.817016846266004,64.2227569075965,False,False
1995-11-16 20:00:00,10.89794921875,11.077585220336914,10.838069915771484,11.077585220336914,3900794,10.263232930501301,2047481.7333333334,18.185161763262027,68.90634323746315,False,False
1995-11-17 20:00:00,11.197342872619627,11.257222175598145,11.077585220336914,11.257222175598145,2969121,10.301156202952066,2111917.433333333,19.957645327115348,71.87964851823382,False,False
1995-11-20 20:00:00,11.137463569641112,11.197342872619627,10.957826614379885,11.017705917358398,1641022,10.333091576894125,2113664.0,20.857302964184584,63.20164045441926,False,True
1995-11-21 20:00:00,10.957826614379885,11.017705917358398,10.838069915771484,10.957826614379885,2564345,10.365026919047038,2158267.966666667,21.00213006160535,61.21198893950154,False,False
1995-11-22 20:00:00,10.89794921875,10.957826614379885,10.778190612792969,10.957826614379885,1574012,10.398958237965902,2168142.066666667,20.80491037695196,61.21198893950154,False,True
1995-11-24 20:00:00,10.957826614379885,10.957826614379885,10.89794921875,10.89794921875,179947,10.426901721954346,2111938.3,20.62177781263095,59.05589607440934,False,True
1995-11-27 20:00:00,10.957826614379885,10.957826614379885,10.71831226348877,10.778190612792969,1332900,10.450853252410889,2114652.1,19.47029775440389,54.89138810332057,False,True
1995-11-28 20:00:00,10.71831226348877,10.778190612792969,10.598553657531738,10.658432960510254,1728908,10.470812861124674,2139681.8,18.332844560564272,51.017054280832966,False,True
1995-11-29 20:00:00,10.71831226348877,10.71831226348877,10.598553657531738,10.598553657531738,1901548,10.48678051630656,2166889.5,17.276638023427484,49.14909876609055,False,True
1995-11-30 20:00:00,10.598553657531738,10.658432960510254,10.538676261901855,10.598553657531738,1551258,10.506740093231201,2183409.0,16.590357818285128,49.149098766090546,False,True
1995-12-01 20:00:00,10.658432960510254,10.658432960510254,10.538676261901855,10.658432960510254,1628079,10.528695646921793,2176485.3,15.953097627795797,51.220470859975954,False,True
1995-12-04 20:00:00,10.71831226348877,10.838069915771484,10.658432960510254,10.778190612792969,1768780,10.558635075887045,2181203.1666666665,15.261499379002187,55.15493294884689,False,True
1995-12-05 20:00:00,10.71831226348877,10.778190612792969,10.658432960510254,10.658432960510254,3162428,10.582586606343588,2238520.3,14.619301005122406,50.74692680338608,False,False
1995-12-06 20:00:00,10.658432960510254,10.71831226348877,10.598553657531738,10.658432960510254,2628224,10.600550238291422,2240120.7666666666,13.661163041503414,50.74692680338608,False,False
1995-12-07 20:00:00,10.538676261901855,10.538676261901855,10.239280700683594,10.29916000366211,2126795,10.594562339782716,2106956.033333333,14.301432356467645,39.706018710539645,True,False
1995-12-08 20:00:00,10.29916000366211,10.359039306640623,9.99976634979248,10.239280700683594,4533321,10.592566363016765,2060410.6666666667,15.695171418492324,38.213734905547334,True,False
1995-12-11 20:00:00,10.239280700683594,10.359039306640623,10.119524002075195,10.239280700683594,3089155,10.598554229736328,2110129.1333333333,16.989357690372383,38.21373490554734,True,False
1995-12-12 20:00:00,10.29916000366211,10.359039306640623,10.179403305053713,10.239280700683594,2913383,10.594562276204426,2174376.933333333,18.191102085689582,38.213734905547334,True,False
1995-12-13 20:00:00,10.239280700683594,10.29916000366211,10.179403305053713,10.179403305053713,2985404,10.590570386250814,2197806.2,19.30700759562698,36.50043519417654,True,False
1995-12-14 20:00:00,10.179403305053713,10.179403305053713,9.820130348205566,9.99976634979248,3748403,10.582586574554444,2290389.0,21.410971101443028,31.882166962659714,True,False
1995-12-15 20:00:00,9.939887046813965,9.99976634979248,9.88000774383545,9.88000774383545,4722870,10.572606722513834,2354998.6333333333,23.364651499700784,29.227172366098763,True,False
1995-12-18 20:00:00,9.88000774383545,9.939887046813965,9.640493392944336,9.700371742248535,3775750,10.556639003753663,2406971.6666666665,25.722875465710608,25.76170549096462,True,False
1995-12-19 20:00:00,9.700371742248535,9.88000774383545,9.640493392944336,9.88000774383545,3509796,10.546659151713053,2482241.7333333334,27.912654862719727,34.167864104881005,True,False
1995-12-20 20:00:00,9.939887046813965,10.359039306640623,9.939887046813965,10.05964469909668,2624049,10.538675308227539,2475373.7,27.081861461703603,41.32309688967576,True,False
1995-12-21 20:00:00,10.179403305053713,10.418917655944824,10.179403305053713,10.418917655944824,2055192,10.530691464742025,2422656.1333333333,26.033282622632758,52.45364552623422,True,True
1995-12-22 20:00:00,10.359039306640623,10.538676261901855,10.359039306640623,10.47879695892334,2557874,10.526699574788411,2460051.1,24.521302946665422,54.01918123902767,True,False
1995-12-26 20:00:00,10.418917655944824,10.47879695892334,10.29916000366211,10.359039306640623,1025195,10.51671978632609,2439433.066666667,23.354099392427283,50.441935936030156,True,True
1995-12-27 20:00:00,10.418917655944824,10.418917655944824,10.179403305053713,10.239280700683594,1114334,10.506739934285482,2447177.9,22.72811193264425,47.08407353301769,True,True
1995-12-28 20:00:00,10.179403305053713,10.239280700683594,10.119524002075195,10.179403305053713,1451890,10.492768255869548,2440003.7,22.36785498554837,45.454808141472384,True,True
1995-12-29 20:00:00,10.179403305053713,10.239280700683594,10.05964469909668,10.239280700683594,2043710,10.472808615366619,2426949.566666667,22.25411234912091,47.414416067549354,True,True
1996-01-02 20:00:00,10.239280700683594,10.418917655944824,10.179403305053713,10.359039306640623,1280294,10.448857084910076,2339599.566666667,21.21516184492861,51.191338975497814,True,True
1996-01-03 20:00:00,10.359039306640623,10.418917655944824,9.99976634979248,10.179403305053713,3527540,10.412929789225261,2358213.533333333,20.9383441109103,45.869444803022766,True,False
1996-01-04 20:00:00,10.239280700683594,10.418917655944824,10.179403305053713,10.29916000366211,5696295,10.388978258768718,2493389.3,20.68129907217902,49.629040044630294,True,False
1996-01-05 20:00:00,10.239280700683594,10.538676261901855,10.239280700683594,10.47879695892334,4370492,10.373010603586833,2553594.2,19.816857473722234,54.710375674921195,False,False
1996-01-08 20:00:00,10.658432960510254,10.778190612792969,10.598553657531738,10.71831226348877,1107027,10.365026791890463,2538028.033333333,18.862952217177135,60.440576873434196,False,True
1996-01-09 20:00:00,10.778190612792969,10.778190612792969,10.359039306640623,10.47879695892334,3289559,10.35105504989624,2641681.7666666666,18.041205262016355,53.19274311541058,False,False
1996-01-10 20:00:00,10.359039306640623,10.47879695892334,10.239280700683594,10.29916000366211,2304445,10.335087362925211,2674066.6,17.71049625623434,48.4956466753648,True,True
1996-01-11 20:00:00,10.359039306640623,10.418917655944824,10.05964469909668,10.119524002075195,1849568,10.317123730977377,2678088.6,17.993854241504682,44.28440397171266,True,True
1996-01-12 20:00:00,10.179403305053713,10.239280700683594,9.939887046813965,9.99976634979248,1783602,10.297164154052734,2674157.066666667,18.61581875529811,41.68551759746851,True,True
1996-01-15 20:00:00,9.99976634979248,10.119524002075195,9.76025104522705,9.820130348205566,1400328,10.27121671040853,2669126.066666667,19.684915485138365,38.0758980243025,True,True
1996-01-16 20:00:00,9.939887046813965,9.939887046813965,9.820130348205566,9.820130348205566,1151492,10.243273289998372,2653239.8333333335,20.677648162847174,38.075898024302504,True,True
1996-01-17 20:00:00,9.939887046813965,10.119524002075195,9.88000774383545,9.939887046813965,2098822,10.215329837799072,2664241.2333333334,20.6625245758466,41.96158305880171,True,True
1996-01-18 20:00:00,9.939887046813965,9.99976634979248,9.76025104522705,9.939887046813965,2616951,10.191378307342529,2646058.6666666665,21.022608360178356,41.96158305880171,True,True
1996-01-19 20:00:00,9.820130348205566,9.88000774383545,9.640493392944336,9.76025104522705,3335068,10.161438910166423,2669620.1333333333,21.70842170627505,37.83179506447943,True,False
1996-01-22 20:00:00,9.700371742248535,9.820130348205566,9.640493392944336,9.76025104522705,2974757,10.143475278218586,2697885.533333333,22.345248384793404,37.83179506447942,True,False
1996-01-23 20:00:00,9.76025104522705,9.939887046813965,9.76025104522705,9.939887046813965,2323442,10.133495489756266,2624222.9,22.271087680400566,44.20082167873449,True,True
1996-01-24 20:00:00,9.820130348205566,10.119524002075195,9.76025104522705,9.99976634979248,2664547,10.125511678059896,2610069.3,21.307003256095154,46.180138659412115,True,False
1996-01-25 20:00:00,10.05964469909668,10.239280700683594,9.99976634979248,10.179403305053713,2401725,10.123515764872232,2593014.033333333,19.875266095186834,51.71381864851675,False,True
1996-01-26 20:00:00,10.119524002075195,10.239280700683594,10.119524002075195,10.179403305053713,2406944,10.123515764872232,2573732.033333333,18.54579587434339,51.71381864851675,False,True
1996-01-29 20:00:00,10.179403305053713,10.239280700683594,10.05964469909668,10.179403305053713,1236246,10.129503663380941,2489993.466666667,17.582827916742886,51.71381864851675,False,True
1996-01-30 20:00:00,10.119524002075195,10.359039306640623,10.119524002075195,10.29916000366211,2704211,10.143475405375163,2422704.8333333335,16.539855998155634,55.52165491357768,False,False
1996-01-31 20:00:00,10.29916000366211,10.359039306640623,10.239280700683594,10.29916000366211,778029,10.163435014088948,2322780.8,15.571382073753187,55.52165491357768,False,True
1996-02-01 20:00:00,10.239280700683594,10.598553657531738,10.239280700683594,10.598553657531738,2167084,10.187386544545491,2278023.7333333334,15.717318131681768,63.798954279588685,False,True
1996-02-02 20:00:00,10.538676261901855,10.71831226348877,10.47879695892334,10.598553657531738,1984633,10.205350176493328,2256709.8666666667,16.294863909064365,63.798954279588685,False,True
1996-02-05 20:00:00,10.538676261901855,10.598553657531738,10.418917655944824,10.598553657531738,1441035,10.21133804321289,2236237.966666667,16.4873846026855,63.798954279588685,False,True
1996-02-06 20:00:00,10.538676261901855,10.598553657531738,10.47879695892334,10.47879695892334,1536436,10.21133804321289,2202190.033333333,16.66615381819084,58.37200310604992,False,True
1996-02-07 20:00:00,10.418917655944824,10.658432960510254,10.418917655944824,10.598553657531738,1643110,10.21932185490926,2222787.2,16.832153804017224,61.865387494291845,False,True
1996-02-08 20:00:00,10.538676261901855,10.598553657531738,10.47879695892334,10.538676261901855,1879420,10.22930170694987,2248290.066666667,16.986296647998866,59.19076445530753,False,True
1996-02-09 20:00:00,10.47879695892334,10.658432960510254,10.47879695892334,10.538676261901855,2176478,10.241277472178142,2272443.0,17.416957834311663,59.19076445530753,False,True
1996-02-12 20:00:00,10.598553657531738,10.838069915771484,10.538676261901855,10.838069915771484,2185664,10.261237112681071,2277174.8,18.577517958823332,67.37102791341843,False,True
1996-02-13 20:00:00,10.89794921875,11.43685817718506,10.838069915771484,11.317100524902344,5741386,10.293172486623128,2425877.8666666667,21.227345125285304,75.74763700944628,False,False
1996-02-14 20:00:00,11.317100524902344,11.556615829467772,11.317100524902344,11.496736526489258,6766372,10.337083594004314,2533838.933333333,23.899071789067882,78.02583771744473,False,False
1996-02-15 20:00:00,11.496736526489258,11.556615829467772,11.376978874206545,11.496736526489258,4012269,10.377002811431884,2477704.7333333334,26.37996083400885,78.02583771744473,False,False
1996-02-16 20:00:00,11.43685817718506,11.43685817718506,11.317100524902344,11.376978874206545,2820696,10.406942208607992,2426044.8666666667,28.261718618011034,72.74253364233007,False,False
1996-02-20 20:00:00,11.257222175598145,11.43685817718506,11.137463569641112,11.317100524902344,2264364,10.426901817321777,2464622.7666666666,28.83760153233248,70.1836283500783,False,True
1996-02-21 20:00:00,11.317100524902344,11.496736526489258,11.287160873413086,11.496736526489258,2372708,10.460833136240641,2434061.066666667,29.541171230320973,73.22647198622445,False,True
1996-02-22 20:00:00,11.496736526489258,11.616495132446287,11.376978874206545,11.496736526489258,2467065,10.500752353668213,2439481.7333333334,30.518690887199796,73.22647198622447,False,False
1996-02-23 20:00:00,11.496736526489258,11.496736526489258,11.317100524902344,11.43685817718506,2301731,10.544663492838541,2454553.8333333335,31.034224462409977,70.44717946591767,False,True
1996-02-26 20:00:00,11.43685817718506,11.496736526489258,11.257222175598145,11.257222175598145,1548752,10.586578687032064,2446725.5,31.12289511296032,62.75226498272449,False,True
1996-02-27 20:00:00,11.257222175598145,11.317100524902344,11.137463569641112,11.137463569641112,1513264,10.630489794413249,2450490.033333333,30.461912665084174,58.18896659130872,False,True
1996-02-28 20:00:00,11.197342872619627,11.376978874206545,11.197342872619627,11.257222175598145,1210152,10.678392855326335,2452445.3666666667,30.07494569324486,61.22551483575896,False,True
1996-02-29 20:00:00,11.077585220336914,11.197342872619627,11.017705917358398,11.077585220336914,2165206,10.7163161277771,2454658.1666666665,28.678993045505305,54.79688006928346,False,True
1996-03-01 20:00:00,11.017705917358398,11.257222175598145,11.017705917358398,11.137463569641112,2260189,10.75623534520467,2442766.1,27.638354382547135,56.438774440772576,False,True
1996-03-04 20:00:00,11.257222175598145,11.376978874206545,11.257222175598145,11.376978874206545,1104105,10.810126272837321,2368400.6666666665,27.158631898572875,62.33252140550884,False,True
1996-03-05 20:00:00,11.197342872619627,11.376978874206545,11.137463569641112,11.376978874206545,1347513,10.86401720046997,2314159.2,26.033474061089862,62.33252140550886,False,True
1996-03-06 20:00:00,11.317100524902344,11.556615829467772,11.317100524902344,11.43685817718506,2217812,10.913916238149007,2310638.2,25.70238783730191,63.75439057277398,False,True
1996-03-07 20:00:00,11.43685817718506,11.556615829467772,11.376978874206545,11.496736526489258,1792161,10.9638152440389,2281558.6666666665,25.394950629498812,65.17025336308463,False,True
1996-03-08 20:00:00,11.376978874206545,11.43685817718506,11.017705917358398,11.077585220336914,1377156,10.993754641215007,2247406.3666666667,23.85063557606485,50.344850452937976,False,True
1996-03-11 20:00:00,10.957826614379885,11.43685817718506,10.957826614379885,11.43685817718506,1190320,11.035669803619385,2206852.2333333334,22.66325984927144,58.96229583991126,False,True
1996-03-12 20:00:00,11.257222175598145,11.616495132446287,11.257222175598145,11.496736526489258,2369994,11.07958091100057,2244643.8333333335,21.323880600484664,60.20196514542053,False,False
1996-03-13 20:00:00,11.496736526489258,12.155404090881348,11.496736526489258,12.155404090881348,7901999,11.141455713907877,2417903.433333333,21.804871432162667,70.69045584027394,False,False
1996-03-14 20:00:00,12.155404090881348,12.514677047729492,12.155404090881348,12.155404090881348,8904857,11.203330516815186,2688797.7,23.03690110870758,70.69045584027394,False,False
1996-03-15 20:00:00,12.215283393859863,12.394920349121094,11.85601043701172,12.215283393859863,4829544,11.257221508026124,2777546.3666666667,22.98290382126939,71.48284298592442,False,False
1996-03-18 20:00:00,12.215283393859863,12.335041046142578,12.03564739227295,12.275161743164062,3581399,11.313108444213867,2830771.9,22.93276348293392,72.28961113561986,False,False
1996-03-19 20:00:00,12.335041046142578,12.514677047729492,12.335041046142578,12.514677047729492,4720157,11.376979223887126,2940075.966666667,23.31606736089514,75.29978378649083,False,False
1996-03-20 20:00:00,12.514677047729492,12.574556350708008,12.095524787902832,12.095524787902832,3437775,11.430870151519775,3003453.933333333,22.755002594707573,62.5036837824907,False,False
1996-03-21 20:00:00,12.215283393859863,12.275161743164062,11.975768089294434,11.975768089294434,2737403,11.476777299245198,3039930.3666666667,21.812379633920415,59.39792408599818,False,True
1996-03-22 20:00:00,12.095524787902832,12.335041046142578,12.03564739227295,12.275161743164062,1421621,11.534660148620606,3024670.4,21.11016266928308,64.18873817739787,False,True
1996-03-25 20:00:00,12.394920349121094,12.634434700012209,12.215283393859863,12.514677047729492,4217266,11.600526841481527,3092696.6666666665,21.25072957032848,67.49326852905075,False,False
1996-03-26 20:00:00,12.514677047729492,12.873950004577637,12.454797744750977,12.574556350708008,2834683,11.658409722646077,3114330.6333333333,21.919571927509562,68.28128245302693,False,True
1996-03-27 20:00:00,12.514677047729492,12.873950004577637,12.394920349121094,12.574556350708008,3966969,11.7003249168396,3055183.4,22.300874710146452,68.28128245302693,False,False
1996-03-28 20:00:00,12.454797744750977,12.81407070159912,12.454797744750977,12.81407070159912,3022144,11.744236056009928,2930375.8,22.65494157973785,71.48767964896678,False,False
1996-03-29 20:00:00,12.754193305969238,12.933829307556152,12.634434700012209,12.754193305969238,3840255,11.786151281992595,2924642.0,23.276030275875236,69.59364750433429,False,False
1996-04-01 20:00:00,12.873950004577637,12.993707656860352,12.81407070159912,12.933829307556152,3829400,11.83804629643758,2958265.466666667,23.996929617604675,71.99118821526757,False,False
1996-04-02 20:00:00,12.81407070159912,12.873950004577637,12.754193305969238,12.81407070159912,1967932,11.887945302327473,2948384.4,24.37396032455727,68.1340608985222,False,True
1996-04-03 20:00:00,12.694314002990724,12.81407070159912,12.514677047729492,12.694314002990724,2240566,11.92786455154419,2943979.6666666665,23.64577821615271,64.41729762616514,False,True
1996-04-04 20:00:00,12.694314002990724,12.754193305969238,12.454797744750977,12.634434700012209,2677699,11.965787823994955,2951000.8,22.72101707442418,62.579102700693646,False,True
1996-04-07 20:00:00,12.335041046142578,12.394920349121094,12.155404090881348,12.155404090881348,2444102,11.989739354451498,2955746.5,21.448656828405223,50.230272768516706,False,True
1996-04-08 20:00:00,12.335041046142578,12.454797744750977,12.155404090881348,12.275161743164062,3184347,12.023670673370361,3010266.3333333335,20.046342376665077,52.741033841448335,False,False
1996-04-09 20:00:00,12.215283393859863,12.275161743164062,11.915888786315918,11.975768089294434,2445981,12.051614157358806,3041356.9,19.534238431895552,46.43431884234233,True,True
1996-04-10 20:00:00,11.975768089294434,12.095524787902832,11.85601043701172,12.03564739227295,2190047,12.0775616645813,3074020.066666667,19.241898770071145,47.77929965286003,True,True
1996-04-11 20:00:00,12.03564739227295,12.03564739227295,11.915888786315918,11.915888786315918,1467756,12.105505116780598,3050771.7333333334,18.97044051266277,45.327923486585284,True,True
1996-04-14 20:00:00,12.03564739227295,12.03564739227295,11.915888786315918,11.975768089294434,961943,12.133448600769043,3007496.8666666667,18.718372130783564,46.797713081086606,True,True
1996-04-15 20:00:00,12.03564739227295,12.514677047729492,12.03564739227295,12.335041046142578,2895848,12.165384006500243,3067221.6333333333,18.152469621606055,54.671650832585804,False,True
1996-04-16 20:00:00,12.574556350708008,12.873950004577637,12.574556350708008,12.754193305969238,6963645,12.211291154225668,3254426.033333333,18.61523730119523,61.778834919912015,False,False
1996-04-17 20:00:00,12.754193305969238,12.993707656860352,12.634434700012209,12.754193305969238,3976572,12.25520232518514,3313051.3666666667,19.328875816820148,61.77883491991203,False,False
1996-04-18 20:00:00,12.873950004577637,12.933829307556152,12.754193305969238,12.754193305969238,3153869,12.297117551167807,3358441.6333333333,19.991540152757572,61.77883491991203,False,True
1996-04-21 20:00:00,12.933829307556152,12.933829307556152,12.81407070159912,12.81407070159912,2539503,12.355000400543213,3397186.533333333,20.606871321842323,62.818980426471285,False,True
1996-04-22 20:00:00,12.81407070159912,13.053586959838867,12.81407070159912,12.933829307556152,2966198,12.40489943822225,3456382.466666667,21.493404495526736,64.87771989692472,False,True
1996-04-23 20:00:00,12.873950004577637,12.933829307556152,12.754193305969238,12.933829307556152,1220799,12.45280253092448,3418075.966666667,22.010627656715467,64.87771989692473,False,True
1996-04-24 20:00:00,12.873950004577637,12.993707656860352,12.81407070159912,12.933829307556152,1921589,12.478750038146973,3218728.966666667,22.661535768733984,64.87771989692473,False,True
1996-04-25 20:00:00,12.873950004577637,12.873950004577637,12.634434700012209,12.754193305969238,2153515,12.498709678649902,2993684.2333333334,22.35076844197967,58.78021746022931,False,True
1996-04-28 20:00:00,12.574556350708008,12.634434700012209,12.335041046142578,12.514677047729492,3007114,12.508689467112223,2932936.566666667,20.801225061968232,51.790880185669664,False,False
1996-04-29 20:00:00,12.514677047729492,12.514677047729492,12.155404090881348,12.275161743164062,1682147,12.508689467112223,2869628.1666666665,19.900733287295882,45.911767597937484,True,True
1996-04-30 20:00:00,12.335041046142578,12.454797744750977,12.215283393859863,12.335041046142578,1219755,12.50270160039266,2752948.1,19.06456235367156,47.51580745665677,True,True
1996-05-01 20:00:00,12.394920349121094,12.514677047729492,12.215283393859863,12.215283393859863,1271317,12.50669355392456,2680732.8333333335,18.034032055384635,44.663006065598296,True,True
1996-05-02 20:00:00,12.275161743164062,12.454797744750977,12.155404090881348,12.275161743164062,1580066,12.516673342386882,2642154.933333333,17.310042890528177,46.39594128126074,True,True
1996-05-05 20:00:00,12.335041046142578,12.454797744750977,12.275161743164062,12.394920349121094,1762517,12.520665295918782,2653518.1333333333,16.637767237447175,49.78311981088424,True,True
1996-05-06 20:00:00,12.335041046142578,12.335041046142578,11.915888786315918,11.975768089294434,1500530,12.502701663970948,2562960.2666666666,17.278043982897508,40.20695947236506,True,True
1996-05-07 20:00:00,11.975768089294434,11.975768089294434,11.796131134033203,11.915888786315918,2583968,12.480746078491212,2554603.1,18.21559975005157,39.05128831826222,True,False
1996-05-08 20:00:00,11.915888786315918,12.394920349121094,11.915888786315918,12.335041046142578,2189839,12.472762235005696,2495365.433333333,17.263477202064244,49.90559365688379,True,True
1996-05-09 20:00:00,12.454797744750977,12.454797744750977,12.394920349121094,12.394920349121094,958811,12.458790556589763,2426587.6666666665,16.160416507379313,51.241504301475985,True,True
1996-05-12 20:00:00,12.394920349121094,12.454797744750977,12.275161743164062,12.335041046142578,1128320,12.444818814595541,2336189.8333333335,15.551442790226584,49.81097133603545,True,True
1996-05-13 20:00:00,12.454797744750977,12.754193305969238,12.394920349121094,12.754193305969238,2788756,12.438830947875976,2301501.7,14.95250807961913,58.53699742345996,False,False
1996-05-14 20:00:00,12.694314002990724,12.993707656860352,12.694314002990724,12.81407070159912,3466792,12.438830947875976,2351463.7,15.098724350608947,59.61713873641878,False,False
1996-05-15 20:00:00,12.694314002990724,12.754193305969238,12.514677047729492,12.514677047729492,1086569,12.43284304936727,2312997.1333333333,14.575865426420622,52.28306548370928,False,True
1996-05-16 20:00:00,12.574556350708008,12.694314002990724,12.394920349121094,12.454797744750977,2300061,12.426855150858561,2300409.2,13.67808818908479,50.933492425043646,False,True
1996-05-19 20:00:00,12.454797744750977,12.933829307556152,12.454797744750977,12.754193305969238,3266388,12.446814791361492,2327818.7333333334,13.568288367252574,56.92109923692137,False,False
1996-05-20 20:00:00,12.81407070159912,12.873950004577637,12.634434700012209,12.873950004577637,1611379,12.466774400075277,2275386.466666667,13.466331389836943,59.07250549083399,False,True
1996-05-21 20:00:00,12.81407070159912,12.993707656860352,12.754193305969238,12.81407070159912,1986303,12.494717820485432,2260063.8666666667,13.7267050453532,57.525541745418785,False,True
1996-05-22 20:00:00,12.81407070159912,12.933829307556152,12.335041046142578,12.873950004577637,2590439,12.522661240895589,2273410.2666666666,12.994265976532818,58.69054957725381,False,False
1996-05-23 20:00:00,12.81407070159912,12.933829307556152,12.81407070159912,12.81407070159912,1067781,12.552600638071697,2260077.7666666666,12.31414398405675,57.006668783228044,False,True
1996-05-27 20:00:00,12.873950004577637,12.873950004577637,12.574556350708008,12.634434700012209,1179048,12.574556191762289,2267314.6,12.401939100886512,52.17082565675448,False,True
1996-05-28 20:00:00,12.634434700012209,12.634434700012209,12.394920349121094,12.454797744750977,1126859,12.578548081715901,2208348.3,12.963407341381535,47.803705956238325,True,True
1996-05-29 20:00:00,12.394920349121094,12.574556350708008,12.335041046142578,12.574556350708008,771349,12.572560183207194,2001938.4333333333,13.639357444893013,50.762785189985514,False,True
1996-05-30 20:00:00,12.514677047729492,12.574556350708008,12.394920349121094,12.394920349121094,914138,12.560584417978923,1899857.3,14.267025398153672,46.50406440089637,True,True
1996-06-02 20:00:00,12.275161743164062,12.275161743164062,12.095524787902832,12.215283393859863,1161721,12.542620754241943,1833452.3666666667,15.603354749811604,42.6506446904095,True,True
1996-06-03 20:00:00,12.155404090881348,12.275161743164062,12.155404090881348,12.215283393859863,1239378,12.522661177317302,1790114.8666666667,16.844232004922542,42.65064469040949,True,True
1996-06-04 20:00:00,12.215283393859863,12.275161743164062,12.155404090881348,12.275161743164062,1262967,12.500705591837566,1733340.5,17.9964751703827,44.4307013228323,True,True
1996-06-05 20:00:00,12.155404090881348,12.155404090881348,11.736251831054688,11.736251831054688,1121014,12.46078634262085,1730014.3333333333,19.986096972064633,34.15537954993073,True,True
1996-06-06 20:00:00,11.676374435424805,12.215283393859863,11.616495132446287,12.155404090881348,2585638,12.434838835398356,1752149.3,22.04946002415457,44.84036571326634,True,False
1996-06-09 20:00:00,12.095524787902832,12.155404090881348,12.03564739227295,12.095524787902832,1150657,12.412883218129476,1718720.7,23.965440001095224,43.74816338343936,True,True
1996-06-10 20:00:00,12.095524787902832,12.215283393859863,11.975768089294434,12.03564739227295,1143350,12.39691556294759,1656595.2333333334,25.744564265397262,42.62996269653624,True,True
1996-06-11 20:00:00,12.03564739227295,12.394920349121094,12.03564739227295,12.215283393859863,1602194,12.394919617970784,1653930.1333333333,26.390011813868064,47.006193378824335,True,True
1996-06-12 20:00:00,12.215283393859863,12.275161743164062,11.915888786315918,11.975768089294434,1359412,12.382943852742512,1658585.3666666667,27.285807930198448,42.36579749184205,True,True
1996-06-13 20:00:00,11.975768089294434,12.03564739227295,11.796131134033203,11.915888786315918,852555,12.372964032491048,1644626.6333333333,28.397383216709255,41.268937025810274,True,True
1996-06-16 20:00:00,12.03564739227295,12.155404090881348,11.915888786315918,12.03564739227295,1995488,12.364980220794678,1658474.0333333334,28.770352421132138,44.3710089277355,True,False
1996-06-17 20:00:00,12.095524787902832,12.095524787902832,11.915888786315918,11.975768089294434,1790908,12.351008478800455,1659420.4,29.116680968096237,43.14396876143296,True,False
1996-06-18 20:00:00,11.975768089294434,11.975768089294434,11.736251831054688,11.796131134033203,1489675,12.345020580291749,1659058.5666666667,29.917342287142237,39.605475749667654,True,True
1996-06-19 20:00:00,11.85601043701172,11.975768089294434,11.796131134033203,11.915888786315918,2871215,12.345020580291749,1668633.4666666666,30.660813511970662,42.96393494900615,True,False
1996-06-20 20:00:00,11.975768089294434,12.095524787902832,11.915888786315918,11.975768089294434,3480988,12.333044815063477,1711671.7666666666,30.624906333426388,44.622134786037805,True,False
1996-06-23 20:00:00,11.975768089294434,12.03564739227295,11.85601043701172,12.03564739227295,1522867,12.321069049835206,1730473.6333333333,30.778895305266342,46.303334521573674,True,True
1996-06-24 20:00:00,12.03564739227295,12.095524787902832,11.975768089294434,12.03564739227295,1390308,12.311089261372883,1739206.5666666667,30.55325498204767,46.30333452157366,True,True
1996-06-25 20:00:00,11.975768089294434,12.095524787902832,11.975768089294434,12.095524787902832,1692376,12.289133644104004,1702660.5666666667,30.343731824773187,48.129576940425544,True,True
1996-06-26 20:00:00,12.095524787902832,12.155404090881348,12.03564739227295,12.03564739227295,2175017,12.263186200459797,1659601.4,29.75597909445171,46.42904216895031,True,False
1996-06-27 20:00:00,12.03564739227295,12.03564739227295,11.85601043701172,11.85601043701172,2477920,12.241230646769205,1705979.7666666666,29.890644988225283,41.67201689155046,True,False
1996-06-30 20:00:00,11.975768089294434,12.03564739227295,11.85601043701172,11.975768089294434,2408614,12.225262991587321,1709598.2,30.015691889586456,45.668600461683,True,False
1996-07-01 20:00:00,11.975768089294434,12.095524787902832,11.915888786315918,12.095524787902832,586184,12.20330737431844,1620258.0666666667,29.707285384151824,49.40217649406031,True,True
1996-07-02 20:00:00,12.03564739227295,12.394920349121094,11.975768089294434,12.155404090881348,732103,12.179355843861897,1590948.8666666667,27.66503336672474,51.207635279609555,True,True
1996-07-04 20:00:00,12.03564739227295,12.155404090881348,11.915888786315918,12.03564739227295,516877,12.153408400217693,1541968.0,26.054145700697312,47.55302044562299,True,True
1996-07-07 20:00:00,12.03564739227295,12.03564739227295,11.676374435424805,11.736251831054688,1752080,12.115485127766927,1514022.7,25.56340199422015,39.88850243901624,True,False
1996-07-08 20:00:00,11.796131134033203,11.796131134033203,11.616495132446287,11.676374435424805,2207374,12.07756191889445,1552009.1333333333,25.329336430309464,38.55025558327607,True,False
1996-07-09 20:00:00,11.676374435424805,11.736251831054688,11.496736526489258,11.676374435424805,1595096,12.045626576741537,1565877.4,25.535951291767855,38.55025558327606,True,False
1996-07-10 20:00:00,11.676374435424805,11.676374435424805,11.257222175598145,11.43685817718506,3026111,12.011695257822673,1629185.8,26.452062614344523,33.358269953909534,True,False
1996-07-11 20:00:00,11.43685817718506,11.43685817718506,11.376978874206545,11.376978874206545,895141,11.971776008605957,1633312.2,27.302737413880006,32.19101088662614,True,True
1996-07-14 20:00:00,11.43685817718506,11.496736526489258,11.077585220336914,11.137463569641112,1574638,11.92986078262329,1655328.8666666667,28.841027334132868,27.974381367442327,True,True
1996-07-15 20:00:00,11.197342872619627,11.257222175598145,10.29916000366211,11.077585220336914,2335758,11.891937510172527,1694463.4333333333,31.447855502847975,27.0214519272826,True,False
1996-07-16 20:00:00,11.197342872619627,11.197342872619627,10.957826614379885,11.017705917358398,1573177,11.852018260955811,1705590.0666666667,33.86848165951201,26.065241221136038,True,True
1996-07-17 20:00:00,11.017705917358398,11.137463569641112,10.778190612792969,11.077585220336914,1140428,11.812099043528239,1701505.4333333333,36.31291448219158,28.779399891669172,True,True
1996-07-18 20:00:00,10.89794921875,11.077585220336914,10.778190612792969,11.077585220336914,1215371,11.790143489837646,1704650.6666666667,38.58274496039404,28.779399891669165,True,True
1996-07-21 20:00:00,11.077585220336914,11.197342872619627,10.778190612792969,10.89794921875,1811784,11.748228327433269,1678855.5333333334,39.995604863879706,25.5198961378771,True,False
1996-07-22 20:00:00,10.957826614379885,11.017705917358398,10.658432960510254,10.658432960510254,1282381,11.700325266520183,1683246.3333333333,41.4820283006319,21.950176768062835,True,True
1996-07-23 20:00:00,10.418917655944824,10.658432960510254,10.29916000366211,10.47879695892334,1488840,11.648430252075196,1694762.6666666667,43.308366565780304,19.722002071295304,True,True
1996-07-24 20:00:00,10.658432960510254,10.778190612792969,10.538676261901855,10.538676261901855,1649164,11.592543347676594,1696328.3333333333,44.358670815893596,22.544486743079776,True,True
1996-07-25 20:00:00,10.658432960510254,10.89794921875,10.598553657531738,10.658432960510254,2328034,11.548632176717122,1728615.7333333334,44.71253027600046,27.99696128374703,True,False
1996-07-28 20:00:00,10.778190612792969,10.778190612792969,10.598553657531738,10.598553657531738,1279667,11.50472100575765,1742852.8,45.0411140603854,26.97447857297503,True,True
1996-07-29 20:00:00,10.778190612792969,10.778190612792969,10.538676261901855,10.658432960510254,1447715,11.458813858032226,1724593.7,45.458241377308276,29.737923050609634,True,True
1996-07-30 20:00:00,10.538676261901855,10.71831226348877,10.538676261901855,10.71831226348877,1978996,11.416898663838705,1730863.3,45.84557388587952,32.48919820298952,True,False
1996-07-31 20:00:00,10.658432960510254,10.89794921875,10.598553657531738,10.778190612792969,1368806,11.382967313130697,1726834.3333333333,45.157852309691584,35.220854315254144,True,True
1996-08-01 20:00:00,11.137463569641112,11.137463569641112,10.778190612792969,11.017705917358398,1685904,11.353027884165446,1687323.9666666666,43.32775359335638,44.836014579841724,True,True
1996-08-04 20:00:00,11.017705917358398,11.197342872619627,10.957826614379885,11.017705917358398,1406799,11.321092478434245,1618184.3333333333,41.35585277397649,44.836014579841724,True,True
1996-08-05 20:00:00,11.077585220336914,11.197342872619627,10.957826614379885,11.077585220336914,1088865,11.289157072703043,1603717.6,39.52480201312373,47.11210960323585,True,True
1996-08-06 20:00:00,11.137463569641112,11.257222175598145,11.017705917358398,11.077585220336914,1895286,11.257221666971843,1620550.2,37.52948785353418,47.11210960323585,True,False
1996-08-07 20:00:00,11.077585220336914,11.137463569641112,10.89794921875,11.137463569641112,615618,11.225286293029786,1584658.2666666666,36.12753996188537,49.527312570103604,True,True
1996-08-08 20:00:00,11.197342872619627,11.317100524902344,11.137463569641112,11.257222175598145,787841,11.199338785807292,1538419.0666666667,33.95491483236012,54.04723170184936,False,True
1996-08-11 20:00:00,11.257222175598145,11.43685817718506,11.197342872619627,11.43685817718506,911215,11.18536704381307,1486195.5666666667,31.643464394302896,59.85462320547411,False,True
1996-08-12 20:00:00,11.43685817718506,11.43685817718506,11.317100524902344,11.317100524902344,1833285,11.163411458333334,1467017.9333333333,29.497117558964046,54.87560910242038,False,False
1996-08-13 20:00:00,11.317100524902344,11.376978874206545,11.077585220336914,11.137463569641112,1543742,11.131476084391275,1498936.5333333334,28.27881032766799,48.37513621322297,False,False
1996-08-14 20:00:00,11.137463569641112,11.137463569641112,10.957826614379885,11.077585220336914,1876706,11.095548788706461,1537089.9666666666,27.580561904260147,46.40198236154272,True,False
1996-08-15 20:00:00,11.137463569641112,11.22728157043457,11.017705917358398,11.197342872619627,973007,11.067605304718018,1552294.3,26.483894598751448,50.73046197434573,False,True
1996-08-18 20:00:00,11.197342872619627,11.43685817718506,11.197342872619627,11.43685817718506,955262,11.057625516255696,1525733.7,24.66034145904155,58.03064320041581,False,True
1996-08-19 20:00:00,11.496736526489258,11.676374435424805,11.43685817718506,11.556615829467772,1399701,11.053633562723796,1498811.2666666666,23.8605739681193,61.13167132881271,False,True
1996-08-20 20:00:00,11.556615829467772,11.616495132446287,11.43685817718506,11.496736526489258,1353358,11.047645632425944,1490753.3333333333,23.11793272654864,58.79254437229263,False,True
1996-08-21 20:00:00,11.496736526489258,11.496736526489258,11.317100524902344,11.43685817718506,1023108,11.047645632425944,1423986.5666666667,21.87527798384668,56.46578917260453,False,True
1996-08-22 20:00:00,11.317100524902344,11.496736526489258,11.257222175598145,11.496736526489258,1287391,11.051637554168702,1437061.5666666667,20.45374191921811,58.245370166432394,False,True
1996-08-25 20:00:00,11.376978874206545,11.376978874206545,11.257222175598145,11.317100524902344,998683,11.057625452677408,1417863.0666666667,19.13374414492015,51.45044799069199,False,True
1996-08-26 20:00:00,11.376978874206545,11.43685817718506,11.257222175598145,11.257222175598145,1546874,11.063613351186117,1391566.9333333333,18.184483102930095,49.38241928452584,False,False
1996-08-27 20:00:00,11.317100524902344,11.43685817718506,11.257222175598145,11.376978874206545,1128738,11.075589116414388,1376752.3,17.303026421082187,53.415385528510186,False,True
1996-08-28 20:00:00,11.317100524902344,11.376978874206545,11.197342872619627,11.197342872619627,1313694,11.079581038157146,1382527.8333333333,16.153500802379874,47.32441242826065,False,True
1996-08-29 20:00:00,11.257222175598145,11.257222175598145,11.077585220336914,11.137463569641112,865289,11.081576983133951,1370858.4333333333,15.536284849608633,45.46339591555558,False,True
1996-09-02 20:00:00,11.257222175598145,11.496736526489258,11.257222175598145,11.317100524902344,1565453,11.09554869333903,1362647.4,15.092212512227892,51.6111178767226,False,False
1996-09-03 20:00:00,11.376978874206545,11.496736526489258,11.257222175598145,11.43685817718506,1623278,11.121496200561523,1374010.6333333333,14.679859627517205,55.23409634790099,False,False
1996-09-04 20:00:00,11.317100524902344,11.43685817718506,11.317100524902344,11.376978874206545,1349183,11.15143559773763,1369355.4,14.296960520285852,53.09357160839242,False,True
1996-09-05 20:00:00,11.257222175598145,11.317100524902344,11.137463569641112,11.197342872619627,1120805,11.173391151428223,1351743.4333333333,13.60876496889106,47.185776418815735,False,True
1996-09-08 20:00:00,11.257222175598145,11.376978874206545,11.197342872619627,11.317100524902344,1414732,11.19534673690796,1321300.0333333334,12.641568292916203,51.092840269357076,False,False
1996-09-09 20:00:00,11.317100524902344,11.376978874206545,11.077585220336914,11.197342872619627,2593362,11.215306377410888,1365089.8666666667,12.360026498800048,47.322729756237855,True,False
1996-09-10 20:00:00,11.257222175598145,11.43685817718506,11.197342872619627,11.43685817718506,2141408,11.241253884633382,1388212.9666666666,11.753513939556454,54.54667394823225,False,False
1996-09-11 20:00:00,11.496736526489258,11.556615829467772,11.197342872619627,11.317100524902344,2025549,11.261213493347167,1389764.7333333334,11.285796308662713,50.7957908037895,False,False
1996-09-12 20:00:00,11.376978874206545,11.376978874206545,11.077585220336914,11.137463569641112,2908164,11.273189258575439,1441076.6666666667,10.754058151520308,45.71742357004522,True,False
1996-09-15 20:00:00,11.197342872619627,11.197342872619627,11.017705917358398,11.197342872619627,1865016,11.279177157084147,1447047.0666666667,10.564265779111293,47.598079364153165,True,False
1996-09-16 20:00:00,11.137463569641112,11.137463569641112,10.957826614379885,11.077585220336914,2050390,11.281173133850098,1468500.1,10.686657271272372,44.29290589418752,True,False
1996-09-17 20:00:00,11.137463569641112,11.137463569641112,11.017705917358398,11.017705917358398,1782767,11.279177157084147,1491630.1666666667,10.800306513993373,42.69645773235629,True,False
1996-09-18 20:00:00,11.077585220336914,11.137463569641112,11.017705917358398,11.077585220336914,1615554,11.279177157084147,1482305.7666666666,10.905837953662873,44.83761404408456,True,False
1996-09-19 20:00:00,11.137463569641112,11.137463569641112,11.017705917358398,11.137463569641112,1910107,11.279177157084147,1525455.4,11.003831433355982,46.9714187981959,True,False
1996-09-22 20:00:00,11.077585220336914,11.137463569641112,11.017705917358398,11.137463569641112,3616470,11.275185203552246,1619743.0333333334,11.094825378785298,46.9714187981959,True,False
1996-09-23 20:00:00,11.137463569641112,11.616495132446287,11.017705917358398,11.257222175598145,2462264,11.269197336832683,1671444.6666666667,12.193705604708313,51.337689341793926,True,False
1996-09-24 20:00:00,11.257222175598145,11.376978874206545,11.197342872619627,11.197342872619627,1577561,11.265205415089925,1662920.5333333334,13.214094385922541,49.15821660365953,True,True
1996-09-25 20:00:00,11.257222175598145,11.257222175598145,11.077585220336914,11.137463569641112,1370685,11.265205415089925,1657151.9666666666,13.339679427488226,47.00899700673451,True,True
1996-09-26 20:00:00,11.077585220336914,11.137463569641112,11.017705917358398,11.077585220336914,1844141,11.265205415089925,1656066.4666666666,13.072771932000705,44.89520431586751,True,False
1996-09-29 20:00:00,11.137463569641112,11.257222175598145,11.077585220336914,11.197342872619627,947121,11.265205415089925,1655203.6,13.41505142172556,49.760863755846664,True,True
1996-09-30 20:00:00,11.197342872619627,11.43685817718506,11.077585220336914,11.376978874206545,1497190,11.263209438323974,1673267.8666666667,14.487601823284834,56.03222212114911,False,True
1996-10-01 20:00:00,11.43685817718506,11.616495132446287,11.376978874206545,11.43685817718506,1693628,11.259217516581218,1683065.4333333333,16.10558573882874,57.91797227777751,False,False
1996-10-02 20:00:00,11.496736526489258,11.496736526489258,11.317100524902344,11.43685817718506,955889,11.257221571604411,1669816.4666666666,17.198032726700266,57.917972277777494,False,True
1996-10-03 20:00:00,11.496736526489258,11.676374435424805,11.43685817718506,11.676374435424805,995343,11.265205446879069,1668890.9666666666,18.79608894854365,64.90137874971667,False,True
1996-10-06 20:00:00,11.676374435424805,11.676374435424805,11.556615829467772,11.616495132446287,1191573,11.26919740041097,1665697.0333333334,20.279998297398226,62.12570502368469,False,True
1996-10-07 20:00:00,11.736251831054688,11.915888786315918,11.736251831054688,11.736251831054688,1856666,11.283169110616049,1694296.4666666666,22.329267622851457,65.32017729166124,False,False
1996-10-08 20:00:00,11.796131134033203,11.796131134033203,11.676374435424805,11.736251831054688,1657305,11.299136765797932,1697977.5,23.804495894902555,65.32017729166122,False,True
1996-10-09 20:00:00,11.796131134033203,11.796131134033203,11.556615829467772,11.676374435424805,1680477,11.309116617838542,1716368.8,24.360660191345595,62.27441052010801,False,True
1996-10-10 20:00:00,11.796131134033203,11.796131134033203,11.676374435424805,11.676374435424805,610399,11.325084336598714,1692925.6333333333,24.877098466614132,62.27441052010801,False,True
1996-10-13 20:00:00,11.736251831054688,11.85601043701172,11.676374435424805,11.796131134033203,1033337,11.34703992207845,1698527.2333333334,25.57243048172143,65.95646506674058,False,True
1996-10-14 20:00:00,11.796131134033203,11.85601043701172,11.676374435424805,11.736251831054688,682420,11.361011632283528,1669092.8,26.218095924321062,62.66318797112509,False,True
1996-10-15 20:00:00,11.85601043701172,11.975768089294434,11.796131134033203,11.915888786315918,2269166,11.376979319254557,1690622.4,27.251598584723563,67.8495372648733,False,False
1996-10-16 20:00:00,12.095524787902832,12.095524787902832,11.915888786315918,12.095524787902832,3522947,11.4009308497111,1763081.2,28.596634069182983,72.03314148396242,False,False
1996-10-17 20:00:00,12.095524787902832,12.095524787902832,11.975768089294434,12.03564739227295,1984006,11.428874333699545,1791854.5666666667,29.845595590466726,68.81856910527736,False,False
1996-10-20 20:00:00,12.095524787902832,12.275161743164062,12.095524787902832,12.095524787902832,2026175,11.454821809132893,1812236.0,31.531499380243414,70.24840372653728,False,False
1996-10-21 20:00:00,12.215283393859863,12.275161743164062,12.155404090881348,12.155404090881348,2153307,11.486757183074952,1797567.5,33.096981470750336,71.64851974348551,False,False
1996-10-22 20:00:00,12.03564739227295,12.03564739227295,11.796131134033203,11.85601043701172,1614510,11.500728925069174,1780004.2333333334,31.91315247256566,57.163393300048796,False,True
1996-10-23 20:00:00,11.796131134033203,11.85601043701172,11.616495132446287,11.676374435424805,1389890,11.512704722086589,1758815.6,29.85915003395824,50.5587836063916,False,True
1996-10-24 20:00:00,11.676374435424805,11.736251831054688,11.556615829467772,11.556615829467772,1026657,11.526676464080811,1696098.7,27.79225954285667,46.68607718465025,False,True
1996-10-28 20:00:00,11.736251831054688,11.736251831054688,11.496736526489258,11.496736526489258,1057970,11.536656252543132,1669197.1666666667,26.162109664561047,44.83677855272074,True,True
1996-10-29 20:00:00,11.556615829467772,11.796131134033203,11.556615829467772,11.736251831054688,1279250,11.558611806233724,1643492.5,24.332437164155156,52.87740806088907,False,True
1996-10-30 20:00:00,11.736251831054688,11.736251831054688,11.616495132446287,11.736251831054688,1554180,11.582563336690267,1635872.9333333333,22.633455556635397,52.87740806088907,False,True
1996-10-31 20:00:00,11.736251831054688,11.796131134033203,11.676374435424805,11.736251831054688,788885,11.60451889038086,1608317.3,21.312374691842358,52.87740806088907,False,True
1996-11-01 20:00:00,11.736251831054688,11.736251831054688,11.257222175598145,11.556615829467772,2239731,11.618490632375082,1619304.7666666666,21.428074992582513,46.524966727359754,True,False
1996-11-04 20:00:00,11.496736526489258,11.556615829467772,11.376978874206545,11.556615829467772,1421621,11.632462374369304,1546143.1333333333,21.535510986126944,46.52496672735976,True,True
1996-11-05 20:00:00,11.616495132446287,11.676374435424805,11.376978874206545,11.43685817718506,3179128,11.638450241088867,1570038.6,20.938898361897788,42.57074502469852,True,False
1996-11-06 20:00:00,11.376978874206545,11.796131134033203,11.376978874206545,11.796131134033203,1560234,11.658409849802654,1569461.0333333334,19.748773290588023,54.9428724362923,False,True
1996-11-07 20:00:00,11.736251831054688,11.736251831054688,11.616495132446287,11.736251831054688,849841,11.678369458516439,1552099.5666666667,18.64365715294324,52.89745084199333,False,True
1996-11-08 20:00:00,11.676374435424805,11.736251831054688,11.556615829467772,11.616495132446287,1017889,11.696333122253417,1524557.8333333333,17.91584280172043,48.970848954653995,True,True
1996-11-11 20:00:00,11.616495132446287,11.676374435424805,11.496736526489258,11.556615829467772,2393166,11.708308887481689,1572759.3333333333,17.533516919815593,47.08867315464726,True,False
1996-11-12 20:00:00,11.556615829467772,11.736251831054688,11.496736526489258,11.676374435424805,1143350,11.718288739522299,1560964.6666666667,16.807785534450844,51.133917462516166,True,True
1996-11-13 20:00:00,11.616495132446287,11.736251831054688,11.556615829467772,11.556615829467772,1237916,11.722280661265055,1545774.2666666666,16.133892105183573,47.24410707632603,True,True
1996-11-14 20:00:00,11.496736526489258,11.676374435424805,11.496736526489258,11.676374435424805,1096381,11.730264536539714,1550457.3333333333,15.84397817621725,51.238757777469736,True,True
1996-11-15 20:00:00,11.676374435424805,11.85601043701172,11.616495132446287,11.676374435424805,1421830,11.730264536539714,1564673.5666666667,14.97763335401115,51.238757777469736,True,True
1996-11-18 20:00:00,11.676374435424805,11.915888786315918,11.676374435424805,11.85601043701172,1044401,11.738248380025228,1559767.8333333333,14.504258394577779,56.91418037766489,False,True
1996-11-19 20:00:00,11.85601043701172,11.975768089294434,11.736251831054688,11.796131134033203,1068199,11.740244356791179,1533485.6,14.387364147762765,54.631552956631865,False,True
1996-11-20 20:00:00,11.736251831054688,11.915888786315918,11.616495132446287,11.796131134033203,2416338,11.74224033355713,1558786.7,13.505097155154628,54.631552956631865,False,False
1996-11-21 20:00:00,11.915888786315918,12.095524787902832,11.796131134033203,11.915888786315918,5596718,11.7502241452535,1689328.0666666667,13.625069973723885,58.492851221338114,False,False
1996-11-22 20:00:00,11.975768089294434,11.975768089294434,11.496736526489258,11.496736526489258,12226147,11.744236214955647,2076519.6666666667,13.164532912974765,44.28596826665533,True,False
1996-11-25 20:00:00,11.496736526489258,11.526676177978516,11.43685817718506,11.496736526489258,5947844,11.734256394704182,2240336.566666667,13.003004250184308,44.28596826665533,True,False
1996-11-26 20:00:00,11.376978874206545,11.496736526489258,11.317100524902344,11.376978874206545,3635675,11.722280629475911,2338778.4,13.359402275199953,40.98724722541551,True,False
1996-11-27 20:00:00,11.43685817718506,11.496736526489258,11.43685817718506,11.43685817718506,1266725,11.706312942504884,2305363.7,13.690343298428767,43.262893598604784,True,True
1996-11-29 20:00:00,11.43685817718506,11.496736526489258,11.43685817718506,11.496736526489258,618123,11.686353333791097,2208536.2333333334,13.997645677141236,45.525104414762765,True,True
1996-12-02 20:00:00,11.43685817718506,11.496736526489258,11.317100524902344,11.496736526489258,3195411,11.668389638264975,2248916.4,14.812515860345652,45.525104414762765,True,False
1996-12-03 20:00:00,11.43685817718506,11.616495132446287,11.317100524902344,11.317100524902344,1920127,11.642442162831625,2245381.466666667,14.774509698682618,39.978969676994765,True,True
1996-12-04 20:00:00,11.257222175598145,11.556615829467772,11.197342872619627,11.43685817718506,1739346,11.618490632375082,2231582.7666666666,15.273171634576789,44.806469000492896,True,True
1996-12-05 20:00:00,11.43685817718506,11.676374435424805,11.43685817718506,11.616495132446287,2278768,11.610506788889568,2253724.7,14.989564815291109,51.15296586972961,False,False
1996-12-06 20:00:00,11.257222175598145,11.376978874206545,11.197342872619627,11.317100524902344,1985885,11.59853099187215,2273591.2,15.714911899384557,42.401846086784495,True,True
1996-12-09 20:00:00,11.376978874206545,11.376978874206545,11.077585220336914,11.077585220336914,2001124,11.582563304901123,2306073.433333333,16.802915390343056,36.955055846238665,True,True
1996-12-10 20:00:00,11.197342872619627,11.257222175598145,11.017705917358398,11.017705917358398,2566015,11.566595617930094,2356341.6,18.010831827530435,35.71970064966327,True,False
1996-12-11 20:00:00,10.658432960510254,10.89794921875,10.598553657531738,10.658432960510254,2895013,11.53066832224528,2410200.3666666667,20.23082071961677,29.374793379357634,True,False
1996-12-12 20:00:00,10.71831226348877,10.778190612792969,10.418917655944824,10.47879695892334,3354065,11.488753159840902,2470196.533333333,22.643919346646197,26.810455777310153,True,False
1996-12-13 20:00:00,10.47879695892334,10.71831226348877,10.29916000366211,10.598553657531738,4356297,11.450829887390137,2589110.2666666666,25.097916554311805,31.127040263506174,True,False
1996-12-16 20:00:00,10.71831226348877,10.71831226348877,10.47879695892334,10.47879695892334,2220108,11.414902591705323,2588456.1666666665,27.376628247144158,29.268079947050886,True,True
1996-12-17 20:00:00,10.47879695892334,10.538676261901855,10.359039306640623,10.47879695892334,2003003,11.378975296020508,2607835.566666667,29.707655367310334,29.268079947050886,True,True
1996-12-18 20:00:00,10.538676261901855,10.658432960510254,10.47879695892334,10.658432960510254,1561069,11.353027788798014,2553900.2666666666,31.070709835137958,35.92514575063286,True,True
1996-12-19 20:00:00,10.658432960510254,10.957826614379885,10.598553657531738,10.838069915771484,1938915,11.321092414855958,2566522.966666667,30.648557323947536,41.821911053767785,True,True
1996-12-20 20:00:00,11.317100524902344,11.317100524902344,10.89794921875,11.197342872619627,3591002,11.303128782908122,2657895.0,28.7341856449621,51.446094838035926,True,False
1996-12-23 20:00:00,11.197342872619627,11.43685817718506,11.197342872619627,11.376978874206545,2148505,11.295144907633464,2695582.2,26.834242995260247,55.417317073710294,False,True
1996-12-24 20:00:00,11.43685817718506,11.43685817718506,11.317100524902344,11.376978874206545,418136,11.289157009124756,2629747.8666666667,25.070010534822813,55.417317073710294,False,True
1996-12-26 20:00:00,11.376978874206545,11.43685817718506,11.317100524902344,11.317100524902344,1061519,11.27718121210734,2627020.1666666665,23.43179467870234,53.71879159131695,False,True
1996-12-27 20:00:00,11.376978874206545,11.43685817718506,11.317100524902344,11.317100524902344,980730,11.269197368621827,2618447.3,21.910594240876186,53.71879159131696,False,True
1996-12-30 20:00:00,11.376978874206545,11.43685817718506,11.317100524902344,11.376978874206545,1375486,11.259217516581218,2627750.8,20.49805097718047,55.30745192894001,False,True
1996-12-31 20:00:00,11.317100524902344,11.376978874206545,11.137463569641112,11.197342872619627,1694463,11.243249797821045,2636838.566666667,19.692965942031766,49.78613107965254,True,True
1997-01-02 20:00:00,11.257222175598145,11.317100524902344,11.077585220336914,11.197342872619627,1338954,11.22129421234131,2646657.0,19.19436281515681,49.78613107965254,True,True
1997-01-03 20:00:00,11.257222175598145,11.317100524902344,11.137463569641112,11.317100524902344,1487170,11.20532652537028,2660622.7,18.731374197344355,53.38421737436448,False,True
1997-01-06 20:00:00,11.376978874206545,11.43685817718506,11.197342872619627,11.257222175598145,1129781,11.187362893422444,2617737.466666667,17.643011814117788,51.400998375536076,False,True
1997-01-07 20:00:00,11.257222175598145,11.43685817718506,11.197342872619627,11.43685817718506,1372563,11.171395206451416,2476932.3,16.63238960112169,56.60894203164708,False,True
1997-01-08 20:00:00,11.43685817718506,11.43685817718506,11.317100524902344,11.376978874206545,2496708,11.167403284708659,2152617.6666666665,15.693954689053884,54.51194113301998,False,False
1997-01-09 20:00:00,11.43685817718506,11.915888786315918,11.376978874206545,11.796131134033203,7947507,11.177383104960123,2219273.1,16.467699022446347,64.44162179877519,False,False
1997-01-10 20:00:00,11.736251831054688,11.915888786315918,11.616495132446287,11.915888786315918,3125478,11.195346768697103,2202266.533333333,17.186175903453634,66.6796404506982,False,False
1997-01-13 20:00:00,11.915888786315918,11.975768089294434,11.796131134033203,11.85601043701172,2163744,11.209318510691325,2232167.1666666665,18.065120789502643,64.49393389809428,False,True
1997-01-14 20:00:00,11.85601043701172,11.975768089294434,11.376978874206545,11.975768089294434,1966053,11.225286229451497,2277098.1666666665,16.82568109770275,66.83541828662828,False,True
1997-01-15 20:00:00,11.915888786315918,12.095524787902832,11.85601043701172,12.03564739227295,2261233,11.24324992497762,2245958.9,16.05464363512468,67.97269779274477,False,False
1997-01-16 20:00:00,12.095524787902832,12.095524787902832,11.975768089294434,12.03564739227295,1155458,11.267201487223307,2220469.933333333,15.338680277016474,67.97269779274477,False,True
1997-01-17 20:00:00,12.03564739227295,12.394920349121094,12.03564739227295,12.275161743164062,4351913,11.295144939422608,2307555.5,15.765169431419269,72.36835310683998,False,False
1997-01-20 20:00:00,12.454797744750977,12.694314002990724,12.335041046142578,12.574556350708008,3691413,11.327080313364664,2354643.6666666665,16.998716721159855,76.67736761443035,False,False
1997-01-21 20:00:00,12.514677047729492,12.694314002990724,12.454797744750977,12.514677047729492,5766227,11.366999530792237,2480655.066666667,18.144153490204683,74.18559606864775,False,False
1997-01-22 20:00:00,12.754193305969238,12.81407070159912,12.574556350708008,12.574556350708008,4349408,11.416898568471273,2558931.2,19.51703166784919,75.05846471505536,False,False
1997-01-23 20:00:00,12.634434700012209,12.754193305969238,12.454797744750977,12.454797744750977,3589331,11.46480162938436,2593041.7333333334,20.153135112783875,69.96315204890927,False,False
1997-01-24 20:00:00,12.454797744750977,12.574556350708008,12.275161743164062,12.394920349121094,2016363,11.522684542338054,2563753.4,19.870992205843155,67.49603213515375,False,True
1997-01-27 20:00:00,12.275161743164062,12.335041046142578,12.215283393859863,12.215283393859863,1467547,11.580567423502604,2500869.466666667,19.334862790357345,60.592701514644766,False,True
1997-01-28 20:00:00,12.275161743164062,12.394920349121094,12.215283393859863,12.275161743164062,2206957,11.63645435969035,2429224.8,19.052030621134517,61.98828776127897,False,True
1997-01-29 20:00:00,12.275161743164062,12.335041046142578,12.155404090881348,12.155404090881348,2664756,11.692341264088949,2444046.4,18.495440099264396,57.59506309498714,False,False
1997-01-30 20:00:00,12.155404090881348,12.275161743164062,12.155404090881348,12.215283393859863,1325802,11.7502241452535,2421473.033333333,17.978606043242145,59.15383720172668,False,True
1997-01-31 20:00:00,12.215283393859863,12.335041046142578,12.215283393859863,12.215283393859863,2609227,11.802119159698487,2456411.6333333333,17.75049235915837,59.15383720172668,False,False
1997-02-03 20:00:00,12.275161743164062,12.275161743164062,12.215283393859863,12.275161743164062,1286765,11.850022220611573,2434673.3,17.53867250965201,60.82396494775675,False,True
1997-02-04 20:00:00,12.215283393859863,12.335041046142578,12.215283393859863,12.335041046142578,960690,11.887945493062338,2346996.2333333334,17.61006309084672,62.47629113209013,False,True
1997-02-05 20:00:00,12.275161743164062,12.514677047729492,12.155404090881348,12.275161743164062,4211004,11.917884922027588,2415746.2,18.40117057642439,59.761828509648964,False,False
1997-02-06 20:00:00,12.275161743164062,12.275161743164062,12.155404090881348,12.215283393859863,3271607,11.945828406016032,2510861.9,19.135770384460802,57.090600244253274,False,False
1997-02-07 20:00:00,12.335041046142578,12.335041046142578,12.03564739227295,12.095524787902832,3746524,11.971775881449382,2600362.066666667,19.01039357227995,52.07694760522331,False,False
1997-02-10 20:00:00,12.095524787902832,12.215283393859863,11.975768089294434,11.975768089294434,2790635,11.993731466929118,2660692.2333333334,18.515268206677714,47.57740707201242,True,False
1997-02-11 20:00:00,12.03564739227295,12.155404090881348,11.915888786315918,11.975768089294434,1213910,12.013691107432047,2655306.3666666667,17.684158417576707,47.577407072012406,True,True
1997-02-12 20:00:00,12.095524787902832,12.275161743164062,12.095524787902832,12.215283393859863,1695507,12.047622458140056,2655341.1666666665,17.516585142134968,56.32952874844983,False,True
1997-02-13 20:00:00,12.275161743164062,12.454797744750977,12.215283393859863,12.394920349121094,2195475,12.08754170735677,2683891.8666666667,18.134761387253853,61.518633458820936,False,True
1997-02-14 20:00:00,12.454797744750977,12.574556350708008,12.394920349121094,12.454797744750977,2028471,12.125464948018392,2701935.2333333334,19.152477609857204,63.09285867295104,False,True
1997-02-18 20:00:00,12.394920349121094,12.454797744750977,12.275161743164062,12.275161743164062,2650770,12.159396266937256,2752634.8666666667,19.31189265803116,55.727392167950725,False,True
1997-02-19 20:00:00,12.275161743164062,12.394920349121094,12.275161743164062,12.275161743164062,1855622,12.187339719136556,2768736.8333333335,19.45992091704983,55.727392167950725,False,True
1997-02-20 20:00:00,12.275161743164062,12.394920349121094,12.215283393859863,12.275161743164062,916225,12.217279148101806,2716054.066666667,19.198870102003884,55.727392167950725,False,True
1997-02-21 20:00:00,12.275161743164062,12.394920349121094,12.215283393859863,12.335041046142578,1907185,12.235242811838786,2514710.0,18.956465773746935,57.77941282832243,False,True
1997-02-24 20:00:00,12.275161743164062,12.275161743164062,12.095524787902832,12.095524787902832,3185182,12.241230678558349,2516700.1333333333,17.934462946714213,48.16318454125781,True,False
1997-02-25 20:00:00,12.155404090881348,12.394920349121094,12.155404090881348,12.275161743164062,1579648,12.255202388763427,2497230.2666666666,17.625672594388597,54.30561000420554,False,True
1997-02-26 20:00:00,12.335041046142578,12.335041046142578,12.215283393859863,12.335041046142578,2032646,12.267178153991699,2499450.033333333,17.338938695800525,56.170008329911326,False,True
1997-02-27 20:00:00,12.394920349121094,12.394920349121094,12.215283393859863,12.215283393859863,1950397,12.273166020711264,2489088.8333333335,17.391649958007413,51.63256953987707,True,True
1997-02-28 20:00:00,12.215283393859863,12.275161743164062,12.095524787902832,12.275161743164062,1330395,12.281149832407634,2494920.066666667,16.595666727318243,53.6487035968933,True,True
1997-03-03 20:00:00,12.215283393859863,12.215283393859863,12.155404090881348,12.215283393859863,926663,12.279153887430827,2380745.066666667,15.856539441678303,51.34386950440734,True,True
1997-03-04 20:00:00,12.215283393859863,12.394920349121094,12.155404090881348,12.394920349121094,2747423,12.273166020711264,2349278.7333333334,16.1640643525998,57.27422749349363,False,False
1997-03-05 20:00:00,12.275161743164062,12.335041046142578,12.155404090881348,12.215283393859863,1636847,12.263186232248943,2211632.7333333334,16.44962319845548,50.62876298729071,True,True
1997-03-06 20:00:00,12.215283393859863,12.275161743164062,11.975768089294434,12.095524787902832,3329849,12.24721851348877,2177647.433333333,15.454398512147591,46.735541501346766,True,False
1997-03-07 20:00:00,12.155404090881348,12.215283393859863,12.095524787902832,12.155404090881348,1964801,12.23723872502645,2123496.433333333,14.53026130343312,48.85333590380989,True,True
1997-03-10 20:00:00,12.095524787902832,12.335041046142578,12.095524787902832,12.275161743164062,1758551,12.233246771494548,2114902.7,14.382107348444364,52.887843046082686,False,True
1997-03-11 20:00:00,12.275161743164062,12.335041046142578,12.215283393859863,12.275161743164062,1249607,12.235242716471355,2107638.033333333,14.24453581881195,52.88784304608267,False,True
1997-03-12 20:00:00,11.85601043701172,11.85601043701172,11.676374435424805,11.85601043701172,3473473,12.221271006266276,2149855.2333333334,15.12718447775863,40.06072935003159,True,False
1997-03-13 20:00:00,11.85601043701172,11.915888786315918,11.796131134033203,11.85601043701172,1163182,12.211291217803955,2099802.7666666666,15.585966967771848,40.06072935003159,True,True
1997-03-14 20:00:00,11.85601043701172,11.975768089294434,11.85601043701172,11.915888786315918,984697,12.201311397552491,2088432.6,15.654273322668873,42.37622083702527,True,True
1997-03-17 20:00:00,11.915888786315918,11.975768089294434,11.736251831054688,11.85601043701172,1484665,12.18933563232422,2050947.2,16.203579890465075,40.68368938524441,True,True
1997-03-18 20:00:00,11.915888786315918,12.03564739227295,11.85601043701172,11.915888786315918,1652295,12.177359867095948,2063131.5333333334,16.343240397236404,43.12984250628967,True,True
1997-03-19 20:00:00,11.85601043701172,11.915888786315918,11.796131134033203,11.85601043701172,3465957,12.161392180124919,2146640.433333333,16.726139191157362,41.29583769006698,True,False
1997-03-20 20:00:00,11.85601043701172,11.915888786315918,11.85601043701172,11.85601043701172,823329,12.14742046991984,2033717.9333333333,17.081688071226818,41.29583769006698,True,True
1997-03-21 20:00:00,11.915888786315918,11.975768089294434,11.85601043701172,11.975768089294434,2065212,12.139436626434327,1993504.7666666666,16.99602315988249,46.5662111484892,True,False
1997-03-24 20:00:00,11.915888786315918,11.975768089294434,11.85601043701172,11.975768089294434,1161930,12.135444736480713,1907351.6333333333,16.916477170777046,46.566211148489195,True,True
1997-03-25 20:00:00,11.975768089294434,11.975768089294434,11.85601043701172,11.85601043701172,2397132,12.131452814737957,1894234.8666666667,16.842613038036273,42.174884311478245,True,False
1997-03-26 20:00:00,11.915888786315918,12.095524787902832,11.85601043701172,12.03564739227295,1309311,12.133448791503906,1897414.9,15.89058752838727,49.81921406662691,True,True
1997-03-27 20:00:00,12.095524787902832,12.095524787902832,11.85601043701172,11.915888786315918,988454,12.123468971252441,1873846.4666666666,15.006563840856051,45.50067845648558,True,True
1997-03-31 20:00:00,11.85601043701172,11.85601043701172,11.736251831054688,11.796131134033203,1097216,12.103509330749512,1837237.8333333333,14.94481296576041,41.61578633771704,True,True
1997-04-01 20:00:00,11.676374435424805,11.736251831054688,11.616495132446287,11.676374435424805,1574012,12.077561887105306,1822089.2,15.53779377297212,38.11150907147493,True,True
1997-04-02 20:00:00,11.556615829467772,11.676374435424805,11.496736526489258,11.496736526489258,1171324,12.051614379882812,1772774.3333333333,16.650337549388144,33.548083878980115,True,True
1997-04-03 20:00:00,11.43685817718506,11.496736526489258,11.017705917358398,11.017705917358398,2940730,12.009699185689291,1808944.6,19.190480811339285,24.963926922296565,True,False
1997-04-04 20:00:00,11.017705917358398,11.257222175598145,11.017705917358398,11.137463569641112,2018242,11.971775913238526,1845678.5,21.54918526886534,29.79998832170489,True,False
1997-04-06 20:00:00,11.137463569641112,11.376978874206545,11.137463569641112,11.317100524902344,1940168,11.937844562530518,1846777.9333333333,22.852655184836845,36.41945568492714,True,False
1997-04-07 20:00:00,11.317100524902344,11.496736526489258,11.257222175598145,11.43685817718506,1503870,11.915889008839924,1790734.2,23.25675248859135,40.45083626433595,True,True
1997-04-08 20:00:00,11.496736526489258,11.496736526489258,11.317100524902344,11.376978874206545,1508045,11.885949579874675,1788347.4333333333,23.631985699220532,39.11536338421415,True,True
1997-04-09 20:00:00,11.317100524902344,11.376978874206545,11.257222175598145,11.317100524902344,1980040,11.852018229166667,1786593.9,24.208812051335006,37.772412710732546,True,False
1997-04-10 20:00:00,11.197342872619627,11.197342872619627,10.89794921875,10.89794921875,1226435,11.808107089996337,1762461.8333333333,25.838138088247195,30.006198605437675,True,True
1997-04-13 20:00:00,10.89794921875,11.017705917358398,10.838069915771484,10.957826614379885,1370893,11.764195919036865,1763811.7666666666,27.497485116031523,32.152282220314824,True,True
1997-04-14 20:00:00,11.017705917358398,11.077585220336914,10.838069915771484,10.89794921875,1456274,11.720284779866537,1781465.4666666666,28.612440945433747,31.12456179730151,True,True
1997-04-15 20:00:00,10.89794921875,10.89794921875,10.658432960510254,10.778190612792969,3217122,11.666393788655599,1797122.1,30.112777849256776,29.11972526325605,True,False
1997-04-16 20:00:00,10.89794921875,10.957826614379885,10.778190612792969,10.778190612792969,2373543,11.61849069595337,1821678.6333333333,31.08428705828183,29.11972526325605,True,False
1997-04-17 20:00:00,10.838069915771484,10.89794921875,10.598553657531738,10.658432960510254,3084353,11.570587635040283,1813495.4333333333,32.4409648222614,27.095586913952115,True,False
1997-04-20 20:00:00,10.658432960510254,10.658432960510254,10.598553657531738,10.658432960510254,2817147,11.520688597361247,1841906.9666666666,33.700737031671004,27.095586913952108,True,False
1997-04-21 20:00:00,10.598553657531738,10.658432960510254,10.538676261901855,10.538676261901855,2557247,11.46280574798584,1868530.1666666667,35.01985437660145,25.07421523041514,True,False
1997-04-22 20:00:00,10.598553657531738,10.71831226348877,10.538676261901855,10.71831226348877,1490301,11.410910765329996,1876553.3,35.775703601757684,33.1324724889899,True,True
1997-04-23 20:00:00,10.658432960510254,10.778190612792969,10.538676261901855,10.538676261901855,1541655,11.366999626159668,1812159.3666666667,36.01570713669644,29.69330696181793,True,True
1997-04-24 20:00:00,10.598553657531738,10.598553657531738,10.47879695892334,10.538676261901855,1379661,11.32308848698934,1819375.3333333333,36.43699663834074,29.693306961817928,True,True
1997-04-27 20:00:00,10.538676261901855,10.598553657531738,10.47879695892334,10.47879695892334,1897582,11.275185426076254,1849804.8333333333,36.82819403272473,28.54773186234894,True,False
1997-04-28 20:00:00,10.658432960510254,10.71831226348877,10.538676261901855,10.71831226348877,2186916,11.237262153625489,1873213.2,36.2210212756813,38.73019228685961,True,False
1997-04-29 20:00:00,10.658432960510254,10.658432960510254,10.538676261901855,10.538676261901855,2670810,11.191355069478353,1907163.7,35.65721800128383,34.73243241198911,True,False
1997-04-30 20:00:00,10.538676261901855,10.598553657531738,10.418917655944824,10.47879695892334,2019077,11.145447953542073,1858934.3666666667,35.64528985729221,33.4914405888176,True,False
1997-05-01 20:00:00,10.47879695892334,10.598553657531738,10.418917655944824,10.47879695892334,1094711,11.099540837605794,1867980.4333333333,35.63421372358571,33.4914405888176,True,True
1997-05-04 20:00:00,10.538676261901855,10.89794921875,10.47879695892334,10.778190612792969,3610207,11.05962158838908,1919480.2666666666,33.44975575906954,44.90630684823867,True,False
1997-05-05 20:00:00,10.838069915771484,11.017705917358398,10.778190612792969,10.838069915771484,3899541,11.021698315938314,2010733.9666666666,31.361726977860407,46.87034147476023,True,False
1997-05-06 20:00:00,10.89794921875,11.017705917358398,10.838069915771484,10.89794921875,2497126,10.989762941996256,2014067.1,29.422843109594787,48.834642096710446,True,False
1997-05-07 20:00:00,10.838069915771484,11.017705917358398,10.838069915771484,11.017705917358398,1826605,10.955831559499105,2031310.2333333334,27.62245094620528,52.60844851170171,False,True
1997-05-08 20:00:00,11.077585220336914,11.257222175598145,10.957826614379885,11.257222175598145,1818255,10.933876005808512,2058970.2666666666,27.186263897796056,59.10513936485867,False,True
1997-05-11 20:00:00,11.077585220336914,11.137463569641112,10.957826614379885,11.077585220336914,1742895,10.90992447535197,2080492.9,26.781233067130348,53.21322745399103,False,True
1997-05-12 20:00:00,11.137463569641112,11.197342872619627,11.017705917358398,11.017705917358398,1695298,10.88796885808309,2084535.7666666666,26.684079093533335,51.37479844280391,False,True
1997-05-13 20:00:00,11.077585220336914,11.137463569641112,11.017705917358398,11.077585220336914,1747487,10.873997147878011,2103741.2,26.59386468947896,53.11904702676949,False,True
1997-05-14 20:00:00,11.017705917358398,11.137463569641112,11.017705917358398,11.077585220336914,694527,10.875993124643962,2028867.7666666666,26.51009417142847,53.119047026769486,False,True
1997-05-15 20:00:00,11.077585220336914,11.077585220336914,10.957826614379885,10.957826614379885,1850612,10.870005226135254,2023280.1,25.908130028829735,49.03880256537222,False,True
1997-05-18 20:00:00,10.957826614379885,11.077585220336914,10.957826614379885,11.077585220336914,1286139,10.86202138264974,2001479.1333333333,25.34916332498805,52.932330438558,False,True
1997-05-19 20:00:00,11.017705917358398,11.137463569641112,10.957826614379885,11.077585220336914,1505331,10.850045617421468,2001527.8333333333,25.20194297811081,52.93233043855798,False,True
1997-05-20 20:00:00,11.077585220336914,11.137463569641112,11.017705917358398,11.077585220336914,1159216,10.840065828959148,1989900.2,25.065238370296232,52.932330438558,False,True
1997-05-21 20:00:00,11.197342872619627,11.376978874206545,11.137463569641112,11.257222175598145,2366237,10.83806988398234,2002773.4333333333,26.18583123256629,58.82580940769378,False,False
1997-05-22 20:00:00,11.43685817718506,11.43685817718506,11.257222175598145,11.257222175598145,951087,10.850045649210612,1993595.1666666667,27.47080493878035,58.825809407693775,False,True
1997-05-26 20:00:00,11.137463569641112,11.376978874206545,11.137463569641112,11.376978874206545,1385297,10.864017391204834,1994075.3,27.52462440982447,62.460069483076616,False,True
1997-05-27 20:00:00,11.376978874206545,11.496736526489258,11.317100524902344,11.376978874206545,1207856,10.879985046386718,1985794.7,28.120414384440465,62.46006948307663,False,True
1997-05-28 20:00:00,11.317100524902344,11.376978874206545,11.257222175598145,11.376978874206545,1120387,10.899944655100505,1915903.5333333334,28.147485244750925,62.460069483076616,False,True
1997-05-29 20:00:00,11.317100524902344,11.317100524902344,11.077585220336914,11.137463569641112,2673524,10.911920420328777,1925902.9,26.80450665608318,51.17644656547318,False,False
1997-06-01 20:00:00,11.197342872619627,11.257222175598145,11.077585220336914,11.137463569641112,1984841,10.927888107299804,1889252.5,25.55745510946313,51.17644656547318,False,False
1997-06-02 20:00:00,11.077585220336914,11.317100524902344,11.077585220336914,11.317100524902344,1707615,10.949843692779542,1852268.1,24.75227373588239,57.80658453799048,False,True
1997-06-03 20:00:00,11.317100524902344,11.317100524902344,11.257222175598145,11.257222175598145,914138,10.973795223236085,1797497.8,24.004605317557413,55.119641952006226,False,True
1997-06-04 20:00:00,11.257222175598145,11.317100524902344,11.257222175598145,11.257222175598145,1140637,10.991758886973063,1785842.3333333333,23.310341786255652,55.11964195200624,False,True
1997-06-05 20:00:00,11.197342872619627,11.317100524902344,11.197342872619627,11.257222175598145,970084,11.015710417429606,1766789.9666666666,22.145561041768712,55.11964195200624,False,True
1997-06-08 20:00:00,11.376978874206545,11.43685817718506,11.317100524902344,11.376978874206545,1916579,11.043653837839763,1784687.2333333334,21.865536611459238,59.7885455234061,False,False
1997-06-09 20:00:00,11.376978874206545,11.43685817718506,11.317100524902344,11.376978874206545,2156438,11.073593235015869,1793315.7666666666,21.60551392617187,59.788545523406114,False,False
1997-06-10 20:00:00,11.43685817718506,11.616495132446287,11.376978874206545,11.43685817718506,2813390,11.097544765472412,1814198.2333333334,22.3774893201006,62.076330642653055,False,False
1997-06-11 20:00:00,11.43685817718506,11.496736526489258,11.317100524902344,11.43685817718506,1517439,11.12748416264852,1775752.5333333334,22.539796718223695,62.07633064265307,False,True
1997-06-12 20:00:00,11.496736526489258,11.676374435424805,11.496736526489258,11.676374435424805,1692376,11.167403411865234,1764862.5,23.547652124853098,69.99549770309439,False,True
1997-06-15 20:00:00,11.616495132446287,11.676374435424805,11.556615829467772,11.616495132446287,1755211,11.205326684315999,1786879.1666666667,24.483517859580406,66.2697705941855,False,True
1997-06-16 20:00:00,11.556615829467772,11.616495132446287,11.43685817718506,11.496736526489258,1744356,11.229278214772542,1724684.1333333333,24.282444812089768,59.453694051077285,False,False
1997-06-17 20:00:00,11.43685817718506,11.616495132446287,11.43685817718506,11.556615829467772,1624531,11.253229745229085,1648850.4666666666,24.09573412513418,61.58141674106371,False,True
1997-06-18 20:00:00,11.616495132446287,11.796131134033203,11.556615829467772,11.736251831054688,3042185,11.281173165639242,1667019.1,24.818544934801707,67.15061086802388,False,False
1997-06-19 20:00:00,11.796131134033203,11.85601043701172,11.676374435424805,11.796131134033203,2751807,11.307120672861735,1697859.1666666667,25.745217493113262,68.7754673157712,False,False
1997-06-22 20:00:00,11.736251831054688,11.736251831054688,11.616495132446287,11.616495132446287,2113643,11.319096438090007,1707705.4333333333,26.061265850047693,59.299189496744006,False,False
1997-06-23 20:00:00,11.616495132446287,11.796131134033203,11.616495132446287,11.736251831054688,2229293,11.3410519917806,1723918.7,26.63516527400005,62.96298580903699,False,False
1997-06-24 20:00:00,11.736251831054688,12.095524787902832,11.736251831054688,12.06558609008789,4544176,11.375981330871582,1818881.3,28.2619896039759,70.75856976390669,False,False
1997-06-25 20:00:00,12.095524787902832,12.215283393859863,12.06558609008789,12.125465393066406,2738029,11.410910669962565,1851899.3666666667,30.101422853792467,71.91600341735386,False,False
1997-06-26 20:00:00,12.335041046142578,12.394920349121094,12.06558609008789,12.06558609008789,4273004,11.443844032287597,1971181.9333333333,32.23041387077098,68.97578995743241,False,False
1997-06-29 20:00:00,12.095524787902832,12.125465393066406,12.005706787109377,12.005706787109377,3060347,11.478773371378582,2011506.4333333333,33.704989398543646,66.06693440390852,False,False
1997-06-30 20:00:00,12.005706787109377,12.155404090881348,12.005706787109377,12.095524787902832,1619312,11.512704690297445,2022612.2,35.15210734285845,68.23113962251112,False,True
1997-07-01 20:00:00,12.095524787902832,12.275161743164062,12.095524787902832,12.155404090881348,3671372,11.54863198598226,2094813.5666666667,36.79384883874659,69.62215012909742,False,False
1997-07-02 20:00:00,12.24522304534912,12.335041046142578,12.24522304534912,12.30510139465332,2616742,11.589549191792806,2143397.7666666666,38.457449996558644,72.82555203768536,False,False
1997-07-06 20:00:00,12.335041046142578,12.335041046142578,12.155404090881348,12.24522304534912,2481678,11.62248255411784,2147245.8,39.20288996697208,69.66119246402206,False,False
1997-07-07 20:00:00,12.215283393859863,12.30510139465332,12.155404090881348,12.30510139465332,4048592,11.657411861419678,2250495.966666667,39.895084225213125,71.01739378084085,False,False
1997-07-08 20:00:00,12.24522304534912,12.394920349121094,12.06558609008789,12.095524787902832,4275091,11.681363391876221,2346822.433333333,40.81159503086602,60.77688043300083,False,False
1997-07-09 20:00:00,12.155404090881348,12.275161743164062,11.975768089294434,12.03564739227295,2738655,11.703319009145101,2397849.066666667,40.847453727613185,58.19493553057379,False,False
1997-07-10 20:00:00,12.06558609008789,12.185343742370604,12.03564739227295,12.03564739227295,3446543,11.72527462641398,2475387.6,40.880751088878405,58.19493553057379,False,False
1997-07-13 20:00:00,12.03564739227295,12.125465393066406,11.676374435424805,11.736251831054688,5135579,11.745234235127766,2557456.1,38.31330248292818,46.69212371673741,True,False
1997-07-14 20:00:00,11.706313133239746,11.915888786315918,11.466797828674316,11.466797828674316,5419277,11.756212043762208,2671937.3,36.267423225804016,39.185158608615566,True,False
1997-07-15 20:00:00,11.526676177978516,11.736251831054688,11.496736526489258,11.631464004516602,2753894,11.766690826416015,2706813.2666666666,34.36767820133158,45.00423988233583,True,False
1997-07-16 20:00:00,11.586554527282717,11.915888786315918,11.526676177978516,11.796131134033203,1706362,11.784654458363852,2733220.7333333334,32.17430102380828,50.14192571102482,False,True
1997-07-17 20:00:00,11.82607078552246,11.915888786315918,11.736251831054688,11.736251831054688,3223384,11.800622113545735,2802645.6333333333,30.13759364467951,48.37226793390064,True,False
1997-07-20 20:00:00,11.736251831054688,11.82607078552246,11.736251831054688,11.736251831054688,1212448,11.81658976872762,2810724.433333333,28.24636536405993,48.37226793390064,True,True
1997-07-21 20:00:00,11.736251831054688,11.85601043701172,11.556615829467772,11.586554527282717,3367634,11.823575623830159,2859092.933333333,26.943277095659777,43.881915156484204,True,False
1997-07-22 20:00:00,11.616495132446287,11.736251831054688,11.317100524902344,11.317100524902344,3026737,11.821579678853352,2888102.9,26.756311222074753,37.18980269789952,True,False
1997-07-23 20:00:00,11.376978874206545,11.496736526489258,11.197342872619627,11.197342872619627,2530109,11.813595835367838,2878660.2,27.009341038872694,34.65987577352892,True,True
1997-07-24 20:00:00,11.22728157043457,11.616495132446287,11.22728157043457,11.376978874206545,2343274,11.811599858601888,2906188.033333333,26.515155257136986,41.12919882361224,True,True
1997-07-27 20:00:00,11.43685817718506,11.706313133239746,11.43685817718506,11.616495132446287,2192344,11.809603881835937,2922853.6333333333,25.5457908845952,48.457017727346006,True,True
1997-07-28 20:00:00,11.64643383026123,12.005706787109377,11.64643383026123,11.975768089294434,4088882,11.821579647064208,3000642.6666666665,24.216582686317913,57.08580835438043,False,False
1997-07-29 20:00:00,11.975768089294434,12.155404090881348,11.975768089294434,12.005706787109377,3726066,11.838545322418213,3066699.6666666665,23.557825493749743,57.72099045983702,False,False
1997-07-30 20:00:00,12.005706787109377,12.06558609008789,11.915888786315918,12.005706787109377,3218374,11.853515021006267,3119827.7666666666,22.6508017874313,57.720990459837026,False,False
1997-07-31 20:00:00,11.945828437805176,12.005706787109377,11.85601043701172,11.915888786315918,1953946,11.859502919514973,3083553.1333333333,21.513396180274146,54.894014254542725,False,True
1997-08-03 20:00:00,11.796131134033203,11.975768089294434,11.796131134033203,11.85601043701172,1924303,11.861498896280924,3055969.6666666665,20.16301440248611,53.02937009423172,True,True
1997-08-04 20:00:00,11.796131134033203,12.155404090881348,11.796131134033203,12.125465393066406,2867040,11.878464571634929,3081082.9,19.680327010637882,59.66856855373557,False,True
1997-08-05 20:00:00,12.155404090881348,12.335041046142578,12.125465393066406,12.275161743164062,3764477,11.896428235371907,3132255.7,19.891838935469284,62.813320443400876,False,False
1997-08-06 20:00:00,12.275161743164062,12.275161743164062,12.215283393859863,12.215283393859863,1846228,11.90141814549764,3042324.1,20.088242865669873,60.7720982887877,False,True
1997-08-07 20:00:00,12.095524787902832,12.185343742370604,11.796131134033203,11.88594913482666,1477150,11.893434270222981,3000294.8,18.99823233269799,50.96269324688583,True,True
1997-08-10 20:00:00,11.975768089294434,11.975768089294434,11.85601043701172,11.945828437805176,1326011,11.889442348480225,2902061.7,17.986079694938383,52.46505976795125,False,True
1997-08-11 20:00:00,11.945828437805176,12.03564739227295,11.85601043701172,11.85601043701172,1406173,11.884452470143637,2846922.566666667,16.77829824631157,49.99098775463236,True,True
1997-08-12 20:00:00,12.005706787109377,12.005706787109377,11.706313133239746,11.766192436218262,2391287,11.873474725087485,2872655.066666667,16.277672184766676,47.57494220709434,True,True
1997-08-13 20:00:00,11.82607078552246,11.82607078552246,11.556615829467772,11.676374435424805,1214953,11.857507069905601,2790774.433333333,16.369972097733857,45.22129648465599,True,True
1997-08-14 20:00:00,11.706313133239746,11.706313133239746,11.556615829467772,11.556615829467772,1791952,11.832557551066081,2763281.433333333,16.45567915977481,42.22193386181996,True,True
1997-08-17 20:00:00,11.556615829467772,11.616495132446287,11.376978874206545,11.526676177978516,2066882,11.808605988820394,2749454.9,17.167574180362813,41.48120038379684,True,True
1997-08-18 20:00:00,11.526676177978516,11.616495132446287,11.257222175598145,11.317100524902344,2697948,11.77567262649536,2704433.433333333,18.204823256749624,36.63601053776379,True,True
1997-08-19 20:00:00,11.317100524902344,11.586554527282717,11.22728157043457,11.526676177978516,6255966,11.75671100616455,2770462.6,19.260244820738677,43.71594945272275,True,False
1997-08-20 20:00:00,11.526676177978516,11.556615829467772,11.4069185256958,11.466797828674316,1822430,11.737749354044597,2739921.7666666666,20.240279130157084,42.262966076800105,True,True
1997-08-21 20:00:00,11.347040176391602,11.526676177978516,11.287160873413086,11.526676177978516,1219755,11.720783646901449,2665695.5,21.53634725894701,44.25816709939396,True,True
1997-08-24 20:00:00,11.556615829467772,11.556615829467772,11.347040176391602,11.376978874206545,1520779,11.708807881673179,2545202.1666666665,22.52979130311064,40.49096310176826,True,True
1997-08-25 20:00:00,11.376978874206545,11.376978874206545,11.22728157043457,11.317100524902344,1671083,11.703817971547446,2420262.3666666667,23.83896869923334,39.05882336559463,True,True
1997-08-26 20:00:00,11.347040176391602,11.496736526489258,11.257222175598145,11.466797828674316,1540611,11.69832909901937,2379819.6,24.2212455570814,44.35744818107329,True,True
1997-08-27 20:00:00,11.496736526489258,11.496736526489258,11.287160873413086,11.317100524902344,1599062,11.682361412048342,2376242.933333333,24.57621692508317,40.55965532666744,True,True
1997-08-28 20:00:00,11.347040176391602,11.347040176391602,11.197342872619627,11.22728157043457,1659184,11.665395736694338,2324102.933333333,25.245747500461135,38.43341479468223,True,True
1997-09-01 20:00:00,11.287160873413086,11.586554527282717,11.257222175598145,11.496736526489258,2504641,11.657411893208824,2367176.033333333,24.319588289894558,47.350365425559026,True,False
1997-09-02 20:00:00,11.586554527282717,11.82607078552246,11.586554527282717,11.796131134033203,3278078,11.664397780100506,2364190.8333333335,22.895318712982764,55.12710974571141,False,False
1997-09-03 20:00:00,11.796131134033203,12.005706787109377,11.736251831054688,11.975768089294434,4094310,11.686353365580242,2399776.6,22.303695997672843,59.03672093100849,False,False
1997-09-04 20:00:00,11.975768089294434,12.095524787902832,11.796131134033203,11.796131134033203,1861676,11.706312974294029,2377495.5,22.086634624450365,53.972562899441726,False,True
1997-09-07 20:00:00,11.766192436218262,11.82607078552246,11.706313133239746,11.82607078552246,2924030,11.721282704671223,2396854.033333333,21.412933725421855,54.670476900355666,False,False
1997-09-08 20:00:00,11.82607078552246,11.900918960571287,11.796131134033203,11.85601043701172,3430678,11.72926654815674,2438131.8333333335,21.082966486006857,55.39878722895244,False,False
1997-09-09 20:00:00,11.85601043701172,11.85601043701172,11.676374435424805,11.706313133239746,1438321,11.720284716288251,2349779.8,20.146886297892344,50.987634414561775,True,True
1997-09-10 20:00:00,11.616495132446287,11.736251831054688,11.556615829467772,11.586554527282717,1199088,11.706312974294029,2265547.2,18.717790314442432,47.71438842423293,True,True
1997-09-11 20:00:00,11.616495132446287,11.676374435424805,11.496736526489258,11.616495132446287,2147044,11.693339252471926,2229836.2,17.668275945841952,48.60275487376956,True,True
1997-09-14 20:00:00,11.586554527282717,11.728768348693848,11.586554527282717,11.676374435424805,2123663,11.685355440775556,2235493.433333333,16.430964540671773,50.41719198556176,True,True
1997-09-15 20:00:00,11.736251831054688,11.945828437805176,11.706313133239746,11.915888786315918,1730995,11.68735138575236,2229049.8333333335,16.20937255990896,56.96195729651219,False,True
1997-09-16 20:00:00,11.915888786315918,11.945828437805176,11.82607078552246,11.88594913482666,1333317,11.679367510477702,2177925.7333333334,16.003608577772063,55.967471622970656,False,True
1997-09-17 20:00:00,11.945828437805176,12.215283393859863,11.945828437805176,12.095524787902832,2618413,11.673379611968993,2139723.6,16.82793767489546,61.088637428519235,False,False
1997-09-18 20:00:00,12.095524787902832,12.275161743164062,12.06558609008789,12.24522304534912,3765103,11.674377600351969,2203686.1,17.78885634171738,64.28398976193563,False,False
1997-09-21 20:00:00,12.24522304534912,12.24522304534912,11.945828437805176,12.005706787109377,1334570,11.678369522094727,2198933.433333333,17.981070171832673,56.315545398035525,False,True
1997-09-22 20:00:00,12.03564739227295,12.06558609008789,11.766192436218262,11.88594913482666,1085317,11.676373545328776,2190910.3,17.22707284613812,52.79190931006881,False,True
1997-09-23 20:00:00,12.005706787109377,12.335041046142578,12.005706787109377,12.185343742370604,3663439,11.687351322174072,2266152.5,17.511951864094677,59.59790975137557,False,False
1997-09-24 20:00:00,12.215283393859863,12.394920349121094,12.215283393859863,12.24522304534912,3033000,11.7033190091451,2287542.933333333,17.970193883336247,60.814701190725614,False,False
1997-09-25 20:00:00,12.24522304534912,12.275161743164062,12.185343742370604,12.215283393859863,2916514,11.721282641092934,2344261.6333333333,18.234617607541463,59.84421541043833,False,False
1997-09-28 20:00:00,12.24522304534912,12.514677047729492,12.06558609008789,12.454797744750977,3766356,11.751222038269043,2410075.1,19.23843327865895,64.69769438187951,False,False
1997-09-29 20:00:00,12.454797744750977,12.574556350708008,12.394920349121094,12.424859046936035,2268122,11.781161467234293,2416783.1,20.3408191494778,63.661906731648145,False,True
1997-09-30 20:00:00,12.454797744750977,12.514677047729492,12.394920349121094,12.454797744750977,3050326,11.819084707895914,2428529.033333333,21.36446317238102,64.27779909132903,False,False
1997-10-01 20:00:00,12.394920349121094,12.664374351501465,12.394920349121094,12.634434700012209,2247664,11.856009991963704,2294918.966666667,22.747177871698756,67.80389029917993,False,True
1997-10-02 20:00:00,12.694314002990724,12.844011306762695,12.694314002990724,12.844011306762695,3098340,11.901917107899983,2337449.3,24.483743441177705,71.35625054902832,False,False
1997-10-05 20:00:00,13.323041915893556,14.311041831970217,12.933829307556152,14.191285133361816,17901775,11.99073740641276,2893516.6333333333,27.928687076790872,83.76071888639414,False,False
1997-10-06 20:00:00,14.311041831970217,14.430800437927246,13.592495918273926,14.1314058303833,10083278,12.082551638285318,3178933.2666666666,31.20720201739405,82.05979736707765,False,False
1997-10-07 20:00:00,14.071526527404783,14.161344528198242,13.6823148727417,13.981708526611328,5667278,12.171371905008952,3312139.7666666666,34.25153731938271,77.80598053764379,False,False
1997-10-08 20:00:00,13.832012176513672,13.921830177307127,13.71225357055664,13.861950874328612,4037111,12.251210339864093,3395356.433333333,37.07842009980076,74.47968997374763,False,False
1997-10-09 20:00:00,13.832012176513672,13.832012176513672,13.71225357055664,13.772132873535156,2028471,12.333044751485186,3409670.066666667,39.70338268161752,71.99377127269493,False,True
1997-10-12 20:00:00,13.772132873535156,13.981708526611328,13.772132873535156,13.891890525817873,2267078,12.421865049997965,3429933.2,42.26101760570699,73.27461910504034,False,True
1997-10-13 20:00:00,14.1314058303833,14.1314058303833,13.6823148727417,13.802071571350098,2456836,12.498709551493327,3428339.7,44.74921947640747,70.66430712582985,False,True
1997-10-14 20:00:00,13.65237522125244,13.6823148727417,13.532617568969728,13.532617568969728,3024441,12.556592432657878,3419885.1333333333,46.23518433457603,63.37090614847675,False,True
1997-10-15 20:00:00,13.6823148727417,13.921830177307127,13.6823148727417,13.772132873535156,3402913,12.616471258799235,3396838.566666667,47.86344775564749,66.66450158680806,False,False
1997-10-16 20:00:00,13.772132873535156,13.772132873535156,13.622435569763184,13.772132873535156,3711036,12.6823379834493,3458483.9,49.05587747744561,66.66450158680806,False,False
1997-10-19 20:00:00,13.802071571350098,13.891890525817873,13.71225357055664,13.861950874328612,1777965,12.750200653076172,3420281.7333333334,50.29965639621366,67.91905932429736,False,True
1997-10-20 20:00:00,13.891890525817873,14.011648178100586,13.832012176513672,13.95176887512207,2216768,12.82005926767985,3379818.066666667,51.58605516065078,69.16863105665138,False,True
1997-10-21 20:00:00,14.011648178100586,14.1314058303833,13.95176887512207,14.10146713256836,2409240,12.899897734324137,3412182.033333333,52.90690354734689,71.18326833014397,False,True
1997-10-22 20:00:00,13.891890525817873,14.011648178100586,13.772132873535156,13.921830177307127,1783393,12.977740255991616,3431658.8666666667,53.12872974398403,65.64034895681749,False,True
1997-10-23 20:00:00,14.011648178100586,14.071526527404783,13.921830177307127,14.011648178100586,2268539,13.057578690846759,3435708.7,53.425297705651865,67.02303537668452,False,True
1997-10-27 20:00:00,13.95176887512207,13.95176887512207,13.23322296142578,13.23322296142578,4264862,13.109473641713459,3507082.0,50.744748051896195,48.723145802792104,False,False
1997-10-28 20:00:00,12.694314002990724,13.622435569763184,12.694314002990724,13.352980613708496,3546119,13.157376702626545,3567586.1333333333,47.4871607186529,50.942374016600645,False,True
1997-10-29 20:00:00,13.382920265197754,13.562557220458984,13.352980613708496,13.472739219665527,2160822,13.210269705454506,3595169.6333333333,44.46225819492698,53.12706915846468,False,True
1997-10-30 20:00:00,13.382920265197754,13.502677917480469,13.23322296142578,13.293102264404297,1375486,13.250188954671222,3553738.7333333334,41.95621989785114,49.56170273343613,False,True
1997-10-31 20:00:00,13.382920265197754,13.442798614501951,13.293102264404297,13.323041915893556,1607830,13.286116250356038,3481829.6333333333,39.629184336280716,50.162024982037714,False,True
1997-11-03 20:00:00,13.412859916687012,13.65237522125244,13.412859916687012,13.622435569763184,2149549,13.34000720977783,3508995.6,36.81868708446249,55.824265747300096,False,True
1997-11-04 20:00:00,13.592495918273926,13.6823148727417,13.502677917480469,13.622435569763184,1667325,13.397890090942381,3528395.8666666667,34.25910391372354,55.824265747300096,False,True
1997-11-05 20:00:00,13.6823148727417,13.772132873535156,13.562557220458984,13.772132873535156,1756881,13.450783061981202,3464843.933333333,32.159661179558995,58.554772332076524,False,True
1997-11-06 20:00:00,13.6823148727417,14.1314058303833,13.592495918273926,13.891890525817873,3309391,13.505671977996826,3474056.966666667,31.1920750791754,60.6502150507073,False,True
1997-11-07 20:00:00,13.472739219665527,13.71225357055664,13.442798614501951,13.6823148727417,1741224,13.554573027292887,3434880.6333333333,29.77771096459362,55.37392335721729,False,True
1997-11-10 20:00:00,13.71225357055664,13.891890525817873,13.6823148727417,13.802071571350098,2227415,13.599482154846191,3383582.6,28.92608574664024,57.641592776511175,False,True
1997-11-11 20:00:00,13.71225357055664,14.011648178100586,13.71225357055664,14.011648178100586,2119488,13.65237512588501,3378628.1333333333,28.42730084410238,61.34362220062013,False,True
1997-11-12 20:00:00,13.891890525817873,14.041587829589844,13.802071571350098,13.861950874328612,1886727,13.699280230204264,3339841.5,28.037861728599978,57.479348000367004,False,True
1997-11-13 20:00:00,13.832012176513672,13.861950874328612,13.71225357055664,13.742193222045898,1279876,13.736205514272054,3307581.9,27.31639383345087,54.52043749536987,False,True
1997-11-14 20:00:00,13.772132873535156,13.861950874328612,13.742193222045898,13.772132873535156,1533513,13.767142899831136,3255421.0,26.646459359383844,55.14214576246243,False,True
1997-11-17 20:00:00,13.891890525817873,13.891890525817873,13.742193222045898,13.772132873535156,3669285,13.753171157836913,2781004.6666666665,26.115762042870994,55.14214576246241,False,False
1997-11-18 20:00:00,13.802071571350098,13.861950874328612,13.71225357055664,13.802071571350098,2684379,13.742193349202473,2534374.7,25.482360969251634,55.84220259640209,False,False
1997-11-19 20:00:00,13.772132873535156,13.95176887512207,13.6823148727417,13.861950874328612,3742140,13.738201427459718,2470203.433333333,25.19355945070505,57.27826143757429,False,False
1997-11-20 20:00:00,13.921830177307127,14.251164436340332,13.921830177307127,14.221223831176758,3567412,13.750177192687989,2454546.8,25.788639825301164,64.69670150666256,False,False
1997-11-21 20:00:00,14.221223831176758,14.37092113494873,14.161344528198242,14.37092113494873,2602338,13.770136801401774,2473675.7,26.63631189572402,67.2486233398514,False,False
1997-11-24 20:00:00,14.281103134155272,14.37092113494873,14.251164436340332,14.281103134155272,2057906,13.783110555013021,2466703.3,27.42343596111667,64.247773567931,False,True
1997-11-25 20:00:00,14.340982437133787,14.430800437927246,14.281103134155272,14.37092113494873,3589123,13.802072207132975,2504446.2,28.309243260093897,65.88709545938318,False,False
1997-11-26 20:00:00,14.400860786437988,14.430800437927246,14.161344528198242,14.161344528198242,1262132,13.82302977244059,2445702.566666667,28.435639319024123,59.07994524886981,False,True
1997-11-28 20:00:00,14.251164436340332,14.281103134155272,14.1314058303833,14.191285133361816,384318,13.837001514434812,2345082.7333333334,28.38186555809756,59.72020278632074,False,True
1997-12-01 20:00:00,14.251164436340332,14.251164436340332,14.071526527404783,14.10146713256836,3187896,13.847979323069252,2327644.7333333334,27.983905972536906,56.84670237332847,False,False
1997-12-02 20:00:00,14.041587829589844,14.221223831176758,14.041587829589844,14.1314058303833,1318913,13.856961154937744,2312343.0,27.437758789140208,57.579393728203286,False,True
1997-12-03 20:00:00,14.10146713256836,14.281103134155272,14.10146713256836,14.251164436340332,1070495,13.866941006978353,2274133.9,27.16712268375497,60.47064176459694,False,True
1997-12-04 20:00:00,14.221223831176758,14.311041831970217,14.221223831176758,14.281103134155272,1106610,13.872928873697917,2230712.9,27.035195769987478,61.18290796362149,False,True
1997-12-05 20:00:00,14.251164436340332,14.730194091796877,14.191285133361816,14.490678787231444,2908791,13.891890494028727,2268226.1666666665,28.2363409088831,65.82509366281828,False,False
1997-12-08 20:00:00,14.490678787231444,14.640376091003418,14.37092113494873,14.520618438720703,2966824,13.908856169382732,2291502.3333333335,29.351689966429035,66.44251203862177,False,False
1997-12-09 20:00:00,14.520618438720703,14.520618438720703,14.311041831970217,14.460740089416504,2417382,13.949773406982422,2229919.6666666665,29.981620260788894,63.95395617068548,False,False
1997-12-10 20:00:00,14.460740089416504,14.580496788024902,14.311041831970217,14.37092113494873,1624322,13.983704757690429,2165859.7666666666,30.746704266890077,60.305246500968835,False,True
1997-12-11 20:00:00,14.281103134155272,14.340982437133787,14.251164436340332,14.311041831970217,1523702,14.011648178100586,2144622.433333333,31.034260525717315,57.932309757724646,False,True
1997-12-12 20:00:00,14.1314058303833,14.251164436340332,14.071526527404783,14.161344528198242,3982208,14.040589586893718,2231513.1666666665,30.14913922977294,52.382949289699035,False,False
1997-12-15 20:00:00,14.221223831176758,14.311041831970217,14.161344528198242,14.251164436340332,1866060,14.071527004241943,2240120.8333333335,29.5666174858983,55.15847814709001,False,True
1997-12-16 20:00:00,14.251164436340332,14.281103134155272,14.071526527404783,14.191285133361816,2137650,14.090488656361897,2239724.2,28.482041896514904,52.94293564188002,False,True
1997-12-17 20:00:00,14.191285133361816,14.251164436340332,14.1314058303833,14.1314058303833,1326637,14.107454331715902,2228367.933333333,27.47493599208746,50.747759531055316,False,True
1997-12-18 20:00:00,14.1314058303833,14.161344528198242,13.981708526611328,14.011648178100586,2185664,14.115438175201415,2242660.7,25.660497718202397,46.58731047526117,True,True
1997-12-19 20:00:00,14.041587829589844,14.161344528198242,13.592495918273926,13.981708526611328,3815831,14.118432108561198,2259542.033333333,25.36781337965392,45.58121910870771,True,False
1997-12-22 20:00:00,13.981708526611328,14.071526527404783,13.891890525817873,14.071526527404783,2066882,14.1314058303833,2270397.3,25.096035065287477,49.13040991715322,True,True
1997-12-23 20:00:00,14.071526527404783,14.071526527404783,13.772132873535156,13.832012176513672,2409866,14.13240385055542,2276479.0,25.271288810545883,41.380012136967444,True,False
1997-12-24 20:00:00,13.832012176513672,13.832012176513672,13.65237522125244,13.742193222045898,1293654,14.12342201868693,2248951.2,25.827081549954816,38.9016607273077,True,True
1997-12-26 20:00:00,13.6823148727417,13.891890525817873,13.6823148727417,13.772132873535156,377846,14.120428085327148,2198655.1666666665,25.96976919295384,40.18761875395854,True,True
1997-12-29 20:00:00,13.832012176513672,13.95176887512207,13.802071571350098,13.95176887512207,2605887,14.127413940429687,2242855.533333333,25.731618592856645,47.34810793142336,True,False
1997-12-30 20:00:00,13.95176887512207,14.011648178100586,13.891890525817873,13.981708526611328,1283216,14.134399795532227,2234512.3,25.143560047659122,48.45567616443261,True,True
1997-12-31 20:00:00,13.981708526611328,14.10146713256836,13.891890525817873,14.041587829589844,2851174,14.143381627400716,2207241.933333333,24.065608265256635,50.68980349213806,True,False
1998-01-02 20:00:00,14.10146713256836,14.10146713256836,13.891890525817873,13.95176887512207,714777,14.14837153752645,2141588.533333333,23.064653038740044,47.3728989126187,True,True
1998-01-05 20:00:00,13.891890525817873,13.95176887512207,13.65237522125244,13.802071571350098,3024858,14.146375560760498,2117679.1333333333,23.188097021841276,42.39385510164244,True,False
1998-01-06 20:00:00,13.412859916687012,13.532617568969728,13.143404960632324,13.293102264404297,6203778,14.115438175201415,2205558.0,24.76789160807476,30.61285579818252,True,False
1998-01-07 20:00:00,13.23322296142578,13.293102264404297,13.053586959838867,13.23322296142578,3226307,14.077514902750652,2226356.966666667,26.42736683255252,29.571677732574397,True,False
1998-01-08 20:00:00,13.173344612121582,13.20328426361084,12.873950004577637,12.903889656066896,3037384,14.031607786814371,2259006.2333333334,28.324711969452068,24.6133475024134,True,False
1998-01-09 20:00:00,12.81407070159912,12.81407070159912,12.394920349121094,12.454797744750977,5924046,13.967737007141114,2336837.0,30.81193828272873,19.75021974775656,True,False
1998-01-12 20:00:00,11.915888786315918,12.454797744750977,11.915888786315918,12.36497974395752,4526015,13.907858180999757,2445633.1,33.618354712787315,18.94404258532371,True,False
1998-01-13 20:00:00,12.394920349121094,12.78413200378418,12.36497974395752,12.724252700805664,3719595,13.858957099914551,2556809.0,34.734613563721965,31.065171876761898,True,False
1998-01-14 20:00:00,12.754193305969238,12.873950004577637,12.724252700805664,12.844011306762695,1281337,13.817041905721029,2493257.033333333,35.400595952357506,34.57717063087154,True,True
1998-01-15 20:00:00,12.873950004577637,12.993707656860352,12.81407070159912,12.933829307556152,1574012,13.777122688293456,2501760.3333333335,35.52985183550317,37.1628431411878,True,True
1998-01-16 20:00:00,13.143404960632324,13.143404960632324,13.02364730834961,13.083525657653809,2057697,13.738201395670574,2534667.066666667,35.060418152164196,41.32510167454883,True,True
1998-01-20 20:00:00,13.083525657653809,13.143404960632324,12.993707656860352,12.993707656860352,1527251,13.695288213094075,2548688.433333333,34.68941025443083,39.62896025526988,True,True
1998-01-21 20:00:00,12.873950004577637,13.053586959838867,12.873950004577637,12.96376895904541,1900296,13.644391218821207,2515071.933333333,34.60646354874024,39.053569252456874,True,True
1998-01-22 20:00:00,12.933829307556152,12.993707656860352,12.54461669921875,12.604496002197266,3473264,13.580520470937094,2531953.2666666666,35.165296500176034,32.88332425433405,True,False
1998-01-23 20:00:00,12.574556350708008,12.664374351501465,12.095524787902832,12.215283393859863,5915278,13.505671914418539,2648549.8,36.36002551138604,27.765411811565826,True,False
1998-01-26 20:00:00,12.215283393859863,12.394920349121094,12.125465393066406,12.24522304534912,1913656,13.434815311431885,2658194.2666666666,37.46941673608105,28.684893731328742,True,True
1998-01-27 20:00:00,12.275161743164062,12.454797744750977,12.275161743164062,12.30510139465332,2340351,13.367950630187988,2685415.9,38.23068309777159,30.587903069607634,True,True
1998-01-28 20:00:00,12.335041046142578,12.335041046142578,12.155404090881348,12.155404090881348,2426149,13.301085948944092,2633547.2666666666,39.125335943266954,28.537654561331927,True,True
1998-01-29 20:00:00,12.155404090881348,12.48473834991455,12.155404090881348,12.24522304534912,5594213,13.234221235911052,2757819.033333333,39.26841660506884,31.504255241421227,True,False
1998-01-30 20:00:00,12.335041046142578,12.36497974395752,12.215283393859863,12.215283393859863,1985050,13.168354511260986,2752732.3666666667,39.40127721959916,31.041671511618755,True,True
1998-02-02 20:00:00,12.275161743164062,12.36497974395752,12.215283393859863,12.24522304534912,2005091,13.105481751759847,2775347.5,39.524647790234454,32.115114319329194,True,True
1998-02-03 20:00:00,12.215283393859863,12.424859046936035,12.215283393859863,12.36497974395752,1700100,13.050592803955078,2759162.033333333,39.32753476861027,36.38106966546109,True,True
1998-02-04 20:00:00,12.30510139465332,12.514677047729492,12.24522304534912,12.394920349121094,3662604,12.997699864705403,2754054.466666667,38.67981181770314,37.43956372556976,True,False
1998-02-05 20:00:00,12.394920349121094,12.514677047729492,12.36497974395752,12.394920349121094,2614864,12.941812992095947,2772320.533333333,38.078354791860804,37.43956372556976,True,True
1998-02-06 20:00:00,12.424859046936035,12.54461669921875,12.424859046936035,12.514677047729492,2469153,12.897901821136475,2774296.7666666666,37.35184881128615,41.92207855671433,True,True
1998-02-09 20:00:00,12.54461669921875,12.54461669921875,12.36497974395752,12.36497974395752,2013023,12.851994705200195,2798275.7333333334,36.8700160656173,38.23422935615927,True,True
1998-02-10 20:00:00,12.394920349121094,12.514677047729492,12.36497974395752,12.424859046936035,1261506,12.807085577646891,2827731.066666667,36.42259994463908,40.48936351458395,True,True
1998-02-11 20:00:00,12.335041046142578,12.424859046936035,12.275161743164062,12.36497974395752,5510711,12.754192606608074,2924558.533333333,36.31021435564776,38.95756716478234,True,False
1998-02-12 20:00:00,12.394920349121094,12.394920349121094,12.30510139465332,12.335041046142578,1470887,12.699303690592448,2930814.2333333334,36.20585630872724,38.17982636340309,True,True
1998-02-13 20:00:00,12.36497974395752,12.424859046936035,12.335041046142578,12.36497974395752,2840110,12.643416754404704,2930445.433333333,35.88653605307618,39.48095373688638,True,True
1998-02-17 20:00:00,12.48473834991455,12.514677047729492,12.424859046936035,12.454797744750977,2442432,12.593517716725668,2988033.933333333,34.936762243189314,43.33419179649499,True,True
1998-02-18 20:00:00,12.424859046936035,12.514677047729492,12.394920349121094,12.514677047729492,2364775,12.550604565938313,2966031.1666666665,34.18927532868095,45.811275762601724,True,True
1998-02-19 20:00:00,12.514677047729492,12.514677047729492,12.03564739227295,12.03564739227295,7446495,12.508689403533936,3007455.066666667,34.78509433430507,33.27836454746803,True,False
1998-02-20 20:00:00,12.215283393859863,12.215283393859863,12.125465393066406,12.125465393066406,2880817,12.47176415125529,2995938.7333333334,35.338354839527476,36.771215678103296,True,True
1998-02-23 20:00:00,12.095524787902832,12.095524787902832,11.975768089294434,12.005706787109377,2054566,12.44182472229004,2963178.1333333333,36.277265159408906,34.20039080645727,True,True
1998-02-24 20:00:00,12.005706787109377,12.155404090881348,12.005706787109377,12.03564739227295,2336176,12.427853043874105,2843582.466666667,36.69611613155717,35.41609339570231,True,True
1998-02-25 20:00:00,12.06558609008789,12.06558609008789,11.796131134033203,11.915888786315918,4540627,12.412883345286051,2844069.533333333,37.65811762230514,32.805264490193395,True,False
1998-02-26 20:00:00,11.945828437805176,12.06558609008789,11.88594913482666,12.03564739227295,4368613,12.389929835001627,2865703.466666667,38.55140472085683,37.74745573690778,True,False
1998-02-27 20:00:00,12.125465393066406,12.30510139465332,12.03564739227295,12.24522304534912,5935110,12.369970226287842,3020829.2333333334,37.7155969488099,45.32597141523576,True,False
1998-03-02 20:00:00,12.24522304534912,12.275161743164062,12.155404090881348,12.215283393859863,1607413,12.3460186958313,3021942.6,36.939489731909184,44.49266248003415,True,True
1998-03-03 20:00:00,12.155404090881348,12.394920349121094,12.125465393066406,12.394920349121094,2802326,12.323065185546875,3046763.566666667,35.47044609888919,50.38643028384274,False,True
1998-03-04 20:00:00,12.514677047729492,12.634434700012209,12.424859046936035,12.514677047729492,6680991,12.307097498575846,3218554.9,33.02275012159929,53.90062992227301,False,False
1998-03-05 20:00:00,12.454797744750977,12.604496002197266,12.454797744750977,12.574556350708008,3371600,12.2941237449646,3267598.3666666667,30.749889571258667,55.594290474194494,False,False
1998-03-06 20:00:00,12.48473834991455,12.574556350708008,12.335041046142578,12.36497974395752,1820969,12.286139869689942,3212521.8666666667,29.049663688069394,48.8320981623187,False,True
1998-03-09 20:00:00,12.275161743164062,12.30510139465332,12.095524787902832,12.125465393066406,3254489,12.28314593633016,3123828.9,28.453301743035375,42.47366026890636,True,False
1998-03-10 20:00:00,12.454797744750977,12.634434700012209,12.30510139465332,12.454797744750977,2523847,12.290131759643554,3144168.6,26.490426604725652,51.77247441305689,False,True
1998-03-11 20:00:00,12.933829307556152,12.933829307556152,12.574556350708008,12.634434700012209,4384688,12.30110953648885,3212313.1666666665,25.72532403890047,55.95469047425258,False,False
1998-03-12 20:00:00,12.694314002990724,12.933829307556152,12.604496002197266,12.933829307556152,2946366,12.327057043711344,3229653.7333333334,25.014871656348515,61.88692659115744,False,True
1998-03-13 20:00:00,12.873950004577637,13.02364730834961,12.81407070159912,13.02364730834961,1923467,12.353004519144694,3107295.533333333,24.652633522441437,63.476200683452475,False,True
1998-03-16 20:00:00,12.993707656860352,13.323041915893556,12.993707656860352,13.323041915893556,3314401,12.389929803212484,3151607.2333333334,25.178290655748544,68.23158530321061,False,False
1998-03-17 20:00:00,13.293102264404297,13.352980613708496,13.143404960632324,13.26316261291504,4566304,12.423861122131347,3236981.0,25.743978171059428,66.37035011190466,False,False
1998-03-18 20:00:00,13.352980613708496,13.532617568969728,13.23322296142578,13.532617568969728,2843242,12.462782382965088,3275085.7333333334,26.716380572437696,70.29690458500791,False,True
1998-03-19 20:00:00,13.532617568969728,13.592495918273926,13.352980613708496,13.532617568969728,2546810,12.50070562362671,3237892.6,27.76008382252855,70.29690458500791,False,True
1998-03-20 20:00:00,13.772132873535156,14.071526527404783,13.622435569763184,14.011648178100586,3244260,12.554596551259358,3258872.466666667,29.645893314097673,76.06004355861384,False,True
1998-03-23 20:00:00,14.191285133361816,14.580496788024902,14.191285133361816,14.251164436340332,6617112,12.612479464213054,3397137.7666666666,32.05241731241024,78.32458947340461,False,False
1998-03-24 20:00:00,14.251164436340332,14.490678787231444,14.251164436340332,14.281103134155272,3093747,12.676350243886311,3433161.9,34.28704673941477,78.59711840606074,False,True
1998-03-25 20:00:00,14.251164436340332,14.37092113494873,14.10146713256836,14.1314058303833,5928639,12.733235136667888,3588733.0,35.61634002386953,73.61324501341585,False,False
1998-03-26 20:00:00,14.1314058303833,14.251164436340332,14.071526527404783,14.071526527404783,999518,12.790120029449463,3438359.9,36.7023695486115,71.65593338490768,False,True
1998-03-27 20:00:00,14.161344528198242,14.191285133361816,14.10146713256836,14.191285133361816,1749575,12.851994832356771,3447649.5,37.7108255358719,73.1912409973257,False,True
1998-03-30 20:00:00,14.10146713256836,14.161344528198242,13.981708526611328,14.041587829589844,2293172,12.907881768544515,3429418.2333333334,38.0087978825801,68.21709643183351,False,True
1998-03-31 20:00:00,14.041587829589844,14.071526527404783,13.921830177307127,13.981708526611328,1457527,12.958778794606527,3396588.066666667,37.972085310545495,66.27679921789446,False,True
1998-04-01 20:00:00,14.011648178100586,14.071526527404783,13.861950874328612,13.861950874328612,3606241,13.00368792215983,3437970.2666666666,37.62145989619119,62.45097116935573,False,False
1998-04-02 20:00:00,13.772132873535156,13.891890525817873,13.772132873535156,13.891890525817873,2773517,13.065562693277995,3282204.3333333335,36.825526813307214,63.02560754928135,False,True
1998-04-03 20:00:00,13.861950874328612,13.95176887512207,13.802071571350098,13.802071571350098,2061663,13.12144956588745,3254899.2,36.26662697530426,60.05627565645072,False,True
1998-04-05 20:00:00,13.802071571350098,13.891890525817873,13.802071571350098,13.832012176513672,1845811,13.182326412200927,3247940.7,35.74764855430152,60.720605479009016,False,True
1998-04-06 20:00:00,13.772132873535156,13.921830177307127,13.772132873535156,13.891890525817873,2105293,13.244201183319092,3240244.6,35.3646720138312,62.07894861207907,False,True
1998-04-07 20:00:00,13.832012176513672,14.011648178100586,13.802071571350098,13.832012176513672,2255805,13.30807196299235,3164083.8666666667,35.30385851605312,59.8500322166455,False,True
1998-04-08 20:00:00,13.832012176513672,13.95176887512207,13.832012176513672,13.891890525817873,1092623,13.369946734110515,3054884.2,35.2473888395449,61.34469497569468,False,True
1998-04-12 20:00:00,13.891890525817873,13.95176887512207,13.832012176513672,13.832012176513672,1903427,13.422839705149332,2920494.7666666666,35.19495271135869,58.9801448193581,False,True
1998-04-13 20:00:00,13.891890525817873,13.981708526611328,13.891890525817873,13.891890525817873,1309102,13.478726609547932,2910551.066666667,35.258940966436874,60.61502806418726,False,True
1998-04-14 20:00:00,13.891890525817873,14.1314058303833,13.891890525817873,14.071526527404783,1475062,13.53461348215739,2866308.933333333,35.842487906685655,65.10793604376668,False,True
1998-04-15 20:00:00,14.011648178100586,14.281103134155272,13.95176887512207,14.191285133361816,1503453,13.590500418345133,2693724.3333333335,36.829011049437746,67.74933326413087,False,True
1998-04-16 20:00:00,14.281103134155272,14.281103134155272,14.071526527404783,14.161344528198242,1194495,13.643393357594809,2621154.1666666665,37.745068253421834,66.3960527043028,False,True
1998-04-19 20:00:00,14.37092113494873,14.37092113494873,13.981708526611328,14.071526527404783,1951858,13.700278250376384,2625517.1333333333,38.85147548672923,62.371161525382625,False,True
1998-04-20 20:00:00,14.1314058303833,14.1314058303833,13.71225357055664,13.832012176513672,3581816,13.757163143157959,2636428.033333333,37.83364923184887,53.12314677385693,False,False
1998-04-21 20:00:00,13.95176887512207,14.071526527404783,13.742193222045898,13.742193222045898,1968976,13.800076325734457,2617932.3333333335,36.888524852317104,50.12182410304143,True,True
1998-04-22 20:00:00,13.71225357055664,13.921830177307127,13.71225357055664,13.861950874328612,1913030,13.840993531545003,2535543.7333333334,35.80164243449157,53.86451489747682,False,True
1998-04-23 20:00:00,13.832012176513672,14.011648178100586,13.772132873535156,13.861950874328612,2891255,13.871930917104086,2533706.7,35.187393253081275,53.86451489747682,True,False
1998-04-26 20:00:00,13.772132873535156,13.891890525817873,13.6823148727417,13.71225357055664,2525099,13.894884459177653,2553761.1,33.97502066713178,48.57993588898836,True,True
1998-04-27 20:00:00,13.772132873535156,13.95176887512207,13.772132873535156,13.861950874328612,1426840,13.912848091125488,2490842.4,33.13129070467474,53.49359573067463,True,True
1998-04-28 20:00:00,13.861950874328612,13.95176887512207,13.861950874328612,13.921830177307127,1839548,13.934803676605224,2399950.533333333,32.347827168107486,55.33230659597369,True,True
1998-04-29 20:00:00,13.921830177307127,14.221223831176758,13.921830177307127,14.10146713256836,1838087,13.95376532872518,2366445.3666666667,32.73929364288758,60.39161802981402,False,True
1998-04-30 20:00:00,14.1314058303833,14.37092113494873,14.1314058303833,14.37092113494873,2886245,13.98170878092448,2377759.8666666667,33.58006096064313,66.51774774364836,False,False
1998-05-03 20:00:00,14.251164436340332,14.340982437133787,14.221223831176758,14.221223831176758,1599689,13.988694636027018,2322940.8333333335,34.36077346998756,60.88377570980609,False,True
1998-05-04 20:00:00,14.1314058303833,14.221223831176758,14.011648178100586,14.041587829589844,1719305,13.981708749135334,2159680.6,33.55213781521256,54.87712240095354,False,True
1998-05-05 20:00:00,14.011648178100586,14.10146713256836,14.011648178100586,14.011648178100586,1086987,13.972726917266845,2092788.6,32.80126185006434,53.92226793640922,False,True
1998-05-06 20:00:00,14.011648178100586,14.041587829589844,13.95176887512207,13.981708526611328,989081,13.967737007141114,1928136.6666666667,31.691647921556076,52.93044066410376,False,True
1998-05-07 20:00:00,14.011648178100586,14.1314058303833,14.011648178100586,14.041587829589844,1475688,13.966739050547282,1944009.0,31.077648713378732,54.724138553522494,False,True
1998-05-10 20:00:00,14.011648178100586,14.041587829589844,13.95176887512207,13.95176887512207,1741016,13.958755175272623,1943723.7,30.084161031004943,51.55077172149666,True,True
1998-05-11 20:00:00,13.95176887512207,13.95176887512207,13.861950874328612,13.921830177307127,890340,13.954763253529867,1896962.6333333333,28.557678780267985,50.49958765083717,True,True
1998-05-12 20:00:00,13.891890525817873,14.011648178100586,13.861950874328612,13.891890525817873,634824,13.951769320170085,1869539.2,27.46142099002792,49.414422492359975,True,True
1998-05-13 20:00:00,13.861950874328612,14.011648178100586,13.861950874328612,13.95176887512207,863619,13.954763253529867,1778118.4666666666,26.443467327662148,51.65207976137054,True,True
1998-05-14 20:00:00,14.011648178100586,14.011648178100586,13.861950874328612,13.95176887512207,2049973,13.956759198506672,1754000.3333333333,25.49822464117964,51.65207976137053,True,False
1998-05-17 20:00:00,13.891890525817873,13.921830177307127,13.742193222045898,13.802071571350098,1162973,13.956759198506672,1724044.0,23.734520005847873,45.780428720586066,True,True
1998-05-18 20:00:00,13.772132873535156,13.832012176513672,13.65237522125244,13.65237522125244,1137923,13.950771299997966,1700447.7333333334,22.566990156649247,40.787233052606666,True,True
1998-05-19 20:00:00,13.6823148727417,13.742193222045898,13.592495918273926,13.742193222045898,1255034,13.945781389872232,1672105.7666666666,21.847676788372862,44.685525164746295,True,True
1998-05-20 20:00:00,13.742193222045898,13.861950874328612,13.6823148727417,13.71225357055664,1165896,13.941789436340333,1635775.4666666666,20.32659815926119,43.653834592448554,True,True
1998-05-21 20:00:00,13.6823148727417,13.742193222045898,13.592495918273926,13.592495918273926,882407,13.931809616088866,1628768.2666666666,19.475208659859614,39.70499942359449,True,True
1998-05-25 20:00:00,13.622435569763184,13.65237522125244,13.323041915893556,13.323041915893556,1696133,13.914843940734864,1621858.4666666666,20.014661532247878,32.566812588700714,True,False
1998-05-26 20:00:00,13.352980613708496,13.472739219665527,13.293102264404297,13.412859916687012,1130408,13.898876253763834,1615902.0,20.63936673693879,36.65489114320068,True,True
1998-05-27 20:00:00,13.412859916687012,13.412859916687012,13.293102264404297,13.323041915893556,810595,13.87392676671346,1593753.1,21.219450141294637,34.40844858062132,True,True
1998-05-28 20:00:00,13.323041915893556,13.382920265197754,13.23322296142578,13.23322296142578,813935,13.84199136098226,1570769.1666666667,22.023767738900556,32.27805411665515,True,True
1998-05-31 20:00:00,13.23322296142578,13.352980613708496,13.20328426361084,13.23322296142578,655699,13.811053975423176,1552809.3,22.902506319449504,32.27805411665515,True,True
1998-06-01 20:00:00,13.23322296142578,13.352980613708496,13.053586959838867,13.113466262817385,1297203,13.779118633270263,1530987.4666666666,24.320518790055804,29.45775147766379,True,True
1998-06-02 20:00:00,13.083525657653809,13.113466262817385,12.993707656860352,12.993707656860352,804959,13.751175149281819,1438425.5666666667,25.85146013292916,26.924237090453566,True,True
1998-06-03 20:00:00,12.96376895904541,12.993707656860352,12.81407070159912,12.873950004577637,3139047,13.722233708699545,1477427.9333333333,27.833935367801484,24.641902844144024,True,False
1998-06-04 20:00:00,12.873950004577637,12.96376895904541,12.754193305969238,12.933829307556152,3997447,13.691296323140461,1546908.5,29.83849357394036,27.931476473577373,True,False
1998-06-07 20:00:00,12.754193305969238,12.81407070159912,12.634434700012209,12.634434700012209,2428446,13.650379117329916,1531481.5333333334,32.00279521969529,22.615651114913817,True,False
1998-06-08 20:00:00,12.724252700805664,12.754193305969238,12.634434700012209,12.694314002990724,856730,13.616447798411052,1475869.2333333334,34.01250389075343,25.66284570644112,True,True
1998-06-09 20:00:00,12.694314002990724,12.754193305969238,12.454797744750977,12.514677047729492,3911858,13.571538670857747,1558703.1666666667,36.286706853694746,22.766520350252108,True,False
1998-06-10 20:00:00,12.48473834991455,12.514677047729492,12.24522304534912,12.36497974395752,3520234,13.519643656412761,1614726.0333333334,38.77064822928476,20.672685573001807,True,False
1998-06-11 20:00:00,12.36497974395752,12.48473834991455,12.36497974395752,12.454797744750977,1390934,13.464754676818847,1599820.9333333333,41.07716522090406,25.12239628924757,True,True
1998-06-14 20:00:00,12.424859046936035,12.424859046936035,11.88594913482666,11.88594913482666,2275637,13.381922276814779,1579467.3333333333,43.81422005378698,18.170608602251416,True,False
1998-06-15 20:00:00,12.03564739227295,12.24522304534912,12.005706787109377,12.155404090881348,1493015,13.313061618804932,1575911.5333333334,46.355770970035415,28.292755387655326,True,True
1998-06-16 20:00:00,12.275161743164062,12.604496002197266,12.275161743164062,12.424859046936035,1306806,13.259170659383138,1562161.5666666667,46.14884395130155,36.7222069068592,True,True
1998-06-17 20:00:00,12.394920349121094,12.574556350708008,12.394920349121094,12.54461669921875,1755002,13.210269610087076,1584428.7333333334,45.95669743390582,40.09287905045025,True,False
1998-06-18 20:00:00,12.634434700012209,12.664374351501465,12.514677047729492,12.604496002197266,2907747,13.164362525939941,1648384.2666666666,45.21578012441859,41.76327817712461,True,False
1998-06-21 20:00:00,12.604496002197266,12.724252700805664,12.574556350708008,12.664374351501465,1446671,13.118455410003662,1647417.0333333334,44.16058440435302,43.46100441726588,True,True
1998-06-22 20:00:00,12.754193305969238,12.844011306762695,12.664374351501465,12.844011306762695,1494059,13.081530157725016,1639185.1333333333,42.47729079804507,48.32775020077393,True,True
1998-06-23 20:00:00,12.844011306762695,12.903889656066896,12.724252700805664,12.873950004577637,1108071,13.046600818634033,1646442.8333333333,40.57772629479918,49.113911295292056,True,True
1998-06-24 20:00:00,12.933829307556152,13.083525657653809,12.933829307556152,12.993707656860352,1993609,13.016661389668782,1691735.6666666667,37.88621506294248,52.24386827424158,True,False
1998-06-25 20:00:00,13.053586959838867,13.083525657653809,12.933829307556152,13.02364730834961,1001188,12.9857240041097,1696321.3,35.38695463336126,53.02183936083191,False,True
1998-06-28 20:00:00,13.02364730834961,13.083525657653809,12.81407070159912,12.873950004577637,588480,12.949796708424886,1647604.8666666667,33.61928459670316,48.745965246325525,True,True
1998-06-29 20:00:00,12.933829307556152,12.993707656860352,12.724252700805664,12.933829307556152,2192970,12.920855299631755,1681938.1,32.36408961904946,50.46670342614639,False,False
1998-06-30 20:00:00,12.873950004577637,13.02364730834961,12.844011306762695,13.02364730834961,837733,12.899897702534993,1671931.7666666666,31.02233370484202,53.014818160080644,False,True
1998-07-01 20:00:00,13.02364730834961,13.113466262817385,12.933829307556152,12.993707656860352,931256,12.874948183695475,1661139.1666666667,29.255013675060976,52.05355960061059,False,True
1998-07-05 20:00:00,12.933829307556152,12.993707656860352,12.873950004577637,12.903889656066896,654864,12.848002719879151,1644104.7666666666,27.9091944584109,49.17303690331374,False,True
1998-07-06 20:00:00,12.873950004577637,12.903889656066896,12.54461669921875,12.574556350708008,1337910,12.814071400960286,1659288.2,27.984955345902474,40.35494567645771,True,True
1998-07-07 20:00:00,12.514677047729492,12.574556350708008,12.424859046936035,12.454797744750977,1683399,12.785129928588868,1658863.7333333334,28.435970833980047,37.70690754273073,True,False
1998-07-08 20:00:00,12.424859046936035,12.424859046936035,12.185343742370604,12.36497974395752,1032502,12.750200589497885,1655600.2,29.50764582790196,35.8090583301962,True,True
1998-07-09 20:00:00,12.335041046142578,12.394920349121094,12.215283393859863,12.275161743164062,824582,12.715271250406902,1656066.4333333333,30.502772607972307,33.96788780542794,True,True
1998-07-12 20:00:00,12.24522304534912,12.30510139465332,12.155404090881348,12.185343742370604,1044192,12.680341943105061,1663741.6666666667,31.58346223355426,32.185718322654,True,True
1998-07-13 20:00:00,12.125465393066406,12.215283393859863,12.06558609008789,12.185343742370604,855895,12.645412635803222,1670414.8666666667,32.81584950888955,32.185718322654004,True,True
1998-07-14 20:00:00,12.275161743164062,12.335041046142578,12.155404090881348,12.24522304534912,912468,12.616471195220948,1657590.3666666667,33.13066629088362,34.8294335650765,True,True
1998-07-15 20:00:00,12.24522304534912,12.30510139465332,12.125465393066406,12.30510139465332,889505,12.59351765314738,1660408.5666666667,33.515255914813636,37.45523708523442,True,True
1998-07-16 20:00:00,12.335041046142578,12.335041046142578,12.03564739227295,12.215283393859863,998266,12.571562099456788,1589049.2,34.14612099723073,35.16639006076478,True,True
1998-07-19 20:00:00,12.185343742370604,12.215283393859863,12.005706787109377,12.06558609008789,536500,12.542620658874512,1473684.3,34.82205411265526,31.690481577394607,True,True
1998-07-20 20:00:00,11.975768089294434,12.005706787109377,11.82607078552246,11.82607078552246,1482577,12.515675195058186,1442155.3333333333,35.94874213334447,27.07866733855166,True,False
1998-07-21 20:00:00,11.766192436218262,11.85601043701172,11.616495132446287,11.766192436218262,1657931,12.484737809499105,1468862.0333333334,37.47027607160449,26.057726170525214,True,False
1998-07-22 20:00:00,11.85601043701172,11.915888786315918,11.257222175598145,11.376978874206545,2349954,12.44681453704834,1416798.5666666667,39.49123550831629,20.616555329294577,True,False
1998-07-23 20:00:00,11.317100524902344,11.43685817718506,11.077585220336914,11.197342872619627,1837043,12.407893308003743,1360692.2,41.604677484594845,18.678007624175883,True,False
1998-07-26 20:00:00,11.167403221130373,11.167403221130373,10.628494262695312,10.658432960510254,2993754,12.348014481862386,1414119.5333333334,44.02393874676894,14.325975685473436,True,False
1998-07-27 20:00:00,10.71831226348877,10.748251914978027,10.388978958129885,10.688372611999512,1718679,12.308095264434815,1395554.2666666666,46.456396850270146,15.503889448869915,True,False
1998-07-28 20:00:00,10.71831226348877,10.808130264282228,10.538676261901855,10.71831226348877,1116839,12.26019220352173,1383015.0666666667,48.36160991159108,16.736717592569118,True,True
1998-07-29 20:00:00,10.688372611999512,10.778190612792969,10.658432960510254,10.71831226348877,870090,12.203307310740152,1368457.8666666667,50.13073632567481,16.736717592569118,True,True
1998-07-30 20:00:00,10.688372611999512,10.778190612792969,10.50873565673828,10.658432960510254,1538315,12.14043451944987,1361234.9666666666,51.916620051657056,16.188843201607938,True,False
1998-08-02 20:00:00,10.598553657531738,10.838069915771484,10.47879695892334,10.50873565673828,2109677,12.070575841267903,1334632.6333333333,53.18561082371879,14.877649203995858,True,False
1998-08-03 20:00:00,10.538676261901855,10.598553657531738,10.29916000366211,10.29916000366211,2015946,11.991735363006592,1353608.4666666666,54.561809776493476,13.258599036071711,True,False
1998-08-04 20:00:00,10.329099655151367,10.47879695892334,10.239280700683594,10.388978958129885,2582924,11.909900951385499,1389903.9666666666,55.90219410535003,17.407003245648696,True,False
1998-08-05 20:00:00,10.29916000366211,10.448857307434082,10.209342002868652,10.418917655944824,1946848,11.828066539764404,1417863.2,57.178865488637236,18.800978374771496,True,False
1998-08-06 20:00:00,10.388978958129885,10.748251914978027,10.359039306640623,10.748251914978027,1494685,11.753218015034994,1401232.4,56.461566420745626,32.3307859705313,True,False
1998-08-09 20:00:00,10.688372611999512,10.688372611999512,10.388978958129885,10.418917655944824,2931336,11.666393693288168,1465570.6666666667,55.795503000560565,27.411920247421573,True,False
1998-08-10 20:00:00,10.418917655944824,10.658432960510254,10.05964469909668,10.388978958129885,2431994,11.583561325073243,1527021.1333333333,55.79466696573608,27.00962222832772,True,False
1998-08-11 20:00:00,10.418917655944824,10.598553657531738,10.418917655944824,10.50873565673828,1936828,11.502724870045979,1518483.0666666667,55.79389064768476,31.349746561559055,True,False
1998-08-12 20:00:00,10.568614959716797,10.71831226348877,10.538676261901855,10.568614959716797,5877285,11.420890458424886,1686468.1333333333,55.07507996478706,33.479615667319514,True,False
1998-08-13 20:00:00,10.598553657531738,10.658432960510254,10.448857307434082,10.568614959716797,1520153,11.340054035186768,1706098.0333333334,54.59965274844574,33.47961566731952,True,True
1998-08-16 20:00:00,10.538676261901855,10.658432960510254,10.418917655944824,10.538676261901855,1189694,11.2612135887146,1723925.7,54.22256189987028,32.88795436180663,True,True
1998-08-17 20:00:00,10.50873565673828,10.628494262695312,10.448857307434082,10.47879695892334,1387802,11.191354942321777,1725588.7666666666,53.872406111907345,31.681992152740072,True,True
1998-08-18 20:00:00,10.538676261901855,10.598553657531738,10.47879695892334,10.50873565673828,1341041,11.126486206054688,1714176.8333333333,53.54726145165605,33.004754052346755,True,True
1998-08-19 20:00:00,10.47879695892334,10.658432960510254,10.448857307434082,10.598553657531738,1257539,11.067605336507162,1721678.0666666667,52.79928154098515,36.94891140833483,True,True
1998-08-20 20:00:00,10.538676261901855,10.568614959716797,10.359039306640623,10.448857307434082,1584032,11.00672852198283,1746993.0666666667,52.36203661113003,33.417732392369665,True,True
1998-08-23 20:00:00,10.47879695892334,10.598553657531738,10.47879695892334,10.50873565673828,2407153,10.950841585795084,1792425.1,51.723312026055574,36.05041852109526,True,False
1998-08-24 20:00:00,10.538676261901855,10.598553657531738,10.359039306640623,10.448857307434082,981983,10.892958704630534,1796628.0333333334,51.48313930327338,34.57802021060674,True,True
1998-08-25 20:00:00,10.418917655944824,10.47879695892334,10.089584350585938,10.119524002075195,1255661,10.822102069854736,1808067.8,51.904305381954075,27.842467516917157,True,True
1998-08-26 20:00:00,10.05964469909668,10.209342002868652,9.281220436096191,9.610553741455078,2195684,10.732283814748127,1851607.1,53.393512966046615,21.02585963365543,True,False
1998-08-27 20:00:00,9.610553741455078,9.820130348205566,9.400978088378906,9.400978088378906,1681312,10.638473637898763,1874375.3,54.77634857984683,18.96671944238337,True,True
1998-08-30 20:00:00,9.490796089172363,9.58061408996582,8.832128524780273,8.862068176269531,1933696,10.53168970743815,1920948.5,56.503042801181046,14.920308514970998,True,False
1998-08-31 20:00:00,8.862068176269531,9.34109878540039,8.41297721862793,9.101582527160645,2841780,10.440873432159425,1966255.2666666666,58.33627076270326,22.803061106204588,True,False
1998-09-01 20:00:00,9.16146183013916,9.281220436096191,8.981825828552246,9.041705131530762,2265199,10.35005718866984,1986497.5333333334,60.038553869831034,22.24810197469542,True,False
1998-09-02 20:00:00,9.041705131530762,9.101582527160645,8.802188873291016,9.011764526367188,1479237,10.27121671040853,1957473.6333333333,61.7091972459714,21.96030346343291,True,True
1998-09-03 20:00:00,9.071643829345703,9.460857391357422,8.862068176269531,9.34109878540039,2270001,10.209341907501221,1971905.5666666667,61.53068353566517,32.329725168003165,True,False
1998-09-07 20:00:00,9.16146183013916,9.281220436096191,8.981825828552246,9.281220436096191,1797588,10.163434823354086,1932033.3666666667,61.36492080466653,31.509932499855953,True,True
1998-09-08 20:00:00,9.221341133117676,9.34109878540039,9.011764526367188,9.34109878540039,2123872,10.11852569580078,1945539.8,60.928004859237944,33.330529025063335,True,False
1998-09-09 20:00:00,9.101582527160645,9.520734786987305,9.041705131530762,9.490796089172363,1739346,10.077608489990235,1966290.0333333334,59.69710151276271,37.78321935689972,True,True
1998-09-10 20:00:00,9.400978088378906,9.670432090759276,9.371038436889648,9.670432090759276,2056862,10.042679150899252,2005849.1,57.911576064886155,42.726479307120364,True,False
1998-09-13 20:00:00,9.700371742248535,10.089584350585938,9.700371742248535,10.089584350585938,2566224,10.02371753056844,2040112.7333333334,54.72576945092509,52.25813616822824,False,False
1998-09-14 20:00:00,10.05964469909668,10.239280700683594,10.05964469909668,10.239280700683594,1565870,10.014735698699951,2021985.8333333333,51.30166333343882,55.13019159333417,False,True
1998-09-15 20:00:00,10.209342002868652,10.29916000366211,9.99976634979248,10.239280700683594,2000289,10.012739721934,2021463.9333333333,47.937583573657854,55.13019159333417,False,True
1998-09-16 20:00:00,10.179403305053713,10.418917655944824,10.05964469909668,10.149462699890137,1789864,10.004755846659343,1995028.6,44.581811355943294,52.915085711709295,False,True
1998-09-17 20:00:00,10.089584350585938,10.538676261901855,10.05964469909668,10.538676261901855,2814851,10.008747800191243,2023962.0333333334,41.82399020707784,60.34973298337577,False,False
1998-09-20 20:00:00,10.29916000366211,10.29916000366211,10.119524002075195,10.179403305053713,1736006,9.989786179860433,2032006.0666666667,39.26315628313136,52.16215651033126,False,True
1998-09-21 20:00:00,10.209342002868652,10.47879695892334,9.99976634979248,10.388978958129885,2417382,9.988788223266601,2014874.2666666666,37.429005441428295,55.91907441251563,False,False
1998-09-22 20:00:00,10.418917655944824,10.71831226348877,10.29916000366211,10.658432960510254,2136815,9.997770023345947,2005034.9666666666,36.36870828396281,60.24231759546539,False,False
1998-09-23 20:00:00,10.538676261901855,10.658432960510254,10.359039306640623,10.598553657531738,1860006,10.000763956705729,2002474.2333333334,35.38414663774486,58.86078296425641,False,True
1998-09-24 20:00:00,10.598553657531738,10.868008613586426,10.598553657531738,10.808130264282228,1444584,10.008747800191243,1854717.5333333334,34.99846160504602,62.13389929961315,False,True
1998-09-27 20:00:00,10.778190612792969,10.808130264282228,10.688372611999512,10.748251914978027,2729679,10.014735698699951,1895035.0666666667,34.64032550325423,60.64918768322888,False,False
1998-09-28 20:00:00,10.957826614379885,10.987767219543455,10.71831226348877,10.868008613586426,2047050,10.025713443756104,1923613.6,34.74173777374743,62.57532064933584,False,False
1998-09-29 20:00:00,10.748251914978027,10.748251914978027,10.269221305847168,10.29916000366211,2226580,10.019725545247395,1951572.8666666667,32.9954100830439,50.04470831591693,False,False
1998-09-30 20:00:00,10.29916000366211,10.29916000366211,9.820130348205566,9.909948348999023,3655716,9.999765968322754,2028728.7,31.23790543055458,43.609996764491406,True,False
1998-10-01 20:00:00,10.119524002075195,10.29916000366211,9.909948348999023,10.29916000366211,2034525,9.989786179860433,2054628.2333333334,29.60593682467164,50.468607325088655,False,True
1998-10-04 20:00:00,10.47879695892334,10.50873565673828,9.88000774383545,9.88000774383545,1463163,9.97082452774048,2050599.2666666666,27.542123878784658,44.22957230879456,True,True
1998-10-05 20:00:00,9.99976634979248,10.119524002075195,9.939887046813965,9.969826698303224,1417863,9.952860895792643,2017622.9333333333,25.62572614331818,45.77648096114202,False,True
1998-10-06 20:00:00,10.359039306640623,10.359039306640623,10.05964469909668,10.149462699890137,1211822,9.942881075541179,2025284.2333333334,24.556577063656867,48.83322322040665,False,True
1998-10-07 20:00:00,10.29916000366211,10.29916000366211,9.76025104522705,9.939887046813965,1464416,9.93689317703247,2032242.7333333334,22.98041106751625,45.60324912167953,False,True
1998-10-08 20:00:00,10.05964469909668,10.05964469909668,9.640493392944336,9.790189743041992,1150866,9.942881043752035,1997415.4666666666,21.855955099479893,43.39532362820825,True,True
1998-10-11 20:00:00,10.05964469909668,10.119524002075195,9.939887046813965,9.99976634979248,994926,9.96284065246582,1974535.9333333333,20.616121694357396,47.24616950348866,False,True
1998-10-12 20:00:00,10.29916000366211,10.359039306640623,10.089584350585938,10.269221305847168,706009,10.009745756785074,1933613.0333333334,19.562248070917416,51.78758049628175,False,True
1998-10-13 20:00:00,10.29916000366211,10.359039306640623,9.909948348999023,9.939887046813965,1282172,10.037689240773519,1881626.1,18.306847202767223,46.51672231705182,True,True
1998-10-14 20:00:00,9.99976634979248,10.538676261901855,9.99976634979248,10.47879695892334,1613049,10.085592301686605,1859887.7666666666,17.39594228119677,54.65049776539477,False,True
1998-10-15 20:00:00,10.598553657531738,10.71831226348877,10.119524002075195,10.119524002075195,2588769,10.122517617543538,1896872.1666666667,17.04765408172074,49.2708118355656,True,False
1998-10-18 20:00:00,10.209342002868652,10.359039306640623,10.179403305053713,10.29916000366211,1449594,10.154452991485595,1869525.2666666666,16.72424361077871,51.82435873774616,False,True
1998-10-19 20:00:00,10.269221305847168,10.269221305847168,9.939887046813965,9.969826698303224,1821178,10.177406533559163,1870311.6,15.601139126916735,47.139486703981085,True,True
1998-10-20 20:00:00,9.969826698303224,9.969826698303224,9.640493392944336,9.670432090759276,1999454,10.18838431040446,1866164.3333333333,15.289081990456637,43.30672237513469,True,False
1998-10-21 20:00:00,9.790189743041992,9.939887046813965,9.76025104522705,9.939887046813965,2644507,10.203354008992513,1896336.3666666667,14.999314649457974,47.44808003906464,True,False
1998-10-22 20:00:00,10.05964469909668,10.05964469909668,9.730311393737791,9.76025104522705,969875,10.206347974141439,1860103.4666666666,14.30757206325851,45.08367243868234,True,True
1998-10-26 20:00:00,9.670432090759276,9.820130348205566,9.640493392944336,9.76025104522705,2061037,10.195370197296143,1843263.9,13.943870172459569,45.08367243868234,True,False
1998-10-27 20:00:00,9.820130348205566,9.88000774383545,9.58061408996582,9.610553741455078,1682356,10.174412631988526,1847146.7666666666,13.792439886796581,43.0121719430813,True,True
1998-10-28 20:00:00,9.58061408996582,9.610553741455078,9.400978088378906,9.490796089172363,1056717,10.149463144938151,1815694.3666666667,14.186749772019647,41.37433464377431,True,True
1998-10-29 20:00:00,9.400978088378906,9.58061408996582,9.400978088378906,9.460857391357422,1727864,10.126509634653727,1813627.7,14.552894665441064,40.954483678793956,True,True
1998-10-30 20:00:00,9.520734786987305,9.55067539215088,9.400978088378906,9.520734786987305,1971690,10.092578252156576,1785522.3333333333,14.892886352189523,42.217403744072804,True,False
1998-11-02 20:00:00,9.610553741455078,9.730311393737791,9.58061408996582,9.610553741455078,1608039,10.07361660003662,1781256.7666666666,14.391265245188082,44.147252424957614,True,True
1998-11-03 20:00:00,9.640493392944336,9.939887046813965,9.610553741455078,9.850069046020508,1840592,10.055652936299643,1762030.4333333333,13.629738210551293,49.03540487000699,True,False
1998-11-04 20:00:00,9.850069046020508,10.05964469909668,9.820130348205566,9.939887046813965,1315365,10.0317014058431,1734648.7666666666,13.349422016863034,50.77520327744162,True,True
1998-11-05 20:00:00,10.05964469909668,10.418917655944824,10.029705047607422,10.359039306640623,1852073,10.023717594146728,1734384.3333333333,14.16644596902725,57.98365128788427,False,False
1998-11-06 20:00:00,10.359039306640623,10.388978958129885,10.179403305053713,10.269221305847168,1126233,10.005753962198893,1723772.6333333333,14.925111067465451,56.08822968022006,False,True
1998-11-09 20:00:00,10.29916000366211,10.359039306640623,10.05964469909668,10.119524002075195,1094919,9.984796365102133,1669280.6333333333,15.088919850420897,52.97976746496567,False,True
1998-11-10 20:00:00,10.05964469909668,10.149462699890137,9.76025104522705,9.820130348205566,1686113,9.949867089589437,1657249.4,14.065645989468091,47.33008034164177,True,False
1998-11-11 20:00:00,9.820130348205566,9.820130348205566,9.610553741455078,9.670432090759276,1074253,9.928909492492675,1618838.5,13.512268183718051,44.75990728910946,True,True
1998-11-12 20:00:00,9.58061408996582,9.969826698303224,9.58061408996582,9.939887046813965,1449385,9.929907449086507,1545294.1333333333,12.630110553124757,50.02089966771456,False,True
1998-11-13 20:00:00,10.05964469909668,10.179403305053713,9.939887046813965,10.05964469909668,736905,9.921923605600993,1502040.1333333333,12.488048817272174,52.19983552493247,False,True
1998-11-16 20:00:00,9.88000774383545,9.99976634979248,9.700371742248535,9.99976634979248,947956,9.925915559132894,1484866.5666666667,11.670318965632834,51.00254623105576,False,True
1998-11-17 20:00:00,9.939887046813965,9.969826698303224,9.730311393737791,9.820130348205566,956932,9.920925680796305,1469502.2,10.91099838911059,47.48383222246095,True,True
1998-11-18 20:00:00,9.76025104522705,9.939887046813965,9.730311393737791,9.790189743041992,738992,9.908949915568034,1453741.2,10.20591499662565,46.90300804526272,True,True
1998-11-19 20:00:00,9.850069046020508,9.88000774383545,9.730311393737791,9.790189743041992,954845,9.903960005442302,1436755.5,9.55119470360392,46.90300804526272,True,True
1998-11-20 20:00:00,9.909948348999023,9.909948348999023,9.700371742248535,9.76025104522705,1467338,9.90296204884847,1447304.5666666667,8.920572300341606,46.24697762368302,True,False
1998-11-23 20:00:00,9.820130348205566,9.850069046020508,9.610553741455078,9.640493392944336,779491,9.8909862836202,1440123.4,8.615551057648217,43.61881522262002,True,True
1998-11-24 20:00:00,9.640493392944336,9.670432090759276,9.490796089172363,9.610553741455078,1130408,9.869030698140461,1454270.0333333334,8.816862686201638,42.96149591687803,True,True
1998-11-25 20:00:00,9.58061408996582,9.700371742248535,9.58061408996582,9.610553741455078,833349,9.858052921295165,1439309.2666666666,8.854198650851929,42.961495916878036,True,True
1998-11-27 20:00:00,9.700371742248535,10.119524002075195,9.700371742248535,10.119524002075195,980104,9.846077156066894,1418211.1,9.279057400927652,56.02647773782559,False,True
1998-11-30 20:00:00,10.029705047607422,10.029705047607422,9.535704612731934,9.700371742248535,1416193,9.832105414072673,1379125.2333333334,8.973002391259639,46.566712658662084,True,False
1998-12-01 20:00:00,9.700371742248535,9.76025104522705,9.520734786987305,9.520734786987305,1504914,9.80615790685018,1380969.2333333334,8.626601062315432,43.2001921352239,True,False
1998-12-02 20:00:00,9.460857391357422,9.520734786987305,9.191402435302734,9.221341133117676,1614928,9.781208388010661,1374094.2333333334,8.937425842267388,38.238415977115615,True,False
1998-12-03 20:00:00,9.191402435302734,9.221341133117676,9.101582527160645,9.191402435302734,1475897,9.765240732828776,1356642.3333333333,9.512103549376718,37.77123231844441,True,False
1998-12-04 20:00:00,9.16146183013916,9.311159133911133,9.16146183013916,9.281220436096191,1019141,9.743285179138184,1302463.4666666666,9.651174063025499,40.134325205587274,True,True
1998-12-07 20:00:00,9.251280784606934,9.520734786987305,9.13152313232422,9.34109878540039,999727,9.729313437143961,1303458.5333333334,8.987743142515134,41.723152747328704,True,True
1998-12-08 20:00:00,9.16146183013916,9.221341133117676,8.951886177062988,8.951886177062988,1240213,9.702367941538492,1276097.7333333334,8.95912077157696,35.186229662870424,True,True
1998-12-09 20:00:00,9.011764526367188,9.041705131530762,8.802188873291016,9.041705131530762,3107525,9.683406321207682,1323603.3666666667,9.416384780515545,37.615300192159864,True,False
1998-12-10 20:00:00,8.892007827758789,8.981825828552246,8.712370872497559,8.7423095703125,2154977,9.65845677057902,1360212.0333333334,10.117228948328437,33.15482051017724,True,False
1998-12-11 20:00:00,8.7423095703125,8.862068176269531,8.622552871704102,8.682432174682617,1543534,9.632509263356527,1354067.7,11.038596196641624,32.329137440935625,True,False
1998-12-14 20:00:00,8.712370872497559,8.862068176269531,8.652491569519043,8.7423095703125,1303883,9.606561756134033,1331807.4666666666,11.894151498646726,34.09663559066807,True,True
1998-12-15 20:00:00,8.682432174682617,8.712370872497559,8.263279914855957,8.502795219421387,2902528,9.569636472066243,1374957.1,13.737457372041929,30.648246885071984,True,False
1998-12-16 20:00:00,8.562673568725586,8.682432174682617,8.502795219421387,8.562673568725586,2373334,9.526723289489746,1392715.1666666667,15.449098540194617,32.486553407971805,True,False
1998-12-17 20:00:00,8.532734870910645,8.7423095703125,8.263279914855957,8.383036613464355,1854787,9.474828275044759,1410695.9,17.571682310007027,29.923903503363743,True,False
1998-12-18 20:00:00,8.263279914855957,8.502795219421387,8.2333402633667,8.323159217834473,2082747,9.406965605417888,1418385.0333333334,19.604827395748355,29.099900037261904,True,False
1998-12-21 20:00:00,8.203400611877441,8.293218612670898,8.113582611083984,8.173460960388184,3418987,9.33710692723592,1494810.1666666667,21.739453052665876,27.091361579769647,True,False
1998-12-22 20:00:00,8.143522262573242,8.2333402633667,7.96388578414917,8.083642959594727,2653692,9.269244225819905,1546769.2666666666,24.007795118868454,25.93471301428077,True,False
1998-12-23 20:00:00,8.083642959594727,8.263279914855957,8.023763656616211,8.143522262573242,1998410,9.213357289632162,1557179.1666666667,25.92993707431017,28.13749235289935,True,False
1998-12-24 20:00:00,8.143522262573242,8.472855567932129,8.113582611083984,8.41297721862793,790763,9.171442127227783,1547729.5,26.5031480030689,37.19018765783945,True,True
1998-12-28 20:00:00,8.41297721862793,8.442915916442871,8.113582611083984,8.263279914855957,1900296,9.115555222829183,1562759.8666666667,27.035415294059145,34.58367877316938,True,False
1998-12-29 20:00:00,8.263279914855957,8.293218612670898,8.023763656616211,8.293218612670898,1952902,9.056674353281657,1603293.1,27.779272013055053,35.55645704297472,True,False
1998-12-30 20:00:00,8.263279914855957,8.353097915649414,8.053704261779785,8.113582611083984,2537833,8.993801561991374,1656289.0,28.11069137809104,32.439393697245634,True,False
1998-12-31 20:00:00,8.113582611083984,8.173460960388184,8.083642959594727,8.083642959594727,2063751,8.93591864903768,1693182.9666666666,28.41843793133874,31.93686886472338,True,False
1999-01-04 20:00:00,8.203400611877441,8.323159217834473,8.083642959594727,8.203400611877441,1992983,8.88302567799886,1734982.6666666667,27.79683810179981,36.19464795173704,True,False
1999-01-05 20:00:00,8.263279914855957,8.263279914855957,8.113582611083984,8.203400611877441,2130552,8.830132706960041,1774172.9,27.219638260085087,36.19464795173704,True,False
1999-01-06 20:00:00,8.203400611877441,8.41297721862793,8.203400611877441,8.41297721862793,5185263,8.785223579406738,1898103.7333333334,25.82754507421526,43.382964939753855,True,False
1999-01-07 20:00:00,8.353097915649414,8.442915916442871,8.263279914855957,8.353097915649414,3117754,8.742310396830241,1976045.8333333333,24.372459598669447,41.92948754812926,True,False
1999-01-08 20:00:00,8.41297721862793,8.442915916442871,8.203400611877441,8.323159217834473,2293590,8.699397246042887,2014818.5666666667,23.314987836375998,41.186494526861665,True,False
1999-01-11 20:00:00,8.293218612670898,8.442915916442871,8.203400611877441,8.41297721862793,2397132,8.659478028615316,2066944.6666666667,22.33304977138922,44.37127461869632,True,False
1999-01-12 20:00:00,8.383036613464355,8.472855567932129,8.293218612670898,8.323159217834473,1351479,8.599599202473959,2079323.8333333333,21.228742952773363,41.92630398886374,True,True
1999-01-13 20:00:00,8.203400611877441,8.442915916442871,8.173460960388184,8.323159217834473,1774208,8.553692118326824,2091257.6666666667,20.840614133709202,41.92630398886374,True,True
1999-01-14 20:00:00,8.323159217834473,8.442915916442871,8.263279914855957,8.263279914855957,2249751,8.511776955922445,2116085.566666667,20.48020880172105,40.213051047434604,True,False
1999-01-15 20:00:00,8.323159217834473,8.353097915649414,8.263279914855957,8.353097915649414,1666073,8.482835515340168,2117790.4,20.145546707732056,43.91518021398346,True,True
1999-01-19 20:00:00,8.323159217834473,8.353097915649414,8.143522262573242,8.2333402633667,1783602,8.450900109608968,2128047.2333333334,20.47758416483274,40.32934052923237,True,True
1999-01-20 20:00:00,8.2333402633667,8.293218612670898,8.173460960388184,8.173460960388184,1454187,8.413974793752034,2142548.7666666666,20.785904660711953,38.63082946832404,True,True
1999-01-21 20:00:00,8.2333402633667,8.263279914855957,8.143522262573242,8.203400611877441,3058468,8.37605152130127,2211173.466666667,21.233650316670794,39.99168915444539,True,False
1999-01-22 20:00:00,8.173460960388184,8.203400611877441,8.083642959594727,8.113582611083984,2728844,8.34810806910197,2260794.5,21.96620107561674,37.31816160693035,True,False
1999-01-25 20:00:00,8.113582611083984,8.113582611083984,7.724370002746582,7.724370002746582,5004690,8.304196898142497,2324033.3333333335,24.026663340711387,28.44421100653129,True,False
1999-01-26 20:00:00,7.724370002746582,7.844128131866455,7.544734001159668,7.604612827301025,5032036,8.266273673375448,2419935.3,26.403181278220476,26.366662143137393,True,False
1999-01-27 20:00:00,7.604612827301025,7.664491176605225,7.4848551750183105,7.544734001159668,4823490,8.228350400924683,2529267.1666666665,28.74778784520991,25.36892567049066,True,False
1999-01-28 20:00:00,7.4848551750183105,7.604612827301025,7.4848551750183105,7.544734001159668,6181232,8.188431215286254,2691845.466666667,30.92492251455724,25.36892567049066,True,False
1999-01-29 20:00:00,7.514793872833252,7.544734001159668,7.155520915985107,7.27527904510498,5649533,8.147514009475708,2783412.3,33.59820641813864,21.185100829429253,True,False
1999-02-01 20:00:00,7.30521821975708,7.335157871246338,7.155520915985107,7.27527904510498,2697531,8.104600858688354,2794218.8666666667,36.080541471464215,21.18510082942925,True,True
1999-02-02 20:00:00,7.27527904510498,7.27527904510498,7.185461044311523,7.185461044311523,3098340,8.064681673049927,2835670.6333333333,38.385566878123676,19.915384544605622,True,False
1999-02-03 20:00:00,7.245338916778564,7.335157871246338,7.185461044311523,7.27527904510498,4186370,8.029752333958944,2905791.4,39.944466924902756,24.771019340608746,True,False
1999-02-04 20:00:00,7.335157871246338,7.395037174224853,7.215400218963623,7.365097045898437,4853551,8.002806870142619,2953610.2,40.82558071503336,29.38203704299455,True,False
1999-02-05 20:00:00,7.424975872039795,7.634552001953125,7.424975872039795,7.634552001953125,2036195,7.987837171554565,2933026.966666667,39.7321246783102,41.05466240424461,True,True
1999-02-08 20:00:00,7.664491176605225,7.724370002746582,7.634552001953125,7.724370002746582,1796336,7.973865429560344,2926291.1666666665,38.12261583198921,44.356313290223504,True,True
1999-02-09 20:00:00,7.754310131072998,7.754310131072998,7.634552001953125,7.634552001953125,1886100,7.94791792233785,2962802.4,36.433542307071086,41.83292213977381,True,True
1999-02-10 20:00:00,7.634552001953125,7.664491176605225,7.574673175811768,7.634552001953125,2060411,7.9269603252410885,2968139.566666667,35.15628692723486,41.83292213977381,True,True
1999-02-11 20:00:00,7.604612827301025,7.664491176605225,7.365097045898437,7.395037174224853,2129091,7.8970209439595545,2974012.533333333,34.8562679261124,35.573991760237725,True,True
1999-02-12 20:00:00,7.365097045898437,7.424975872039795,7.185461044311523,7.185461044311523,2752224,7.866083558400472,2981158.9,35.185522442016556,31.17828922728998,True,True
1999-02-16 20:00:00,7.30521821975708,7.365097045898437,7.155520915985107,7.215400218963623,1823891,7.837142133712769,2973163.566666667,35.584844268448926,32.46217230170881,True,True
1999-02-17 20:00:00,7.215400218963623,7.30521821975708,7.125582218170166,7.125582218170166,3430887,7.801214853922526,3021093.7,36.05199564253757,30.616863909212988,True,False
1999-02-18 20:00:00,7.125582218170166,7.185461044311523,7.09564208984375,7.185461044311523,2467274,7.767283535003662,3032317.7666666666,36.58475681902782,33.33748252895322,True,True
1999-02-19 20:00:00,7.155520915985107,7.185461044311523,7.09564208984375,7.185461044311523,1431641,7.726366329193115,2907197.033333333,37.07946362576876,33.33748252895322,True,True
1999-02-22 20:00:00,7.215400218963623,7.27527904510498,7.185461044311523,7.245338916778564,2237644,7.689441029230753,2877860.033333333,36.75059114523875,36.23712262679014,True,True
1999-02-23 20:00:00,7.245338916778564,7.30521821975708,7.09564208984375,7.155520915985107,3700807,7.650519752502442,2924767.2666666666,36.81408118407197,33.85805852343105,True,False
1999-02-24 20:00:00,7.125582218170166,7.215400218963623,7.125582218170166,7.185461044311523,4567766,7.609602546691894,2997121.7333333334,36.87303622013139,35.381015120389,True,False
1999-02-25 20:00:00,7.155520915985107,7.215400218963623,7.155520915985107,7.215400218963623,1286139,7.5726772467295325,2994943.7333333334,36.92778018218656,36.94453767931401,True,True
1999-02-26 20:00:00,7.185461044311523,7.245338916778564,7.185461044311523,7.185461044311523,2273549,7.534753974278768,3011588.433333333,36.675251132631686,36.00631193937906,True,True
1999-03-01 20:00:00,7.155520915985107,7.185461044311523,7.09564208984375,7.125582218170166,3411055,7.496830717722575,3050298.566666667,36.87207166990148,34.138962631496646,True,False
1999-03-02 20:00:00,7.125582218170166,7.125582218170166,7.005824089050293,7.06570291519165,1951649,7.453917551040649,3059817.7666666666,37.43964191799951,32.3331090525665,True,True
1999-03-03 20:00:00,7.06570291519165,7.30521821975708,7.035764217376709,7.30521821975708,2916514,7.422980149586995,3097581.5,36.303607989379216,44.89051143807319,True,True
1999-03-04 20:00:00,7.215400218963623,7.245338916778564,7.125582218170166,7.185461044311523,3548207,7.390046819051107,3167382.1666666665,35.24871934137466,40.812318110170445,True,False
1999-03-05 20:00:00,7.185461044311523,7.30521821975708,7.125582218170166,7.185461044311523,3396233,7.356115500132243,3178641.0,33.76119190656599,40.81231811017045,True,False
1999-03-08 20:00:00,7.245338916778564,7.365097045898437,7.185461044311523,7.30521821975708,3623985,7.329170020421346,3208479.033333333,31.895401784596515,46.45401248463441,True,False
1999-03-09 20:00:00,7.30521821975708,7.424975872039795,7.27527904510498,7.335157871246338,3892026,7.316196282704671,3171390.2333333334,29.701486029048016,47.793782737068916,False,False
1999-03-10 20:00:00,7.365097045898437,7.724370002746582,7.335157871246338,7.724370002746582,7583230,7.320188188552857,3256430.033333333,29.260637338554655,61.337032642476565,False,False
1999-03-11 20:00:00,7.7842488288879395,8.023763656616211,7.664491176605225,7.694430828094482,5910686,7.325178082784017,3292669.9,29.988704243309943,60.046623602763646,False,False
1999-03-12 20:00:00,7.814188003540039,7.993824958801269,7.724370002746582,7.933946132659912,3276199,7.338151820500692,3195835.466666667,30.66476636915414,66.1770925977495,False,False
1999-03-15 20:00:00,7.96388578414917,7.96388578414917,7.844128131866455,7.874066829681396,2566641,7.3581114133199055,3093072.4,31.292538343152323,63.55169256917226,False,True
1999-03-16 20:00:00,7.844128131866455,7.874066829681396,7.844128131866455,7.844128131866455,1887979,7.377073049545288,3066087.3333333335,31.87546946186492,62.22253533496757,False,True
1999-03-17 20:00:00,7.874066829681396,8.113582611083984,7.874066829681396,8.113582611083984,1972525,7.40801043510437,3028560.1666666665,33.20842804840082,68.58985145614331,False,True
1999-03-18 20:00:00,8.143522262573242,8.203400611877441,8.053704261779785,8.083642959594727,3301250,7.434955898920695,2999056.1666666665,34.68938131415413,67.23385781785791,False,False
1999-03-19 20:00:00,8.143522262573242,8.2333402633667,7.993824958801269,8.173460960388184,2265826,7.46190136273702,2912798.6666666665,35.54671017313819,69.20099991964832,False,True
1999-03-22 20:00:00,8.2333402633667,8.263279914855957,8.113582611083984,8.263279914855957,1937245,7.482858959833781,2909500.3333333335,36.43697119167908,71.07137014916137,False,True
1999-03-23 20:00:00,8.203400611877441,8.263279914855957,8.083642959594727,8.083642959594727,1875245,7.494834725062052,2912130.6333333333,36.98937041571637,62.85059564529381,False,True
1999-03-24 20:00:00,8.203400611877441,8.2333402633667,8.083642959594727,8.143522262573242,2767672,7.511800400416056,2941516.3666666667,37.50231255232244,64.33163626109194,False,True
1999-03-25 20:00:00,8.113582611083984,8.2333402633667,8.113582611083984,8.203400611877441,1383627,7.530762020746867,2918956.9,37.97861596488521,65.79995246023196,False,True
1999-03-26 20:00:00,8.203400611877441,8.323159217834473,8.173460960388184,8.263279914855957,1852908,7.55970344543457,2909750.8,38.77419424026737,67.2517821529246,False,True
1999-03-29 20:00:00,8.41297721862793,8.772250175476074,8.41297721862793,8.7423095703125,3430260,7.61159839630127,2932352.0,40.686788207014565,76.02143646621148,False,False
1999-03-30 20:00:00,8.7423095703125,8.7423095703125,8.652491569519043,8.712370872497559,2577914,7.661497418085734,2957486.1,42.46276831899411,74.67548912314645,False,True
1999-03-31 20:00:00,8.7423095703125,8.802188873291016,8.622552871704102,8.622552871704102,3471385,7.711396439870199,2958836.033333333,44.228940604699595,70.63506013855778,False,False
1999-04-01 20:00:00,8.652491569519043,8.712370872497559,8.622552871704102,8.682432174682617,2348492,7.761295477549235,2954876.6333333333,45.868957727140405,71.73311828705762,False,True
1999-04-04 20:00:00,8.7423095703125,8.981825828552246,8.712370872497559,8.862068176269531,1791534,7.817182381947835,2966873.066666667,47.85792684074482,74.77991886685545,False,True
1999-04-05 20:00:00,8.862068176269531,8.92194652557373,8.652491569519043,8.682432174682617,1372355,7.8650854905446375,2938030.1,49.14109003191927,67.00239843812055,False,True
1999-04-06 20:00:00,8.7423095703125,8.7423095703125,8.502795219421387,8.652491569519043,1633089,7.914984512329101,2869106.1666666665,49.0417170356842,65.7744912375737,False,True
1999-04-07 20:00:00,8.622552871704102,8.7423095703125,8.592613220214844,8.682432174682617,1074879,7.964883550008138,2752676.6,48.949442110608786,66.43689383543735,False,True
1999-04-08 20:00:00,8.682432174682617,8.862068176269531,8.652491569519043,8.832128524780273,2189630,8.018774493535359,2782792.966666667,49.206495572175186,69.60440453774804,False,True
1999-04-11 20:00:00,8.7423095703125,8.892007827758789,8.712370872497559,8.802188873291016,1044192,8.07266542116801,2741814.4,49.52696755783376,68.21773350620994,False,True
1999-04-12 20:00:00,8.862068176269531,8.92194652557373,8.682432174682617,8.92194652557373,1215997,8.132544231414794,2668645.8,49.82454868737387,70.72965348740281,False,True
1999-04-13 20:00:00,8.92194652557373,9.191402435302734,8.92194652557373,9.16146183013916,1832450,8.202402861913045,2664672.5,50.76629690248061,74.98752274160468,False,True
1999-04-14 20:00:00,9.191402435302734,9.55067539215088,9.191402435302734,9.400978088378906,1936410,8.27226152420044,2632002.3666666667,52.23296650516852,78.37520634674058,False,True
1999-04-15 20:00:00,9.58061408996582,9.850069046020508,9.55067539215088,9.790189743041992,2445772,8.359085814158123,2595254.533333333,53.93816396947035,82.51861288511422,False,True
1999-04-18 20:00:00,9.820130348205566,10.149462699890137,9.820130348205566,9.969826698303224,4051724,8.451898002624512,2617104.2333333334,55.78232483630001,84.03869964871483,False,False
1999-04-19 20:00:00,9.939887046813965,9.99976634979248,9.640493392944336,9.730311393737791,2335967,8.532734441757203,2574170.3,56.34107678420935,74.71052740605012,False,True
1999-04-20 20:00:00,9.670432090759276,9.850069046020508,9.670432090759276,9.790189743041992,2431159,8.614568837483723,2525474.7333333334,56.85991787869659,75.44434806681522,False,True
1999-04-21 20:00:00,9.820130348205566,9.820130348205566,9.58061408996582,9.730311393737791,3532133,8.681433550516765,2390438.1666666665,56.76296767866938,73.15823316502158,False,False
1999-04-22 20:00:00,9.730311393737791,9.820130348205566,9.610553741455078,9.640493392944336,3569917,8.746302302678426,2312412.533333333,56.672942492929835,69.74427528661226,False,False
1999-04-25 20:00:00,9.670432090759276,9.670432090759276,9.311159133911133,9.371038436889648,1949353,8.794205379486083,2268184.3333333335,54.80453754677716,60.606844536533366,False,True
1999-04-26 20:00:00,9.490796089172363,9.58061408996582,9.430916786193848,9.430916786193848,1690915,8.8461003780365,2238993.466666667,53.06959009677825,61.80440417018409,False,True
1999-04-27 20:00:00,9.490796089172363,9.76025104522705,9.490796089172363,9.76025104522705,2468526,8.909971141815186,2258345.033333333,51.95771840044898,67.63262083834263,False,False
1999-04-28 20:00:00,9.820130348205566,10.089584350585938,9.790189743041992,10.029705047607422,3050326,8.9738418896993,2294271.7333333334,51.66480892237532,71.46861287989277,False,False
1999-04-29 20:00:00,10.029705047607422,10.029705047607422,9.670432090759276,9.670432090759276,1598227,9.026734860738118,2237504.3,50.7493908808521,61.075170289488014,False,True
1999-05-02 20:00:00,9.670432090759276,9.88000774383545,9.670432090759276,9.820130348205566,1724733,9.081623840332032,2219467.8666666667,49.89935984229482,63.45965020657168,False,True
1999-05-03 20:00:00,9.88000774383545,9.909948348999023,9.820130348205566,9.820130348205566,2835935,9.133518854777018,2249424.2,49.18586562335775,63.45965020657168,False,False
1999-05-04 20:00:00,9.88000774383545,9.99976634979248,9.730311393737791,9.790189743041992,2960144,9.190403747558594,2285587.5,47.99266170611294,62.57055120119811,False,False
1999-05-05 20:00:00,9.820130348205566,9.850069046020508,9.700371742248535,9.850069046020508,2633025,9.24728864034017,2281099.2666666666,46.707678278454374,63.66691716613312,False,False
1999-05-06 20:00:00,9.820130348205566,9.939887046813965,9.700371742248535,9.76025104522705,1152536,9.299183654785157,2273396.2333333334,45.7994096535237,60.79051714925055,False,True
1999-05-09 20:00:00,9.909948348999023,9.99976634979248,9.820130348205566,9.939887046813965,1548752,9.355070559183757,2263257.7,45.14134419541352,64.26758021498772,False,True
1999-05-10 20:00:00,9.88000774383545,9.969826698303224,9.88000774383545,9.939887046813965,971128,9.394989808400473,2181286.6333333333,44.53028341288263,64.2675802149877,False,True
1999-05-11 20:00:00,9.88000774383545,9.88000774383545,9.55067539215088,9.730311393737791,1168610,9.42892115910848,2134309.8333333335,42.00711494784391,57.38237642994489,False,True
1999-05-12 20:00:00,9.790189743041992,9.909948348999023,9.76025104522705,9.88000774383545,945033,9.470836321512857,2050098.1,39.78900708514083,60.627097359615114,False,True
1999-05-13 20:00:00,9.99976634979248,9.99976634979248,9.88000774383545,9.909948348999023,1288644,9.511753527323405,2014769.8333333333,38.10170977227283,61.26236289348992,False,True
1999-05-16 20:00:00,9.909948348999023,10.149462699890137,9.850069046020508,10.05964469909668,2568938,9.551672744750977,2040683.3,37.10433383485725,64.35869003081804,False,False
1999-05-17 20:00:00,10.05964469909668,10.05964469909668,9.909948348999023,10.029705047607422,2461638,9.596581840515137,2076992.7333333334,36.178199035828506,63.2694391742738,False,False
1999-05-18 20:00:00,10.029705047607422,10.179403305053713,9.99976634979248,10.179403305053713,1863764,9.647478898366293,2084681.9,35.7575250457836,66.33722681141893,False,True
1999-05-19 20:00:00,10.119524002075195,10.209342002868652,10.089584350585938,10.089584350585938,947956,9.694383970896403,2080451.1333333333,35.4732606191639,62.94047598192284,False,True
1999-05-20 20:00:00,10.149462699890137,10.209342002868652,10.089584350585938,10.149462699890137,2060619,9.738295110066732,2076150.7666666666,35.20930079444561,64.25453198054714,False,True
1999-05-23 20:00:00,10.149462699890137,10.29916000366211,10.089584350585938,10.149462699890137,1384671,9.783204237620035,2087500.0666666667,35.30130619093849,64.25453198054714,False,True
1999-05-24 20:00:00,10.149462699890137,10.29916000366211,10.119524002075195,10.179403305053713,1166940,9.825119463602702,2085864.8333333333,35.386739773396165,64.97473605537387,False,True
1999-05-25 20:00:00,10.179403305053713,10.269221305847168,10.149462699890137,10.269221305847168,2081704,9.862044779459636,2094173.3,35.466070957106865,67.11524335042628,False,True
1999-05-26 20:00:00,10.209342002868652,10.209342002868652,9.939887046813965,9.99976634979248,1756046,9.88200438817342,2088161.1666666667,33.903897111938015,56.048778201725504,False,True
1999-05-27 20:00:00,9.99976634979248,10.149462699890137,9.99976634979248,10.119524002075195,1023108,9.89298219680786,2040739.0333333334,32.453307112852656,59.26370479865154,False,True
1999-05-31 20:00:00,10.089584350585938,10.089584350585938,9.850069046020508,9.99976634979248,1743938,9.893980185190836,1963812.8333333333,30.154244553399415,54.93614596616951,False,True
1999-06-01 20:00:00,9.969826698303224,9.99976634979248,9.909948348999023,9.939887046813965,1856040,9.900966040293376,1947815.2666666666,28.01940074819283,52.85778356187583,False,True
1999-06-02 20:00:00,9.909948348999023,10.029705047607422,9.909948348999023,9.99976634979248,1403877,9.907951927185058,1913572.5333333334,26.196117700290564,54.70328537658573,False,True
1999-06-03 20:00:00,10.029705047607422,10.149462699890137,9.969826698303224,10.149462699890137,1344799,9.921923637390137,1840661.4,25.241363019255193,59.022178922676126,False,True
1999-06-06 20:00:00,10.149462699890137,10.359039306640623,10.149462699890137,10.359039306640623,1681938,9.94587516784668,1777728.7666666666,25.39158844551252,64.17254429910703,False,True
1999-06-07 20:00:00,10.359039306640623,10.359039306640623,10.239280700683594,10.269221305847168,1219964,9.975814596811931,1753415.8,25.53108348418004,60.65406995322338,False,True
1999-06-08 20:00:00,10.269221305847168,10.329099655151367,10.239280700683594,10.329099655151367,1908228,10.00575402577718,1760659.5666666667,25.660614591514165,62.144214874230755,False,False
1999-06-09 20:00:00,10.269221305847168,10.29916000366211,10.209342002868652,10.209342002868652,1379244,10.020723724365235,1724350.1666666667,25.518454369260333,57.45725033706115,False,True
1999-06-10 20:00:00,10.239280700683594,10.359039306640623,10.209342002868652,10.329099655151367,1323088,10.0307035446167,1666775.5666666667,25.70544517526873,60.653098813033026,False,True
1999-06-13 20:00:00,10.359039306640623,10.628494262695312,10.359039306640623,10.628494262695312,2002794,10.0626389503479,1680261.1333333333,27.013011498918605,67.27224817103051,False,False
1999-06-14 20:00:00,10.538676261901855,10.628494262695312,10.538676261901855,10.628494262695312,1048158,10.089584414164225,1657708.6333333333,28.22718022802206,67.27224817103051,False,True
1999-06-15 20:00:00,10.658432960510254,10.658432960510254,10.568614959716797,10.658432960510254,1365257,10.117527834574382,1608686.0333333334,29.46531142346848,67.89853714989205,False,True
1999-06-16 20:00:00,10.658432960510254,10.658432960510254,10.50873565673828,10.538676261901855,1724942,10.142477385203044,1567512.6333333333,30.030040722602624,62.72760440045767,False,False
1999-06-17 20:00:00,10.538676261901855,10.628494262695312,10.538676261901855,10.628494262695312,1573386,10.168424892425538,1532191.3333333333,30.55443221465576,64.8874330825872,False,False
1999-06-20 20:00:00,10.628494262695312,10.628494262695312,10.29916000366211,10.448857307434082,1323088,10.191378434499105,1537876.4,29.01044423431225,57.687466980846615,False,True
1999-06-21 20:00:00,10.448857307434082,10.448857307434082,10.359039306640623,10.359039306640623,1065694,10.205350176493328,1521774.4666666666,27.576741109707562,54.43508783427615,False,True
1999-06-22 20:00:00,10.359039306640623,10.418917655944824,10.209342002868652,10.329099655151367,1160886,10.218323930104573,1528099.7333333334,25.983624693986354,53.355234506504075,False,True
1999-06-23 20:00:00,10.418917655944824,10.50873565673828,10.29916000366211,10.329099655151367,1325594,10.23828353881836,1533332.5333333334,24.3355765850638,53.355234506504075,False,True
1999-06-24 20:00:00,10.359039306640623,10.388978958129885,9.939887046813965,9.99976634979248,1690706,10.242275492350261,1558188.3,24.23350510253082,42.57954362751748,True,False
1999-06-27 20:00:00,10.029705047607422,10.029705047607422,9.88000774383545,9.909948348999023,726885,10.242275492350261,1539463.0,24.375998902739973,40.195273311725686,True,True
1999-06-28 20:00:00,9.909948348999023,9.99976634979248,9.76025104522705,9.88000774383545,851929,10.236287593841553,1482229.3666666667,24.955809390832258,39.40319557391883,True,True
1999-06-29 20:00:00,9.88000774383545,10.29916000366211,9.76025104522705,10.119524002075195,2008013,10.239281558990479,1467108.5333333334,23.7330587625088,48.19751995944736,True,False
1999-06-30 20:00:00,10.119524002075195,10.359039306640623,10.089584350585938,10.29916000366211,1126024,10.243273448944091,1442517.2,22.3008080156739,53.63262938417629,False,True
1999-07-01 20:00:00,10.29916000366211,10.448857307434082,10.269221305847168,10.418917655944824,1881508,10.254251225789387,1473635.6,20.878933621025734,56.8806899602959,False,False
1999-07-05 20:00:00,10.538676261901855,10.568614959716797,10.448857307434082,10.538676261901855,939188,10.267225011189778,1436254.5666666667,20.099757208543405,59.90541250226234,False,True
1999-07-06 20:00:00,10.50873565673828,10.538676261901855,10.179403305053713,10.329099655151367,1350227,10.273212909698486,1435106.4333333333,19.19534216168436,52.910584287089215,False,True
1999-07-07 20:00:00,10.29916000366211,10.538676261901855,10.29916000366211,10.448857307434082,1350853,10.282194709777832,1441236.8666666667,18.35552818960096,56.06735808576592,False,True
1999-07-08 20:00:00,10.448857307434082,10.50873565673828,10.359039306640623,10.418917655944824,1486752,10.287184588114421,1421405.1333333333,17.575700929809233,55.073350248744326,False,False
1999-07-11 20:00:00,10.418917655944824,10.50873565673828,10.329099655151367,10.359039306640623,1159633,10.299160353342693,1401524.7,16.99369937185185,53.047746834069464,False,True
1999-07-12 20:00:00,10.29916000366211,10.359039306640623,10.029705047607422,10.029705047607422,1865434,10.296166388193766,1429602.2333333334,17.669393945491827,43.55839467283463,True,False
1999-07-13 20:00:00,10.05964469909668,10.05964469909668,9.790189743041992,9.820130348205566,1989852,10.290178521474202,1437799.3666666667,19.02902688591516,38.80168317303175,True,False
1999-07-14 20:00:00,9.939887046813965,9.99976634979248,9.610553741455078,9.610553741455078,1806774,10.279200744628906,1436157.1666666667,20.74900902841264,34.7186205292123,True,False
1999-07-15 20:00:00,9.670432090759276,9.88000774383545,9.640493392944336,9.700371742248535,1771494,10.269220924377441,1448411.0666666667,22.34613530358887,37.74228713241779,True,False
1999-07-18 20:00:00,9.700371742248535,9.730311393737791,9.430916786193848,9.460857391357422,2340142,10.246267414093017,1481589.1666666667,24.3185345591095,33.31140344538134,True,False
1999-07-19 20:00:00,9.520734786987305,9.55067539215088,9.16146183013916,9.16146183013916,1825770,10.206348164876301,1486383.5666666667,26.660849375199295,28.765388311649854,True,False
1999-07-20 20:00:00,9.221341133117676,9.400978088378906,9.221341133117676,9.281220436096191,2645551,10.17341480255127,1533903.1333333333,28.835855990139816,32.7205688807749,True,False
1999-07-21 20:00:00,9.281220436096191,9.430916786193848,9.071643829345703,9.13152313232422,2783120,10.133495585123699,1563066.2,31.113803633039883,30.445033267412065,True,False
1999-07-22 20:00:00,9.221341133117676,9.371038436889648,9.191402435302734,9.281220436096191,2312587,10.102558199564616,1594177.6333333333,33.22904073001852,35.2913294409265,True,False
1999-07-25 20:00:00,9.281220436096191,9.371038436889648,9.041705131530762,9.101582527160645,1917414,10.061640961964924,1613988.5,35.44306304330122,32.37608588396333,True,False
1999-07-26 20:00:00,9.191402435302734,9.520734786987305,9.191402435302734,9.460857391357422,3385795,10.02271973292033,1660088.5333333334,36.47218217503069,42.59031340865708,True,False
1999-07-27 20:00:00,9.520734786987305,9.820130348205566,9.371038436889648,9.400978088378906,2694817,9.981802527109782,1714977.1666666667,35.72995341383161,41.46613972160187,True,False
1999-07-28 20:00:00,9.400978088378906,9.55067539215088,9.281220436096191,9.460857391357422,2368533,9.941883341471355,1748419.7,35.29813111732143,43.08400225145207,True,False
1999-07-29 20:00:00,9.490796089172363,9.76025104522705,9.34109878540039,9.371038436889648,2086505,9.902962080637614,1760471.8,33.88627130596754,41.24256850820585,True,False
1999-08-01 20:00:00,9.311159133911133,9.58061408996582,9.251280784606934,9.58061408996582,1453769,9.868032741546632,1756484.5666666667,32.8645732490697,46.94101543307207,True,True
1999-08-02 20:00:00,9.400978088378906,9.460857391357422,9.221341133117676,9.281220436096191,899525,9.829111512502035,1742365.8,32.01305783265243,40.84655106025211,True,True
1999-08-03 20:00:00,9.371038436889648,9.700371742248535,9.221341133117676,9.221341133117676,3001686,9.79118824005127,1806898.8666666667,30.123155576176043,39.735384130767045,True,False
1999-08-04 20:00:00,9.460857391357422,9.520734786987305,9.400978088378906,9.490796089172363,2982272,9.763244787851969,1867611.7333333334,28.368246338019397,46.75476469677752,True,False
1999-08-05 20:00:00,9.520734786987305,9.58061408996582,9.490796089172363,9.58061408996582,3852154,9.73829526901245,1951830.4,26.47042797188701,48.891692203991646,True,False
1999-08-08 20:00:00,9.76025104522705,9.850069046020508,9.520734786987305,9.820130348205566,2985821,9.732307402292887,1995000.9,25.520574677374878,54.173493811769156,False,False
1999-08-09 20:00:00,9.820130348205566,10.05964469909668,9.820130348205566,9.909948348999023,3649244,9.732307402292887,2092412.8666666667,25.318763493038876,56.00945296396529,False,False
1999-08-10 20:00:00,9.939887046813965,9.99976634979248,9.88000774383545,9.99976634979248,1227687,9.736299355824789,2104938.1333333333,25.1313673932983,57.82892595054814,False,True
1999-08-11 20:00:00,9.939887046813965,9.99976634979248,9.88000774383545,9.909948348999023,872387,9.729313500722249,2067083.9333333333,24.957356729253483,55.36294282797809,False,True
1999-08-12 20:00:00,9.909948348999023,10.029705047607422,9.909948348999023,9.939887046813965,1532887,9.717337735493977,2080646.0333333334,24.901752624095618,56.035915171474784,False,True
1999-08-15 20:00:00,9.88000774383545,9.939887046813965,9.730311393737791,9.909948348999023,965700,9.700372091929118,2050119.1,23.87146770831772,55.140636739142934,False,True
1999-08-16 20:00:00,9.909948348999023,9.969826698303224,9.820130348205566,9.969826698303224,796817,9.681410439809163,2045373.4,23.038948618071096,56.63299362223866,False,True
1999-08-17 20:00:00,9.969826698303224,9.969826698303224,9.58061408996582,9.58061408996582,3525035,9.656460920969645,2117867.0,21.669525772585423,45.93574445527794,True,False
1999-08-18 20:00:00,9.640493392944336,9.790189743041992,9.610553741455078,9.76025104522705,1918040,9.633507378896077,2136773.2333333334,20.397918844634443,50.57592238330357,False,True
1999-08-19 20:00:00,9.790189743041992,9.790189743041992,9.640493392944336,9.700371742248535,2052269,9.609555848439534,2155623.8,19.217140982965674,49.0642580145104,False,True
1999-08-22 20:00:00,9.730311393737791,9.790189743041992,9.610553741455078,9.790189743041992,875100,9.59059419631958,2146139.3666666667,18.27098991962372,51.41025533925203,False,True
1999-08-23 20:00:00,9.76025104522705,9.790189743041992,9.640493392944336,9.730311393737791,776568,9.58061440785726,2109843.8333333335,17.392421075091907,49.76468205511258,False,True
1999-08-24 20:00:00,9.850069046020508,9.939887046813965,9.58061408996582,9.700371742248535,1511803,9.576622454325358,2093908.8666666667,16.576070785863475,48.92148572130951,False,True
1999-08-25 20:00:00,9.730311393737791,9.850069046020508,9.640493392944336,9.730311393737791,1340624,9.580614376068116,2078370.5333333334,15.818031231579933,49.8368148097709,False,True
1999-08-26 20:00:00,10.029705047607422,10.029705047607422,9.939887046813965,9.969826698303224,2445772,9.589596207936605,2100846.466666667,16.024263729197198,56.545601217881355,False,False
1999-08-29 20:00:00,9.969826698303224,10.05964469909668,9.88000774383545,10.029705047607422,2248708,9.608557796478271,2097798.6666666665,15.822471954270382,58.05586006150929,False,False
1999-08-30 20:00:00,9.99976634979248,10.448857307434082,9.99976634979248,10.388978958129885,4787584,9.649475034077962,2196525.8,17.154769391894142,65.74795582549935,False,False
1999-08-31 20:00:00,10.50873565673828,10.598553657531738,10.329099655151367,10.50873565673828,2821322,9.690392208099365,2202384.8333333335,18.82327470866144,67.86353968804622,False,False
1999-09-01 20:00:00,10.47879695892334,10.538676261901855,10.239280700683594,10.448857307434082,2204660,9.734303347269694,2183102.8333333335,19.808470135126324,65.67917023153707,False,False
1999-09-02 20:00:00,10.538676261901855,10.778190612792969,10.538676261901855,10.71831226348877,2678534,9.78220640818278,2195301.066666667,21.39222229592179,70.3103875033193,False,False
1999-09-06 20:00:00,10.778190612792969,10.778190612792969,10.688372611999512,10.71831226348877,1590086,9.836097399393717,2184390.1333333333,22.862849302374723,70.3103875033193,False,True
1999-09-07 20:00:00,10.568614959716797,11.137463569641112,10.568614959716797,11.017705917358398,5200919,9.887992350260417,2244894.2666666666,25.03531705297826,74.70825338255882,False,False
1999-09-08 20:00:00,11.137463569641112,11.526676177978516,11.137463569641112,11.4069185256958,4191798,9.954857031504313,2294793.6333333333,27.670365100975857,79.05236887096319,False,False
1999-09-09 20:00:00,11.43685817718506,11.43685817718506,11.197342872619627,11.317100524902344,1997993,10.016731802622477,2282442.3,30.11719543125934,75.81609605681052,False,True
1999-09-12 20:00:00,11.22728157043457,11.22728157043457,11.077585220336914,11.137463569641112,2099239,10.075612640380859,2282866.7666666666,31.67259221946182,69.6726824831088,False,True
1999-09-13 20:00:00,11.197342872619627,11.4069185256958,11.137463569641112,11.376978874206545,2201320,10.135491466522216,2307785.1333333333,33.42953674875338,72.8335317396639,False,True
1999-09-14 20:00:00,11.287160873413086,11.64643383026123,11.287160873413086,11.376978874206545,3851110,10.205350081125895,2406171.3,35.421914035427854,72.83353173966391,False,False
1999-09-15 20:00:00,11.257222175598145,11.257222175598145,10.987767219543455,11.017705917358398,2224283,10.265228907267252,2380257.8666666667,35.72086960999386,61.654696042205316,False,True
1999-09-16 20:00:00,11.017705917358398,11.107524871826172,10.89794921875,11.077585220336914,2579375,10.318121878306071,2366827.966666667,35.58287440170403,62.68274036479893,False,False
1999-09-19 20:00:00,11.077585220336914,11.077585220336914,10.868008613586426,10.89794921875,1314738,10.362033049265543,2282247.433333333,35.31386660568777,57.68616281246411,False,True
1999-09-20 20:00:00,10.838069915771484,10.89794921875,10.47879695892334,10.598553657531738,1547917,10.38798049290975,2234317.3,33.45343330852973,50.46580785202504,False,True
1999-09-21 20:00:00,10.658432960510254,10.987767219543455,10.658432960510254,10.957826614379885,2460803,10.422909768422445,2194702.6,31.990171731761734,57.36252246310918,False,False
1999-09-22 20:00:00,11.017705917358398,11.047645568847656,10.89794921875,10.89794921875,1495937,10.452849197387696,2203644.2666666666,30.808255495937914,55.96400147781336,False,True
1999-09-23 20:00:00,10.89794921875,10.92788791656494,10.628494262695312,10.838069915771484,1464416,10.483786582946777,2223378.566666667,28.711788789323055,54.5321695564446,False,True
1999-09-26 20:00:00,10.838069915771484,11.107524871826172,10.808130264282228,11.017705917358398,1292401,10.519713878631592,2215362.3666666667,27.328293635332585,58.00351290836892,False,True
1999-09-27 20:00:00,10.957826614379885,10.987767219543455,10.658432960510254,10.778190612792969,1989434,10.548655287424724,2249486.8333333335,25.52033999289845,52.27297808035334,False,True
1999-09-28 20:00:00,10.778190612792969,11.077585220336914,10.778190612792969,11.017705917358398,1304092,10.583584594726563,2266396.0,24.131943309316824,56.86262480946505,False,True
1999-09-29 20:00:00,11.017705917358398,11.137463569641112,10.92788791656494,11.077585220336914,1205351,10.633483632405598,2189073.2,23.03678796029419,57.95129345268995,False,True
1999-09-30 20:00:00,11.017705917358398,11.22728157043457,10.838069915771484,10.987767219543455,2327199,10.674400838216146,2202711.8333333335,22.310696543770344,55.68130958572732,False,False
1999-10-03 20:00:00,10.987767219543455,11.167403221130373,10.89794921875,11.047645568847656,1059640,10.71930996576945,2169624.2,21.636468799855344,56.8935615528422,False,True
1999-10-04 20:00:00,11.047645568847656,11.107524871826172,10.838069915771484,11.017705917358398,1416193,10.760227171579997,2187660.6333333333,20.741380334632346,56.067750454838105,False,True
1999-10-05 20:00:00,10.92788791656494,11.107524871826172,10.868008613586426,11.077585220336914,1942882,10.8051362991333,2226537.7666666666,19.91022675978242,57.39957259060513,False,True
1999-10-06 20:00:00,10.89794921875,11.047645568847656,10.71831226348877,10.868008613586426,1533305,10.844057528177897,2227254.5,18.525147801389185,51.51339073490855,False,True
1999-10-07 20:00:00,10.688372611999512,10.71831226348877,10.089584350585938,10.329099655151367,4841861,10.864017136891682,2343962.4,19.265561153958732,40.12019958337009,True,False
1999-10-10 20:00:00,10.448857307434082,10.628494262695312,10.329099655151367,10.628494262695312,1596557,10.885972722371418,2315655.2333333334,19.953087838487594,47.117784005338734,True,True
1999-10-11 20:00:00,10.658432960510254,10.838069915771484,10.568614959716797,10.71831226348877,1113290,10.908926296234132,2277807.966666667,19.677251474491847,49.04170308282963,True,True
1999-10-12 20:00:00,11.017705917358398,11.197342872619627,10.89794921875,10.987767219543455,2920690,10.928885904947917,2215578.1666666665,18.407061463162687,54.40135480909547,False,False
1999-10-13 20:00:00,11.017705917358398,11.077585220336914,10.92788791656494,10.957826614379885,1693420,10.94385560353597,2177981.433333333,17.227599309785614,53.72518055570789,False,True
1999-10-14 20:00:00,10.957826614379885,11.017705917358398,10.628494262695312,10.778190612792969,1571716,10.954833380381267,2156883.3,16.809594518199642,49.73129026657764,True,True
1999-10-17 20:00:00,10.838069915771484,10.957826614379885,10.71831226348877,10.838069915771484,1491554,10.958825302124023,2117317.3,16.421447211726953,51.03790127307095,True,True
1999-10-18 20:00:00,11.017705917358398,11.017705917358398,10.688372611999512,10.778190612792969,2190674,10.96082124710083,2137336.9,15.8277519527628,49.648152343203975,True,False
1999-10-19 20:00:00,10.868008613586426,11.047645568847656,10.808130264282228,11.017705917358398,1555015,10.96082124710083,2015806.7666666666,15.156433417263829,54.93420836468952,False,True
1999-10-20 20:00:00,10.808130264282228,10.987767219543455,10.778190612792969,10.868008613586426,1502409,10.942857583363852,1926160.4666666666,14.643103614384488,51.30867004365645,True,True
1999-10-21 20:00:00,10.868008613586426,11.047645568847656,10.868008613586426,11.017705917358398,2124290,10.932877763112385,1930370.3666666667,13.902334800069287,54.5397390758337,False,False
1999-10-24 20:00:00,10.957826614379885,11.077585220336914,10.688372611999512,10.688372611999512,1674214,10.917908064524333,1916202.8666666667,13.895635365453819,47.13006660316179,True,True
1999-10-25 20:00:00,10.71831226348877,10.92788791656494,10.658432960510254,10.89794921875,1900713,10.901940409342448,1906182.6333333333,13.997561722585903,51.633298016503225,True,True
1999-10-26 20:00:00,10.89794921875,11.077585220336914,10.838069915771484,11.047645568847656,1235411,10.890962632497152,1818992.6666666667,13.380392203033852,54.607385826454056,False,True
1999-10-27 20:00:00,11.107524871826172,11.167403221130373,10.957826614379885,11.077585220336914,1606995,10.892958609263102,1798416.4,12.439967591107848,55.20071891626714,False,True
1999-10-28 20:00:00,11.077585220336914,11.137463569641112,10.868008613586426,10.92788791656494,1719096,10.88796869913737,1769740.4333333333,11.921781641272036,51.57101675861566,False,True
1999-11-01 20:00:00,10.987767219543455,10.987767219543455,10.838069915771484,10.89794921875,1371728,10.88796869913737,1771640.1,11.569116897593043,50.85085815409309,False,True
1999-11-02 20:00:00,10.89794921875,10.89794921875,10.568614959716797,10.71831226348877,3755918,10.89196065266927,1845240.1333333333,12.273754604878656,46.642152914573906,True,False
1999-11-03 20:00:00,10.71831226348877,10.838069915771484,10.598553657531738,10.748251914978027,1614302,10.884974829355876,1817023.4333333333,12.928061047358154,47.42320513314004,True,True
1999-11-04 20:00:00,10.748251914978027,10.868008613586426,10.688372611999512,10.748251914978027,878232,10.879984919230143,1796433.2666666666,13.365407524755385,47.42320513314004,True,True
1999-11-05 20:00:00,10.778190612792969,10.868008613586426,10.418917655944824,10.47879695892334,775942,10.868009154001872,1773484.1333333333,14.695583386524637,41.137820578985846,True,True
1999-11-08 20:00:00,10.388978958129885,10.89794921875,10.388978958129885,10.89794921875,1180509,10.86401726404826,1769754.4,15.753834305882519,51.832451753619765,False,True
1999-11-09 20:00:00,11.017705917358398,11.047645568847656,10.868008613586426,11.017705917358398,1580483,10.872001107533773,1756122.7,15.88758139401231,54.382640378577285,False,True
1999-11-10 20:00:00,11.017705917358398,11.466797828674316,10.987767219543455,11.43685817718506,3339661,10.885972849527995,1823975.0,15.314746920838743,61.97160371071625,False,False
1999-11-11 20:00:00,11.43685817718506,11.496736526489258,11.347040176391602,11.376978874206545,2281900,10.895952637990316,1859859.9666666666,14.890744933495466,60.42507107959878,False,False
1999-11-12 20:00:00,11.287160873413086,11.376978874206545,11.077585220336914,11.376978874206545,1132495,10.908926359812419,1820036.5,14.228688503923722,60.425071079598794,False,True
1999-11-15 20:00:00,11.347040176391602,11.616495132446287,11.317100524902344,11.586554527282717,1467964,10.926889991760254,1833647.3,13.686305274803784,64.0651868973327,False,True
1999-11-16 20:00:00,11.616495132446287,11.766192436218262,11.317100524902344,11.526676177978516,1983798,10.943855667114258,1852567.4666666666,13.665828430447098,62.30195115442206,False,False
1999-11-17 20:00:00,11.526676177978516,11.64643383026123,11.376978874206545,11.376978874206545,1377782,10.953835455576579,1833730.8,13.646814217830174,58.00387474692127,False,True
1999-11-18 20:00:00,11.466797828674316,11.556615829467772,11.22728157043457,11.496736526489258,1382584,10.97479305267334,1828706.7666666666,13.001310604388554,60.35990646584608,False,True
1999-11-19 20:00:00,11.616495132446287,11.676374435424805,11.167403221130373,11.22728157043457,1417446,11.004732449849447,1714559.6,12.8284437896468,53.13664074258643,False,True
1999-11-22 20:00:00,11.43685817718506,11.586554527282717,10.957826614379885,11.017705917358398,2417173,11.01770617167155,1741913.4666666666,11.989845226760602,48.295668920445486,True,False
1999-11-23 20:00:00,11.137463569641112,11.197342872619627,10.808130264282228,10.89794921875,1514725,11.023694070180257,1755294.6333333333,11.741590744134784,45.73177424304065,True,True
1999-11-24 20:00:00,10.89794921875,11.137463569641112,10.868008613586426,10.957826614379885,1658558,11.022696050008138,1713223.5666666667,11.511068724553668,47.23992639650611,True,True
1999-11-26 20:00:00,10.868008613586426,10.92788791656494,10.71831226348877,10.748251914978027,429826,11.015710226694743,1671103.7666666666,11.820437674050112,42.76068169559609,True,True
1999-11-29 20:00:00,10.538676261901855,10.688372611999512,10.47879695892334,10.538676261901855,1622234,11.007726414998372,1672787.7,12.836751643251805,38.798808058342146,True,True
1999-11-30 20:00:00,10.448857307434082,10.598553657531738,10.388978958129885,10.50873565673828,2527604,10.996748606363932,1707322.7,14.027105360838007,38.25351276289095,True,False
1999-12-01 20:00:00,10.418917655944824,10.71831226348877,10.418917655944824,10.658432960510254,1386759,10.992756684621176,1680525.5333333334,14.55123035284783,42.59744161536684,True,True
1999-12-02 20:00:00,10.538676261901855,10.628494262695312,10.448857307434082,10.47879695892334,1225391,10.97479305267334,1669538.0666666667,15.03791784542838,39.04745087676596,True,True
1999-12-03 20:00:00,10.47879695892334,10.688372611999512,10.418917655944824,10.538676261901855,1295950,10.963815307617187,1662656.1,15.185097196710599,40.81797387722604,True,True
1999-12-06 20:00:00,10.359039306640623,10.538676261901855,10.209342002868652,10.269221305847168,1444584,10.938865820566813,1639999.2333333334,16.01458662896021,35.7811362521785,True,True
1999-12-07 20:00:00,9.820130348205566,10.119524002075195,9.58061408996582,9.670432090759276,2620291,10.904934469858805,1671535.1333333333,18.219125049321452,27.6235963993614,True,False
1999-12-08 20:00:00,9.400978088378906,9.909948348999023,9.400978088378906,9.850069046020508,2780824,10.870005130767822,1700872.1666666667,20.56153087975435,32.58886891906209,True,False
1999-12-09 20:00:00,9.88000774383545,9.909948348999023,9.460857391357422,9.610553741455078,1889440,10.822102069854736,1722673.1333333333,22.736622008013473,29.66650226872724,True,False
1999-12-10 20:00:00,9.400978088378906,9.610553741455078,9.311159133911133,9.55067539215088,1969602,10.771205075581868,1734760.0333333334,25.00115245428017,28.967155614171684,True,False
1999-12-13 20:00:00,9.460857391357422,9.730311393737791,9.371038436889648,9.700371742248535,2792723,10.730287869771322,1770547.6,26.476816052331824,33.20638742153971,True,False
1999-12-14 20:00:00,9.520734786987305,9.700371742248535,9.490796089172363,9.700371742248535,2072101,10.690368620554606,1793893.3666666667,27.8470751076655,33.20638742153971,True,False
1999-12-15 20:00:00,9.820130348205566,10.329099655151367,9.820130348205566,10.329099655151367,2925491,10.67739486694336,1766212.4666666666,26.444178207657465,48.25018974544727,True,False
1999-12-16 20:00:00,10.448857307434082,10.47879695892334,10.209342002868652,10.388978958129885,2273967,10.665419101715088,1788201.3,24.663422296015142,49.41864430655693,True,False
1999-12-17 20:00:00,10.448857307434082,10.50873565673828,9.58061408996582,9.820130348205566,4976090,10.634481716156007,1924796.5666666667,24.54771095558732,40.145195273945625,True,False
1999-12-20 20:00:00,9.909948348999023,10.149462699890137,9.850069046020508,9.850069046020508,2389408,10.613524119059244,1978578.7666666666,24.44026471090434,40.77510117737515,True,False
1999-12-21 20:00:00,9.88000774383545,10.05964469909668,9.76025104522705,9.820130348205566,1342294,10.57759682337443,1983971.6,24.532625802186924,40.318158178072174,True,True
1999-12-22 20:00:00,9.939887046813965,10.089584350585938,9.820130348205566,9.909948348999023,1762309,10.540671571095784,1990032.4666666666,24.5070990320471,42.40350454781081,True,True
1999-12-23 20:00:00,9.99976634979248,10.47879695892334,9.939887046813965,10.359039306640623,1575891,10.50474427541097,1931240.1333333333,23.172129835137955,51.52399891561848,True,True
1999-12-27 20:00:00,10.418917655944824,10.50873565673828,10.209342002868652,10.209342002868652,1086152,10.465823046366374,1891381.8666666667,21.841071062987574,48.75268809163214,True,True
1999-12-28 20:00:00,10.179403305053713,10.388978958129885,10.119524002075195,10.149462699890137,790972,10.424905840555827,1879997.7666666666,20.861593353705835,47.64867569054816,True,True
1999-12-29 20:00:00,10.239280700683594,10.568614959716797,10.179403305053713,10.329099655151367,1281337,10.38299067815145,1873776.8666666667,19.373206329755277,51.21763708715008,True,True
1999-12-30 20:00:00,10.329099655151367,10.329099655151367,10.179403305053713,10.179403305053713,958185,10.338081582387288,1839589.7666666666,17.991132664658327,48.26476532681575,True,True
1999-12-31 20:00:00,10.149462699890137,10.388978958129885,10.089584350585938,10.359039306640623,561133,10.304150263468424,1812368.1333333333,17.00522237864897,51.852079661491814,False,True
2000-01-03 20:00:00,10.269221305847168,10.388978958129885,9.939887046813965,9.969826698303224,1161303,10.253253269195557,1804992.1,16.565778511855022,44.631061606287744,True,True
2000-01-04 20:00:00,9.790189743041992,10.05964469909668,9.730311393737791,9.76025104522705,1576308,10.20435225168864,1810287.5,16.762137568404743,41.29617771132631,True,True
2000-01-05 20:00:00,9.76025104522705,9.909948348999023,9.670432090759276,9.820130348205566,1172159,10.164433066050211,1768787.0333333334,17.108016962399468,42.61552314853983,True,True
2000-01-06 20:00:00,9.730311393737791,10.269221305847168,9.700371742248535,10.089584350585938,3336738,10.137487570444742,1829520.8,16.08329690187782,48.25165553958351,True,False
2000-01-07 20:00:00,10.329099655151367,10.778190612792969,10.209342002868652,10.388978958129885,3325674,10.118525981903076,1885091.3333333333,16.14062853357076,53.69379837480564,False,False
2000-01-10 20:00:00,10.388978958129885,10.388978958129885,9.969826698303224,10.05964469909668,2256849,10.095572408040365,1945992.1,15.45633769522874,47.74561209149347,True,False
2000-01-11 20:00:00,10.05964469909668,10.50873565673828,10.029705047607422,10.448857307434082,2191718,10.092578442891439,1964974.9,15.123975971344223,54.202677620138175,False,False
2000-01-12 20:00:00,10.50873565673828,10.538676261901855,10.359039306640623,10.388978958129885,2112391,10.088586552937825,1951134.4666666666,14.89230336277429,53.11525269563835,False,False
2000-01-13 20:00:00,10.388978958129885,10.778190612792969,10.359039306640623,10.71831226348877,2998555,10.090582529703775,2004861.0,15.270367773728927,58.09487290599486,False,False
2000-01-14 20:00:00,10.71831226348877,10.748251914978027,10.329099655151367,10.538676261901855,1925138,10.092578506469726,2028185.9,15.51388087630542,54.68324742690221,False,True
2000-01-18 20:00:00,10.29916000366211,10.598553657531738,10.179403305053713,10.538676261901855,2645133,10.092578506469726,2073158.6666666667,15.204300975934533,54.68324742690223,False,False
2000-01-19 20:00:00,10.538676261901855,10.778190612792969,10.448857307434082,10.688372611999512,3027990,10.106550216674805,2125938.8666666667,15.39583109096701,57.11710329337593,False,False
2000-01-20 20:00:00,10.838069915771484,10.838069915771484,10.47879695892334,10.598553657531738,1647076,10.137487602233886,2093498.3666666667,15.728452161930875,55.20140260539846,False,True
2000-01-21 20:00:00,10.598553657531738,10.658432960510254,10.29916000366211,10.388978958129885,3216495,10.155451265970866,2108020.7333333334,15.363691186178299,50.91072117984471,False,False
2000-01-24 20:00:00,10.538676261901855,10.538676261901855,9.88000774383545,9.99976634979248,2719241,10.168425019582113,2135680.7666666666,14.810182110037774,44.06113178589113,True,False
2000-01-25 20:00:00,10.418917655944824,10.418917655944824,9.460857391357422,9.490796089172363,4284485,10.166429042816162,2212843.533333333,15.291116272193891,37.04259090221142,True,False
2000-01-26 20:00:00,9.58061408996582,9.850069046020508,9.520734786987305,9.730311393737791,2695652,10.167427031199137,2209607.8333333335,15.737697994196001,41.74529585512937,True,False
2000-01-27 20:00:00,9.850069046020508,9.850069046020508,9.55067539215088,9.640493392944336,2270418,10.16543108622233,2216218.4,16.15238102176939,40.5228881626477,True,False
2000-01-28 20:00:00,9.460857391357422,9.76025104522705,9.460857391357422,9.58061408996582,2209670,10.140481567382812,2192357.7,16.75480245719761,39.68849413356346,True,False
2000-01-31 20:00:00,9.670432090759276,9.670432090759276,9.221341133117676,9.520734786987305,2261650,10.111540095011394,2191947.1333333333,17.854062701257664,38.82751024827289,True,False
2000-02-01 20:00:00,9.490796089172363,9.58061408996582,9.281220436096191,9.490796089172363,1600732,10.100562286376952,2079435.2,18.874804356456284,38.379211727191525,True,True
2000-02-02 20:00:00,9.490796089172363,9.640493392944336,9.34109878540039,9.400978088378906,2528230,10.0855925877889,2084062.6,19.556098709231424,36.99903922494321,True,False
2000-02-03 20:00:00,9.34109878540039,9.460857391357422,9.251280784606934,9.34109878540039,1728073,10.069624869028727,2096921.9,20.411800125282387,36.06781306904254,True,True
2000-02-04 20:00:00,9.430916786193848,9.490796089172363,9.311159133911133,9.34109878540039,1906350,10.050663216908772,2101723.2666666666,21.061516626759005,36.06781306904254,True,True
2000-02-07 20:00:00,9.251280784606934,9.371038436889648,9.221341133117676,9.311159133911133,1672127,10.01573387781779,2104931.1333333333,21.903747638397167,35.548975778455834,True,True
2000-02-08 20:00:00,9.251280784606934,9.371038436889648,9.16146183013916,9.251280784606934,1481533,9.983798503875732,2118110.5,22.84383274660461,34.4806717815468,True,True
2000-02-09 20:00:00,9.34109878540039,9.34109878540039,9.041705131530762,9.101582527160645,4365691,9.94886916478475,2237267.8,24.024081540849984,31.899685088691747,True,False
2000-02-10 20:00:00,9.101582527160645,9.34109878540039,9.071643829345703,9.071643829345703,2309873,9.906953970591227,2271552.3333333335,25.12002684979212,31.39356734793864,True,False
2000-02-11 20:00:00,9.101582527160645,9.191402435302734,8.802188873291016,8.862068176269531,4588641,9.863042799631755,2392567.533333333,26.776106947709888,28.03980172970073,True,False
2000-02-14 20:00:00,8.862068176269531,8.892007827758789,8.023763656616211,8.263279914855957,9843837,9.793184153238933,2701991.0,29.47486758633758,21.103071045030063,True,False
2000-02-15 20:00:00,8.2333402633667,8.622552871704102,8.113582611083984,8.592613220214844,12174376,9.747277037302654,3069093.433333333,31.980859607920443,31.18634525481025,True,False
2000-02-16 20:00:00,8.592613220214844,8.7423095703125,8.442915916442871,8.682432174682617,3632544,9.71134974161784,3137634.6333333333,33.68348064230892,33.67594524718578,True,False
2000-02-17 20:00:00,8.652491569519043,8.7423095703125,8.383036613464355,8.442915916442871,1589251,9.665442593892415,3151537.7,35.35224367959451,30.506395764132332,True,True
2000-02-18 20:00:00,8.442915916442871,8.472855567932129,8.173460960388184,8.263279914855957,2491281,9.604565779368082,3123355.8,37.19287980891464,28.351174508669384,True,True
2000-02-22 20:00:00,8.263279914855957,8.383036613464355,8.203400611877441,8.263279914855957,1939959,9.533709144592285,3077165.3,38.90204192899762,28.351174508669384,True,True
2000-02-23 20:00:00,8.263279914855957,8.263279914855957,7.96388578414917,8.053704261779785,2346822,9.466844463348389,3080164.4,40.79931341255489,25.87751278849436,True,True
2000-02-24 20:00:00,8.083642959594727,8.083642959594727,7.844128131866455,7.874066829681396,2173138,9.381018114089965,3079545.066666667,42.70101840207942,23.948692545988916,True,True
2000-02-25 20:00:00,7.874066829681396,7.874066829681396,7.544734001159668,7.544734001159668,3410846,9.286209948857625,3122826.9,44.77521237603806,20.876491666816243,True,False
2000-02-28 20:00:00,7.664491176605225,7.724370002746582,7.544734001159668,7.604612827301025,4853342,9.182419967651366,3184653.1333333333,46.701249637571095,22.815243737686,True,False
2000-02-29 20:00:00,7.604612827301025,7.814188003540039,7.574673175811768,7.694430828094482,3798295,9.087611786524455,3247091.7,47.94909980579978,25.754006653212087,True,False
2000-03-01 20:00:00,7.724370002746582,7.874066829681396,7.634552001953125,7.694430828094482,5559769,8.992803605397542,3344246.2333333334,48.74816878774017,25.754006653212087,True,False
2000-03-02 20:00:00,7.694430828094482,8.173460960388184,7.634552001953125,8.083642959594727,6713975,8.905979283650716,3467112.4,47.8790503844091,37.67903763401886,True,False
2000-03-03 20:00:00,8.083642959594727,8.293218612670898,7.96388578414917,8.2333402633667,2683335,8.827138837178548,3501654.3666666667,46.51063839341873,41.5664537505711,True,True
2000-03-06 20:00:00,8.263279914855957,8.323159217834473,8.143522262573242,8.263279914855957,2134727,8.756282202402751,3465595.433333333,45.09969565869566,42.341112770556386,True,True
2000-03-07 20:00:00,8.353097915649414,8.682432174682617,8.225854873657227,8.532734870910645,2758070,8.70738115310669,3466889.7333333334,42.29845632378998,48.90620213930424,True,True
2000-03-08 20:00:00,8.7423095703125,8.7423095703125,8.323159217834473,8.353097915649414,4902817,8.669457880655925,3487500.8,39.480174092987454,45.21041403734813,True,False
2000-03-09 20:00:00,8.323159217834473,8.383036613464355,8.143522262573242,8.2333402633667,2363732,8.619558842976888,3476436.8,37.452271220354206,42.88377807917717,True,True
2000-03-10 20:00:00,8.173460960388184,8.41297721862793,8.173460960388184,8.353097915649414,3569709,8.576645660400391,3519746.5,35.45013579717555,45.88299834160357,True,False
2000-03-13 20:00:00,8.143522262573242,8.383036613464355,8.143522262573242,8.323159217834473,2577914,8.534730497996012,3532021.3,33.69390433619514,45.243383864388726,True,True
2000-03-14 20:00:00,8.323159217834473,8.353097915649414,8.143522262573242,8.2333402633667,3341539,8.49181734720866,3568017.6,32.06311797957047,43.29349906090689,True,True
2000-03-15 20:00:00,8.263279914855957,8.383036613464355,8.173460960388184,8.323159217834473,2461638,8.452896118164062,3596714.466666667,30.405403355003042,45.808674770721005,True,True
2000-03-16 20:00:00,8.323159217834473,8.772250175476074,8.323159217834473,8.7423095703125,3501446,8.430940500895183,3629155.0,29.17378813613529,55.686438980471664,False,True
2000-03-17 20:00:00,8.7423095703125,8.802188873291016,8.562673568725586,8.7423095703125,3741096,8.410980860392252,3696255.7666666666,28.132361239612727,55.68643898047165,False,False
2000-03-20 20:00:00,8.7423095703125,8.832128524780273,8.652491569519043,8.652491569519043,1833494,8.38802728652954,3693827.2333333334,27.271701978646387,53.273198663659585,False,True
2000-03-21 20:00:00,8.682432174682617,8.951886177062988,8.682432174682617,8.862068176269531,2760575,8.373057587941487,3730108.8333333335,26.891317041399134,57.86190368671472,False,True
2000-03-22 20:00:00,8.862068176269531,9.011764526367188,8.832128524780273,8.951886177062988,2844494,8.363077767690022,3775540.8666666667,26.74024686755038,59.68896571768979,False,True
2000-03-23 20:00:00,8.951886177062988,9.041705131530762,8.92194652557373,9.011764526367188,3259499,8.360083834330242,3738667.8,26.702863951242282,60.90593694056926,False,True
2000-03-24 20:00:00,9.071643829345703,9.191402435302734,9.011764526367188,9.101582527160645,1793204,8.361081790924072,3721445.5,27.16078186675208,62.72382029256758,False,True
2000-03-27 20:00:00,9.13152313232422,9.221341133117676,8.981825828552246,9.101582527160645,2237226,8.369065602620443,3643065.0,27.585991359725472,62.72382029256757,False,True
2000-03-28 20:00:00,9.101582527160645,9.251280784606934,9.101582527160645,9.16146183013916,2004047,8.39900499979655,3381738.6666666665,28.082217080697312,64.01750716096551,False,True
2000-03-29 20:00:00,9.16146183013916,9.460857391357422,9.13152313232422,9.34109878540039,3544032,8.423954518636068,3094060.533333333,29.18791450752448,67.64527223626555,False,False
2000-03-30 20:00:00,9.430916786193848,9.820130348205566,9.371038436889648,9.700371742248535,3375984,8.457885837554931,3085508.533333333,31.032742625267186,73.41765066568476,False,False
2000-03-31 20:00:00,9.76025104522705,10.029705047607422,9.730311393737791,9.939887046813965,4766083,8.507784875233968,3191402.933333333,33.10911760836986,76.43593827678097,False,False
2000-04-02 20:00:00,9.850069046020508,9.99976634979248,9.820130348205566,9.969826698303224,1993400,8.564669768015543,3174806.9,35.037180092679485,76.79069251862948,False,True
2000-04-03 20:00:00,9.939887046813965,10.05964469909668,9.730311393737791,9.88000774383545,3597473,8.618560695648194,3230057.3666666667,36.21900359521101,73.2289212991164,False,False
2000-04-04 20:00:00,9.939887046813965,10.149462699890137,9.88000774383545,10.029705047607422,4276135,8.684427388509114,3294367.8,37.50384967192138,75.28635087594665,False,False
2000-04-05 20:00:00,10.05964469909668,10.418917655944824,10.05964469909668,10.388978958129885,3151572,8.768257792790731,3326982.2666666666,39.18432653020784,79.38183703195632,False,True
2000-04-06 20:00:00,10.388978958129885,10.47879695892334,10.179403305053713,10.269221305847168,3326092,8.859074036280314,3324157.1333333333,40.84061490415951,74.92470108559482,False,False
2000-04-09 20:00:00,10.269221305847168,10.329099655151367,10.089584350585938,10.239280700683594,2426984,8.946896298726399,3243278.533333333,41.76747640839462,73.80890335889258,False,True
2000-04-10 20:00:00,10.239280700683594,10.448857307434082,10.239280700683594,10.329099655151367,4673813,9.03471859296163,3272462.466666667,42.860164064873956,75.011163881262,False,False
2000-04-11 20:00:00,10.359039306640623,10.47879695892334,10.329099655151367,10.388978958129885,5863925,9.12453686396281,3282601.0,43.93179948752664,75.80842835446208,False,False
2000-04-12 20:00:00,10.359039306640623,10.598553657531738,10.29916000366211,10.359039306640623,2005091,9.200383408864338,3125638.2,45.14998678550556,74.52807172178001,False,True
2000-04-13 20:00:00,10.418917655944824,10.568614959716797,9.939887046813965,10.269221305847168,3367425,9.268246110280355,3148441.2,44.05943480469411,70.67185629035687,False,False
2000-04-16 20:00:00,10.05964469909668,10.179403305053713,9.76025104522705,9.99976634979248,2127630,9.326128991444905,3148204.6333333333,42.172557972332996,60.54994290711547,False,True
2000-04-17 20:00:00,10.089584350585938,10.089584350585938,9.460857391357422,9.640493392944336,2247664,9.363054275512695,3131191.1,39.204810970983424,50.22161874163711,False,True
2000-04-18 20:00:00,9.850069046020508,9.88000774383545,9.670432090759276,9.790189743041992,1912195,9.410957336425781,3031503.7,36.44904589830167,53.76076211284132,False,True
2000-04-19 20:00:00,9.790189743041992,9.88000774383545,9.460857391357422,9.850069046020508,2616325,9.464848295847576,3039923.466666667,34.556373336889166,55.134856777449755,False,True
2000-04-23 20:00:00,9.939887046813965,10.119524002075195,9.820130348205566,10.029705047607422,1997575,9.520735200246175,2987519.0,32.276793376965436,59.06494823191494,False,True
2000-04-24 20:00:00,10.209342002868652,10.269221305847168,10.149462699890137,10.239280700683594,2323651,9.584605916341145,2979043.566666667,30.657789639114927,63.123536493857365,False,True
2000-04-25 20:00:00,10.359039306640623,10.598553657531738,10.29916000366211,10.418917655944824,2266869,9.65745849609375,2943221.2333333334,30.090550424164686,66.21551518561274,False,True
2000-04-26 20:00:00,10.418917655944824,10.598553657531738,10.359039306640623,10.50873565673828,2111138,9.73031104405721,2931537.9,29.563828295996604,67.67493107052668,False,True
2000-04-27 20:00:00,10.448857307434082,10.568614959716797,10.05964469909668,10.269221305847168,2812763,9.781208101908366,2908581.8,27.912433303165336,60.206062264127965,False,True
2000-04-30 20:00:00,10.269221305847168,10.538676261901855,10.209342002868652,10.47879695892334,1385924,9.83909101486206,2830076.066666667,26.378995095536304,63.954669915787534,False,True
2000-05-01 20:00:00,10.538676261901855,10.628494262695312,10.418917655944824,10.47879695892334,1798006,9.899967861175536,2828893.1333333333,25.249791652195814,63.95466991578754,False,True
2000-05-02 20:00:00,10.47879695892334,10.47879695892334,10.119524002075195,10.179403305053713,2099657,9.94387903213501,2806862.533333333,23.770648807666966,55.32067702370674,False,True
2000-05-03 20:00:00,10.29916000366211,10.538676261901855,10.239280700683594,10.388978958129885,2027636,9.99178212483724,2779633.933333333,22.18362698799,59.44770819693736,False,True
2000-05-04 20:00:00,10.329099655151367,10.658432960510254,10.329099655151367,10.628494262695312,1392395,10.045673116048176,2717397.1333333333,20.909037684460376,63.58733128060039,False,True
2000-05-07 20:00:00,10.50873565673828,10.868008613586426,10.50873565673828,10.868008613586426,1830780,10.104553985595704,2718649.6666666665,20.39896080671219,67.19381578182657,False,True
2000-05-08 20:00:00,10.89794921875,10.957826614379885,10.598553657531738,10.89794921875,1615972,10.164432875315349,2697941.2,20.193321865985443,67.62548251640489,False,True
2000-05-09 20:00:00,10.89794921875,11.077585220336914,10.868008613586426,10.957826614379885,2868710,10.224311701456706,2726763.3,20.34881218975016,68.51765125166885,False,False
2000-05-10 20:00:00,11.017705917358398,11.167403221130373,10.957826614379885,11.077585220336914,3946094,10.282194582621257,2740165.3666666667,20.744615156149216,70.2816447438217,False,False
2000-05-11 20:00:00,11.107524871826172,11.167403221130373,11.047645568847656,11.107524871826172,1190738,10.329099686940511,2667323.8333333335,21.112146482091195,70.72329325188097,False,True
2000-05-14 20:00:00,11.137463569641112,11.197342872619627,11.017705917358398,11.047645568847656,3296657,10.3660249710083,2618342.966666667,21.298519950001918,68.52975184977619,False,False
2000-05-15 20:00:00,11.047645568847656,11.22728157043457,10.987767219543455,11.197342872619627,2607975,10.406942176818848,2638828.8,21.47158102734759,70.95510557887525,False,True
2000-05-16 20:00:00,11.047645568847656,11.317100524902344,11.047645568847656,11.317100524902344,3227768,10.454845269521078,2626505.3,21.940378837051945,72.7635274845383,False,False
2000-05-17 20:00:00,11.317100524902344,11.556615829467772,11.317100524902344,11.556615829467772,3012542,10.505742295583088,2584385.533333333,23.093826891333787,75.9841681358716,False,False
2000-05-18 20:00:00,11.556615829467772,11.556615829467772,11.22728157043457,11.556615829467772,1770450,10.544663524627685,2538348.1333333333,23.638111439584367,75.98416813587158,False,True
2000-05-21 20:00:00,11.556615829467772,11.64643383026123,11.317100524902344,11.466797828674316,2023252,10.584582742055257,2494920.1333333333,24.41267646170228,72.26766165378896,False,True
2000-05-22 20:00:00,11.496736526489258,11.496736526489258,11.197342872619627,11.22728157043457,1658975,10.61751610438029,2469319.8333333335,24.43610163381749,63.36683946044824,False,True
2000-05-23 20:00:00,11.287160873413086,11.287160873413086,11.077585220336914,11.197342872619627,2228250,10.646457544962566,2387801.066666667,23.813091850324035,62.33338948888958,False,True
2000-05-24 20:00:00,11.137463569641112,11.137463569641112,10.71831226348877,10.868008613586426,1587372,10.66242520014445,2245249.3,22.55591151718156,52.240346027304305,False,True
2000-05-25 20:00:00,10.957826614379885,11.017705917358398,10.89794921875,10.92788791656494,929377,10.681386820475261,2209392.1666666665,21.388529779263546,53.708026792185905,False,True
2000-05-29 20:00:00,11.047645568847656,11.047645568847656,10.868008613586426,10.957826614379885,1461075,10.704340330759685,2145847.1666666665,20.42501506099862,54.461537875552516,False,True
2000-05-30 20:00:00,10.987767219543455,11.43685817718506,10.92788791656494,11.347040176391602,1516187,10.749249458312988,2125465.7333333334,19.952027321561314,62.913214714539514,False,True
2000-05-31 20:00:00,11.317100524902344,11.376978874206545,11.137463569641112,11.197342872619627,1420994,10.801144440968832,2097910.066666667,19.512824420655246,58.42211694573852,False,True
2000-06-01 20:00:00,11.137463569641112,11.167403221130373,10.688372611999512,10.838069915771484,1583823,10.836073780059815,2086964.3333333333,18.857035134549367,49.322007586553156,False,True
2000-06-04 20:00:00,10.71831226348877,10.89794921875,10.50873565673828,10.658432960510254,1546456,10.86301924387614,2051302.0333333334,18.784232916229968,45.50531414149011,True,True
2000-06-05 20:00:00,10.418917655944824,11.047645568847656,10.388978958129885,11.017705917358398,2876642,10.895952606201172,2080604.2666666666,18.128504783302763,53.290443040490096,False,False
2000-06-06 20:00:00,10.957826614379885,11.017705917358398,10.808130264282228,10.92788791656494,1443331,10.918906180063884,2051260.2666666666,17.51961437415607,51.31668554736102,False,True
2000-06-07 20:00:00,10.868008613586426,10.987767219543455,10.778190612792969,10.868008613586426,1020185,10.933875878651937,2009704.1333333333,17.057197177542058,49.987445431748846,True,True
2000-06-08 20:00:00,10.748251914978027,10.868008613586426,10.658432960510254,10.808130264282228,893680,10.943855698903402,1969122.2,17.03627859861454,48.63089826324125,True,True
2000-06-11 20:00:00,10.868008613586426,11.107524871826172,10.808130264282228,11.017705917358398,2231381,10.968805185953777,1949742.8,16.002476584153058,53.39779868597751,False,False
2000-06-12 20:00:00,10.778190612792969,11.167403221130373,10.778190612792969,10.838069915771484,1389264,10.980780951182048,1949854.1333333333,14.908644952180861,49.1847023397223,True,True
2000-06-13 20:00:00,11.017705917358398,11.22728157043457,10.838069915771484,10.868008613586426,1928060,10.993754673004151,1954189.2666666666,14.12716058860703,49.8942632783584,True,True
2000-06-14 20:00:00,10.957826614379885,11.107524871826172,10.688372611999512,10.71831226348877,1495937,11.011718304951986,1934065.2666666666,13.440922232461578,46.405080321397264,True,True
2000-06-15 20:00:00,10.838069915771484,11.347040176391602,10.808130264282228,11.317100524902344,2282526,11.042655690511067,1942561.6,13.078685522169392,58.81258425189414,False,False
2000-06-18 20:00:00,11.376978874206545,11.43685817718506,10.89794921875,10.89794921875,3761137,11.051637522379558,2021519.6666666667,13.05281733264177,50.0737561525168,True,False
2000-06-19 20:00:00,10.89794921875,10.89794921875,10.47879695892334,10.808130264282228,1755629,11.04964157740275,2019014.6333333333,12.762138127634513,48.413661990874765,True,True
2000-06-20 20:00:00,10.748251914978027,11.376978874206545,10.628494262695312,11.257222175598145,3258246,11.061617342631022,2073757.1,12.700059289062247,56.22767436280134,False,False
2000-06-21 20:00:00,11.137463569641112,11.526676177978516,11.017705917358398,11.107524871826172,2882696,11.0666072845459,2074223.3,13.023551652564745,53.32794369640978,False,False
2000-06-22 20:00:00,11.137463569641112,11.43685817718506,11.137463569641112,11.22728157043457,1579231,11.071597162882487,1995327.8666666667,13.323937418674205,55.31337828793451,False,True
2000-06-25 20:00:00,11.077585220336914,11.137463569641112,10.658432960510254,10.688372611999512,2234721,11.057625420888265,2030127.3,12.678233612651855,45.859171012381026,True,False
2000-06-26 20:00:00,10.568614959716797,10.628494262695312,10.388978958129885,10.50873565673828,2035986,11.039661757151286,1988104.9333333333,12.762641859721773,43.20807866371999,True,False
2000-06-27 20:00:00,10.598553657531738,10.688372611999512,10.359039306640623,10.39646339416504,1129155,11.012965774536132,1938810.9333333333,12.650855664195827,41.58982276429472,True,True
2000-06-28 20:00:00,10.388978958129885,10.47879695892334,10.179403305053713,10.269221305847168,1868147,10.978036467234293,1893490.2333333334,12.992572019714974,39.771795313945454,True,True
2000-06-29 20:00:00,10.29916000366211,10.418917655944824,10.05964469909668,10.089584350585938,2800238,10.929135417938232,1886413.4333333333,13.592999141764496,37.29326971156139,True,False
2000-07-02 20:00:00,10.149462699890137,10.388978958129885,10.119524002075195,10.329099655151367,723753,10.888218212127686,1851523.5333333334,14.150538612239052,42.44358935449032,True,True
2000-07-04 20:00:00,10.329099655151367,10.359039306640623,9.820130348205566,9.850069046020508,2078364,10.834327252705892,1853360.6,15.354235368497621,36.06380183808843,True,False
2000-07-05 20:00:00,9.99976634979248,10.209342002868652,9.850069046020508,10.05964469909668,2403812,10.795406023661295,1878188.5,16.471953785023437,40.29230502804188,True,False
2000-07-06 20:00:00,10.179403305053713,10.209342002868652,9.969826698303224,10.05964469909668,1665029,10.75748275121053,1859414.4666666666,17.50983517179741,40.29230502804187,True,True
2000-07-09 20:00:00,9.99976634979248,10.179403305053713,9.88000774383545,9.969826698303224,1811784,10.727543354034424,1866894.8666666667,18.68933428894686,39.009953168407854,True,True
2000-07-10 20:00:00,9.939887046813965,10.987767219543455,9.88000774383545,10.665918350219728,2960771,10.71881103515625,1934608.0,17.775996802240268,51.810423495337744,True,False
2000-07-11 20:00:00,10.658432960510254,10.658432960510254,10.269221305847168,10.29916000366211,1675258,10.696855481465658,1941747.4333333333,16.92789770744129,46.29703718697636,True,True
2000-07-12 20:00:00,10.239280700683594,10.269221305847168,9.99976634979248,10.119524002075195,1432894,10.65593827565511,1938971.0,16.07834154042529,43.83647169136525,True,True
2000-07-13 20:00:00,10.119524002075195,10.269221305847168,9.969826698303224,10.05964469909668,1165061,10.618015003204345,1930439.9,15.372268172769955,43.01578456858656,True,True
2000-07-16 20:00:00,10.05964469909668,10.089584350585938,9.790189743041992,9.842583656311035,1320583,10.584832127888998,1921665.2333333334,15.20647638997871,40.086069813797394,True,True
2000-07-17 20:00:00,9.939887046813965,10.149462699890137,9.670432090759276,9.76025104522705,2029724,10.55489273071289,1937774.1666666667,15.36224509990366,39.00102373004224,True,False
2000-07-18 20:00:00,9.99976634979248,10.089584350585938,9.610553741455078,9.610553741455078,1918457,10.50798765818278,1905834.6666666667,15.661197252266462,37.037985165486404,True,False
2000-07-19 20:00:00,9.700371742248535,9.850069046020508,9.610553741455078,9.640493392944336,2785416,10.465074507395427,1950570.8333333333,15.938795679460492,37.71323739864513,True,False
2000-07-20 20:00:00,9.700371742248535,9.700371742248535,9.490796089172363,9.490796089172363,1603446,10.419167423248291,1970012.8666666667,16.52520042462155,35.65426367309307,True,True
2000-07-23 20:00:00,9.490796089172363,9.640493392944336,9.13152313232422,9.221341133117676,3509587,10.366274452209472,2057209.7666666666,17.914636537559012,32.24204787557771,True,False
2000-07-24 20:00:00,9.251280784606934,9.520734786987305,8.92194652557373,9.041705131530762,2868501,10.300407759348552,2078447.1,19.612862194495953,30.169140743839577,True,False
2000-07-25 20:00:00,9.101582527160645,9.221341133117676,8.892007827758789,8.951886177062988,2572695,10.237534968058268,2117894.8,21.246183786345174,29.15965788159011,True,False
2000-07-26 20:00:00,8.892007827758789,9.460857391357422,8.892007827758789,9.221341133117676,4599914,10.182646052042644,2206956.6,21.69959278330674,36.070632255538406,True,False
2000-07-27 20:00:00,9.34109878540039,9.490796089172363,9.251280784606934,9.318643569946287,1252321,10.135990428924561,2198836.066666667,21.994220538963976,38.40736809306625,True,True
2000-07-30 20:00:00,9.34109878540039,9.700371742248535,9.13152313232422,9.700371742248535,4059865,10.082099469502767,2258080.7,21.417112247276158,46.646596103521595,True,False
2000-07-31 20:00:00,9.700371742248535,9.700371742248535,9.371038436889648,9.460857391357422,1814080,10.03419640858968,2193178.8,20.881225976423185,42.77974082118167,True,True
2000-08-01 20:00:00,9.34109878540039,9.640493392944336,9.34109878540039,9.520734786987305,2245368,9.991283226013184,2209503.433333333,20.478558230253878,44.02890018405871,True,False
2000-08-02 20:00:00,9.520734786987305,9.640493392944336,9.460857391357422,9.520734786987305,2049555,9.933400313059488,2169213.7333333334,20.104652465953812,44.02890018405871,True,True
2000-08-03 20:00:00,9.490796089172363,9.520734786987305,9.371038436889648,9.490796089172363,1313068,9.879509353637696,2116892.8,20.066100244765057,43.47849576977398,True,True
2000-08-06 20:00:00,9.76025104522705,9.850069046020508,9.520734786987305,9.707857131958008,2090471,9.828861872355143,2133934.1333333333,18.66648180945779,48.504754767177054,True,True
2000-08-07 20:00:00,9.88000774383545,9.909948348999023,9.55067539215088,9.610553741455078,1415149,9.792934576670328,2106615.066666667,17.592695331900696,46.50815491683757,True,True
2000-08-08 20:00:00,9.640493392944336,9.820130348205566,9.610553741455078,9.700371742248535,1440200,9.765989112854005,2086755.5333333334,16.595607888454825,48.610952100128166,True,True
2000-08-09 20:00:00,9.700371742248535,9.790189743041992,9.670432090759276,9.73779582977295,1499486,9.744033527374267,2099099.9,15.66974097668366,49.5017086238475,True,True
2000-08-10 20:00:00,9.730311393737791,9.730311393737791,9.610553741455078,9.700371742248535,1427048,9.725071875254313,2084396.6,14.57345271787496,48.59459622826995,True,True
2000-08-13 20:00:00,9.820130348205566,10.05964469909668,9.640493392944336,9.88000774383545,2948454,9.71808598836263,2089337.1333333333,14.830725880550416,53.04266222078407,False,False
2000-08-14 20:00:00,9.99976634979248,10.05964469909668,9.850069046020508,9.88000774383545,2330331,9.703116257985434,2142889.7333333334,15.069622388749053,53.04266222078407,False,False
2000-08-15 20:00:00,9.820130348205566,9.99976634979248,9.820130348205566,9.909948348999023,1705945,9.705112234751384,2130475.7666666666,15.130497822790577,53.815162120513364,False,True
2000-08-16 20:00:00,10.179403305053713,10.50873565673828,10.149462699890137,10.388978958129885,2672689,9.716090043385824,2139438.3333333335,16.74107255861346,64.0151935529501,False,False
2000-08-17 20:00:00,10.598553657531738,10.598553657531738,10.179403305053713,10.209342002868652,1999246,9.721079953511556,2150578.9,18.445260104013624,58.77317733496654,False,True
2000-08-20 20:00:00,10.239280700683594,10.239280700683594,10.089584350585938,10.179403305053713,2277307,9.72806584040324,2166096.3333333335,19.545133248780775,57.92188274749452,False,False
2000-08-21 20:00:00,10.239280700683594,10.329099655151367,10.209342002868652,10.29916000366211,1844349,9.71584056218465,2128882.2666666666,20.798951058136907,60.39316544431558,False,True
2000-08-22 20:00:00,10.29916000366211,10.628494262695312,10.29916000366211,10.553645133972168,4012060,9.724323399861653,2206775.6666666665,22.637655377510722,65.08578828041234,False,False
2000-08-23 20:00:00,10.359039306640623,10.388978958129885,10.119524002075195,10.179403305053713,1910942,9.726319376627604,2222710.6,23.41952842133489,54.80272979021235,False,True
2000-08-24 20:00:00,10.209342002868652,10.359039306640623,9.969826698303224,10.269221305847168,1096589,9.733305263519288,2220428.2,23.44407791874357,56.57594816106577,False,True
2000-08-27 20:00:00,10.269221305847168,10.448857307434082,10.149462699890137,10.269221305847168,1806774,9.747526518503825,2236634.566666667,23.713819777676196,56.57594816106577,False,True
2000-08-28 20:00:00,10.239280700683594,10.29916000366211,10.179403305053713,10.246766090393066,1148569,9.763743686676026,2207262.7333333334,23.964294360970776,55.939603203500944,False,True
2000-08-29 20:00:00,10.119524002075195,10.179403305053713,9.99976634979248,10.112038612365724,1910942,9.780459849039714,2207012.2333333334,23.331990272688238,52.1496341054233,False,True
2000-08-30 20:00:00,10.50873565673828,10.568614959716797,10.269221305847168,10.351553916931152,4026882,9.804161866505941,2248394.433333333,23.84670646256929,57.6437247642485,False,False
2000-08-31 20:00:00,10.47879695892334,10.778190612792969,10.418917655944824,10.658432960510254,2976427,9.843083095550536,2294160.466666667,24.797650515251288,63.43638817711985,False,False
2000-09-04 20:00:00,10.778190612792969,10.808130264282228,10.448857307434082,10.748251914978027,1664820,9.893980121612548,2232668.2333333334,25.745550135558336,64.94739450900514,False,True
2000-09-05 20:00:00,10.628494262695312,11.017705917358398,10.628494262695312,10.92788791656494,2363105,9.956852881113688,2215821.7,27.06040287537552,67.81234184285306,False,False
2000-09-06 20:00:00,10.868008613586426,11.017705917358398,10.808130264282228,10.957826614379885,2492116,10.023717562357584,2213135.7333333334,28.281337562348615,68.27769776661884,False,False
2000-09-07 20:00:00,10.89794921875,10.957826614379885,10.808130264282228,10.912918090820312,2357051,10.080103460947672,2138373.6333333333,29.41506262882363,66.71947677057747,False,False
2000-09-10 20:00:00,10.868008613586426,11.287160873413086,10.808130264282228,11.22728157043457,1800093,10.143724727630616,2156632.7,31.112715197368562,71.60470215347786,False,True
2000-09-11 20:00:00,11.22728157043457,11.287160873413086,11.077585220336914,11.197342872619627,1298873,10.19362376530965,2064599.6333333333,32.68910686816029,70.5426839962237,False,True
2000-09-12 20:00:00,11.167403221130373,11.197342872619627,10.89794921875,10.957826614379885,1151283,10.2435227394104,2042506.4,33.13770967827229,62.54980669351915,False,True
2000-09-13 20:00:00,10.808130264282228,10.838069915771484,10.628494262695312,10.748251914978027,1722645,10.284439977010091,2025082.3,32.26042125988967,56.51575235371145,False,True
2000-09-14 20:00:00,11.017705917358398,11.676374435424805,11.017705917358398,11.4069185256958,4135852,10.347312768300375,2094625.5333333334,33.164159689440574,67.21902506128367,False,False
2000-09-17 20:00:00,11.526676177978516,11.713797569274902,11.43685817718506,11.713797569274902,3134872,10.421412817637126,2155352.3333333335,34.060017400274624,70.82248130750934,False,False
2000-09-18 20:00:00,11.586554527282717,11.676374435424805,11.257222175598145,11.257222175598145,2962858,10.473058319091797,2184431.9,34.17070134168613,60.21666626000288,False,False
2000-09-19 20:00:00,11.43685817718506,11.496736526489258,10.778190612792969,10.778190612792969,2643463,10.511979548136393,2225375.7,32.66581628501844,51.502299372174,False,False
2000-09-20 20:00:00,10.808130264282228,10.838069915771484,10.418917655944824,10.628494262695312,3762181,10.542916965484618,2302775.066666667,30.351629849105564,49.11049734400996,False,False
2000-09-21 20:00:00,10.658432960510254,10.778190612792969,10.538676261901855,10.680888175964355,2430533,10.574353377024332,2333809.966666667,28.202742444329324,49.98597432630218,False,False
2000-09-24 20:00:00,10.568614959716797,10.568614959716797,9.969826698303224,10.239280700683594,4028969,10.592317008972168,2420540.6666666665,27.47787214277182,43.234653165594594,True,False
2000-09-25 20:00:00,10.269221305847168,10.71831226348877,10.269221305847168,10.418917655944824,2978097,10.610280672709147,2421528.7666666666,26.39906915476188,46.40570348283766,True,False
2000-09-26 20:00:00,10.50873565673828,10.778190612792969,10.47879695892334,10.748251914978027,1767945,10.639222145080566,2402782.566666667,25.23434440860043,51.72956730238937,False,True
2000-09-27 20:00:00,10.748251914978027,10.748251914978027,10.448857307434082,10.516221046447754,1580901,10.659431234995525,2398614.433333333,24.222268187180607,48.103944717762836,True,True
2000-09-28 20:00:00,10.598553657531738,10.808130264282228,10.388978958129885,10.448857307434082,3216078,10.66142717997233,2416727.4,23.10189527630215,47.072429908319144,True,False
2000-10-01 20:00:00,10.538676261901855,10.598553657531738,10.418917655944824,10.598553657531738,3769069,10.674400901794433,2475721.5,22.06154900191501,49.65595448571199,True,False
2000-10-02 20:00:00,10.598553657531738,10.778190612792969,10.47879695892334,10.628494262695312,3108151,10.689370600382487,2503416.3,20.526554259724765,50.17976052121803,True,False
2000-10-03 20:00:00,10.658432960510254,10.658432960510254,10.029705047607422,10.089584350585938,3080805,10.682384745279949,2544631.5,20.272941151503424,41.75800855455783,True,False
2000-10-04 20:00:00,10.149462699890137,10.209342002868652,9.76025104522705,10.05964469909668,2364984,10.665918064117431,2489728.966666667,20.608744762079684,41.34287315363676,True,True
2000-10-05 20:00:00,9.939887046813965,10.179403305053713,9.730311393737791,9.88000774383545,2608392,10.655938212076823,2512977.3,20.981634284131736,38.847439553046065,True,False
2000-10-08 20:00:00,9.76025104522705,9.969826698303224,9.730311393737791,9.969826698303224,3525035,10.645958391825358,2593925.5,21.32788884032293,40.7724200960209,True,False
2000-10-09 20:00:00,9.99976634979248,10.418917655944824,9.99976634979248,10.29916000366211,2734689,10.64695634841919,2624856.0,20.16237602715204,47.320388874150105,True,False
2000-10-10 20:00:00,10.47879695892334,10.568614959716797,10.05964469909668,10.269221305847168,2916306,10.647704855600994,2683780.566666667,18.784812777719587,46.81370444446788,True,False
2000-10-11 20:00:00,10.388978958129885,10.538676261901855,10.179403305053713,10.388978958129885,2465604,10.656936200459798,2702269.3,17.505646903246593,49.158797692376815,True,True
2000-10-12 20:00:00,10.359039306640623,10.388978958129885,9.820130348205566,9.909948348999023,2450156,10.642216014862061,2649711.7666666666,17.16525349787459,41.312169857281376,True,True
2000-10-15 20:00:00,9.909948348999023,9.969826698303224,9.640493392944336,9.76025104522705,2201947,10.612276617685954,2623895.7666666666,17.2715024234558,39.206108883860125,True,True
2000-10-16 20:00:00,9.850069046020508,10.05964469909668,9.730311393737791,9.76025104522705,1791534,10.579343255360921,2628119.566666667,17.071828004294524,39.206108883860125,True,True
2000-10-17 20:00:00,9.939887046813965,9.969826698303224,9.640493392944336,9.700371742248535,1846646,10.538426049550374,2610904.2666666666,17.109536015904173,38.30031903217132,True,True
2000-10-18 20:00:00,9.610553741455078,9.88000774383545,9.490796089172363,9.640493392944336,2261233,10.49451494216919,2603208.1666666665,17.506658690260775,37.37053770055772,True,True
2000-10-19 20:00:00,9.58061408996582,9.820130348205566,9.58061408996582,9.790189743041992,1600106,10.457090663909913,2577976.6666666665,17.87541545930619,41.212802258314525,True,True
2000-10-22 20:00:00,9.969826698303224,9.99976634979248,9.700371742248535,9.820130348205566,2113643,10.410185623168946,2588428.3333333335,17.5267729960894,41.97949984435382,True,True
2000-10-23 20:00:00,9.909948348999023,9.969826698303224,9.460857391357422,9.520734786987305,2172512,10.3542986869812,2617549.6333333333,17.835238257290744,36.809706759295466,True,True
2000-10-24 20:00:00,9.430916786193848,9.55067539215088,9.191402435302734,9.281220436096191,1950814,10.298411814371745,2644200.6666666665,18.73420352709244,33.278886910893604,True,True
2000-10-25 20:00:00,9.34109878540039,9.55067539215088,9.221341133117676,9.400978088378906,1303674,10.253502686818441,2630234.966666667,19.5689569919083,36.55577575610526,True,True
2000-10-26 20:00:00,9.281220436096191,9.460857391357422,9.13152313232422,9.281220436096191,1165687,10.182646083831788,2531229.466666667,20.546321427520507,34.71942501442809,True,True
2000-10-30 20:00:00,9.371038436889648,9.640493392944336,9.281220436096191,9.640493392944336,3732120,10.113535944620768,2551137.7333333334,20.686899368164955,43.83477000035363,True,False
2000-10-31 20:00:00,9.700371742248535,9.76025104522705,9.400978088378906,9.520734786987305,2851383,10.055653031667074,2547421.9,20.338846310057196,41.74242313751447,True,False
2000-11-01 20:00:00,9.610553741455078,9.88000774383545,9.58061408996582,9.88000774383545,2796898,10.025713602701822,2552536.4,19.555539846550687,49.526092152261064,True,False
2000-11-02 20:00:00,9.88000774383545,9.88000774383545,9.460857391357422,9.55067539215088,2649099,9.989786307017008,2515433.6666666665,19.194017963224017,43.75504493112925,True,False
2000-11-03 20:00:00,9.520734786987305,9.700371742248535,9.490796089172363,9.610553741455078,1766066,9.954108492533367,2493284.7666666666,18.858319071563535,45.00970682800238,True,True
2000-11-06 20:00:00,9.610553741455078,9.670432090759276,9.55067539215088,9.610553741455078,2009057,9.933150927225748,2425954.3666666667,18.54659867216452,45.00970682800238,True,True
2000-11-07 20:00:00,9.610553741455078,10.05964469909668,9.520734786987305,9.909948348999023,3647157,9.916185283660889,2448256.3666666667,17.712544284583313,51.30827477316608,True,False
2000-11-08 20:00:00,9.99976634979248,10.029705047607422,9.76025104522705,9.820130348205566,2130970,9.885247898101806,2460357.2,16.938065210400765,49.47736704589495,True,True
2000-11-09 20:00:00,9.850069046020508,9.99976634979248,9.670432090759276,9.790189743041992,1333944,9.861046854654948,2452125.3,15.855816833180343,48.85156155450716,True,True
2000-11-10 20:00:00,9.790189743041992,9.99976634979248,9.730311393737791,9.730311393737791,968623,9.837095324198405,2377210.1333333333,14.850871911475666,47.55607554786129,True,True
2000-11-13 20:00:00,9.730311393737791,9.99976634979248,9.58061408996582,9.58061408996582,1489884,9.803164005279541,2301237.3,14.274642842579834,44.38695696548237,True,True
2000-11-14 20:00:00,9.670432090759276,10.05964469909668,9.610553741455078,9.969826698303224,1762100,9.781208419799805,2256368.933333333,13.472612125834187,53.13207734209497,False,True
2000-11-15 20:00:00,10.029705047607422,10.119524002075195,9.939887046813965,10.029705047607422,1835999,9.779212443033854,2214875.4,12.5600566964835,54.32212038640816,False,True
2000-11-16 20:00:00,10.05964469909668,10.149462699890137,9.99976634979248,10.029705047607422,2782494,9.778214454650879,2228792.4,11.848752187792043,54.32212038640816,False,False
2000-11-17 20:00:00,10.05964469909668,10.239280700683594,9.969826698303224,10.119524002075195,2192553,9.786198329925536,2214931.1,11.59427266231816,56.25448059480899,False,True
2000-11-20 20:00:00,10.119524002075195,10.149462699890137,9.909948348999023,9.939887046813965,1684861,9.785200341542561,2153591.966666667,11.046919388104035,51.556829812163684,False,True
2000-11-21 20:00:00,10.029705047607422,10.538676261901855,9.939887046813965,10.50873565673828,3941083,9.792186196645101,2193805.1,12.046041712640482,62.29457606472143,False,False
2000-11-22 20:00:00,10.50873565673828,10.50873565673828,10.269221305847168,10.29916000366211,2174391,9.793184153238933,2169074.6,12.973798156852897,57.258957482659426,False,False
2000-11-24 20:00:00,10.29916000366211,10.538676261901855,10.29916000366211,10.47879695892334,930629,9.796178086598713,2117908.7666666666,13.938209736983264,60.22674795209938,False,True
2000-11-27 20:00:00,10.50873565673828,10.71831226348877,10.329099655151367,10.628494262695312,2789800,9.820129617055256,2129230.2333333334,15.41391347261895,62.55982444254674,False,False
2000-11-28 20:00:00,10.71831226348877,10.89794921875,10.658432960510254,10.89794921875,3814995,9.858052889506022,2182998.5,17.280903219978743,66.38244254344389,False,False
2000-11-29 20:00:00,10.838069915771484,10.868008613586426,10.50873565673828,10.71831226348877,3277034,9.88998826344808,2232515.1666666665,18.133819658840252,61.84878802639643,False,False
2000-11-30 20:00:00,10.838069915771484,10.838069915771484,10.05964469909668,10.359039306640623,3467836,9.911943848927816,2286554.8333333335,16.89873624824261,53.91758365628414,False,False
2000-12-01 20:00:00,10.47879695892334,10.987767219543455,10.47879695892334,10.808130264282228,3488085,9.950865077972413,2327449.9,16.269442222615833,60.70147206770661,False,False
2000-12-04 20:00:00,10.71831226348877,10.987767219543455,10.71831226348877,10.957826614379885,2254135,9.989786307017008,2349250.8666666667,15.685097770248111,62.673971210094905,False,True
2000-12-05 20:00:00,10.987767219543455,10.987767219543455,10.47879695892334,10.688372611999512,2229920,10.01872771581014,2353126.7666666666,14.908881120190696,57.11669805714826,False,True
2000-12-06 20:00:00,10.748251914978027,10.778190612792969,10.388978958129885,10.418917655944824,5382745,10.04866714477539,2460134.533333333,14.500876686920913,52.1380070125258,False,False
2000-12-07 20:00:00,10.50873565673828,10.598553657531738,10.119524002075195,10.269221305847168,2111347,10.081600507100424,2465485.6333333333,14.961275926326085,49.55373515434475,False,True
2000-12-08 20:00:00,10.149462699890137,10.29916000366211,9.850069046020508,10.239280700683594,2376674,10.109543927510579,2501252.3,16.079417783767386,49.03027676694765,False,True
2000-12-11 20:00:00,10.29916000366211,10.388978958129885,10.029705047607422,10.269221305847168,2128674,10.142477289835613,2533351.8666666667,16.725298358626183,49.60358750076932,False,True
2000-12-12 20:00:00,10.359039306640623,10.448857307434082,10.269221305847168,10.359039306640623,1308893,10.166428820292156,2452577.6333333333,17.063088774300606,51.370696506827414,False,True
2000-12-13 20:00:00,10.448857307434082,10.628494262695312,10.329099655151367,10.418917655944824,1583197,10.196368249257405,2410304.7666666666,16.626295315262322,52.56483648697704,False,True
2000-12-14 20:00:00,10.418917655944824,10.538676261901855,10.029705047607422,10.179403305053713,2035360,10.206348101298014,2384920.1666666665,17.07558559418721,47.536432319264385,True,True
2000-12-15 20:00:00,10.119524002075195,10.448857307434082,10.119524002075195,10.149462699890137,2739490,10.226307678222657,2387933.2,17.492783710331747,46.932041273776434,True,False
2000-12-18 20:00:00,10.47879695892334,11.017705917358398,10.47879695892334,10.957826614379885,3346132,10.271216773986817,2440602.066666667,16.61245641351078,61.255129771863345,False,False
2000-12-19 20:00:00,10.987767219543455,11.167403221130373,10.92788791656494,10.987767219543455,2359974,10.317123889923096,2452299.3,16.20695250424001,61.667803045112755,False,True
2000-12-20 20:00:00,10.868008613586426,11.197342872619627,10.748251914978027,11.047645568847656,2165206,10.355047130584717,2402900.933333333,15.253035089554672,62.52740971275751,False,True
2000-12-21 20:00:00,10.808130264282228,11.317100524902344,10.808130264282228,11.197342872619627,3504368,10.400954214731852,2448680.8666666667,14.712218009189886,64.66103769978258,False,False
2000-12-22 20:00:00,11.017705917358398,11.43685817718506,10.987767219543455,11.376978874206545,1699682,10.453847185770671,2460872.1333333333,14.545121807517322,67.0831139630333,False,True
2000-12-26 20:00:00,11.347040176391602,11.975768089294434,11.317100524902344,11.975768089294434,2904407,10.528695742289225,2525398.2666666666,15.626764945530265,73.58272432395563,False,False
2000-12-27 20:00:00,11.915888786315918,12.215283393859863,11.82607078552246,12.215283393859863,2723834,10.616518052419027,2566529.933333333,17.06510399689077,75.65357050118311,False,False
2000-12-28 20:00:00,12.03564739227295,12.24522304534912,12.005706787109377,12.155404090881348,2182324,10.68937063217163,2580537.4,18.453460886525615,74.08989390618159,False,True
2000-12-29 20:00:00,12.06558609008789,12.125465393066406,11.586554527282717,11.616495132446287,2814851,10.742263634999594,2613165.8,18.302149017791784,61.724725785982436,False,False
2001-01-02 20:00:00,11.496736526489258,12.06558609008789,11.466797828674316,11.586554527282717,2514244,10.794158617655436,2604224.1333333333,17.80032622062046,61.114465755060486,False,True
2001-01-03 20:00:00,11.496736526489258,11.64643383026123,11.107524871826172,11.317100524902344,2321563,10.834077835083008,2608524.466666667,16.702451719633693,55.77043961920987,False,True
2001-01-04 20:00:00,11.22728157043457,11.376978874206545,11.062615394592283,11.257222175598145,2739490,10.87798900604248,2643678.7666666666,15.796673968495009,54.627287427070684,False,False
2001-01-05 20:00:00,11.257222175598145,11.766192436218262,11.257222175598145,11.526676177978516,3081640,10.911920356750489,2615030.6666666665,15.362773556798595,58.727104041579025,False,False
2001-01-08 20:00:00,11.43685817718506,11.64643383026123,11.137463569641112,11.466797828674316,1790699,10.950841617584228,2602240.933333333,14.631136812190643,57.48405868631878,False,True
2001-01-09 20:00:00,11.347040176391602,11.376978874206545,10.987767219543455,11.137463569641112,1734544,10.972797171274822,2629038.1,13.62164670727759,51.08005569114265,False,True
2001-01-10 20:00:00,11.137463569641112,11.317100524902344,11.137463569641112,11.22728157043457,1806982,10.992756748199463,2596277.5,12.684263038429757,52.630008812742325,False,True
2001-01-11 20:00:00,11.197342872619627,11.376978874206545,11.197342872619627,11.197342872619627,1694463,11.002736536661784,2525593.1,11.916325074323966,52.03816274004943,False,True
2001-01-12 20:00:00,11.137463569641112,11.167403221130373,10.957826614379885,11.047645568847656,1682982,11.01371431350708,2472458.033333333,11.614274489265924,49.06697324394473,False,True
2001-01-16 20:00:00,11.077585220336914,11.107524871826172,10.808130264282228,10.987767219543455,2142660,11.03467191060384,2428285.5,11.727655459172823,47.889134307241186,True,True
2001-01-17 20:00:00,11.047645568847656,11.107524871826172,10.688372611999512,10.808130264282228,2301523,11.03467191060384,2388733.433333333,12.136377976110465,44.4424229462276,True,True
2001-01-18 20:00:00,10.838069915771484,10.89794921875,10.628494262695312,10.658432960510254,1793413,11.02469212214152,2373376.033333333,12.667308826338507,41.74601306368934,True,True
2001-01-19 20:00:00,10.568614959716797,10.748251914978027,10.47879695892334,10.688372611999512,2144956,11.02469212214152,2370543.9,13.531795513866337,42.49745033042801,True,True
2001-01-22 20:00:00,10.688372611999512,10.957826614379885,10.628494262695312,10.868008613586426,1848107,11.039661820729574,2252722.6333333333,13.542881832599864,46.92147221445882,True,True
2001-01-23 20:00:00,10.987767219543455,11.047645568847656,10.778190612792969,11.017705917358398,2282108,11.064611307779948,2258414.6666666665,13.23336188767169,50.34960883220765,True,False
2001-01-24 20:00:00,10.71831226348877,10.957826614379885,10.658432960510254,10.89794921875,2108842,11.086566925048828,2249486.933333333,13.293052304052571,47.69568263375739,True,True
2001-01-25 20:00:00,10.778190612792969,10.957826614379885,10.778190612792969,10.808130264282228,3593924,11.104530556996663,2298328.6,13.34847911926339,45.74800204352763,True,False
2001-01-26 20:00:00,10.808130264282228,10.868008613586426,10.50873565673828,10.71831226348877,2851174,11.116506322224934,2349737.966666667,14.152159367593564,43.820919889754556,True,False
2001-01-29 20:00:00,10.720706939697266,10.816513061523438,10.610529899597168,10.70633602142334,2184411,11.126086934407551,2369778.433333333,14.898433883900154,43.55744914406036,True,True
2001-01-30 20:00:00,10.70633602142334,10.749448776245115,10.519514083862305,10.70633602142334,2382311,11.14365135828654,2381343.466666667,15.838119104504694,43.55744914406037,True,False
2001-01-31 20:00:00,10.89794921875,10.960223197937012,10.75903034210205,10.87878704071045,2334506,11.167962169647216,2367844.0,15.772854134746646,48.707584347598285,True,True
2001-02-01 20:00:00,10.826093673706056,10.826093673706056,10.53388500213623,10.58657932281494,4559624,11.155587259928385,2408293.7333333334,16.353378021509748,41.75520833279114,True,False
2001-02-02 20:00:00,10.682385444641112,10.893157958984377,10.658432960510254,10.830883979797363,1920962,11.150357818603515,2393660.0,16.60272212469845,48.388213017365395,True,True
2001-02-05 20:00:00,10.89794921875,11.25243091583252,10.89794921875,11.21889877319336,2358095,11.156066258748373,2400089.6333333333,15.474374952517561,56.802430634203006,False,True
2001-02-06 20:00:00,11.257222175598145,11.319496154785156,11.127882957458496,11.314704895019531,2057488,11.159978326161703,2351860.3,14.534331535583283,58.597261666693946,False,True
2001-02-07 20:00:00,11.319496154785156,11.467994689941406,11.257222175598145,11.42009162902832,1654591,11.161415417989096,2350357.2666666666,14.140958237146936,60.53950720404124,False,True
2001-02-08 20:00:00,11.491947174072266,11.635656356811523,11.41051197052002,11.539850234985352,1981501,11.14688482284546,2319593.7333333334,14.276792074514193,62.68190448272527,False,True
2001-02-09 20:00:00,11.348237991333008,11.784154891967772,11.348237991333008,11.693140029907228,2194431,11.129480044047037,2301946.966666667,14.813815026475607,65.28029668051744,False,True
2001-02-12 20:00:00,11.578171730041504,11.71230125427246,11.491947174072266,11.664398193359377,2170216,11.113113180796306,2301543.3666666667,15.312479196154063,64.37521067408879,False,True
2001-02-13 20:00:00,11.549429893493652,11.65960693359375,11.434462547302246,11.59254264831543,1830363,11.11231476465861,2268727.1,15.51590379029943,62.058666293945855,False,True
2001-02-14 20:00:00,11.5111083984375,11.736251831054688,11.47757625579834,11.582962989807127,1511177,11.112195046742757,2235291.533333333,15.944994784257293,61.73968823073112,False,True
2001-02-15 20:00:00,11.582962989807127,11.621285438537598,11.448834419250488,11.554221153259276,2141825,11.120099067687988,2229300.2666666666,16.201749000505536,60.73108903234559,False,True
2001-02-16 20:00:00,11.832058906555176,11.832058906555176,11.472785949707031,11.501526832580566,2346405,11.128242556254069,2216197.433333333,17.09643194449001,58.83345475683569,False,False
2001-02-20 20:00:00,11.621285438537598,11.741043090820312,11.45362377166748,11.554221153259276,2532823,11.129160722096762,2197903.533333333,17.82554785346323,60.17361586003697,False,False
2001-02-21 20:00:00,11.59254264831543,11.664398193359377,11.367399215698242,11.381770133972168,2302775,11.12632646560669,2214972.7333333334,18.040170393798608,53.98015556599132,False,False
2001-02-22 20:00:00,11.496736526489258,11.606913566589355,11.329075813293455,11.33865737915039,2143286,11.133032925923665,2228597.466666667,18.034376069513716,52.52464596573114,False,True
2001-02-23 20:00:00,11.496736526489258,11.544639587402344,11.199737548828123,11.391349792480469,1746026,11.138501866658528,2226565.6,17.359165123116366,54.1518056591057,False,True
2001-02-26 20:00:00,11.496736526489258,11.760204315185549,11.424881935119627,11.611703872680664,2914636,11.152313899993896,2267238.033333333,17.54759084294404,60.28240089822552,False,False
2001-02-27 20:00:00,11.71230125427246,11.779364585876465,11.496736526489258,11.535059928894045,1559816,11.168561045328776,2263132.5,17.79005606701616,57.40707385894995,False,True
2001-02-28 20:00:00,11.506318092346191,11.578171730041504,11.386560440063477,11.491947174072266,1838922,11.18536704381307,2253007.9,17.426388824631076,55.794929042621774,False,True
2001-03-01 20:00:00,11.448834419250488,11.640445709228516,11.386560440063477,11.434462547302246,1815959,11.206244786580404,2236822.433333333,17.337108453513242,53.63223463062947,False,True
2001-03-02 20:00:00,11.496736526489258,11.879961967468262,11.496736526489258,11.808107376098633,2471867,11.244567267100017,2259437.566666667,18.102216715138315,63.52804591171684,False,False
2001-03-05 20:00:00,11.927865028381348,12.042832374572754,11.85601043701172,12.042832374572754,2440553,11.289715925852457,2269290.8,19.29563136596497,68.12963030863568,False,False
2001-03-06 20:00:00,11.980558395385742,12.095524787902832,11.899123191833496,11.994929313659668,1725777,11.327279949188233,2265213.1333333333,20.55142356671009,66.2914237589949,False,True
2001-03-07 20:00:00,11.980558395385742,12.167380332946776,11.980558395385742,12.167380332946776,2207165,11.365602429707845,2262715.033333333,21.91809825072909,69.48354609469285,False,True
2001-03-08 20:00:00,12.330249786376951,12.694314002990724,12.119477272033691,12.641619682312012,5029323,11.423724778493245,2360064.4,24.307232307784847,76.16740116307452,False,False
2001-03-09 20:00:00,12.694314002990724,12.694314002990724,12.085945129394531,12.43563747406006,2312795,11.477975018819173,2317360.1,26.331447158383643,69.08924393878374,False,True
2001-03-12 20:00:00,12.40689468383789,12.40689468383789,12.071574211120604,12.09073543548584,1966262,11.523722457885743,2287863.033333333,28.123689228540265,59.173426530402715,False,True
2001-03-13 20:00:00,12.09073543548584,12.19133186340332,11.693140029907228,11.961397171020508,2476668,11.565557829538982,2297604.933333333,27.784864946399153,55.931589395623305,False,False
2001-03-14 20:00:00,12.071574211120604,12.071574211120604,11.573382377624512,11.664398193359377,1986720,11.597493235270182,2284418.566666667,26.947047793844202,49.25807612384806,False,True
2001-03-15 20:00:00,11.784154891967772,11.784154891967772,11.353028297424316,11.439252853393556,2589604,11.616175429026287,2292921.8333333335,25.296536088975675,44.88587845581972,True,False
2001-03-16 20:00:00,11.329075813293455,11.616495132446287,11.329075813293455,11.467994689941406,2864535,11.645555941263835,2236418.8666666667,23.6736406595903,45.55031566478468,True,False
2001-03-19 20:00:00,11.467994689941406,11.947026252746582,11.429673194885254,11.899123191833496,2702332,11.681163914998372,2262464.533333333,23.232579359128888,54.42571363170089,False,False
2001-03-20 20:00:00,11.803317070007324,12.018880844116213,11.750622749328612,11.76499366760254,2347449,11.699367078145345,2262109.6666666665,23.02702796992273,51.607292558825144,False,False
2001-03-21 20:00:00,11.544639587402344,11.71230125427246,11.463205337524414,11.539850234985352,2512156,11.706871922810873,2277265.2666666666,21.720527064822942,47.189859175497055,True,False
2001-03-22 20:00:00,11.448834419250488,11.448834419250488,10.87878704071045,11.147045135498049,3329640,11.69777037302653,2333100.2333333334,21.486260499586443,40.65189876887813,True,False
2001-03-23 20:00:00,11.089561462402344,11.362607955932615,10.945852279663086,11.362607955932615,1989225,11.691862297058105,2333357.7,21.268727260438265,45.143518459697226,True,True
2001-03-26 20:00:00,11.482365608215332,11.693140029907228,11.482365608215332,11.568592071533203,2719659,11.687710698445638,2350865.3,19.994403913655315,49.107185578820555,True,False
2001-03-27 20:00:00,11.568592071533203,11.736251831054688,11.41051197052002,11.535059928894045,2644716,11.68339942296346,2366681.966666667,19.009894735114568,48.49291491812228,True,False
2001-03-28 20:00:00,11.616495132446287,11.73146152496338,11.501526832580566,11.635656356811523,2950750,11.684836546579996,2404028.2,18.0957076407553,50.493614517981115,True,False
2001-03-29 20:00:00,11.544639587402344,11.573382377624512,11.405720710754396,11.47757625579834,2063751,11.68132365544637,2422447.3333333335,17.532628566154738,47.37916265966447,True,True
2001-03-30 20:00:00,11.482365608215332,11.908702850341797,11.482365608215332,11.85601043701172,2662460,11.69138329823812,2439801.8333333335,16.641382402263524,54.59872751243313,False,False
2001-04-01 20:00:00,11.88475227355957,11.91828441619873,11.616495132446287,11.779364585876465,2789800,11.700644556681317,2454581.6666666665,15.84258402512428,53.012326033114135,False,False
2001-04-02 20:00:00,11.755414009094238,11.82726764678955,11.520689010620115,11.68355941772461,2454331,11.704955832163495,2451965.2666666666,14.77158080854738,51.01692659082918,True,False
2001-04-03 20:00:00,11.741043090820312,12.19133186340332,11.68355941772461,12.009300231933594,2431786,11.725873502095542,2456265.6333333333,14.851711612730949,56.95017222176541,False,True
2001-04-04 20:00:00,12.143428802490234,12.20570182800293,11.942235946655272,12.143428802490234,3136960,11.75269921620687,2489388.1,14.964618867216702,59.144639674993726,False,False
2001-04-05 20:00:00,12.19133186340332,12.215283393859863,11.688348770141602,12.181751251220703,2788756,11.779045931498212,2524145.7666666666,14.165588239816065,59.775545486728234,False,False
2001-04-08 20:00:00,12.239234924316406,12.574556350708008,12.23444366455078,12.483539581298828,2922360,11.808107121785484,2524403.2333333334,14.400229784404951,64.43345488551331,False,False
2001-04-09 20:00:00,12.574556350708008,12.7374267578125,12.53623390197754,12.63683032989502,4114141,11.84483280181885,2609547.4,15.000610740217235,66.55214450279951,False,False
2001-04-10 20:00:00,12.59850788116455,12.67036247253418,12.40689468383789,12.555395126342772,2815895,11.880281066894531,2642113.1666666665,15.09704614464364,64.35876254128762,False,False
2001-04-11 20:00:00,12.574556350708008,12.742217063903809,12.42605686187744,12.507492065429688,3925218,11.916048717498779,2712421.8,15.368758298556672,63.04256269949027,False,False
2001-04-15 20:00:00,12.507492065429688,12.81407070159912,12.507492065429688,12.809281349182127,3337782,11.94942118326823,2741285.6333333333,15.805210395990985,67.54566758065027,False,False
2001-04-16 20:00:00,12.694314002990724,13.230828285217283,12.651201248168944,13.221247673034668,3582651,11.98870169321696,2779355.566666667,17.13965757548531,72.47588587108847,False,False
2001-04-17 20:00:00,13.269150733947754,13.293102264404297,12.723055839538574,12.981732368469238,4147333,12.021595128377278,2860074.1,18.50029816699826,66.1810639364646,False,False
2001-04-18 20:00:00,12.981732368469238,13.077537536621094,12.842812538146973,12.967361450195312,3606241,12.048261165618896,2906709.966666667,19.763750144831715,65.81172159116687,False,False
2001-04-19 20:00:00,12.967361450195312,13.21645736694336,12.95298957824707,13.135022163391112,2578123,12.0647079149882,2825003.3,21.22388721576757,68.05184822645104,False,True
2001-04-22 20:00:00,13.388908386230469,13.815245628356934,13.288311958312988,13.76255226135254,6333623,12.108938407897949,2959030.9,23.545555937681062,74.72674376147891,False,False
2001-04-23 20:00:00,13.820035934448242,14.011648178100586,13.7960844039917,13.939793586730955,5134953,12.17057367960612,3064653.933333333,25.945874166192077,76.2368838507114,False,False
2001-04-24 20:00:00,14.011648178100586,14.323018074035645,13.939793586730955,14.251164436340332,5927804,12.24689925511678,3179691.8,28.51793405821731,78.65036612767753,False,False
2001-04-25 20:00:00,14.251164436340332,14.485889434814451,14.251164436340332,14.279905319213867,5332017,12.334082825978596,3291201.7,31.067726529756214,78.86375676372538,False,False
2001-04-26 20:00:00,14.284695625305176,14.313438415527344,14.18889045715332,14.27511501312256,2985821,12.428611564636231,3304408.933333333,33.15529727360654,78.72252519395889,False,True
2001-04-29 20:00:00,14.37092113494873,14.581694602966309,14.30385684967041,14.428404808044434,4329994,12.527291901906331,3353257.566666667,35.376602401294576,79.95933015880982,False,False
2001-04-30 20:00:00,14.428404808044434,14.433195114135742,13.987696647644045,14.1314058303833,4484264,12.601701323191325,3412655.3,36.12102567872969,71.31043530947566,False,False
2001-05-01 20:00:00,13.915842056274414,13.915842056274414,13.412859916687012,13.446392059326172,5161047,12.657747936248779,3506441.9,34.93431062020036,56.20877706968352,False,False
2001-05-02 20:00:00,13.412859916687012,13.733810424804688,13.077537536621094,13.65716552734375,3842551,12.728325112660725,3550788.4,32.96375076989813,59.080256905571204,False,False
2001-05-03 20:00:00,13.767342567443848,13.935003280639648,13.738600730895996,13.877519607543944,2777692,12.819340928395588,3532390.1333333333,31.542239113431915,61.8935020265898,False,True
2001-05-06 20:00:00,13.848777770996094,13.99727725982666,13.65237522125244,13.834406852722168,2479382,12.901734224955241,3548728.7,29.998678058740122,61.00972420484398,False,True
2001-05-07 20:00:00,13.772132873535156,14.006857872009276,13.700278282165527,13.891890525817873,2346196,12.97917750676473,3536279.933333333,28.586613593012167,61.79308783146812,False,True
2001-05-08 20:00:00,13.915842056274414,14.1314058303833,13.901471138000488,14.10266399383545,2268957,13.064764308929444,3523754.6333333333,27.558723667810202,64.60142344595451,False,True
2001-05-09 20:00:00,14.006857872009276,14.323018074035645,13.9637451171875,14.10266399383545,2153307,13.146997896830241,3497173.2,27.02230594324174,64.60142344595452,False,True
2001-05-10 20:00:00,14.059551239013672,14.1314058303833,13.915842056274414,14.1314058303833,1682982,13.23545888264974,3484480.9,26.36957061311578,65.00818646276521,False,True
2001-05-13 20:00:00,14.011648178100586,14.366130828857422,13.987696647644045,14.366130828857422,2922151,13.319129562377928,3493137.2666666666,26.27311335550325,68.21992438979603,False,True
2001-05-14 20:00:00,14.366130828857422,14.586484909057615,14.313438415527344,14.505049705505373,3648618,13.409985733032226,3521764.533333333,26.61603688267819,69.976326990756,False,False
2001-05-15 20:00:00,14.457146644592283,14.835580825805664,14.380501747131348,14.615226745605469,4178020,13.507707977294922,3579220.8333333335,27.375138426339426,71.32969521878618,False,False
2001-05-16 20:00:00,14.529001235961914,14.682291030883787,14.437986373901367,14.634387969970703,3439028,13.59521090189616,3612795.566666667,28.080018431167712,71.56971673818882,False,True
2001-05-17 20:00:00,14.634387969970703,14.897854804992676,14.572113990783691,14.88827419281006,3146980,13.686705748240152,3613129.566666667,29.104046477534155,74.60354836368849,False,True
2001-05-20 20:00:00,14.88827419281006,14.897854804992676,14.682291030883787,14.77809715270996,2467483,13.773250611623128,3602420.466666667,30.05492966344585,71.05973749263865,False,True
2001-05-21 20:00:00,14.77809715270996,14.77809715270996,14.490678787231444,14.581694602966309,2027636,13.843189112345378,3572596.3333333335,30.141168060007065,65.1212670679564,False,True
2001-05-22 20:00:00,14.461936950683594,14.56253433227539,14.32780933380127,14.4092435836792,2701079,13.902269554138183,3525494.2666666666,29.59402829059198,60.352057495376364,False,True
2001-05-23 20:00:00,14.346969604492188,14.394872665405272,14.251164436340332,14.313438415527344,1653547,13.960870997111003,3486749.3333333335,28.799092178243654,57.81868176404471,False,True
2001-05-24 20:00:00,14.433195114135742,14.457146644592283,14.140987396240234,14.155357360839844,1543116,14.015799840291342,3407345.933333333,27.652142845003027,53.805319948434075,False,True
2001-05-28 20:00:00,14.184099197387695,14.519420623779297,14.184099197387695,14.437986373901367,2084626,14.070090007781982,3365574.066666667,26.765165466993913,59.25129381654528,False,True
2001-05-29 20:00:00,14.514631271362305,14.605646133422852,14.27032470703125,14.32780933380127,1679433,14.106975396474203,3302133.466666667,26.188912734627603,56.45707136514246,False,True
2001-05-30 20:00:00,14.332598686218262,14.418824195861816,14.155357360839844,14.356550216674805,2726339,14.152802658081054,3254767.0,25.183999148867944,57.026394225342855,False,True
2001-05-31 20:00:00,14.37092113494873,14.39008331298828,14.083502769470217,14.179308891296388,2112182,14.19320090611776,3204965.033333333,23.962902642791644,52.47018991642884,True,True
2001-06-03 20:00:00,14.299066543579102,14.485889434814451,14.279905319213867,14.418824195861816,2558291,14.235994307200116,3204303.966666667,23.151343298240125,57.420994206606466,False,True
2001-06-04 20:00:00,14.394872665405272,14.730194091796877,14.289485931396484,14.667920112609863,2693564,14.26617323557536,3082968.6666666665,23.139427826518897,61.869371965941355,False,True
2001-06-05 20:00:00,14.548163414001465,14.548163414001465,14.27511501312256,14.284695625305176,5346004,14.2776699701945,3090003.7,23.062742989522924,52.740417618190996,False,False
2001-06-06 20:00:00,14.045180320739746,14.27032470703125,14.006857872009276,14.107454299926758,2926743,14.272879632314048,2989968.3333333335,21.853189433025328,49.129759360988686,True,True
2001-06-07 20:00:00,14.107454299926758,14.222421646118164,14.030810356140137,14.13619613647461,1644988,14.26808932622274,2867067.3666666667,20.730032559134703,49.7307660389721,True,True
2001-06-10 20:00:00,14.346969604492188,14.399662971496582,14.155357360839844,14.19847011566162,2649726,14.265534496307373,2855864.2,20.296897327446295,51.07936970140783,True,True
2001-06-11 20:00:00,14.203261375427246,14.437986373901367,14.18889045715332,14.428404808044434,1979623,14.265534496307373,2777518.5,20.021103307319546,55.794963515996265,False,True
2001-06-12 20:00:00,14.42361545562744,14.600855827331545,14.107454299926758,14.179308891296388,2111973,14.267131265004478,2698442.1333333333,20.28242152890477,50.154660573252855,True,True
2001-06-13 20:00:00,14.179308891296388,14.217631340026855,13.89668083190918,13.949374198913574,1643945,14.283897336324058,2581205.4,19.572840986367943,45.57477580784839,True,True
2001-06-14 20:00:00,13.65716552734375,14.23200225830078,13.65716552734375,14.059551239013672,2710473,14.297310193379722,2543469.466666667,18.354164072203236,48.02393995205027,True,False
2001-06-17 20:00:00,14.06434154510498,14.150567054748535,13.867938995361328,13.867938995361328,1341876,14.296990839640301,2495608.933333333,17.222535509050292,44.29100803301856,True,True
2001-06-18 20:00:00,13.772132873535156,13.891890525817873,13.76255226135254,13.887100219726562,1231863,14.298747285207115,2454024.966666667,16.5625998868417,44.753476282125256,True,True
2001-06-19 20:00:00,14.006857872009276,14.16972827911377,13.65237522125244,13.72422981262207,1867939,14.293158594767254,2438083.066666667,15.869535181311148,41.592811020027014,True,True
2001-06-20 20:00:00,13.72422981262207,13.820035934448242,13.197296142578123,13.412859916687012,3004400,14.270165125528973,2462597.8333333335,15.735552971514107,36.31284500829667,True,False
2001-06-21 20:00:00,13.532617568969728,13.748181343078612,13.1829252243042,13.58531093597412,2270209,14.252920023600261,2466494.566666667,15.651642874719192,40.795558383964355,True,True
2001-06-24 20:00:00,13.484713554382324,13.647584915161133,13.269150733947754,13.269150733947754,3517520,14.22417818705241,2527645.8333333335,15.57372635626677,35.8179978885613,True,False
2001-06-25 20:00:00,13.293102264404297,13.408069610595703,13.130231857299805,13.297892570495604,2162492,14.188570245107014,2502323.8666666667,15.921405303599864,36.57561871163523,True,True
2001-06-26 20:00:00,13.269150733947754,13.269150733947754,12.981732368469238,13.096699714660645,1830154,14.141625245412191,2441708.4,16.66145060448718,33.58686053983181,True,True
2001-06-27 20:00:00,13.029635429382324,13.04879665374756,12.646410942077637,12.694314002990724,3545075,14.077594820658366,2420610.2333333334,18.146283631799804,28.560244671698936,True,False
2001-06-28 20:00:00,12.81407070159912,12.95298957824707,12.703893661499023,12.7374267578125,3178919,14.014362780253093,2411939.933333333,19.525057157161523,29.77295915026475,True,False
2001-07-01 20:00:00,12.852394104003906,12.852394104003906,12.550604820251465,12.646410942077637,2682709,13.939634005228678,2396464.2333333334,21.137501701477834,28.666613653588985,True,False
2001-07-02 20:00:00,12.694314002990724,12.761378288269045,12.560185432434082,12.660781860351562,986158,13.869056828816731,2347086.7333333334,22.634771635485837,29.114510957178574,True,True
2001-07-04 20:00:00,12.584136962890623,13.04400634765625,12.584136962890623,12.87155532836914,2400472,13.81205218633016,2359514.6,22.632893442914387,35.51027236898215,True,False
2001-07-05 20:00:00,12.929039001464844,13.12544059753418,12.7374267578125,13.000892639160156,2021165,13.765107154846191,2336850.8,22.273625357445233,39.13909616639602,True,True
2001-07-08 20:00:00,12.881135940551758,12.900297164916992,12.67036247253418,12.694314002990724,1651251,13.71113634109497,2336774.2666666666,22.145664282960926,34.22323962086162,True,True
2001-07-09 20:00:00,12.81407070159912,12.933829307556152,12.622459411621094,12.847603797912598,2927161,13.667544555664062,2382909.1,22.17550869948738,38.38997420914842,True,False
2001-07-10 20:00:00,12.799700736999512,12.861974716186523,12.608087539672852,12.81407070159912,2667679,13.613414033253987,2402344.2,22.249605421435376,37.82548843822299,True,False
2001-07-11 20:00:00,12.790120124816896,12.929039001464844,12.67036247253418,12.895506858825684,2184411,13.565670617421468,2419176.8,21.96252038782799,40.12792558575119,True,True
2001-07-12 20:00:00,12.885926246643066,13.12544059753418,12.751797676086426,12.933829307556152,1219755,13.518246587117513,2368957.3333333335,20.740736092550605,41.230849310768285,True,True
2001-07-15 20:00:00,12.957780838012695,13.053586959838867,12.694314002990724,12.766167640686035,1654591,13.471141878763834,2353704.3,19.84016635514352,37.938077021201956,True,True
2001-07-16 20:00:00,12.761378288269045,12.89071559906006,12.67036247253418,12.727846145629885,2510904,13.414775943756103,2352124.7333333334,19.103742420399637,37.20667917885406,True,False
2001-07-17 20:00:00,12.632040023803713,12.632040023803713,12.220072746276855,12.287137985229492,3455520,13.33541653951009,2377523.2666666666,19.941516073717356,30.0352869283508,True,False
2001-07-18 20:00:00,12.574556350708008,12.641619682312012,12.392523765563965,12.488330841064451,2648682,13.275537713368733,2287612.533333333,20.669304885955658,36.09132412496267,True,False
2001-07-19 20:00:00,12.469168663024902,12.622459411621094,12.454797744750977,12.54581356048584,3469297,13.223483022054037,2305697.6666666665,21.345108783034078,37.74924400969093,True,False
2001-07-22 20:00:00,12.574556350708008,12.785329818725586,12.550604820251465,12.622459411621094,1993400,13.173025131225586,2317311.4,21.083305523443446,39.98487670556295,True,True
2001-07-23 20:00:00,12.622459411621094,12.67036247253418,12.244025230407717,12.339831352233888,2307159,13.111070505777995,2305892.5,21.795393708896693,34.99416215135506,True,False
2001-07-24 20:00:00,12.40689468383789,12.885926246643066,12.34462070465088,12.818861961364746,2407361,13.05741907755534,2320150.433333333,21.431286541603203,47.0560657222856,True,False
2001-07-25 20:00:00,12.885926246643066,13.12544059753418,12.751797676086426,13.024845123291016,2973505,13.01893695195516,2348868.1666666665,20.127281086938336,51.24528641783901,False,False
2001-07-26 20:00:00,13.158973693847656,13.245199203491213,12.83802318572998,13.12544059753418,2330331,12.991472498575847,2371747.7,18.89565051730542,53.193147037655095,False,True
2001-07-29 20:00:00,13.412859916687012,13.412859916687012,13.197296142578123,13.293102264404297,1867939,12.9659241994222,2343663.2333333334,18.316274310923895,56.32508638656637,False,True
2001-07-30 20:00:00,13.293102264404297,13.460762977600098,13.1829252243042,13.240408897399902,1778800,12.945006529490152,2358227.3666666667,17.93388859101532,55.07774058173904,False,True
2001-07-31 20:00:00,13.364956855773926,13.412859916687012,13.077537536621094,13.135022163391112,1783184,12.919937260945638,2376604.7333333334,17.137542004749584,52.57024771218043,False,True
2001-08-01 20:00:00,13.197296142578123,13.28352165222168,13.029635429382324,13.197296142578123,1611379,12.902372805277505,2368052.7333333334,16.19921186489462,53.90566352096917,False,True
2001-08-02 20:00:00,13.197296142578123,13.21645736694336,12.94340991973877,13.077537536621094,1055256,12.89119539260864,2303081.2666666666,15.11373250591719,50.93556030040611,False,True
2001-08-05 20:00:00,13.087119102478027,13.1829252243042,12.924248695373535,12.97694206237793,1187398,12.870916430155436,2266987.566666667,14.186274544520177,48.517368321925034,False,True
2001-08-06 20:00:00,13.077537536621094,13.259570121765137,13.029635429382324,13.058377265930176,1655426,12.863890647888184,2204917.7666666666,13.361839200797757,50.563510190659365,False,True
2001-08-07 20:00:00,13.12544059753418,13.245199203491213,12.747007369995115,12.818861961364746,1422665,12.847922960917154,2180256.8666666667,13.366355272427336,44.909934728833115,True,True
2001-08-08 20:00:00,12.818861961364746,13.00568389892578,12.67036247253418,12.957780838012695,1707406,12.843292331695556,2176165.2666666666,13.640921050199475,48.50621453159596,False,True
2001-08-09 20:00:00,12.885926246643066,13.278731346130373,12.847603797912598,13.14460277557373,833976,12.858301957448324,2085795.3,12.69325354463221,52.95409686412763,False,True
2001-08-12 20:00:00,13.221247673034668,13.3505859375,13.154183387756348,13.163763999938965,1091371,12.87251319885254,2016210.3666666667,12.04035787306933,53.39870410536365,False,True
2001-08-13 20:00:00,13.1829252243042,13.31705379486084,13.053586959838867,13.21645736694336,1297829,12.891514746348063,1970047.7,11.338496633463404,54.66747159286158,False,True
2001-08-14 20:00:00,13.264360427856444,13.820035934448242,13.264360427856444,13.676326751708984,2425523,12.925366242726644,2018026.5333333334,12.054762655231823,63.90395912681117,False,False
2001-08-15 20:00:00,13.638004302978516,13.7960844039917,13.427230834960938,13.604472160339355,1885474,12.949796803792317,2000859.9333333333,12.719866818302497,61.785650481163,False,True
2001-08-16 20:00:00,13.470343589782717,13.671536445617676,13.412859916687012,13.436811447143556,1372563,12.964327430725097,1979239.8666666667,13.271696914441943,57.03488580824391,False,True
2001-08-19 20:00:00,13.441601753234863,13.475133895874023,13.293102264404297,13.41765022277832,1112455,12.98843863805135,1961280.0,13.235711549290745,56.500195300249764,False,True
2001-08-20 20:00:00,13.427230834960938,13.55177879333496,13.293102264404297,13.412859916687012,1435190,13.007280508677164,1911547.6333333333,13.464521602770601,56.357948741777776,False,True
2001-08-21 20:00:00,13.470343589782717,13.772132873535156,13.168554306030272,13.187714576721191,2802743,13.019735304514567,1916049.7666666666,14.36505319048155,49.98792164006124,False,False
2001-08-22 20:00:00,13.197296142578123,13.374537467956545,13.192505836486816,13.302682876586914,1902801,13.033307838439942,1906662.7666666666,15.201261093356004,52.91458223687111,False,True
2001-08-23 20:00:00,13.31705379486084,13.546987533569336,13.249988555908203,13.479924201965332,1480907,13.051511001586913,1915367.8333333333,16.477923218151776,57.08411239923723,False,True
2001-08-26 20:00:00,13.484713554382324,13.628423690795898,13.355376243591309,13.355376243591309,1242509,13.071151288350423,1901631.7666666666,17.883089039674456,53.49900087165016,False,True
2001-08-27 20:00:00,13.412859916687012,13.532617568969728,13.321844100952148,13.393698692321776,2236182,13.09334637324015,1892474.3666666667,18.993657758803625,54.446995265689125,False,False
2001-08-28 20:00:00,13.513456344604492,13.65237522125244,13.341005325317385,13.364956855773926,1714713,13.129273668924965,1834447.4666666666,20.364096169392628,53.56499143489779,False,True
2001-08-29 20:00:00,13.364956855773926,13.62363338470459,13.17813491821289,13.273941040039062,1707197,13.155460675557455,1803064.6333333333,20.702984355593653,50.76077315449974,False,True
2001-08-30 20:00:00,13.197296142578123,13.345795631408691,13.12544059753418,13.1829252243042,1540611,13.176697731018066,1738775.1,20.732528301274318,48.05167942711676,False,True
2001-09-03 20:00:00,13.206876754760742,13.666746139526367,13.206876754760742,13.508666038513184,1633507,13.206237951914469,1726778.6666666667,21.735133574768355,56.914414992129245,False,True
2001-09-04 20:00:00,13.513456344604492,13.676326751708984,13.331424713134766,13.570940017700195,2781450,13.247274907430011,1742588.3666666667,22.691903997458926,58.37643942561925,False,False
2001-09-05 20:00:00,13.65237522125244,13.72422981262207,13.460762977600098,13.599681854248049,2667679,13.27330223719279,1751265.6333333333,23.714386223827297,59.06682334602262,False,False
2001-09-06 20:00:00,13.719440460205078,13.719440460205078,13.484713554382324,13.609262466430664,4038989,13.292782815297445,1786781.7666666666,24.663834005455072,59.30910033105857,False,False
2001-09-09 20:00:00,13.532617568969728,13.628423690795898,13.341005325317385,13.412859916687012,2020330,13.302363459269205,1776448.4,24.650495448255658,52.45483683730434,False,False
2001-09-16 20:00:00,12.933829307556152,13.173344612121582,12.885926246643066,13.00568389892578,3745480,13.292782847086587,1839033.1,23.255125053113456,41.69623069771318,True,False
2001-09-17 20:00:00,12.981732368469238,12.981732368469238,12.46437931060791,12.46437931060791,1985050,13.26691519419352,1845908.1,23.25863026421757,32.23172025894663,True,False
2001-09-18 20:00:00,12.287137985229492,12.382944107055664,11.549429893493652,11.812896728515623,4066336,13.222844346364338,1922013.1666666667,24.957002764096554,24.904686130708274,True,False
2001-09-19 20:00:00,11.669187545776367,11.721880912780762,11.463205337524414,11.520689010620115,3667406,13.166957441965739,1990547.4,26.64924911917071,22.440616019794536,True,False
2001-09-20 20:00:00,10.730287551879885,11.640445709228516,10.730287551879885,11.400931358337402,4198896,13.111070569356283,2095335.4,29.020101776517112,21.50167035357918,True,False
2001-09-23 20:00:00,11.20931911468506,11.290754318237305,10.835675239562988,10.955431938171388,4917221,13.043686898549398,2219662.8333333335,31.221607815481626,18.41490435588355,True,False
2001-09-24 20:00:00,10.87399673461914,10.960223197937012,10.49077320098877,10.49077320098877,4936218,12.958100096384685,2329022.566666667,33.570815575856685,15.857811963370605,True,False
2001-09-25 20:00:00,10.658432960510254,11.017705917358398,10.543465614318848,10.86441707611084,3075168,12.892951933542887,2384106.0,35.53273786035265,24.88981783160981,True,False
2001-09-26 20:00:00,10.869207382202148,11.44404411315918,10.730287551879885,11.204527854919434,1747905,12.83451016743978,2385455.966666667,35.85805231204497,32.04080274430391,True,True
2001-09-27 20:00:00,11.324286460876465,11.73146152496338,11.309914588928224,11.65960693359375,2963902,12.785010306040446,2456453.5,35.29658393297935,40.23929376540602,True,False
2001-09-30 20:00:00,11.65960693359375,11.65960693359375,11.11351203918457,11.520689010620115,1939542,12.730241139729818,2484725.8666666667,35.0823435447253,38.70431910218774,True,True
2001-10-01 20:00:00,11.640445709228516,11.879961967468262,11.424881935119627,11.879961967468262,1848107,12.685691293080648,2503068.466666667,34.247461219994605,44.591142250965724,True,True
2001-10-02 20:00:00,11.544639587402344,11.635656356811523,11.41051197052002,11.515897750854492,3040724,12.613676993052165,2523575.1666666665,33.49795291346554,40.36103340410932,True,False
2001-10-03 20:00:00,11.688348770141602,11.927865028381348,11.602124214172363,11.865591049194336,3028198,12.55571428934733,2561665.966666667,31.976436147482296,45.690377111559066,True,False
2001-10-04 20:00:00,11.879961967468262,12.13863754272461,11.664398193359377,12.119477272033691,3705817,12.511803150177002,2639441.1,30.02153593228699,49.23709462780073,True,False
2001-10-07 20:00:00,12.119477272033691,12.358991622924805,11.975768089294434,12.282346725463867,3078926,12.473959700266521,2704990.1333333333,28.076761042887288,51.42847003799987,True,False
2001-10-08 20:00:00,12.282346725463867,12.445218086242676,12.09073543548584,12.31108856201172,2070013,12.43723398844401,2726150.9,26.471955959915313,51.823712145376646,True,True
2001-10-09 20:00:00,12.335041046142578,12.641619682312012,12.26797580718994,12.5697660446167,2950542,12.416635704040527,2731077.533333333,25.42892169322163,55.34559212284884,False,False
2001-10-10 20:00:00,12.5697660446167,12.71826457977295,12.349411964416504,12.689523696899414,2440136,12.39619706471761,2748988.7,24.631087411280884,56.91590964777367,False,True
2001-10-11 20:00:00,12.574556350708008,12.71826457977295,12.31108856201172,12.526653289794922,1459197,12.364421367645264,2748265.033333333,23.772788788248103,54.128060927137376,False,True
2001-10-14 20:00:00,12.478750228881836,12.521862983703612,11.980558395385742,12.162590026855469,1901966,12.324661827087402,2770246.933333333,22.12211296105221,48.41892922414621,True,True
2001-10-15 20:00:00,12.162590026855469,12.402105331420898,12.114686965942385,12.162590026855469,2719450,12.283624871571858,2786355.8666666667,20.58934255008459,48.41892922414621,True,True
2001-10-16 20:00:00,12.478750228881836,12.617669105529783,12.167380332946776,12.358991622924805,2113643,12.250092697143554,2799653.533333333,19.660031481721955,51.612098230092215,False,True
2001-10-17 20:00:00,12.354202270507812,12.354202270507812,11.85122013092041,11.91828441619873,1791117,12.204904143015543,2802450.8666666667,18.5943680201224,44.89583878104458,True,True
2001-10-18 20:00:00,11.7985258102417,12.109895706176758,11.635656356811523,11.961397171020508,3193323,12.16418654123942,2857541.2666666666,18.132590315125903,45.64106342244499,True,False
2001-10-21 20:00:00,11.99971866607666,12.25839614868164,11.879961967468262,12.210493087768556,2148714,12.120914109547932,2874714.8333333335,17.26799091148738,49.860265785746435,False,True
2001-10-22 20:00:00,12.239234924316406,12.378153800964355,11.91828441619873,12.109895706176758,2623840,12.072212632497152,2869461.1666666665,16.12340393853539,48.232093826304286,False,True
2001-10-23 20:00:00,12.02367115020752,12.109895706176758,11.85601043701172,12.061992645263672,1618059,12.020956325531007,2834473.8333333335,15.234431245662453,47.43770950398271,False,True
2001-10-24 20:00:00,11.975768089294434,12.22486400604248,11.975768089294434,12.215283393859863,2350162,11.974490356445312,2778179.6,14.229494679642107,50.26083634362676,False,True
2001-10-25 20:00:00,12.215283393859863,12.665572166442873,12.167380332946776,12.541024208068848,2157482,11.945429166158041,2782751.3333333335,14.437627214783632,55.70522951220311,False,True
2001-10-29 20:00:00,12.421265602111816,12.646410942077637,12.378153800964355,12.454797744750977,1829528,11.927066294352214,2718886.2666666666,14.63089314027219,54.01962514730395,False,True
2001-10-30 20:00:00,12.43084716796875,12.450008392333984,11.975768089294434,12.042832374572754,1620147,11.913014729817709,2706722.8333333335,13.587323249125918,46.74225941475571,False,True
2001-10-31 20:00:00,12.162590026855469,12.31108856201172,11.760204315185549,12.129057884216309,3322751,11.923553435007731,2681936.6666666665,13.170914126177433,48.31180433570489,False,False
2001-11-01 20:00:00,12.071574211120604,12.761378288269045,11.88475227355957,12.411685943603516,2342856,11.953253332773844,2637785.0,12.822082595936498,53.18221990713962,False,True
2001-11-02 20:00:00,12.31108856201172,12.31108856201172,11.942235946655272,12.038042068481444,1658975,11.974490356445312,2553120.966666667,12.498167603569916,46.89155493821984,False,True
2001-11-05 20:00:00,12.095524787902832,12.20570182800293,11.784154891967772,12.028461456298828,2096317,12.010258007049561,2459090.8333333335,11.755276382780915,46.73889376350726,False,True
2001-11-06 20:00:00,12.028461456298828,12.05720329284668,11.74583339691162,12.009300231933594,1433729,12.06087557474772,2342341.2,10.9582262103746,46.413437689666345,True,True
2001-11-07 20:00:00,12.014089584350586,12.25839614868164,11.903912544250488,12.162590026855469,1728908,12.104148006439209,2297465.8666666667,10.763045278799865,49.44622670749053,False,True
2001-11-08 20:00:00,12.23444366455078,12.315879821777344,12.009300231933594,12.047621726989746,2424897,12.13225113550822,2320032.2666666666,10.733038673449666,47.284719594725665,True,False
2001-11-09 20:00:00,12.215283393859863,12.521862983703612,12.215283393859863,12.46437931060791,2266869,12.15907688140869,2296797.8333333335,11.228706379555462,54.96933231338377,False,True
2001-11-12 20:00:00,12.26318645477295,12.382944107055664,12.047621726989746,12.287137985229492,1428092,12.184625180562337,2279749.5,11.126935348837605,51.528978130008255,False,True
2001-11-13 20:00:00,12.382944107055664,12.387734413146973,12.066783905029297,12.387734413146973,2763915,12.201550928751628,2310276.433333333,11.045661769191826,53.314903110738655,False,False
2001-11-14 20:00:00,12.622459411621094,12.632040023803713,11.788946151733398,11.903912544250488,4027299,12.21448475519816,2343162.2666666666,10.436211014632338,44.770849085930365,True,False
2001-11-15 20:00:00,11.664398193359377,11.688348770141602,11.20931911468506,11.285964012145996,5424913,12.195163853963216,2423052.7666666666,11.28683449256464,36.684546175230174,True,False
2001-11-16 20:00:00,11.376978874206545,11.71230125427246,11.161416053771973,11.496736526489258,2778736,12.174405829111736,2392150.066666667,12.175340861382109,40.62379544247232,True,False
2001-11-19 20:00:00,11.611703872680664,11.616495132446287,11.333867073059082,11.429673194885254,3276199,12.145983378092447,2398725.8333333335,13.000382489569757,39.775828723427225,True,False
2001-11-20 20:00:00,11.664398193359377,11.970976829528809,11.496736526489258,11.951815605163574,2847834,12.134007612864176,2424653.2,12.596281146972258,48.74624377670739,True,False
2001-11-21 20:00:00,11.951815605163574,12.02367115020752,11.673977851867676,11.81768798828125,1461702,12.108938344319661,2375025.2,12.061888517735563,46.81711902806859,True,True
2001-11-23 20:00:00,11.697930335998535,11.9566068649292,11.506318092346191,11.927865028381348,1094084,12.083549722035725,2330156.8,12.01571223363845,48.61600885864794,True,True
2001-11-26 20:00:00,11.927865028381348,11.927865028381348,11.549429893493652,11.846428871154783,2137232,12.06087557474772,2352757.966666667,11.97283425554827,47.341377919642106,True,True
2001-11-27 20:00:00,11.760204315185549,12.085945129394531,11.640445709228516,11.961397171020508,2226580,12.05416914621989,2363578.433333333,11.394279848099984,49.35995240229889,True,True
2001-11-28 20:00:00,11.9661865234375,12.272767066955566,11.741043090820312,11.741043090820312,1999663,12.040117581685385,2339585.533333333,10.892298044771508,45.74080120871379,True,True
2001-11-29 20:00:00,11.808107376098633,11.970976829528809,11.808107376098633,11.913494110107422,1408887,12.025267664591471,2316093.6666666665,10.426172084537923,48.89866636446528,True,True
2001-11-30 20:00:00,11.975768089294434,12.02367115020752,11.836849212646484,11.975768089294434,1925346,12.027183787027996,2320567.966666667,10.166109595671179,50.02965460888288,True,True
2001-12-03 20:00:00,11.808107376098633,12.31108856201172,11.750622749328612,12.153009414672852,2402351,12.033570861816406,2294202.2333333334,10.785850735180079,53.204160616067774,False,False
2001-12-04 20:00:00,12.229654312133787,12.454797744750977,12.052412986755373,12.454797744750977,2374378,12.041714350382486,2301724.3666666667,11.738789903262253,58.08661983882056,False,False
2001-12-05 20:00:00,12.459589004516602,12.857184410095217,12.459589004516602,12.80449104309082,3619183,12.064867528279622,2334902.466666667,13.513114527558145,62.914977970201406,False,False
2001-12-06 20:00:00,12.574556350708008,12.584136962890623,12.162590026855469,12.167380332946776,3272442,12.068380451202392,2390048.566666667,14.034896043675788,51.31617118692146,False,False
2001-12-07 20:00:00,12.167380332946776,12.358991622924805,12.004509925842283,12.358991622924805,2090471,12.073170725504557,2381392.2,13.983980890612282,54.05930920042079,False,True
2001-12-10 20:00:00,12.071574211120604,12.095524787902832,11.879961967468262,11.961397171020508,2334923,12.053849824269612,2387306.9,13.531897758504911,48.013799644479036,True,True
2001-12-11 20:00:00,11.99013900756836,12.09073543548584,11.846428871154783,11.860799789428713,1493224,12.034049892425537,2376096.7666666666,13.002197081812024,46.59401143028131,True,True
2001-12-12 20:00:00,11.951815605163574,11.951815605163574,11.74583339691162,11.846428871154783,1551049,12.027503108978271,2373793.5,12.175778004668306,46.383003448220705,True,True
2001-12-13 20:00:00,11.760204315185549,11.879961967468262,11.573382377624512,11.65960693359375,1372563,12.01185474395752,2308787.2333333334,11.74966959723208,43.6175995006711,True,True
2001-12-14 20:00:00,11.73146152496338,11.927865028381348,11.669187545776367,11.85601043701172,2074189,11.993332227071127,2299831.6666666665,11.186771174933698,47.182778226998714,True,True
2001-12-17 20:00:00,11.832058906555176,12.018880844116213,11.707510948181152,11.860799789428713,1223095,11.987424151102703,2285302.3333333335,10.431539438514362,47.270338071011125,True,True
2001-12-18 20:00:00,11.860799789428713,12.095524787902832,11.841638565063477,12.061992645263672,1400745,11.98854185740153,2262116.6,9.997625741467717,50.94906191351034,False,True
2001-12-19 20:00:00,11.927865028381348,12.239234924316406,11.927865028381348,12.210493087768556,2299018,11.995248285929362,2290959.566666667,10.077548196718146,53.52627068147271,False,False
2001-12-20 20:00:00,12.43084716796875,12.478750228881836,12.296717643737791,12.40689468383789,2841989,12.003391774495443,2328062.2666666666,10.866479102811033,56.761983669995686,False,False
2001-12-21 20:00:00,12.50270175933838,12.593716621398926,12.483539581298828,12.526653289794922,2715275,12.019359493255616,2337741.533333333,11.90888803717077,58.65240714563363,False,False
2001-12-24 20:00:00,12.526653289794922,12.665572166442873,12.488330841064451,12.651201248168944,1134583,12.025586891174317,2299998.6666666665,13.066880710621149,60.582579560290384,False,True
2001-12-26 20:00:00,12.67036247253418,12.929039001464844,12.67036247253418,12.852394104003906,1453560,12.04442876180013,2300847.6,14.77639522471901,63.54321457603377,False,True
2001-12-27 20:00:00,12.790120124816896,12.895506858825684,12.651201248168944,12.766167640686035,1458153,12.057043202718098,2257322.2,16.27003058039586,61.41420219277373,False,True
2001-12-28 20:00:00,12.83802318572998,13.029635429382324,12.78053855895996,12.900297164916992,1691958,12.090256023406983,2179477.5,17.96646044720414,63.46483800430464,False,True
2001-12-31 20:00:00,12.742217063903809,12.981732368469238,12.708684921264648,12.708684921264648,1525372,12.137680053710938,2049492.8,19.167535430279877,58.66809352554615,False,True
2002-01-02 20:00:00,12.67036247253418,12.742217063903809,12.440427780151367,12.699104309082031,2083374,12.177758979797364,2026314.0666666667,19.024030779687962,58.43029662634523,False,False
2002-01-03 20:00:00,12.794910430908203,12.794910430908203,12.550604820251465,12.641619682312012,2154768,12.218157196044922,1988933.0333333334,19.0500379608197,56.93902291949673,False,False
2002-01-04 20:00:00,12.584136962890623,12.77095890045166,12.550604820251465,12.747007369995115,1297412,12.244663588205974,1937252.3,19.074187486156315,59.00476226784844,False,True
2002-01-07 20:00:00,12.67036247253418,12.842812538146973,12.560185432434082,12.703893661499023,1525581,12.274203777313232,1939381.6,19.33169476391122,57.78350899052007,False,True
2002-01-08 20:00:00,12.713475227355955,12.713475227355955,12.478750228881836,12.512282371520996,1186354,12.293684355417888,1942457.2666666666,19.15487720813702,52.57527347533944,False,True
2002-01-09 20:00:00,12.454797744750977,12.588927268981934,12.36378288269043,12.478750228881836,2555577,12.314761734008789,1956402.1,18.42888149464144,51.69710504426636,False,False
2002-01-10 20:00:00,12.454797744750977,12.560185432434082,12.392523765563965,12.473959922790527,1991522,12.33184715906779,1948566.8333333333,17.754742617824117,51.56459934102499,False,False
2002-01-11 20:00:00,12.50270175933838,12.50270175933838,12.119477272033691,12.167380332946776,1953737,12.346058400472005,1947035.9666666666,17.06191023704945,43.82293306212582,True,False
2002-01-14 20:00:00,12.167380332946776,12.26318645477295,12.061992645263672,12.162590026855469,1550423,12.35436159769694,1951753.8333333333,16.643470884222488,43.71250151202216,True,True
2002-01-15 20:00:00,12.282346725463867,12.368573188781738,12.248814582824709,12.335041046142578,1320583,12.366337362925211,1931595.0666666667,15.751886803345206,48.72216539283164,True,True
2002-01-16 20:00:00,12.335041046142578,12.335041046142578,11.975768089294434,12.004509925842283,2668096,12.361387379964192,1940453.2333333334,15.95197317590097,41.16063092097357,True,False
2002-01-17 20:00:00,12.009300231933594,12.09073543548584,11.927865028381348,11.970976829528809,1717635,12.345260016123454,1918561.8,16.29827024077917,40.474338662474295,True,True
2002-01-18 20:00:00,11.76499366760254,11.903912544250488,11.760204315185549,11.788946151733398,2529483,12.311408519744873,1882238.4666666666,17.15269998629436,36.87958816289337,True,False
2002-01-22 20:00:00,11.784154891967772,11.85601043701172,11.635656356811523,11.688348770141602,1469843,12.2954408009847,1822151.8333333333,18.305180518175842,35.028053812412765,True,True
2002-01-23 20:00:00,11.741043090820312,12.066783905029297,11.741043090820312,12.066783905029297,1221007,12.285700543721516,1793169.7,18.297166451758265,46.00935249611495,True,True
2002-01-24 20:00:00,12.066783905029297,12.215283393859863,11.99013900756836,12.181751251220703,1551049,12.29304567972819,1767040.5666666667,17.621711234099585,48.838396577619534,True,True
2002-01-25 20:00:00,12.181751251220703,12.32546043395996,12.095524787902832,12.210493087768556,1922215,12.304702123006185,1781340.2666666666,16.53221556618469,49.55011151572082,True,False
2002-01-28 20:00:00,12.239234924316406,12.239234924316406,12.05720329284668,12.167380332946776,1534557,12.315400505065918,1780790.5333333334,15.672483068735136,48.46110325601539,True,True
2002-01-29 20:00:00,12.119477272033691,12.157798767089844,11.82247829437256,11.860799789428713,2274176,12.32210693359375,1810844.3,15.731380707601334,41.47965983796771,True,False
2002-01-30 20:00:00,11.879961967468262,12.047621726989746,11.741043090820312,12.014089584350586,2794602,12.327376238505046,1834858.0666666667,16.053547026478196,45.69241080099038,True,False
2002-01-31 20:00:00,12.19133186340332,12.43084716796875,12.119477272033691,12.43084716796875,2886871,12.346377817789714,1890317.2666666666,15.05149763061558,55.14632988313791,False,False
2002-02-01 20:00:00,12.478750228881836,12.579345703125,12.39731502532959,12.541024208068848,1595514,12.362345536549887,1896809.5666666667,14.623031681923772,57.264367948694606,False,True
2002-02-04 20:00:00,12.478750228881836,12.478750228881836,12.153009414672852,12.22486400604248,2010727,12.362824567159016,1887199.8666666667,13.810241513081047,49.97207741175691,True,False
2002-02-05 20:00:00,12.31108856201172,12.335041046142578,12.181751251220703,12.26797580718994,2044545,12.358193937937418,1860618.4,13.055507784869945,50.89045038278206,True,False
2002-02-06 20:00:00,12.244025230407717,12.459589004516602,12.176960945129396,12.25839614868164,2709221,12.349252033233643,1860416.6,12.352193345870598,50.66787462778135,True,False
2002-02-07 20:00:00,12.071574211120604,12.196122169494627,12.014089584350586,12.153009414672852,1624322,12.332645638783772,1876741.2333333334,11.837084609868343,48.171813819748536,True,True
2002-02-08 20:00:00,12.05720329284668,12.167380332946776,11.980558395385742,12.153009414672852,2426149,12.309332815806071,1909160.8666666667,11.478161825976576,48.171813819748536,True,False
2002-02-11 20:00:00,12.071574211120604,12.368573188781738,11.975768089294434,12.36378288269043,1363587,12.29591999053955,1906008.6666666667,10.951602972297877,53.48675514211886,False,True
2002-02-12 20:00:00,12.124266624450684,12.287137985229492,12.071574211120604,12.20570182800293,2267496,12.272766812642415,1925193.2666666666,10.462655465310517,49.395396883142205,True,False
2002-02-13 20:00:00,12.105106353759766,12.157798767089844,12.009300231933594,12.148219108581545,2672898,12.254084618886312,1963444.1333333333,9.745421805244236,47.95881024228291,True,False
2002-02-14 20:00:00,12.071574211120604,12.339831352233888,12.071574211120604,12.306299209594728,1440409,12.240991115570068,1942011.9666666666,9.792501999299978,52.085806797230696,False,True
2002-02-15 20:00:00,12.239234924316406,12.358991622924805,12.167380332946776,12.2919282913208,2028262,12.229334735870362,1937795.1,9.908129359463429,51.684534207826175,False,False
2002-02-19 20:00:00,12.119477272033691,12.19133186340332,11.975768089294434,12.071574211120604,2614655,12.206820297241212,1981703.2,9.244382426239897,45.85149542884531,True,False
2002-02-20 20:00:00,12.047621726989746,12.143428802490234,11.85601043701172,12.004509925842283,1732666,12.183507506052653,1988606.0333333334,9.108906759202414,44.21593005019179,True,True
2002-02-21 20:00:00,12.066783905029297,12.272767066955566,12.066783905029297,12.133848190307615,1640396,12.170893033345541,2003740.7666666666,8.493407674077472,48.0636729804655,True,True
2002-02-22 20:00:00,12.157798767089844,12.46437931060791,12.148219108581545,12.421265602111816,1804477,12.168976879119873,1978704.1,8.663609616212284,55.42211744283081,False,True
2002-02-25 20:00:00,12.335041046142578,12.694314002990724,12.335041046142578,12.641619682312012,2736359,12.174565537770588,2003532.0,9.578153306862221,60.09066686201936,False,False
2002-02-26 20:00:00,12.81407070159912,12.81407070159912,12.526653289794922,12.78053855895996,2775396,12.195004145304361,2030920.6333333333,10.777900236517825,62.739963852731506,False,False
2002-02-27 20:00:00,12.790120124816896,12.876344680786133,12.694314002990724,12.809281349182127,1608456,12.21656052271525,2032855.0666666667,12.069759586700242,63.283057879046986,False,True
2002-02-28 20:00:00,12.747007369995115,12.948200225830078,12.742217063903809,12.857184410095217,1999246,12.233965301513672,2055477.1666666667,13.474214033356505,64.21911395753953,False,True
2002-03-01 20:00:00,12.83802318572998,13.364956855773926,12.823652267456056,13.206876754760742,4153387,12.274044195810953,2104986.8666666667,15.759340228265376,70.19304858795068,False,False
2002-03-04 20:00:00,13.192505836486816,13.465553283691406,13.12544059753418,13.412859916687012,2809214,12.322106965382893,2141372.8333333335,18.0748241688272,73.04759541258832,False,False
2002-03-05 20:00:00,13.221247673034668,13.460762977600098,13.17813491821289,13.388908386230469,2347031,12.37543903986613,2135291.1,20.224916399348892,72.18196098566135,False,False
2002-03-06 20:00:00,13.197296142578123,13.647584915161133,13.197296142578123,13.628423690795898,2420304,12.44010820388794,2166973.1333333333,22.579343580060627,75.33027207531904,False,False
2002-03-07 20:00:00,13.628423690795898,13.628423690795898,13.436811447143556,13.5182466506958,3663648,12.488490295410156,2248394.5,24.765597390721524,71.33107844153092,False,False
2002-03-08 20:00:00,13.638004302978516,13.638004302978516,13.3505859375,13.408069610595703,1511177,12.529367574055989,2247065.433333333,26.257257121541908,67.47344914728768,False,True
2002-03-11 20:00:00,13.408069610595703,13.604472160339355,13.341005325317385,13.55656909942627,2639288,12.57423677444458,2270967.8666666667,27.58147080597795,69.84088810884928,False,False
2002-03-12 20:00:00,13.341005325317385,13.714649200439451,13.341005325317385,13.700278282165527,2166249,12.625333372751872,2292024.2666666666,29.0776351590897,71.9673116473189,False,True
2002-03-13 20:00:00,13.76255226135254,13.834406852722168,13.633213996887209,13.69069766998291,2057071,12.686329968770345,2284787.433333333,30.736510539980312,71.60484582620386,False,True
2002-03-14 20:00:00,13.69548797607422,13.72422981262207,13.513456344604492,13.700278282165527,2107798,12.742536258697509,2261893.966666667,31.480739661878506,71.75802914162304,False,True
2002-03-15 20:00:00,13.7960844039917,13.887100219726562,13.733810424804688,13.820035934448242,2791470,12.788842550913493,2258713.933333333,32.57872026380461,73.6701293786983,False,False
2002-03-18 20:00:00,13.7960844039917,13.891890525817873,13.738600730895996,13.882309913635254,2264155,12.833552074432372,2281001.966666667,33.60987891736725,74.6319429217459,False,True
2002-03-19 20:00:00,13.891890525817873,13.958954811096191,13.82961654663086,13.958954811096191,2217603,12.891355101267497,2287897.8333333335,34.73413413255885,75.80348089432819,False,True
2002-03-20 20:00:00,13.867938995361328,13.877519607543944,13.719440460205078,13.719440460205078,2262485,12.939737256368002,2295162.5,35.00664991647689,65.60695917877054,False,True
2002-03-21 20:00:00,13.62363338470459,13.810455322265623,13.604472160339355,13.72422981262207,2734689,12.988598378499349,2296011.433333333,34.51592096516542,65.70629530999523,False,False
2002-03-22 20:00:00,13.676326751708984,13.676326751708984,13.561359405517578,13.59010124206543,1865434,13.036501439412435,2304048.5,33.79063208841959,60.44128149627919,False,True
2002-03-25 20:00:00,13.537407875061035,13.647584915161133,13.441601753234863,13.484713554382324,1443123,13.08089157740275,2271280.966666667,32.39776848052101,56.6034268581223,False,True
2002-03-26 20:00:00,13.532617568969728,13.69069766998291,13.532617568969728,13.638004302978516,2438466,13.123365624745686,2307110.2666666666,31.29075905657998,60.529334342343155,False,False
2002-03-27 20:00:00,13.75776195526123,13.915842056274414,13.72422981262207,13.82482624053955,2028262,13.177336438496907,2299135.8,31.130473332109712,64.71850639145337,False,True
2002-03-28 20:00:00,13.915842056274414,13.982906341552734,13.82482624053955,13.9637451171875,2073771,13.237853972117106,2279164.9,31.20863784744969,67.48221807767042,False,True
2002-04-01 20:00:00,13.9637451171875,14.19847011566162,13.9637451171875,14.18889045715332,3120886,13.300607013702393,2335180.8,31.931046333905403,71.39332380150721,False,False
2002-04-02 20:00:00,14.251164436340332,14.346969604492188,14.23200225830078,14.260744094848633,2475624,13.36623420715332,2350092.8666666667,32.981435750664296,72.52892232533648,False,False
2002-04-03 20:00:00,14.265535354614258,14.265535354614258,14.06434154510498,14.1314058303833,2526769,13.434895261128743,2347163.3333333335,32.91784157137628,67.34647118556833,False,False
2002-04-04 20:00:00,14.241582870483398,14.241582870483398,13.72422981262207,13.834406852722168,2891881,13.495891825358074,2385803.8333333335,31.178360563928784,57.23333899853756,False,False
2002-04-05 20:00:00,13.891890525817873,13.93021297454834,13.666746139526367,13.671536445617676,2528022,13.547148100535075,2415391.3666666667,29.319633771392002,52.57114652520683,False,False
2002-04-07 20:00:00,13.867938995361328,14.021228790283203,13.800874710083008,13.901471138000488,2090471,13.596488285064698,2424924.5,27.937954534828975,57.79779467798535,False,True
2002-04-08 20:00:00,13.867938995361328,13.872729301452637,13.66195583343506,13.786503791809082,3084562,13.6346510887146,2436531.2666666666,26.049361508622347,54.560278796562834,False,False
2002-04-09 20:00:00,13.843988418579102,14.083502769470217,13.7960844039917,14.083502769470217,3854659,13.678083229064942,2472506.7,25.08280664256713,60.686680706576766,False,False
2002-04-10 20:00:00,14.083502769470217,14.145776748657228,13.939793586730955,13.987696647644045,2110303,13.717363739013672,2489234.933333333,24.400079472601806,57.97144855095754,False,True
2002-04-11 20:00:00,13.887100219726562,13.891890525817873,13.52303695678711,13.570940017700195,3542779,13.741155592600505,2540686.033333333,23.18665490993209,47.9262031908627,True,False
2002-04-14 20:00:00,13.671536445617676,13.848777770996094,13.671536445617676,13.752971649169922,2704420,13.759358755747478,2492387.1333333333,22.059903530310212,51.85071187692149,True,False
2002-04-15 20:00:00,13.867938995361328,13.958954811096191,13.843988418579102,13.915842056274414,4141071,13.776124827067058,2536782.3666666667,20.573387007764996,55.110510141612636,False,False
2002-04-16 20:00:00,13.9637451171875,14.035599708557127,13.872729301452637,14.011648178100586,3587453,13.796882820129394,2578129.7666666666,19.31274671187151,56.956560659743374,False,False
2002-04-17 20:00:00,14.035599708557127,14.10266399383545,13.89668083190918,13.987696647644045,3234239,13.808858585357665,2605260.933333333,18.401388333905945,56.332846930806625,False,False
2002-04-18 20:00:00,13.939793586730955,14.021228790283203,13.834406852722168,13.987696647644045,3317115,13.824506918589273,2593709.8333333335,17.280834604706442,56.33284693080661,False,False
2002-04-21 20:00:00,14.026019096374512,14.035599708557127,13.82482624053955,13.925422668457031,1691123,13.841752020517985,2599708.033333333,16.30200651479957,54.53216501815833,False,True
2002-04-22 20:00:00,13.820035934448242,14.107454299926758,13.733810424804688,14.002067565917969,2249334,13.856601969401042,2586709.566666667,15.304424735218362,56.38024122388803,False,True
2002-04-23 20:00:00,13.843988418579102,13.867938995361328,13.66195583343506,13.676326751708984,2550358,13.85580358505249,2599513.2,14.701020136442262,47.53683668395582,True,True
2002-04-24 20:00:00,13.436811447143556,13.820035934448242,13.436811447143556,13.66195583343506,2660790,13.854845523834229,2619637.1666666665,15.039532892392234,47.1851990257503,True,False
2002-04-25 20:00:00,13.66195583343506,13.700278282165527,13.52303695678711,13.700278282165527,2588143,13.854845523834229,2635648.6666666665,15.35386616577435,48.283812738884,True,True
2002-04-28 20:00:00,13.700278282165527,13.810455322265623,13.561359405517578,13.78171443939209,2651187,13.85356814066569,2630972.566666667,15.038191999927024,50.63381168432707,True,False
2002-04-29 20:00:00,13.7960844039917,13.93021297454834,13.69069766998291,13.772132873535156,2915262,13.849895572662353,2652676.1333333333,14.135353127398616,50.34394897528164,True,False
2002-04-30 20:00:00,13.772132873535156,13.9637451171875,13.671536445617676,13.949374198913574,2850757,13.849576218922932,2673781.2666666666,13.131145817497485,55.42712927016943,False,False
2002-05-01 20:00:00,13.949374198913574,14.09787368774414,13.853568077087402,14.093083381652832,3242590,13.862030982971191,2706451.433333333,12.823868055253358,59.08439507809451,False,False
2002-05-02 20:00:00,14.093083381652832,14.23200225830078,14.073922157287598,14.23200225830078,3560523,13.878956731160482,2733979.2333333334,13.108051888036291,62.304273435534384,False,False
2002-05-05 20:00:00,14.083502769470217,14.083502769470217,13.65716552734375,13.666746139526367,2420722,13.881511561075847,2752488.8333333335,12.860323450347817,46.32834880426721,True,True
2002-05-06 20:00:00,13.65716552734375,13.72422981262207,13.542198181152344,13.642794609069824,1892363,13.886780929565429,2767463.5,13.037018432270733,45.79253300566064,True,True
2002-05-07 20:00:00,13.72422981262207,13.992486953735352,13.700278282165527,13.939793586730955,3158461,13.896840572357178,2791463.3333333335,12.13669134385093,53.04458262235979,False,False
2002-05-08 20:00:00,13.939793586730955,14.002067565917969,13.7960844039917,13.877519607543944,1590086,13.898597017923992,2776857.466666667,11.337871073895366,51.48914124595937,True,True
2002-05-09 20:00:00,13.915842056274414,14.016439437866213,13.891890525817873,13.915842056274414,2288997,13.897000249226888,2784031.6666666665,10.65538687204418,52.413890790201265,False,True
2002-05-12 20:00:00,13.911051750183104,14.18889045715332,13.805665016174316,14.18889045715332,2574991,13.897000249226888,2765835.1666666665,10.707023720266564,58.48613709092858,False,True
2002-05-13 20:00:00,14.18889045715332,14.23200225830078,14.1314058303833,14.193679809570312,3259499,13.894764773050944,2791964.3333333335,10.917198172455764,58.585961926037186,False,False
2002-05-14 20:00:00,14.193679809570312,14.227211952209473,14.002067565917969,14.16493797302246,4731012,13.895882511138916,2865439.1,10.491611979932665,57.68943336117091,False,False
2002-05-15 20:00:00,14.212841033935549,14.394872665405272,14.212841033935549,14.37092113494873,3682227,13.913766320546468,2891783.966666667,10.751209918326706,62.158720589609906,False,False
2002-05-16 20:00:00,14.37092113494873,14.37092113494873,14.174518585205078,14.323018074035645,2172303,13.935482374827068,2879926.6666666665,10.803210097398946,60.55670086359374,False,True
2002-05-19 20:00:00,14.179308891296388,14.294276237487791,14.16493797302246,14.251164436340332,1895703,13.947138818105062,2873434.4,10.802085498342084,58.136321081149234,False,True
2002-05-20 20:00:00,14.251164436340332,14.366130828857422,14.160147666931152,14.184099197387695,2272297,13.960391998291016,2846358.9,11.105170791783054,55.890909856339185,False,True
2002-05-21 20:00:00,14.179308891296388,14.44277572631836,14.155357360839844,14.437986373901367,2523429,13.97220811843872,2801984.566666667,11.702001189118752,61.891550218702754,False,True
2002-05-22 20:00:00,14.47630786895752,14.71103286743164,14.332598686218262,14.691871643066406,3765521,13.995680618286134,2857158.5,13.198587572993533,66.76118560329995,False,False
2002-05-23 20:00:00,14.730194091796877,14.730194091796877,14.42361545562744,14.552952766418455,2527395,14.028414376576741,2823312.3666666667,14.648136837541248,62.086215948277,False,True
2002-05-27 20:00:00,14.375712394714355,14.529001235961914,14.37092113494873,14.471517562866213,1995279,14.052365907033284,2799674.3333333335,15.655221897293497,59.457770414007086,False,True
2002-05-28 20:00:00,14.471517562866213,14.50984001159668,14.323018074035645,14.447566032409668,2840945,14.070090039571125,2756336.8,16.28111923349345,58.67102676464645,False,False
2002-05-29 20:00:00,14.32780933380127,14.437986373901367,14.088293075561523,14.260744094848633,2182741,14.078393236796062,2709513.066666667,15.522955976888284,52.802143571707404,False,True
2002-05-30 20:00:00,14.299066543579102,14.548163414001465,14.299066543579102,14.30385684967041,2265408,14.08893191019694,2677218.7,15.295935376589517,53.947003247431816,False,True
2002-06-02 20:00:00,14.251164436340332,14.356550216674805,14.1314058303833,14.160147666931152,2658076,14.09468027750651,2655250.7333333334,14.250964759759446,49.6258344163185,False,False
2002-06-03 20:00:00,14.184099197387695,14.346969604492188,14.059551239013672,14.203261375427246,3093956,14.10394156773885,2702011.8333333335,13.514627657166624,50.89658737929824,False,False
2002-06-04 20:00:00,14.179308891296388,14.323018074035645,14.126615524291992,14.265535354614258,2905659,14.11272382736206,2723889.3333333335,12.830886061901861,52.75065256850942,False,False
2002-06-05 20:00:00,14.265535354614258,14.37092113494873,14.107454299926758,14.208050727844238,3481823,14.130447959899902,2754938.1666666665,11.942166931172597,50.84225899809316,False,False
2002-06-06 20:00:00,14.208050727844238,14.289485931396484,14.10266399383545,14.1314058303833,2675820,14.14609629313151,2755439.1666666665,11.143026751148133,48.3316012887619,True,True
2002-06-09 20:00:00,14.126615524291992,14.27032470703125,13.920632362365724,13.920632362365724,1887562,14.153441429138184,2732086.466666667,11.326212819296305,42.165169941211786,True,True
2002-06-10 20:00:00,13.987696647644045,14.126615524291992,13.772132873535156,13.805665016174316,2501927,14.15423978169759,2727111.1333333333,12.130380775764332,39.2253999921943,True,True
2002-06-11 20:00:00,13.820035934448242,14.035599708557127,13.72422981262207,13.920632362365724,3535473,14.15918976465861,2747784.8333333335,13.06790172452602,43.46987626835938,True,False
2002-06-12 20:00:00,13.9637451171875,14.27032470703125,13.7960844039917,14.18889045715332,2921733,14.167173639933269,2750150.7,12.560390578026428,51.90952019759525,False,False
2002-06-13 20:00:00,14.222421646118164,14.246373176574709,13.820035934448242,14.217631340026855,3235492,14.171325238545736,2749914.1,12.08913022770538,52.72388302013611,False,False
2002-06-16 20:00:00,14.299066543579102,14.524210929870604,14.279905319213867,14.50026035308838,3586409,14.180267175038656,2750776.966666667,12.120770955900213,59.91283374167913,False,False
2002-06-17 20:00:00,14.519420623779297,14.567323684692385,14.40445327758789,14.47630786895752,3724396,14.207252566019694,2794232.7666666666,12.327216087152246,59.09271608423935,False,False
2002-06-18 20:00:00,14.514631271362305,14.548163414001465,14.27511501312256,14.284695625305176,2472493,14.228649266560872,2813570.433333333,11.829819512767234,52.85918483253893,False,True
2002-06-19 20:00:00,14.346969604492188,14.538581848144531,14.346969604492188,14.447566032409668,2913383,14.245575014750163,2805401.1666666665,11.367951265124008,57.010329899963494,False,False
2002-06-20 20:00:00,14.1314058303833,14.447566032409668,14.093083381652832,14.260744094848633,3219418,14.258349164326985,2859712.2333333334,11.37957699828721,51.417261411844336,False,False
2002-06-23 20:00:00,14.30864715576172,14.37092113494873,14.16972827911377,14.227211952209473,2286075,14.268728160858155,2859614.8333333335,11.390372321938758,50.460364651546264,True,True
2002-06-24 20:00:00,14.323018074035645,14.50984001159668,14.255953788757324,14.318227767944336,3075586,14.273039404551188,2876301.3333333335,10.664654834879055,53.01626504546599,False,False
2002-06-25 20:00:00,14.27032470703125,14.30385684967041,14.107454299926758,14.30385684967041,2989787,14.276711972554525,2867310.933333333,10.668763661655406,52.555203208562794,False,False
2002-06-26 20:00:00,14.346969604492188,14.37092113494873,14.083502769470217,14.222421646118164,3479526,14.278628094991047,2825594.7333333334,10.319439296697357,49.9065798449916,True,False
2002-06-27 20:00:00,14.155357360839844,14.437986373901367,14.155357360839844,14.366130828857422,4132720,14.278468418121339,2840611.1666666665,9.6484083959616,54.285025692473035,False,False
2002-06-30 20:00:00,14.346969604492188,14.4092435836792,14.193679809570312,14.23200225830078,4173428,14.275434557596842,2907315.3333333335,9.025308273849825,49.90102861269003,True,False
2002-07-01 20:00:00,14.179308891296388,14.284695625305176,13.848777770996094,13.920632362365724,3992855,14.264416821797688,2977220.4,9.967212838745882,41.518550949719,True,False
2002-07-02 20:00:00,13.901471138000488,14.088293075561523,13.65237522125244,13.820035934448242,3898497,14.252281379699706,3031427.066666667,11.488706824311,39.22595732713452,True,False
2002-07-04 20:00:00,13.7960844039917,14.069131851196287,13.7960844039917,14.069131851196287,2360183,14.239986228942872,3025985.533333333,12.901522668050038,47.02630392040456,True,True
2002-07-07 20:00:00,14.069131851196287,14.069131851196287,13.7960844039917,13.901471138000488,2575827,14.213639545440675,2986329.066666667,14.213423094379149,43.02361316778348,True,True
2002-07-08 20:00:00,13.911051750183104,13.949374198913574,13.604472160339355,13.65237522125244,3431513,14.18362029393514,3016466.3333333335,16.04154416606085,37.86671239071922,True,False
2002-07-09 20:00:00,13.748181343078612,13.752971649169922,13.31705379486084,13.355376243591309,3703312,14.146415583292644,3073400.7666666666,18.457724035871614,32.81612165784522,True,False
2002-07-10 20:00:00,13.12544059753418,13.249988555908203,12.83802318572998,12.895506858825684,4607638,14.09468027750651,3132290.533333333,21.527678715272685,26.8454915814979,True,False
2002-07-11 20:00:00,12.895506858825684,13.000892639160156,12.694314002990724,12.809281349182127,2863908,14.046298185984293,3154996.1,24.56946848519266,25.894183707344865,True,True
2002-07-14 20:00:00,12.694314002990724,12.83802318572998,12.071574211120604,12.608087539672852,5441196,13.989772542317708,3260855.7,28.020974231119048,23.776947301696158,True,False
2002-07-15 20:00:00,12.608087539672852,12.622459411621094,12.277557373046877,12.450008392333984,3175579,13.932767899831136,3278105.8,31.225943852336403,22.238385198580595,True,True
2002-07-16 20:00:00,12.608087539672852,12.818861961364746,12.43084716796875,12.660781860351562,5039134,13.88135191599528,3342945.066666667,33.187875881835325,28.849336111544783,True,False
2002-07-17 20:00:00,12.660781860351562,12.775749206542969,12.354202270507812,12.40689468383789,2587308,13.819397226969402,3332333.3666666667,35.108099021121006,25.983770591087268,True,True
2002-07-18 20:00:00,12.167380332946776,12.339831352233888,11.832058906555176,11.927865028381348,4050471,13.743391036987305,3351288.3,37.45195050322926,21.620212220242614,True,False
2002-07-21 20:00:00,11.927865028381348,12.03325080871582,11.266801834106444,11.319496154785156,5194865,13.649660714467366,3435256.466666667,40.05567435988131,17.581946897748352,True,False
2002-07-22 20:00:00,11.520689010620115,11.59254264831543,11.065608978271484,11.238059997558594,5497560,13.560241635640462,3555589.7333333334,42.597770589609546,17.12095028648917,True,False
2002-07-23 20:00:00,11.137463569641112,11.903912544250488,11.008126258850098,11.88475227355957,5797749,13.496211210886637,3665450.466666667,43.7028963435273,32.301140294347285,True,False
2002-07-24 20:00:00,11.76499366760254,11.951815605163574,11.424881935119627,11.808107376098633,5033498,13.4257937113444,3715384.6333333333,44.54495554933012,31.56326225408189,True,False
2002-07-25 20:00:00,11.697930335998535,11.970976829528809,11.688348770141602,11.927865028381348,3220879,13.350426197052002,3725356.1666666665,45.24938836376971,34.096522300855305,True,True
2002-07-28 20:00:00,12.095524787902832,12.593716621398926,12.038042068481444,12.579345703125,2789592,13.295816675821941,3710492.8333333335,43.73910580809765,45.84123003661122,True,True
2002-07-29 20:00:00,12.248814582824709,12.679943084716797,12.167380332946776,12.526653289794922,3685150,13.230029773712157,3713784.2,42.08466992091509,45.14053058687508,True,True
2002-07-30 20:00:00,12.526653289794922,12.97694206237793,12.330249786376951,12.97694206237793,4517038,13.180050913492838,3740205.6,39.72676548939883,51.90594797018048,True,False
2002-07-31 20:00:00,12.957780838012695,12.957780838012695,12.315879821777344,12.335041046142578,3792450,13.115062427520751,3784204.1666666665,37.569407455069,43.64325278325018,True,False
2002-08-01 20:00:00,12.200912475585938,12.49791145324707,12.03325080871582,12.19133186340332,2025966,13.039854621887207,3754623.6,36.179004663676075,42.030133388645005,True,True
2002-08-04 20:00:00,12.095524787902832,12.42605686187744,11.942235946655272,11.961397171020508,2680204,12.96320972442627,3736649.8,35.07417503456928,39.51361106153941,True,True
2002-08-05 20:00:00,11.975768089294434,12.526653289794922,11.975768089294434,12.31108856201172,2927578,12.89933894475301,3758033.2333333334,33.733414201718254,44.915374289801576,True,True
2002-08-06 20:00:00,12.43084716796875,12.584136962890623,12.229654312133787,12.550604820251465,2430742,12.840418179829916,3736538.433333333,32.30584731686323,48.31974816337584,True,True
2002-08-07 20:00:00,12.790120124816896,13.187714576721191,12.655990600585938,13.077537536621094,2381058,12.799540869394939,3716247.466666667,30.633546335417126,54.920465268543374,False,True
2002-08-08 20:00:00,13.077537536621094,13.388908386230469,12.799700736999512,13.307473182678224,2104875,12.769042587280273,3670425.7666666666,29.51467530168984,57.472974543204224,False,True
2002-08-11 20:00:00,13.187714576721191,13.31705379486084,13.01047420501709,13.226037979125977,1753541,12.731039492289225,3591119.8,28.475723627514505,56.25801210348488,False,True
2002-08-12 20:00:00,13.226037979125977,13.38411808013916,13.053586959838867,13.077537536621094,2038909,12.692557334899902,3519969.1666666665,27.6636296488819,54.01558414699351,False,True
2002-08-13 20:00:00,13.197296142578123,13.52303695678711,13.00568389892578,13.499085426330566,2337846,12.678505770365398,3464802.2,27.22388059159851,59.01031973896384,False,True
2002-08-14 20:00:00,13.594891548156738,13.843988418579102,13.594891548156738,13.776923179626465,2406944,12.677068678538005,3415083.7666666666,27.46970900679047,61.94425846714172,False,True
2002-08-15 20:00:00,13.748181343078612,13.891890525817873,13.575730323791504,13.82961654663086,2242654,12.669084835052491,3411166.1333333333,27.789145458115787,62.49258967461472,False,True
2002-08-18 20:00:00,13.7960844039917,14.035599708557127,13.709858894348145,13.9637451171875,2477920,12.671160634358724,3407902.566666667,28.358658709095476,63.9177584989208,False,True
2002-08-19 20:00:00,13.867938995361328,13.944583892822266,13.513456344604492,13.52303695678711,1920962,12.666849358876545,3357550.8666666667,28.147438406081942,56.34246357014996,False,True
2002-08-20 20:00:00,13.527827262878418,13.867938995361328,13.41765022277832,13.79129409790039,2341812,12.681379954020182,3312167.533333333,27.60604486827686,59.489693155493605,False,True
2002-08-21 20:00:00,13.79129409790039,14.083502769470217,13.772132873535156,14.078713417053224,2687302,12.720820172627766,3248156.3333333335,27.5879725786714,62.60057471351572,False,True
2002-08-22 20:00:00,14.078713417053224,14.083502769470217,13.772132873535156,14.016439437866213,2735315,12.761058775583903,3243869.9,27.571191166894895,61.49863268396377,False,True
2002-08-25 20:00:00,14.011648178100586,14.16972827911377,13.891890525817873,14.16972827911377,1966680,12.813113466898601,3128052.7,27.753397332083786,63.21511161753433,False,True
2002-08-26 20:00:00,14.251164436340332,14.346969604492188,14.117034912109377,14.222421646118164,2673315,12.872193908691406,3111310.566666667,28.31096965725578,63.81235688262452,False,True
2002-08-27 20:00:00,14.126615524291992,14.1314058303833,13.848777770996094,13.89668083190918,2188169,12.91339054107666,3016278.4,27.73888053305807,57.58771940004978,False,True
2002-08-28 20:00:00,13.7960844039917,14.016439437866213,13.65237522125244,13.982906341552734,2178983,12.965924263000488,3002667.566666667,26.507236497546273,58.73517929758726,False,True
2002-08-29 20:00:00,13.9541654586792,14.37092113494873,13.911051750183104,14.227211952209473,3031956,13.042569160461426,2968717.066666667,26.237925156443225,61.88190864987835,False,False
2002-09-02 20:00:00,14.035599708557127,14.073922157287598,13.65237522125244,13.815245628356934,2923821,13.125760809580486,2893015.6,25.137037869057245,54.35476796211055,False,False
2002-09-03 20:00:00,13.79129409790039,13.891890525817873,13.494295120239258,13.78171443939209,4215179,13.210549290974935,2850269.566666667,23.639543072636485,53.781351750612075,False,False
2002-09-04 20:00:00,13.676326751708984,14.011648178100586,13.647584915161133,13.944583892822266,3042602,13.279210344950359,2758431.3333333335,22.568615356304083,56.19846511379246,False,False
2002-09-05 20:00:00,14.1314058303833,14.212841033935549,13.901471138000488,14.030810356140137,2374587,13.353300444285075,2669800.966666667,22.082479412194438,57.46668520206419,False,True
2002-09-08 20:00:00,14.1314058303833,14.1314058303833,13.834406852722168,13.968536376953123,2121158,13.4213228225708,2633143.6,21.406137562470715,56.20107305719472,False,True
2002-09-09 20:00:00,14.035599708557127,14.126615524291992,13.891890525817873,14.002067565917969,2353085,13.468746884663899,2618593.3666666667,20.778105844870115,56.75335887178383,False,True
2002-09-10 20:00:00,14.323018074035645,14.323018074035645,14.145776748657228,14.222421646118164,2486271,13.52527249654134,2578630.7333333334,20.722854348867276,60.29648192338416,False,True
2002-09-11 20:00:00,14.222421646118164,14.222421646118164,13.901471138000488,13.978116035461426,1663359,13.55864496231079,2483508.1,19.79921580936867,54.923796304457554,False,True
2002-09-12 20:00:00,13.9637451171875,14.059551239013672,13.810455322265623,13.949374198913574,2453705,13.612456067403157,2438883.2666666666,18.639515120837178,54.3106694070868,False,False
2002-09-15 20:00:00,13.7960844039917,13.939793586730955,13.772132873535156,13.891890525817873,3018387,13.669141356150309,2471963.966666667,17.43336667959871,53.03549058799113,False,False
2002-09-16 20:00:00,13.820035934448242,13.820035934448242,13.532617568969728,13.58531093597412,4374459,13.723271814982096,2528439.1333333333,16.827862958916167,46.73324549712769,True,False
2002-09-17 20:00:00,13.580520629882812,13.705068588256836,13.455972671508787,13.570940017700195,3367425,13.765266863505046,2543100.7,16.493230976429306,46.45457999990234,True,False
2002-09-18 20:00:00,13.570940017700195,13.65237522125244,13.364956855773926,13.412859916687012,3055545,13.794008700052897,2563927.466666667,16.451370206677847,43.38964859665788,True,False
2002-09-19 20:00:00,13.55656909942627,13.614052772521973,13.412859916687012,13.470343589782717,5662476,13.807102235158284,2673308.066666667,16.412499491908637,44.81545857113646,True,False
2002-09-22 20:00:00,13.475133895874023,13.532617568969728,13.288311958312988,13.403279304504396,3355108,13.81029577255249,2714982.5,16.758827236425216,43.44079926023795,True,False
2002-09-23 20:00:00,13.403279304504396,13.403279304504396,13.139812469482422,13.264360427856444,3923339,13.811573187510172,2787309.1,17.505447372213467,40.6586835309852,True,False
2002-09-24 20:00:00,13.364956855773926,13.513456344604492,13.197296142578123,13.388908386230469,5067107,13.821952215830485,2888249.033333333,17.68131530239786,44.11439425339832,True,False
2002-09-25 20:00:00,13.460762977600098,13.676326751708984,13.38411808013916,13.676326751708984,4531233,13.827860260009766,2961361.933333333,17.132372384457412,51.179874421796754,True,False
2002-09-26 20:00:00,13.676326751708984,13.978116035461426,13.594891548156738,13.752971649169922,3776585,13.827061875661213,3007016.6333333333,16.31237410754618,52.8903049059034,True,False
2002-09-29 20:00:00,13.633213996887209,13.66195583343506,13.341005325317385,13.594891548156738,2705672,13.81923770904541,3022450.566666667,15.605081925036293,49.07160574369335,True,True
2002-09-30 20:00:00,13.843988418579102,13.872729301452637,13.666746139526367,13.7960844039917,4886952,13.81364901860555,3102751.6333333333,14.736551109262342,53.65764251068625,True,False
2002-10-01 20:00:00,13.820035934448242,14.155357360839844,13.743391036987305,13.877519607543944,4808877,13.825465106964112,3199015.466666667,14.743683036748115,55.40796919819052,False,False
2002-10-02 20:00:00,13.843988418579102,14.19847011566162,13.843988418579102,14.1314058303833,3425459,13.836802164713541,3235137.033333333,14.86595548037721,60.4262999406714,False,False
2002-10-03 20:00:00,14.1314058303833,14.294276237487791,13.82482624053955,14.006857872009276,2934050,13.834406979878743,3243361.966666667,15.239185992961803,57.03529897298733,False,True
2002-10-06 20:00:00,14.203261375427246,14.27511501312256,13.75776195526123,13.75776195526123,4011851,13.825784397125243,3285913.1666666665,15.313289158120488,50.884871863756196,True,False
2002-10-07 20:00:00,13.82482624053955,13.877519607543944,13.436811447143556,13.776923179626465,4219145,13.812690893809,3360995.3333333335,14.225249081017424,51.31973820024346,True,False
2002-10-08 20:00:00,13.776923179626465,13.848777770996094,13.508666038513184,13.55656909942627,3988053,13.790495808919271,3404819.933333333,13.214926152278863,46.24842977424326,True,False
2002-10-09 20:00:00,13.604472160339355,13.7960844039917,13.355376243591309,13.537407875061035,7897406,13.778520043691,3595127.8333333335,12.79270865907384,45.824377875099955,True,False
2002-10-10 20:00:00,13.72422981262207,13.72422981262207,13.537407875061035,13.604472160339355,4644796,13.765905570983886,3677321.6,12.400649558240605,47.634146015581415,True,False
2002-10-13 20:00:00,13.61884307861328,13.982906341552734,13.614052772521973,13.982906341552734,2505894,13.757762050628662,3659786.2,11.943154051512293,56.470725684103776,False,True
2002-10-14 20:00:00,14.203261375427246,14.485889434814451,14.155357360839844,14.471517562866213,4058195,13.779637781778971,3697598.6666666665,12.901940497768093,64.74321905866753,False,False
2002-10-15 20:00:00,14.471517562866213,14.548163414001465,14.299066543579102,14.323018074035645,2617995,13.79768123626709,3644359.2,13.93479201706639,60.95191544740085,False,True
2002-10-16 20:00:00,14.44277572631836,14.605646133422852,14.39008331298828,14.524210929870604,3407506,13.817002137502035,3656522.6666666665,15.028212245418828,64.0256053490327,False,True
2002-10-17 20:00:00,14.529001235961914,14.59606647491455,14.289485931396484,14.586484909057615,2678116,13.835524622599284,3666640.3,15.613994091167289,64.94538595983093,False,True
2002-10-20 20:00:00,14.524210929870604,14.725403785705566,14.44277572631836,14.648758888244627,3395607,13.858198706309,3709121.933333333,16.48982749837331,65.88472908959659,False,True
2002-10-21 20:00:00,14.653549194335938,14.653549194335938,13.858358383178713,13.915842056274414,3467001,13.855324522654216,3746252.466666667,15.398958154130899,49.181121941560285,False,True
2002-10-22 20:00:00,13.99727725982666,14.39008331298828,13.911051750183104,14.39008331298828,3012124,13.86091324488322,3763780.9,14.386008048762948,56.81115490303286,False,True
2002-10-23 20:00:00,14.23679256439209,14.356550216674805,13.968536376953123,14.026019096374512,4772137,13.862510013580323,3867406.8333333335,13.445411522349849,50.538042068694566,False,False
2002-10-24 20:00:00,13.805665016174316,13.982906341552734,13.575730323791504,13.638004302978516,3282462,13.852131017049153,3895032.066666667,13.703506945803769,44.85343835870593,True,True
2002-10-28 20:00:00,13.700278282165527,13.815245628356934,13.484713554382324,13.666746139526367,3379324,13.844626204172771,3907063.3,14.171115209164483,45.34386226873476,True,True
2002-10-29 20:00:00,13.408069610595703,13.422439575195312,13.1829252243042,13.355376243591309,4321226,13.836961714426677,3905288.8666666667,15.29342356358535,41.08153628429415,True,False
2002-10-30 20:00:00,13.412859916687012,13.570940017700195,13.412859916687012,13.546987533569336,4533530,13.836163298288982,3944159.033333333,15.777432679517004,44.53665794405172,True,False
2002-10-31 20:00:00,13.55656909942627,13.705068588256836,13.427230834960938,13.666746139526367,4074895,13.844626172383625,3978137.3666666667,15.744841752626456,46.64274225002876,True,False
2002-11-01 20:00:00,13.580520629882812,13.82482624053955,13.575730323791504,13.767342567443848,2340142,13.854526138305664,3867392.9,15.298814183613745,48.414711146048624,True,True
2002-11-04 20:00:00,13.66195583343506,13.733810424804688,13.355376243591309,13.41765022277832,2883531,13.855005168914795,3851673.6666666665,15.472390005590269,43.06121908998529,True,True
2002-11-05 20:00:00,13.221247673034668,13.460762977600098,13.221247673034668,13.45118236541748,2827794,13.861232566833497,3815155.5,15.96411354702805,43.70405011962596,True,True
2002-11-06 20:00:00,13.55656909942627,13.55656909942627,13.221247673034668,13.508666038513184,3766564,13.865224488576253,3771804.066666667,16.058243831730252,44.8534597413241,True,True
2002-11-07 20:00:00,13.499085426330566,13.580520629882812,13.345795631408691,13.427230834960938,2111973,13.856921291351318,3691162.066666667,16.053142695071056,43.49850627813105,True,True
2002-11-08 20:00:00,13.460762977600098,13.532617568969728,13.197296142578123,13.288311958312988,2182950,13.84143263498942,3638040.9,16.46048020714017,41.21143385873911,True,True
2002-11-11 20:00:00,13.173344612121582,13.379327774047852,13.058377265930176,13.130231857299805,1890067,13.825943978627523,3610854.066666667,17.2003403885103,38.716806255817,True,True
2002-11-12 20:00:00,13.173344612121582,13.3505859375,13.11586093902588,13.197296142578123,2845955,13.805984369913737,3542820.8333333335,17.887353414068276,40.36603340439496,True,True
2002-11-13 20:00:00,13.197296142578123,13.269150733947754,12.679943084716797,12.81407070159912,2917558,13.770536073048909,3479776.8666666667,19.521569760393884,34.63082007828848,True,True
2002-11-14 20:00:00,12.981732368469238,13.254779815673828,12.933829307556152,13.21166706085205,3494139,13.739878114064535,3482066.2,21.039056367696237,43.586335076781864,True,False
2002-11-15 20:00:00,13.029635429382324,13.230828285217283,13.029635429382324,13.230828285217283,2086296,13.714010461171467,3453807.7333333334,22.44815107447699,43.98461680308566,True,True
2002-11-18 20:00:00,13.14939308166504,13.31705379486084,13.058377265930176,13.192505836486816,2146835,13.695168590545654,3391640.533333333,23.304448666543895,43.325796012496596,True,True
2002-11-19 20:00:00,13.077537536621094,13.240408897399902,12.929039001464844,13.087119102478027,3256367,13.672175121307372,3359547.933333333,24.41673296597175,41.485530414433285,True,True
2002-11-20 20:00:00,12.957780838012695,13.369747161865234,12.957780838012695,13.369747161865234,2519880,13.665947723388673,3310608.8333333335,24.775283037649853,47.87931612268741,True,True
2002-11-21 20:00:00,13.460762977600098,13.580520629882812,13.28352165222168,13.527827262878418,2420095,13.665628369649252,3128031.8,24.12284785863551,51.0979284634081,True,True
2002-11-22 20:00:00,13.532617568969728,13.532617568969728,13.226037979125977,13.436811447143556,2545140,13.660039679209392,3058043.2666666666,23.699910348611866,49.21355220281404,True,True
2002-11-25 20:00:00,13.364956855773926,13.484713554382324,13.245199203491213,13.331424713134766,2923195,13.638323624928793,3071953.3,23.307182660732767,47.04995073858898,True,True
2002-11-26 20:00:00,13.077537536621094,13.221247673034668,13.04879665374756,13.14460277557373,4908245,13.594093132019044,3100288.3,23.569790123405927,43.40680160678214,True,False
2002-11-27 20:00:00,13.17813491821289,13.293102264404297,13.101490020751951,13.221247673034668,4113097,13.557367451985677,3150125.033333333,23.445539083719883,45.27883324437479,True,False
2002-11-29 20:00:00,13.269150733947754,13.341005325317385,13.226037979125977,13.341005325317385,1475480,13.517927265167236,3085724.1666666665,23.083789361677162,48.1640894655018,True,True
2002-12-02 20:00:00,13.364956855773926,13.398488998413086,13.087119102478027,13.192505836486816,4228956,13.471461296081543,3137418.8333333335,23.221484118757726,44.99591906036811,True,False
2002-12-03 20:00:00,13.187714576721191,13.345795631408691,13.067957878112791,13.221247673034668,3791406,13.423877588907878,3150612.1333333333,23.413207726313114,45.739863158817975,True,False
2002-12-04 20:00:00,13.101490020751951,13.269150733947754,13.101490020751951,13.173344612121582,2433664,13.399127674102782,3116167.566666667,23.59123679047169,44.65579485285496,True,True
2002-12-05 20:00:00,13.221247673034668,13.341005325317385,13.173344612121582,13.264360427856444,1700935,13.361603577931723,3072461.2666666666,23.313193432359036,47.21559298506424,True,True
2002-12-06 20:00:00,13.024845123291016,13.388908386230469,12.996103286743164,13.374537467956545,2012815,13.339887523651123,2980483.8666666667,23.719180428348974,50.21731713623663,False,True
2002-12-09 20:00:00,13.412859916687012,13.599681854248049,13.206876754760742,13.254779815673828,2643672,13.3271133740743,2959190.8666666667,22.90624491491872,47.08311382219599,True,True
2002-12-10 20:00:00,13.341005325317385,13.38411808013916,13.173344612121582,13.364956855773926,2474789,13.317053731282552,2929039.7,22.286918901930655,50.164759667403914,False,True
2002-12-11 20:00:00,13.364956855773926,13.455972671508787,13.17813491821289,13.455972671508787,2231590,13.320406945546468,2859385.1666666665,21.323613534594653,52.61946224940816,False,True
2002-12-12 20:00:00,13.364956855773926,13.700278282165527,13.364956855773926,13.700278282165527,2912757,13.325516637166341,2805359.4,20.32486487538753,58.52488722569954,False,False
2002-12-13 20:00:00,13.69548797607422,13.748181343078612,13.470343589782717,13.532617568969728,2196519,13.321045684814454,2742746.8666666667,19.598501876650488,53.5885405513558,False,True
2002-12-16 20:00:00,13.628423690795898,13.9541654586792,13.570940017700195,13.939793586730955,3969057,13.326794052124024,2797044.033333333,19.715421524902762,61.97644302973412,False,False
2002-12-17 20:00:00,13.843988418579102,14.006857872009276,13.7960844039917,13.867938995361328,2380223,13.34180367787679,2780267.1,20.0088428809346,59.918441594977715,False,True
2002-12-18 20:00:00,13.700278282165527,13.79129409790039,13.609262466430664,13.666746139526367,2557039,13.348989137013753,2771241.933333333,19.29540224221899,54.46490204175931,False,True
2002-12-19 20:00:00,13.55656909942627,13.748181343078612,13.508666038513184,13.738600730895996,3892444,13.356653626759847,2775437.933333333,18.155784860256528,56.004998584633704,False,False
2002-12-20 20:00:00,13.772132873535156,13.891890525817873,13.733810424804688,13.891890525817873,3313358,13.372142283121745,2815484.1,17.687384581242988,59.17711262522969,False,False
2002-12-23 20:00:00,13.7960844039917,13.9637451171875,13.748181343078612,13.958954811096191,3058259,13.394497044881184,2844661.066666667,17.53012962383486,60.518343561136476,False,False
2002-12-24 20:00:00,13.920632362365724,13.987696647644045,13.7960844039917,13.86314868927002,949208,13.418927605946859,2813299.1,17.477925284405348,57.60656422086245,False,True
2002-12-26 20:00:00,13.877519607543944,14.002067565917969,13.719440460205078,13.738600730895996,1589668,13.436971092224121,2771422.8666666667,17.005349543922005,53.97109326865317,False,True
2002-12-27 20:00:00,13.772132873535156,13.820035934448242,13.41765022277832,13.436811447143556,1733501,13.457729117075603,2731954.3,16.41908989441986,46.33985127481305,True,True
2002-12-30 20:00:00,13.55656909942627,13.65716552734375,13.499085426330566,13.65237522125244,1607413,13.472419389088948,2669063.433333333,15.874705934167865,51.603693640325076,False,True
2002-12-31 20:00:00,13.65237522125244,13.705068588256836,13.460762977600098,13.628423690795898,1676510,13.485672569274902,2655403.9,15.123532038835659,51.004998250358426,False,True
2003-01-02 20:00:00,13.55656909942627,13.939793586730955,13.55656909942627,13.935003280639648,2594406,13.510422484079998,2670322.933333333,14.736480268255269,57.76024435836475,False,True
2003-01-03 20:00:00,13.891890525817873,13.987696647644045,13.86314868927002,13.958954811096191,2560170,13.539483674367268,2647116.3666666667,14.573562095823531,58.24461366864382,False,True
2003-01-06 20:00:00,13.891890525817873,14.16493797302246,13.891890525817873,14.107454299926758,2987491,13.564073912302653,2662703.4,15.099185074901907,61.21425330329694,False,False
2003-01-07 20:00:00,13.9637451171875,13.982906341552734,13.614052772521973,13.647584915161133,2825497,13.56806583404541,2676216.8,14.241593339688114,49.47869612539453,False,False
2003-01-08 20:00:00,13.527827262878418,13.72422981262207,13.460762977600098,13.58531093597412,2278351,13.573015817006429,2667323.8333333335,13.622587125486062,48.132988277168444,False,True
2003-01-09 20:00:00,13.705068588256836,13.853568077087402,13.66195583343506,13.82482624053955,1496355,13.58946253458659,2619762.5,12.786560351864766,53.38439003825145,False,True
2003-01-10 20:00:00,13.738600730895996,13.820035934448242,13.546987533569336,13.614052772521973,1493641,13.605110867818196,2505942.3666666667,12.199393322815652,48.71054447648015,False,True
2003-01-13 20:00:00,13.609262466430664,13.72422981262207,13.465553283691406,13.609262466430664,2840736,13.61804469426473,2463530.3333333335,11.969686213991011,48.6063882035416,True,False
2003-01-14 20:00:00,13.55656909942627,13.69548797607422,13.508666038513184,13.599681854248049,3154704,13.626667245229084,2519504.466666667,11.7563867557967,48.38355755511695,True,False
2003-01-15 20:00:00,13.772132873535156,13.772132873535156,13.570940017700195,13.700278282165527,1699682,13.643592993418375,2435195.3333333335,11.183932967513858,50.927424584150415,False,True
2003-01-16 20:00:00,13.843988418579102,13.891890525817873,13.75776195526123,13.839197158813477,1992148,13.664191309611002,2375220.066666667,10.672579662007411,54.278543084360095,False,True
2003-01-17 20:00:00,13.719440460205078,13.891890525817873,13.69069766998291,13.709858894348145,1852491,13.682075119018554,2355847.6333333333,9.943751825439746,50.80024205335661,False,True
2003-01-21 20:00:00,13.55656909942627,13.65237522125244,13.508666038513184,13.575730323791504,4055272,13.692454115549724,2434325.533333333,10.064091771288554,47.407396871022996,True,False
2003-01-22 20:00:00,13.455972671508787,13.748181343078612,13.341005325317385,13.61884307861328,2726756,13.700597635904948,2458123.566666667,10.807582774952323,48.595805993347355,True,False
2003-01-23 20:00:00,13.633213996887209,13.843988418579102,13.561359405517578,13.7960844039917,3157835,13.71864112218221,2475262.3333333335,10.998721250713448,53.27072656123748,False,False
2003-01-24 20:00:00,13.867938995361328,13.867938995361328,13.470343589782717,13.494295120239258,1730369,13.722952397664388,2450448.3333333335,11.522454211238255,45.656860454874874,True,True
2003-01-27 20:00:00,13.499085426330566,13.55177879333496,13.015263557434082,13.067957878112791,2570399,13.710018571217855,2461741.966666667,13.36082057936669,37.5021750344932,True,False
2003-01-28 20:00:00,13.187714576721191,13.388908386230469,13.077537536621094,13.302682876586914,1695298,13.696765391031901,2421160.0,15.067875064057377,43.4868608575581,True,True
2003-01-29 20:00:00,13.527827262878418,13.848777770996094,13.374537467956545,13.743391036987305,2954299,13.703791173299154,2446419.3333333335,14.558733991488372,52.65404162906542,False,False
2003-01-30 20:00:00,13.887100219726562,13.982906341552734,13.5182466506958,13.55656909942627,3779925,13.691017023722331,2440114.933333333,13.601186380761922,49.02365005746024,True,False
2003-01-31 20:00:00,13.503875732421877,14.011648178100586,13.436811447143556,13.992486953735352,4249832,13.695168622334798,2502435.2333333334,12.990838848330682,56.55130883866363,False,False
2003-02-03 20:00:00,13.992486953735352,14.026019096374512,13.815245628356934,13.891890525817873,4397422,13.702673435211182,2563781.3333333335,12.368193239786194,54.549402417942886,False,False
2003-02-04 20:00:00,13.891890525817873,14.054760932922363,13.72422981262207,14.011648178100586,5936571,13.711775016784667,2631918.9,12.120598863155362,56.522597823630406,False,False
2003-02-05 20:00:00,14.107454299926758,14.179308891296388,13.9637451171875,13.987696647644045,5025356,13.714968554178874,2688985.5,11.373332115198947,55.99896701284685,False,False
2003-02-06 20:00:00,13.887100219726562,14.059551239013672,13.882309913635254,13.949374198913574,3841716,13.714649200439453,2715100.7333333334,10.993690627901774,55.11911430479884,False,False
2003-02-07 20:00:00,14.069131851196287,14.083502769470217,13.772132873535156,13.834406852722168,3602066,13.713691139221192,2803529.3333333335,11.051783048196953,52.45634276911013,False,False
2003-02-10 20:00:00,13.915842056274414,13.992486953735352,13.872729301452637,13.949374198913574,5243296,13.720716921488444,2925316.933333333,11.105726009899618,54.807505415987166,False,False
2003-02-11 20:00:00,13.949374198913574,13.992486953735352,13.78171443939209,13.906262397766112,5558516,13.736365286509196,3052817.433333333,11.504683175906267,53.73438437796301,False,False
2003-02-12 20:00:00,13.949374198913574,13.949374198913574,13.738600730895996,13.7960844039917,5124306,13.741155592600505,3170047.2,12.038638858653465,50.98680740086087,False,False
2003-02-13 20:00:00,13.709858894348145,13.843988418579102,13.62363338470459,13.72422981262207,2484809,13.74434912999471,3196990.5,12.957676881511572,49.21923662761543,True,True
2003-02-14 20:00:00,13.79129409790039,13.887100219726562,13.69548797607422,13.853568077087402,3210859,13.741634623209636,3217538.933333333,13.555138406921886,52.416873587244275,False,True
2003-02-18 20:00:00,13.843988418579102,14.035599708557127,13.82482624053955,14.011648178100586,2840110,13.743391068776448,3226870.2666666666,13.276473921556557,56.058842867471284,False,True
2003-02-19 20:00:00,13.944583892822266,14.011648178100586,13.853568077087402,13.882309913635254,2499631,13.735886255900065,3210608.2666666666,13.01771404228875,52.51708838290624,False,True
2003-02-20 20:00:00,13.911051750183104,13.944583892822266,13.805665016174316,13.805665016174316,2513409,13.741155592600505,3200205.3333333335,13.001569659839259,50.481691415937455,False,True
2003-02-21 20:00:00,13.834406852722168,14.083502769470217,13.7960844039917,14.002067565917969,4041286,13.755047480265299,3258969.8333333335,12.19820570679067,55.26615515381877,False,False
2003-02-24 20:00:00,13.939793586730955,14.1314058303833,13.939793586730955,14.117034912109377,3460112,13.764787769317627,3324428.4,11.456440597824402,57.83440776524495,False,False
2003-02-25 20:00:00,14.117034912109377,14.23679256439209,13.786503791809082,13.867938995361328,6336546,13.773250643412272,3485858.566666667,11.292625488795254,51.00211479138698,False,False
2003-02-26 20:00:00,13.891890525817873,14.049970626831056,13.834406852722168,13.982906341552734,3925636,13.785705439249675,3522021.9,11.140511458982473,53.719615867309244,False,False
2003-02-27 20:00:00,14.107454299926758,14.208050727844238,13.958954811096191,14.073922157287598,4166539,13.801513449350994,3555749.7333333334,10.580830251017105,55.8091606437907,False,False
2003-02-28 20:00:00,14.155357360839844,14.33738899230957,14.145776748657228,14.323018074035645,4707005,13.82227144241333,3655993.8333333335,10.69264757483471,60.99911580914116,False,False
2003-03-03 20:00:00,14.346969604492188,14.39008331298828,14.284695625305176,14.36134147644043,3430051,13.839676253000896,3703923.933333333,11.03851571747883,61.74353628923808,False,True
2003-03-04 20:00:00,14.36134147644043,14.490678787231444,14.299066543579102,14.351759910583496,4709510,13.861072953542074,3799157.9,11.802940051258082,61.42784235770764,False,False
2003-03-05 20:00:00,14.39008331298828,14.485889434814451,14.30385684967041,14.428404808044434,4655860,13.889495436350504,3819177.5,12.512762646910243,63.055115617113366,False,False
2003-03-06 20:00:00,14.42361545562744,14.495469093322754,14.255953788757324,14.44277572631836,3508335,13.916959857940673,3845230.1333333333,12.832807445026276,63.36717904417615,False,True
2003-03-07 20:00:00,14.36134147644043,14.514631271362305,14.284695625305176,14.44277572631836,2971626,13.938516235351562,3839023.1666666665,13.227942401087518,63.36717904417615,False,True
2003-03-10 20:00:00,14.418824195861816,14.591275215148926,14.40445327758789,14.418824195861816,3488085,13.969333871205647,3897613.7,13.982231521323891,62.349202938832285,False,True
2003-03-11 20:00:00,14.471517562866213,14.605646133422852,14.366130828857422,14.447566032409668,4379469,14.01532080968221,3957916.033333333,14.377269301152014,63.114957215918466,False,False
2003-03-12 20:00:00,14.37092113494873,14.37092113494873,13.9541654586792,14.040390014648438,4524345,14.039911047617595,4052217.6,14.394839089542058,48.16869766392829,False,False
2003-03-13 20:00:00,14.16972827911377,14.37092113494873,14.049970626831056,14.36134147644043,4449819,14.060509395599365,4102068.2666666666,14.4111538930471,56.843977445447315,False,False
2003-03-14 20:00:00,14.418824195861816,14.485889434814451,14.30385684967041,14.40445327758789,4796978,14.088772201538086,4135970.033333333,13.733467840227538,57.8641751945251,False,False
2003-03-17 20:00:00,14.490678787231444,14.586484909057615,14.418824195861816,14.586484909057615,4293462,14.108572133382161,4137424.3666666667,12.95429704900698,61.95385226879324,False,False
2003-03-18 20:00:00,14.586484909057615,14.610437393188477,14.222421646118164,14.586484909057615,5016589,14.131725279490153,4158063.2666666666,12.814365034141634,61.95385226879324,False,False
2003-03-19 20:00:00,14.586484909057615,14.725403785705566,14.514631271362305,14.706242561340332,4955215,14.154878425598145,4125351.4,12.065153740439508,64.57714557164634,False,False
2003-03-20 20:00:00,14.706242561340332,14.706242561340332,14.1314058303833,14.485889434814451,6753220,14.171484851837159,4182946.8666666667,12.897317294988554,56.814716713321324,False,False
2003-03-21 20:00:00,14.658340454101562,14.658340454101562,14.212841033935549,14.212841033935549,5829480,14.180267079671223,4249205.666666667,13.67004059564124,48.961016524187464,False,False
2003-03-24 20:00:00,14.145776748657228,14.27032470703125,13.978116035461426,14.045180320739746,7403909,14.187292861938477,4375933.766666667,15.121102159658976,44.86036702007306,True,False
2003-03-25 20:00:00,14.083502769470217,14.241582870483398,14.021228790283203,14.045180320739746,5897952,14.190486399332682,4397755.633333334,16.46851646910402,44.86036702007306,True,False
2003-03-26 20:00:00,14.083502769470217,14.126615524291992,13.891890525817873,13.987696647644045,5843884,14.193200874328614,4407267.9,18.093213516229802,43.41452820859217,True,False
2003-03-27 20:00:00,13.9637451171875,14.323018074035645,13.9637451171875,14.255953788757324,4341684,14.208529853820801,4381180.5,18.461441915759046,51.302341159833496,False,True
2003-03-28 20:00:00,14.203261375427246,14.323018074035645,14.193679809570312,14.251164436340332,4224364,14.226094341278076,4439165.666666667,18.803368286750487,51.16520985500349,False,True
2003-03-31 20:00:00,14.179308891296388,14.447566032409668,14.093083381652832,14.351759910583496,5924464,14.242700735727945,4529619.166666667,18.43608878697457,53.9495339426186,False,False
2003-04-01 20:00:00,14.490678787231444,14.821209907531738,14.490678787231444,14.81641960144043,6083117,14.269526449839274,4637719.4,17.773928406734644,64.12443962831871,False,False
2003-04-02 20:00:00,14.81641960144043,14.926596641540527,14.667920112609863,14.768516540527344,4360890,14.299066670735677,4699761.366666666,17.53210781132472,62.589087720417666,False,True
2003-04-03 20:00:00,14.840371131896973,14.845162391662598,14.620017051696776,14.667920112609863,3951939,14.327808507283528,4747712.366666666,17.083894572086642,59.37405751837257,False,True
2003-04-04 20:00:00,14.749356269836426,14.88827419281006,14.610437393188477,14.854742050170898,4164451,14.35623099009196,4751817.866666666,16.831527434959433,63.158909566368216,False,True
2003-04-06 20:00:00,14.993660926818848,14.998452186584473,14.758935928344728,14.77809715270996,3825851,14.378266398111979,4764009.166666667,17.00726147922162,60.66200315586225,False,True
2003-04-07 20:00:00,14.658340454101562,14.730194091796877,14.56253433227539,14.586484909057615,3973023,14.402217928568522,4685225.066666666,16.20697784673264,54.82644477804006,False,True
2003-04-08 20:00:00,14.648758888244627,14.730194091796877,14.50026035308838,14.50026035308838,4073017,14.419463062286377,4690137.766666667,15.182914204637594,52.38436553287765,False,True
2003-04-09 20:00:00,14.50984001159668,14.605646133422852,14.490678787231444,14.59606647491455,3733999,14.436867872873941,4675719.766666667,14.187451470918747,54.793797516335616,False,True
2003-04-10 20:00:00,14.47630786895752,14.586484909057615,14.375712394714355,14.447566032409668,2304236,14.44101947148641,4595627.466666667,13.615183985688365,50.52604188769349,False,True
2003-04-13 20:00:00,14.375712394714355,14.59606647491455,14.375712394714355,14.567323684692385,1999037,14.447885545094808,4547927.0,13.034219336764028,53.6606164476019,False,True
2003-04-14 20:00:00,14.514631271362305,14.572113990783691,14.44277572631836,14.538581848144531,2779989,14.45411294301351,4483609.633333334,12.494752162762856,52.79604818467071,False,True
2003-04-15 20:00:00,14.600855827331545,14.653549194335938,14.385292053222656,14.42361545562744,2698574,14.453953297932943,4418366.766666667,11.666787823428814,49.369598940679374,True,True
2003-04-16 20:00:00,14.394872665405272,14.658340454101562,14.380501747131348,14.620017051696776,1733918,14.459861342112223,4359219.533333333,10.925007751304818,54.77002502242243,False,True
2003-04-20 20:00:00,14.615226745605469,14.682291030883787,14.524210929870604,14.658340454101562,2066047,14.46704683303833,4329033.566666666,10.378319408317418,55.76158713903081,False,True
2003-04-21 20:00:00,14.663129806518556,14.725403785705566,14.466727256774902,14.64396858215332,3378489,14.474551645914714,4325380.366666666,9.768565946113839,55.27222039477668,False,True
2003-04-22 20:00:00,14.67750072479248,14.67750072479248,14.394872665405272,14.514631271362305,3653002,14.476787153879801,4301164.8,9.640472288067418,50.939605627014004,False,True
2003-04-23 20:00:00,14.557743072509766,14.667920112609863,14.418824195861816,14.485889434814451,4444183,14.491637134552002,4298492.733333333,9.521528177024313,50.00160637289008,True,False
2003-04-24 20:00:00,14.179308891296388,14.591275215148926,14.179308891296388,14.47630786895752,4013313,14.495469347635906,4283942.533333333,10.689980687379995,49.67322694193695,True,True
2003-04-27 20:00:00,14.466727256774902,14.658340454101562,14.428404808044434,14.44277572631836,3198960,14.496746762593586,4230675.266666667,11.276688116294862,48.47343676848967,True,True
2003-04-28 20:00:00,14.44277572631836,14.471517562866213,14.155357360839844,14.34217929840088,3077464,14.488603242238362,4190142.0,12.953839638068638,44.96462672806463,True,True
2003-04-29 20:00:00,14.323018074035645,14.385292053222656,14.23679256439209,14.299066543579102,8447058,14.479022630055745,4304490.966666667,14.511194622572859,43.510967261939314,True,False
2003-04-30 20:00:00,14.346969604492188,14.485889434814451,14.203261375427246,14.4092435836792,2837814,14.469122664133709,4233910.933333334,15.215299234327064,48.12635765319732,True,True
2003-05-01 20:00:00,14.27511501312256,14.667920112609863,14.27511501312256,14.667920112609863,4834763,14.475190353393554,4169962.3666666667,14.70891351767334,57.007818285351995,False,False
2003-05-04 20:00:00,14.763726234436035,14.763726234436035,14.548163414001465,14.572113990783691,2204869,14.487166118621825,4049142.0,13.70638250934376,53.36360543426473,False,True
2003-05-05 20:00:00,14.672711372375488,14.802048683166504,14.59606647491455,14.71103286743164,2703167,14.509361203511556,3892450.6,12.886594121910916,57.596378185564646,False,True
2003-05-06 20:00:00,14.672711372375488,14.859533309936523,14.586484909057615,14.768516540527344,2826332,14.53347241083781,3790063.2666666666,12.436173761344063,59.24473649490379,False,True
2003-05-07 20:00:00,14.648758888244627,14.830791473388672,14.586484909057615,14.806838989257812,2937599,14.560777155558268,3693187.1,12.017926283674843,60.351286869673196,False,True
2003-05-08 20:00:00,14.840371131896973,14.912225723266602,14.754145622253418,14.88827419281006,2390452,14.581854502360025,3628146.033333333,12.084229080810163,62.67071426324239,False,True
2003-05-11 20:00:00,14.826000213623049,14.87869358062744,14.682291030883787,14.682291030883787,3428799,14.596225388844807,3601627.2,11.655202468243646,54.056702620475946,False,True
2003-05-12 20:00:00,14.682291030883787,14.912225723266602,14.682291030883787,14.84995174407959,5398193,14.612831783294677,3584084.8333333335,11.455766968081662,58.99687435138647,False,False
2003-05-13 20:00:00,14.87390422821045,14.90743637084961,14.792468070983888,14.811630249023438,2288789,14.612672138214112,3457607.2333333334,11.270576860788392,57.475628414713476,False,True
2003-05-14 20:00:00,14.87390422821045,14.897854804992676,14.797259330749512,14.84995174407959,2474998,14.615386644999186,3394744.1666666665,11.098614618301783,58.62456918331609,False,True
2003-05-15 20:00:00,14.87390422821045,14.926596641540527,14.754145622253418,14.840371131896973,2840945,14.621135012308757,3357711.033333333,10.585465537037498,58.20119232367351,False,True
2003-05-18 20:00:00,14.802048683166504,14.96971035003662,14.754145622253418,14.845162391662598,2180862,14.62081569035848,3291591.4,10.429270605411856,58.36313696990383,False,True
2003-05-19 20:00:00,14.893065452575684,14.95054817199707,14.84995174407959,14.87390422821045,2833013,14.624009259541829,3258496.8,10.284232454616618,59.37983930245867,False,True
2003-05-20 20:00:00,14.81641960144043,15.343354225158691,14.806838989257812,15.343354225158691,3757170,14.649238236745198,3251301.7,12.310463086825317,71.58459670193736,False,False
2003-05-21 20:00:00,15.328983306884766,15.520594596862791,15.295451164245604,15.477481842041016,4465058,14.681812286376953,3264369.7333333334,14.797958130272933,73.98925745638726,False,False
2003-05-22 20:00:00,15.56849765777588,15.87028694152832,15.56849765777588,15.760109901428224,4879854,14.72061373392741,3302564.9,17.965325541081977,78.1795589144453,False,False
2003-05-26 20:00:00,15.66430377960205,16.09064292907715,15.625982284545898,16.061899185180664,3384125,14.774424839019776,3338561.2,21.296174987852172,81.59005946854857,False,False
2003-05-27 20:00:00,16.06669044494629,16.167285919189453,15.908610343933104,15.922981262207031,4831423,14.81961342493693,3432974.066666667,24.509566290444095,75.72298657436413,False,False
2003-05-28 20:00:00,15.927770614624023,15.980463981628418,15.640353202819824,15.731369018554688,2702958,14.859372997283936,3430406.3666666667,25.68542544135685,68.41519029605243,False,True
2003-05-29 20:00:00,15.812804222106934,16.16249656677246,15.788851737976074,16.16249656677246,3688490,14.917335700988769,3463403.566666667,27.199365782978273,74.40129036953574,False,False
2003-06-01 20:00:00,16.215190887451172,16.287044525146484,16.07147979736328,16.119382858276367,2494412,14.96731456120809,3488753.3666666667,28.865808392735136,72.9130762515871,False,True
2003-06-02 20:00:00,16.119382858276367,16.181657791137695,15.879867553710938,16.172077178955078,3278495,15.01777245203654,3529168.3,29.314541357293116,73.60792706082039,False,True
2003-06-03 20:00:00,16.191238403320312,16.45470428466797,16.172077178955078,16.421173095703125,3239041,15.0770126024882,3524520.033333333,30.359146447420507,76.65643012977402,False,True
2003-06-04 20:00:00,16.358898162841797,16.435543060302734,16.253511428833008,16.430753707885742,2846373,15.140883350372315,3497632.4,31.329136888253085,76.76758253686089,False,True
2003-06-05 20:00:00,16.224769592285156,16.33494758605957,15.985255241394045,15.999626159667969,4397213,15.191341241200766,3496066.7333333334,30.85431423404876,62.374444571924585,False,False
2003-06-08 20:00:00,15.879867553710938,16.052318572998047,15.879867553710938,15.994834899902344,1942673,15.241958808898925,3427045.4,29.936311114843054,62.234795030545854,False,True
2003-06-09 20:00:00,16.0810604095459,16.186447143554688,15.994834899902344,16.13375473022461,1815750,15.2983247756958,3380938.4,29.48451533820597,64.70240835684871,False,True
2003-06-10 20:00:00,16.191238403320312,16.478656768798828,16.1385440826416,16.368478775024414,3922713,15.365868091583252,3409113.3666666667,29.8195547836788,68.45316644761662,False,False
2003-06-11 20:00:00,16.406801223754883,16.46907615661621,16.186447143554688,16.301414489746094,2003003,15.432613023122151,3194311.533333333,30.130662840189284,66.2858940388144,False,True
2003-06-12 20:00:00,16.287044525146484,16.354108810424805,16.057109832763672,16.224769592285156,1835790,15.49313055674235,3160910.7333333334,29.784288703247643,63.79980906145876,False,True
2003-06-15 20:00:00,16.234350204467773,16.287044525146484,16.047529220581055,16.24393081665039,1955616,15.545664246877035,3064939.1666666665,29.415587085096067,64.16169111929945,False,True
2003-06-16 20:00:00,16.28225326538086,16.28225326538086,16.06669044494629,16.124174118041992,1386967,15.597399584452312,3037675.7666666666,29.07322129681246,60.11674369842803,False,True
2003-06-17 20:00:00,16.124174118041992,16.181657791137695,16.023576736450195,16.167285919189453,2326573,15.645941352844238,3025122.6333333333,28.517478273601277,61.06827218080076,False,True
2003-06-18 20:00:00,16.215190887451172,16.277463912963867,15.86070728302002,16.06669044494629,2566641,15.68921381632487,3016466.2666666666,27.1520441068666,57.61422799842304,False,True
2003-06-19 20:00:00,16.17686653137207,16.272672653198242,16.033157348632812,16.033157348632812,2335341,15.730091094970703,2996391.0,25.884140952041545,56.467680368252225,False,True
2003-06-22 20:00:00,15.994834899902344,16.20081901550293,15.966094017028809,16.13375473022461,2461638,15.77160711288452,2998763.8666666667,24.357310434856,59.0974086733633,False,True
2003-06-23 20:00:00,16.10980224609375,16.1385440826416,15.951723098754885,15.980463981628418,1864599,15.814879544576009,2946623.8666666667,22.863280342256015,53.76735373227223,False,True
2003-06-24 20:00:00,16.033157348632812,16.330156326293945,15.961302757263184,16.10980224609375,3007114,15.856874561309814,2866921.2333333334,22.358255577113507,57.26922207450972,False,False
2003-06-25 20:00:00,16.119382858276367,16.277463912963867,16.023576736450195,16.128963470458984,2444728,15.900785668690999,2872119.2,21.88930400948118,57.779440289130775,False,True
2003-06-26 20:00:00,16.0810604095459,16.28225326538086,15.951723098754885,16.023576736450195,1689036,15.93990650177002,2845920.466666667,21.017954770474677,53.96299880173684,False,True
2003-06-29 20:00:00,16.09543228149414,16.191238403320312,15.961302757263184,16.07147979736328,2121993,15.980943457285564,2821955.4,20.208844762825777,55.40489652567362,False,True
2003-06-30 20:00:00,16.07147979736328,16.181657791137695,15.712206840515137,16.128963470458984,2186707,16.023736826578777,2822150.2333333334,19.443090317226925,57.139693406744755,False,True
2003-07-01 20:00:00,16.128963470458984,16.320575714111328,15.83675479888916,16.287044525146484,4033771,16.07084150314331,2862175.5,18.119754867556217,61.56742180953441,False,False
2003-07-02 20:00:00,16.20081901550293,16.291833877563477,16.09064292907715,16.09543228149414,1450846,16.095910771687826,2785298.033333333,16.890943378576274,54.25155180357134,True,True
2003-07-06 20:00:00,16.191238403320312,16.219980239868164,16.023576736450195,16.1385440826416,2003003,16.117946179707847,2703229.533333333,15.983153255943039,55.53188018925845,False,True
2003-07-07 20:00:00,16.09543228149414,16.143335342407227,15.808012962341309,16.023576736450195,2867248,16.12672840754191,2636142.6666666665,16.15890862425592,51.400674246052226,True,False
2003-07-08 20:00:00,16.023576736450195,16.114593505859375,15.879867553710938,16.07147979736328,2442223,16.127047761281332,2604745.933333333,16.322110037689306,52.970593819433645,True,True
2003-07-09 20:00:00,16.07147979736328,16.07147979736328,15.68825626373291,15.760109901428224,3570335,16.121618715922036,2562709.6666666665,17.24860935664268,43.20168811777512,True,False
2003-07-10 20:00:00,15.764901161193848,16.04273796081543,15.750530242919922,15.985255241394045,2777066,16.130081590016683,2565179.933333333,18.108930152813674,50.33415737165101,True,False
2003-07-13 20:00:00,16.013996124267578,16.047529220581055,15.56849765777588,15.611611366271973,3386213,16.11171875,2555104.033333333,19.55342082212358,41.108181161910984,True,False
2003-07-14 20:00:00,15.66430377960205,15.683465003967283,15.228385925292969,15.261918067932127,4767544,16.08313659032186,2630875.1,21.79593933734836,34.69802750664905,True,False
2003-07-15 20:00:00,15.185274124145508,15.204435348510742,14.84995174407959,14.912225723266602,5051659,16.04114154179891,2689980.566666667,24.568108979384505,29.709041187618173,True,False
2003-07-16 20:00:00,14.682291030883787,15.07988739013672,14.67750072479248,15.065516471862791,4934548,15.995952987670899,2746497.466666667,27.390192126238027,34.17690887085196,True,False
2003-07-17 20:00:00,15.32419204711914,15.56849765777588,15.28108024597168,15.56849765777588,4143784,15.967211119333903,2789744.5,27.527475279635123,46.24957560119011,True,False
2003-07-20 20:00:00,15.640353202819824,15.89423942565918,15.621191024780272,15.726577758789062,3431722,15.958109505971272,2757561.466666667,26.435390684695495,49.391246756703715,True,False
2003-07-21 20:00:00,15.7936429977417,15.822383880615234,15.424789428710938,15.544547080993652,3356152,15.94309991200765,2804677.433333333,25.916309268060633,46.05321226465033,True,False
2003-07-22 20:00:00,15.592450141906738,15.683465003967283,15.352933883666992,15.477481842041016,2133892,15.921224149068196,2815282.1666666665,25.608515375244842,44.85054327635288,True,True
2003-07-23 20:00:00,15.669095039367676,15.831965446472168,15.42957878112793,15.48227310180664,2442850,15.891683959960938,2765953.4,24.77609859836087,44.961127363823806,True,True
2003-07-24 20:00:00,15.592450141906738,15.922981262207031,15.48227310180664,15.922981262207031,3253027,15.879069519042968,2807620.8666666667,23.678539976448405,54.08172019831032,False,False
2003-07-27 20:00:00,15.831965446472168,16.272672653198242,15.68825626373291,15.745738983154297,3234657,15.86310183207194,2854249.7666666666,22.42193070719366,50.4601026558601,True,False
2003-07-28 20:00:00,15.846336364746094,15.855916976928713,15.520594596862791,15.558917045593262,2592109,15.84026803970337,2875466.2,20.90204217707468,46.89536755996815,True,True
2003-07-29 20:00:00,15.616400718688965,15.640353202819824,15.271498680114746,15.525384902954102,3692874,15.820308399200439,2952329.7666666666,20.184940994881497,46.263629632789964,True,False
2003-07-30 20:00:00,15.736159324645996,15.884657859802246,15.578079223632812,15.65951442718506,2776022,15.803382682800294,2967311.4,18.77411937425145,49.210934052732384,True,True
2003-07-31 20:00:00,15.592450141906738,15.673885345458984,15.305030822753906,15.673885345458984,3315236,15.79028917948405,2992264.566666667,18.187437946716294,49.53033186324624,True,False
2003-08-03 20:00:00,15.544547080993652,15.707416534423828,15.424789428710938,15.606821060180664,2287536,15.776077969868977,2990671.066666667,17.53784413616346,48.01289352307217,True,True
2003-08-04 20:00:00,15.472691535949709,15.597240447998049,15.400836944580078,15.405628204345703,5112616,15.751807085673015,3079037.0,17.000280652803404,43.68861163389619,True,False
2003-08-05 20:00:00,15.405628204345703,15.673885345458984,15.333772659301758,15.597240447998049,2247664,15.739032967885334,3091805.8333333335,16.23663085814584,48.45046736468797,True,True
2003-08-06 20:00:00,15.611611366271973,15.875078201293944,15.477481842041016,15.875078201293944,3155956,15.731208833058675,3096767.2333333334,15.285952589935112,54.46348495854877,False,False
2003-08-07 20:00:00,16.023576736450195,16.047529220581055,15.908610343933104,16.04273796081543,2719032,15.72833464940389,3105910.7,14.917972489416014,57.67209391302409,False,True
2003-08-10 20:00:00,15.774480819702148,16.033157348632812,15.760109901428224,16.009206771850586,3102515,15.727855650583903,3153026.6666666665,14.069535355973722,56.809937408591274,False,True
2003-08-11 20:00:00,15.951723098754885,16.152915954589844,15.855916976928713,16.152915954589844,1823056,15.730570189158122,3143062.1,13.648628095135672,59.59764561078045,False,True
2003-08-12 20:00:00,16.167285919189453,16.344528198242188,16.143335342407227,16.191238403320312,4255886,15.7326460202535,3212034.7333333334,13.80644219176158,60.33291615714164,False,False
2003-08-13 20:00:00,16.287044525146484,16.344528198242188,16.085851669311523,16.205608367919922,2902737,15.72993148167928,3174333.6,13.735213419452359,60.62230244195842,False,True
2003-08-14 20:00:00,16.272672653198242,16.315786361694336,16.143335342407227,16.315786361694336,1216206,15.737276617685954,3166512.2666666666,13.669072416593796,62.85957251586364,False,True
2003-08-17 20:00:00,16.37805938720703,16.45470428466797,16.22956085205078,16.234350204467773,2757234,15.740470155080159,3191653.3,14.035436988939248,60.13977250689733,False,True
2003-08-18 20:00:00,16.234350204467773,16.31099510192871,16.224769592285156,16.258302688598633,1803851,15.748294353485107,3156206.7333333334,14.354038789851993,60.67867680052448,False,True
2003-08-19 20:00:00,16.2391414642334,16.37805938720703,16.172077178955078,16.37805938720703,1580692,15.758513673146565,3127489.033333333,14.864952846834901,63.34686772301604,False,True
2003-08-20 20:00:00,16.411592483520508,16.45470428466797,16.210399627685547,16.24393081665039,2221569,15.774641036987305,3082530.1666666665,15.583208597564623,58.55444812897227,False,True
2003-08-21 20:00:00,16.24393081665039,16.287044525146484,16.143335342407227,16.167285919189453,1465668,15.780708726247152,3038816.9,15.898884087031162,55.949652136403,False,True
2003-08-24 20:00:00,16.167285919189453,16.24393081665039,16.07147979736328,16.100221633911133,1624113,15.796995735168457,2980080.2333333334,15.819562510261616,53.69867974953161,False,True
2003-08-25 20:00:00,16.100221633911133,16.124174118041992,15.855916976928713,15.961302757263184,2124707,15.82030855814616,2891985.6666666665,14.736601118600813,49.276211412726084,False,True
2003-08-26 20:00:00,15.970884323120115,16.128963470458984,15.937352180480955,16.061899185180664,2724877,15.858631006876628,2814426.2666666666,13.751832664966413,52.33736521622914,False,True
2003-08-27 20:00:00,16.09543228149414,16.382850646972656,16.057109832763672,16.31099510192871,2331792,15.900146961212158,2727667.7333333334,13.853244242179736,58.94450495876797,False,True
2003-08-28 20:00:00,16.31099510192871,16.459495544433594,16.234350204467773,16.44512367248535,2314257,15.929367828369141,2666683.5,14.21763661781365,61.99919802512386,False,True
2003-09-01 20:00:00,16.44512367248535,16.9097843170166,16.34931755065918,16.9097843170166,5747648,15.968808046976726,2743881.033333333,15.829971775070645,70.25574802358331,False,False
2003-09-02 20:00:00,16.885833740234375,16.93373680114746,16.766075134277344,16.861881256103516,3390388,16.012719186147056,2745022.2333333334,17.383350793725306,68.60093866262017,False,False
2003-09-03 20:00:00,16.79002571105957,16.885833740234375,16.7325439453125,16.76128578186035,2758278,16.0555126508077,2765835.1,18.64472809353838,65.13151642769252,False,True
2003-09-04 20:00:00,16.665477752685547,16.766075134277344,16.593624114990234,16.651107788085938,4543550,16.094473807017007,2835858.433333333,19.08334133373574,61.46498047133697,False,False
2003-09-07 20:00:00,16.622365951538086,16.952896118164062,16.564882278442383,16.952896118164062,2670184,16.128804302215578,2816430.3333333335,20.023050857201742,66.95271191771668,False,True
2003-09-08 20:00:00,16.952896118164062,16.957687377929688,16.7517032623291,16.84272003173828,2719450,16.165370337168376,2799256.7666666666,20.908849893986446,63.402817723974955,False,True
2003-09-09 20:00:00,16.84272003173828,16.93373680114746,16.67984962463379,16.766075134277344,2942400,16.205608940124513,2810933.1333333333,21.33199097126597,60.980565985759725,False,False
2003-09-10 20:00:00,16.857091903686523,16.866670608520508,16.74691390991211,16.766075134277344,2337846,16.24696528116862,2765765.533333333,21.72490768588267,60.98056598575974,False,True
2003-09-11 20:00:00,16.684640884399414,16.89541244506836,16.684640884399414,16.890623092651367,3899332,16.288002236684164,2803209.2,21.720928095101588,63.60127960383497,False,False
2003-09-14 20:00:00,16.79002571105957,16.88104248046875,16.713380813598633,16.718172073364258,1886727,16.322811794281005,2755592.2333333334,21.717232760804865,57.811443749435,False,True
2003-09-15 20:00:00,16.756494522094727,16.8523006439209,16.689430236816406,16.794816970825195,3365129,16.362411657969158,2791512.0,21.558796401943106,59.572912790562185,False,False
2003-09-16 20:00:00,16.766075134277344,16.79002571105957,16.65589714050293,16.7325439453125,2479173,16.40664218266805,2703730.566666667,21.188141167965245,57.473259525997754,False,True
2003-09-17 20:00:00,16.675058364868164,16.79002571105957,16.598413467407227,16.79002571105957,2973296,16.44640169143677,2727918.3,20.460631525385917,58.91278792669992,False,False
2003-09-18 20:00:00,16.67984962463379,16.799606323242188,16.675058364868164,16.76128578186035,3100845,16.475941944122315,2726081.2666666666,19.837273777544972,57.85824640538415,False,False
2003-09-21 20:00:00,16.766075134277344,16.809188842773438,16.622365951538086,16.809188842773438,2699409,16.501490306854247,2725427.1666666665,18.88836655245404,59.17012724675524,False,True
2003-09-22 20:00:00,16.799606323242188,16.88104248046875,16.713380813598633,16.804397583007812,1737049,16.527996667226155,2679911.6333333333,18.432786327027408,58.97238402431153,False,True
2003-09-23 20:00:00,16.981639862060547,17.168460845947266,16.785236358642578,16.818767547607422,2971208,16.55019172032674,2718183.3666666667,19.356234419014637,59.41051435168395,False,False
2003-09-24 20:00:00,16.84272003173828,16.890623092651367,16.72296142578125,16.756494522094727,2136397,16.569033590952554,2647533.7333333334,19.764571564527166,56.5902018737625,False,True
2003-09-25 20:00:00,16.756494522094727,16.823558807373047,16.593624114990234,16.823558807373047,2561840,16.589631938934325,2636170.5,19.279748096324905,58.855481991794946,False,True
2003-09-28 20:00:00,16.76128578186035,16.84272003173828,16.699010848999023,16.785236358642578,3492678,16.605280272165935,2712052.9,18.924007757844375,57.024262268793315,False,False
2003-09-29 20:00:00,16.79002571105957,16.957687377929688,16.55051040649414,16.876251220703125,2726548,16.626676972707113,2711030.033333333,17.6747977094392,60.19212448388564,False,False
2003-09-30 20:00:00,16.996009826660156,17.264266967773438,16.804397583007812,17.264266967773438,3026946,16.660209115346273,2751799.8666666667,17.92393296457025,70.25771040736983,False,False
2003-10-01 20:00:00,17.201993942260742,17.230735778808594,16.98642921447754,17.22594451904297,1985676,16.68847195307414,2765299.3333333335,18.155272844334792,68.41767180013186,False,True
2003-10-02 20:00:00,17.340911865234375,17.45587921142578,17.288217544555664,17.316959381103516,2235139,16.724239571889242,2765751.6666666665,19.19021848598117,70.40039721055194,False,True
2003-10-05 20:00:00,17.221153259277344,17.331331253051758,17.21636390686035,17.331331253051758,1876498,16.763041083017985,2779446.0,19.699589394192902,70.71306137952308,False,True
2003-10-06 20:00:00,17.235525131225586,17.44150733947754,17.125347137451172,17.403186798095703,1747070,16.80647325515747,2783544.566666667,20.556611075378033,72.28912623035936,False,True
2003-10-07 20:00:00,17.3648624420166,17.3648624420166,17.09660530090332,17.245105743408203,1801972,16.849266688028973,2772786.7333333334,21.163441112240395,64.11462216751988,False,True
2003-10-08 20:00:00,17.422346115112305,17.422346115112305,17.245105743408203,17.29300880432129,2351833,16.89030367533366,2760351.933333333,21.937102950996586,65.39175519512406,False,True
2003-10-09 20:00:00,17.29300880432129,17.53731346130371,17.26905632019043,17.47983169555664,4769214,16.929264895121257,2841599.3333333335,23.053834755891284,69.89214323277328,False,False
2003-10-12 20:00:00,17.498992919921875,17.61395835876465,17.42713737487793,17.604379653930664,1655844,16.967906761169434,2819652.2333333334,24.33873342004889,72.46300183225404,False,True
2003-10-13 20:00:00,17.53252410888672,17.575637817382812,17.398395538330078,17.566055297851562,1834955,16.9897824605306,2689229.1333333333,25.31060884959052,70.46902749542755,False,True
2003-10-14 20:00:00,17.62833023071289,17.65228271484375,17.29300880432129,17.38881492614746,1905306,17.00734691619873,2639726.4,25.42680025838629,61.97536834213092,False,True
2003-10-15 20:00:00,17.460668563842773,17.5229434967041,17.29779815673828,17.42713737487793,3294361,17.029541969299316,2657595.8333333335,25.53469228083951,63.01341312582919,False,False
2003-10-16 20:00:00,17.475040435791016,17.475040435791016,17.201993942260742,17.30738067626953,1787986,17.051417732238768,2565743.7,24.9312581193831,57.71136497494531,False,True
2003-10-19 20:00:00,17.29300880432129,17.29779815673828,16.981639862060547,17.029542922973633,3676382,17.05397262573242,2599283.6333333333,23.278388024152743,47.68642930104306,True,False
2003-10-20 20:00:00,17.14929962158203,17.633119583129883,17.101396560668945,17.42713737487793,3717298,17.073453203837076,2632545.2333333334,23.007298223048746,58.73359012088788,False,False
2003-10-21 20:00:00,17.42713737487793,17.47983169555664,16.957687377929688,17.29779815673828,2028471,17.091177304585774,2602080.933333333,22.004750017569414,54.6878172222131,False,True
2003-10-22 20:00:00,17.29779815673828,17.393604278564453,17.14929962158203,17.38881492614746,2349119,17.111935297648113,2602456.7,21.07381239819575,56.93586998061826,False,True
2003-10-23 20:00:00,17.379234313964844,17.460668563842773,17.331331253051758,17.45587921142578,1985885,17.130777168273926,2538675.1333333333,20.50488702443383,58.56701403039254,False,True
2003-10-27 20:00:00,17.580427169799805,17.609169006347656,17.350492477416992,17.38881492614746,2215724,17.153131930033364,2549641.7,20.583492945934022,56.27165304915035,False,True
2003-10-28 20:00:00,17.38881492614746,17.38881492614746,16.938526153564453,17.087024688720703,4581752,17.16287218729655,2590195.8,19.533817970611285,47.289834522935095,True,False
2003-10-29 20:00:00,17.115766525268555,17.259475708007812,17.101396560668945,17.173250198364258,1900713,17.17756239573161,2570913.8,18.55911977924017,49.757363657413386,True,True
2003-10-30 20:00:00,17.101396560668945,17.211572647094727,16.84272003173828,16.92415428161621,3263674,17.182033348083497,2580593.066666667,18.604352031774887,43.431901331546264,True,False
2003-10-31 20:00:00,16.957687377929688,17.005590438842773,16.742122650146484,16.890623092651367,3897871,17.18634459177653,2607160.6,18.96898474949098,42.64597829047008,True,False
2003-11-03 20:00:00,16.622365951538086,17.091815948486328,16.622365951538086,17.00079917907715,2782285,17.192731602986655,2609923.1333333333,19.671962638404718,46.09744435572595,True,False
2003-11-04 20:00:00,17.0103816986084,17.072654724121094,16.89541244506836,17.00079917907715,2456419,17.19927832285563,2633902.1333333333,20.324727820967478,46.09744435572595,True,True
2003-11-05 20:00:00,17.00079917907715,17.139719009399414,16.94810676574707,17.063074111938477,3316906,17.207421875,2645425.4,20.547914849981037,48.14314099744602,True,False
2003-11-06 20:00:00,17.077444076538086,17.22594451904297,16.981639862060547,17.201993942260742,1589877,17.2222718556722,2627208.066666667,20.27467842937333,52.4760545458579,True,True
2003-11-07 20:00:00,17.201993942260742,17.316959381103516,17.16366958618164,17.27863883972168,2059158,17.23744119008382,2610452.0,19.53465945935138,54.72380169887564,False,True
2003-11-10 20:00:00,17.240314483642578,17.350492477416992,17.206783294677734,17.273847579956055,1425170,17.25372823079427,2541535.066666667,18.669911217041157,54.550108928184706,False,True
2003-11-11 20:00:00,17.235525131225586,17.249895095825195,17.05349349975586,17.101396560668945,1836834,17.2612330754598,2511877.933333333,18.52946529454461,48.574103198579,True,True
2003-11-12 20:00:00,17.15888023376465,17.25468635559082,17.034332275390625,17.25468635559082,1351688,17.260913721720378,2456036.0,18.47823417196489,53.45521314127018,True,True
2003-11-13 20:00:00,17.259475708007812,17.345701217651367,17.211572647094727,17.29300880432129,2034316,17.263149197896322,2457657.3333333335,17.894289437297868,54.614988449308676,False,True
2003-11-14 20:00:00,17.29300880432129,17.542104721069336,17.206783294677734,17.45108985900879,1979414,17.267620213826497,2449133.1666666665,16.89667148957197,59.13805617875533,False,True
2003-11-17 20:00:00,17.45108985900879,17.489410400390625,17.29779815673828,17.417556762695312,2299435,17.270494397481283,2463231.066666667,15.970311966683633,57.8216508176668,False,True
2003-11-18 20:00:00,17.422346115112305,17.436717987060547,17.273847579956055,17.340911865234375,2452244,17.268418566385904,2486736.8666666667,14.977098947935843,54.81806153888733,False,True
2003-11-19 20:00:00,17.316959381103516,17.340911865234375,17.211572647094727,17.25468635559082,2763915,17.268737920125325,2518801.6333333333,14.108112184302389,51.57239031231469,True,False
2003-11-20 20:00:00,17.259475708007812,17.417556762695312,17.125347137451172,17.21636390686035,1828484,17.26618309020996,2501356.6666666665,13.762881994040713,50.151161471145045,True,True
2003-11-21 20:00:00,17.316959381103516,17.32175064086914,17.05349349975586,17.154090881347656,1854370,17.255325063069662,2404195.2,13.807300140189607,47.84385991421222,True,True
2003-11-24 20:00:00,17.221153259277344,17.369653701782227,17.06786346435547,17.350492477416992,2866831,17.246862157185873,2444561.433333333,13.531001668320217,54.89245109534178,False,False
2003-11-25 20:00:00,17.393604278564453,17.62833023071289,17.29300880432129,17.53252410888672,3418570,17.245744450887045,2497348.6,13.302234742142277,60.25385388416022,False,False
2003-11-26 20:00:00,17.53252410888672,17.724136352539062,17.527734756469727,17.566055297851562,3461365,17.251652463277182,2549217.2333333334,13.528520426272838,61.16942030537101,False,False
2003-11-28 20:00:00,17.53731346130371,17.661861419677734,17.489410400390625,17.570846557617188,1400745,17.25644276936849,2486096.7,13.500204457555034,61.30657713217671,False,True
2003-12-01 20:00:00,17.590007781982422,18.06903839111328,17.590007781982422,18.04029655456543,2626763,17.28087329864502,2514055.933333333,15.006191045362325,71.81232752112089,False,False
2003-12-02 20:00:00,17.954071044921875,18.18879508972168,17.88221549987793,18.14568328857422,2802743,17.318077977498373,2484934.6333333333,16.74357405014043,73.54860749732869,False,False
2003-12-03 20:00:00,18.131311416625977,18.26544189453125,18.059457778930664,18.059457778930664,3040097,17.33915532430013,2462361.2666666666,18.563225019789563,69.76230035739086,False,False
2003-12-04 20:00:00,18.064247131347656,18.65824508666992,18.064247131347656,18.572021484375,3012959,17.381629435221353,2495177.533333333,21.11186416121481,77.25741105813522,False,False
2003-12-05 20:00:00,18.62471389770508,18.68219757080078,18.49058532714844,18.62471389770508,1994653,17.422826067606607,2483362.0,23.522523127510116,77.8648419198935,False,True
2003-12-08 20:00:00,18.58639144897461,18.61034393310547,18.394779205322266,18.562440872192383,2762871,17.459711456298827,2509261.533333333,25.153830546238332,75.30497618676253,False,False
2003-12-09 20:00:00,18.591182708740234,18.806745529174805,18.562440872192383,18.739681243896484,3339452,17.50474033355713,2546719.1333333333,27.082716408301717,77.5656440286735,False,False
2003-12-10 20:00:00,18.768423080444336,18.873809814453125,18.572021484375,18.61992454528809,4234384,17.555836995442707,2535140.2,29.00445230074391,72.72155297171635,False,False
2003-12-11 20:00:00,18.58639144897461,19.017518997192383,18.58639144897461,18.98398780822754,3301876,17.616194915771484,2581845.6333333333,31.05534450952797,77.35210230450828,False,False
2003-12-12 20:00:00,19.15643882751465,19.280986785888672,19.031890869140625,19.223501205444336,2906285,17.69283981323242,2569932.6666666665,33.37643158126213,79.78350239705648,False,False
2003-12-15 20:00:00,19.22829246520996,19.25703430175781,19.051050186157227,19.098953247070312,4488856,17.76645081837972,2589632.1666666665,35.531726719301,75.25892491430845,False,False
2003-12-16 20:00:00,19.098953247070312,19.280986785888672,19.07979393005371,19.271404266357425,2689389,17.842137654622395,2586535.6333333333,37.57040194136168,77.18797132929586,False,False
2003-12-17 20:00:00,19.25703430175781,19.549243927001957,19.166019439697266,19.539663314819336,3657594,17.926766459147135,2626574.8,39.84180872985271,79.8233684702423,False,False
2003-12-18 20:00:00,19.40553474426269,19.927677154541016,19.237873077392575,19.855823516845703,5686483,18.019858105977377,2705560.7,42.351347274561036,82.40352131374384,False,False
2003-12-19 20:00:00,19.86061286926269,19.913307189941406,19.621097564697266,19.712114334106445,3739426,18.103528785705567,2777212.3333333335,44.68163306607591,77.54912031018266,False,False
2003-12-22 20:00:00,19.831871032714844,19.870193481445312,19.67858123779297,19.855823516845703,2635739,18.1894349416097,2796431.7,46.845469872482575,78.8884708379629,False,True
2003-12-23 20:00:00,19.855823516845703,19.855823516845703,19.62588882446289,19.79833984375,2113643,18.273584683736164,2819380.8,48.46926382517504,76.91195891685979,False,True
2003-12-24 20:00:00,19.8174991607666,20.14803123474121,19.76959609985352,20.047435760498047,1141263,18.371785990397136,2796195.1,50.315068711542686,79.32885119687644,False,True
2003-12-26 20:00:00,20.114500045776367,20.191144943237305,19.927677154541016,20.124080657958984,804333,18.46743246714274,2777949.933333333,52.07328847760109,80.02184123327459,False,True
2003-12-29 20:00:00,20.18635368347168,20.502513885498047,20.114500045776367,20.42107963562012,2271671,18.5717014948527,2785861.7666666666,53.98877837281769,82.47376715311653,False,True
2003-12-30 20:00:00,20.42586898803711,20.5887393951416,20.339643478393555,20.392337799072266,1861885,18.66974309285482,2781944.1333333333,55.835282692500314,81.43218810952625,False,True
2003-12-31 20:00:00,20.406707763671875,20.502513885498047,20.191144943237305,20.23425674438477,2560796,18.763633092244465,2790656.1666666665,56.56060748153201,75.7646674084694,False,True
2004-01-02 20:00:00,20.191144943237305,20.38275718688965,20.095338821411133,20.138450622558597,4034814,18.856884384155272,2843408.5,56.631930675726956,72.47259816865656,False,False
2004-01-05 20:00:00,20.35880470275879,20.93364143371582,20.33485412597656,20.93364143371582,4055690,18.979516220092773,2886467.6666666665,57.423473735083185,80.17311025733363,False,False
2004-01-06 20:00:00,20.93364143371582,20.93364143371582,20.61269187927246,20.722869873046875,3941501,19.09639975229899,2956901.566666667,58.158478004485396,74.24461235854905,False,False
2004-01-07 20:00:00,20.722869873046875,20.722869873046875,20.28695106506348,20.49293327331543,2708803,19.207694498697915,2985382.6666666665,57.15245064086374,68.31014277650598,False,True
2004-01-08 20:00:00,20.670175552368164,20.684545516967773,20.502513885498047,20.65101432800293,2514035,19.317711893717448,2973622.8,56.21828237464363,70.08075707647097,False,True
2004-01-09 20:00:00,20.65101432800293,20.78993225097656,20.502513885498047,20.59832191467285,2906494,19.419905153910317,2956553.6,55.55149784197119,68.70281436703641,False,True
2004-01-12 20:00:00,20.69412612915039,21.182737350463867,20.61269187927246,21.149206161499023,4128963,19.539343516031902,2978806.8666666667,55.568960258350835,74.37545729448969,False,False
2004-01-13 20:00:00,21.149206161499023,21.479736328125,21.125253677368164,21.2018985748291,4084707,19.660378583272298,3068272.2666666666,55.964713030352534,74.84510806279638,False,False
2004-01-14 20:00:00,21.206689834594727,21.34560775756836,21.17315673828125,21.31207656860352,3137586,19.769437917073567,3085299.7,56.332197747211254,75.84213946449616,False,False
2004-01-15 20:00:00,21.39351272583008,21.422252655029297,20.77077293395996,20.833045959472656,3542362,19.85901667277018,3109953.6666666665,54.845195863718835,63.97030366452604,False,False
2004-01-16 20:00:00,20.938432693481445,21.19710922241211,20.78514289855957,21.163576126098636,2615907,19.962487284342448,3095814.0,53.46440840047587,67.72446766301294,False,True
2004-01-20 20:00:00,21.17315673828125,21.49410820007324,21.10609245300293,21.259382247924805,3311479,20.052065976460774,3105764.6666666665,52.73366942430243,68.74116631996408,False,False
2004-01-21 20:00:00,21.259382247924805,21.556381225585938,21.13483428955078,21.556381225585938,3550294,20.14978822072347,3157619.3666666667,52.161847717453604,71.71564891727853,False,False
2004-01-22 20:00:00,21.594703674316406,21.618656158447266,21.029447555541992,21.206689834594727,4025838,20.23792985280355,3199718.2666666666,51.15767580540389,63.99427704255408,False,False
2004-01-23 20:00:00,21.29291534423828,21.59949493408203,21.18752861022949,21.37434959411621,3840464,20.325752131144206,3216418.6666666665,50.22523045850058,65.89047961477668,False,False
2004-01-26 20:00:00,21.37434959411621,21.537221908569336,21.153995513916016,21.498897552490234,2671436,20.421717898050943,3164320.4,49.19552809288928,67.2694622391485,False,True
2004-01-27 20:00:00,21.50847816467285,21.556381225585938,21.273754119873047,21.355188369750977,4227495,20.500757916768393,3195174.3666666667,48.28576492694775,64.0517530425868,False,False
2004-01-28 20:00:00,21.355188369750977,21.441415786743164,21.13004493713379,21.230640411376957,4051724,20.567662556966145,3233355.6666666665,46.704578737327054,61.31441639740605,False,False
2004-01-29 20:00:00,21.412673950195312,21.412673950195312,21.01028633117676,21.230640411376957,4548978,20.638718795776366,3235359.7333333334,44.66417677835663,61.31441639740605,False,False
2004-01-30 20:00:00,21.235431671142575,21.235431671142575,21.024658203125,21.101303100585938,4152761,20.699715423583985,3284138.8,42.769517816455505,58.31304662891561,False,False
2004-02-02 20:00:00,21.10609245300293,21.3024959564209,20.8474178314209,20.981544494628903,6069757,20.747778129577636,3364544.2333333334,40.18087131514885,55.599153908445,False,False
2004-02-03 20:00:00,20.861787796020508,21.08693122863769,20.813884735107425,21.034238815307617,3172657,20.787058639526368,3280750.033333333,37.62775237490481,56.55720023908408,False,True
2004-02-04 20:00:00,21.10609245300293,21.10609245300293,20.646223068237305,20.765981674194336,3836915,20.82218755086263,3283999.6666666665,35.336254486360225,50.57447800341788,True,False
2004-02-05 20:00:00,20.69412612915039,20.85220718383789,20.550416946411133,20.69412612915039,4525180,20.850130971272787,3346981.033333333,33.583283525370355,49.07692580959221,True,False
2004-02-06 20:00:00,20.69412612915039,20.924060821533203,20.62706184387207,20.8665771484375,2234512,20.885738881429038,3351010.0,31.615638534826306,52.6970924025706,True,True
2004-02-09 20:00:00,21.00549697875977,21.27854347229004,20.909690856933597,21.13004493713379,3597890,20.92182585398356,3432897.566666667,30.333362284428127,57.6505470530789,False,False
2004-02-10 20:00:00,21.30728530883789,21.57554244995117,21.26896476745605,21.551591873168945,3042602,20.969409561157228,3507506.533333333,30.028029417118628,64.12389227084554,False,True
2004-02-11 20:00:00,21.551591873168945,21.604284286499023,21.230640411376957,21.59949493408203,4121239,21.008690071105956,3569158.8,29.568380920355104,64.78267073372264,False,False
2004-02-12 20:00:00,21.412673950195312,21.57075309753418,21.297704696655277,21.388721466064453,3513345,21.041902860005695,3624207.466666667,29.141564459074687,59.59710002437717,False,True
2004-02-13 20:00:00,21.412673950195312,21.53243064880371,21.245012283325195,21.412673950195312,3895366,21.081183433532715,3668693.1333333333,28.47821355763362,59.98905468038864,False,False
2004-02-17 20:00:00,21.53243064880371,21.551591873168945,21.273754119873047,21.350399017333984,4049636,21.121581713358562,3669187.2,27.929260535205675,58.40268822648804,False,False
2004-02-18 20:00:00,21.230640411376957,21.31686782836914,21.09172248840332,21.125253677368164,3338826,21.127968788146973,3645291.7333333334,26.496691463897573,52.950897203350145,True,True
2004-02-19 20:00:00,21.221059799194336,21.355188369750977,21.10609245300293,21.153995513916016,2701706,21.14233964284261,3603965.2333333334,25.32223490457957,53.547047712433404,False,True
2004-02-20 20:00:00,21.26896476745605,21.37914085388184,21.029447555541992,21.249801635742188,3141970,21.167568588256835,3618404.1333333333,23.85026262130004,55.568034734416194,False,True
2004-02-23 20:00:00,21.235431671142575,21.31686782836914,21.067771911621094,21.13483428955078,2178983,21.18369592030843,3607235.7333333334,22.48343121539762,52.61012144966474,True,True
2004-02-24 20:00:00,21.07735061645508,21.31207656860352,21.07256126403809,21.19231986999512,2911296,21.203495852152507,3607395.8,21.214230624202514,53.93063163702643,True,True
2004-02-25 20:00:00,21.245012283325195,21.46536636352539,21.149206161499023,21.29291534423828,4367152,21.208286158243816,3615335.433333333,20.771399954531073,56.22913676455159,False,False
2004-02-26 20:00:00,21.29291534423828,21.3599796295166,21.221059799194336,21.240222930908203,3793494,21.209563636779784,3605628.3333333335,20.360200046979024,54.68993705270771,False,False
2004-02-27 20:00:00,21.30728530883789,21.383930206298828,21.125253677368164,21.26896476745605,3751116,21.208126576741538,3626079.3333333335,19.381441910024225,55.406990371559864,False,False
2004-03-01 20:00:00,21.412673950195312,22.260557174682617,21.403091430664062,22.241395950317383,5242461,21.25507157643636,3682749.3,21.254496519044732,71.71597782878287,False,False
2004-03-02 20:00:00,22.1312198638916,22.619829177856445,21.728832244873047,21.74320411682129,4919726,21.274392509460448,3759543.2666666666,23.59800591622689,59.67469325297494,False,False
2004-03-03 20:00:00,21.74799346923828,21.800687789916992,21.56117248535156,21.69051170349121,3076629,21.28876349131266,3751714.933333333,24.976392100970774,58.554853288767816,False,True
2004-03-04 20:00:00,21.628236770629883,21.67613983154297,21.556381225585938,21.556381225585938,2934050,21.28876349131266,3731173.466666667,26.233601954699427,55.689970738369134,False,True
2004-03-05 20:00:00,21.56117248535156,22.126428604125977,21.56117248535156,22.088106155395508,4168626,21.318144035339355,3735933.066666667,28.155170132347394,63.346086765679956,False,False
2004-03-08 20:00:00,22.059364318847656,22.39947509765625,22.03541374206543,22.23181533813477,3135081,21.34672622680664,3712420.3,30.298329079130117,65.10117692484383,False,True
2004-03-09 20:00:00,22.03541374206543,22.126428604125977,21.83901023864746,21.94918632507324,3250731,21.36173585255941,3731730.1333333333,31.422217872764346,59.10693296964457,False,True
2004-03-10 20:00:00,21.556381225585938,22.179122924804688,21.54680061340332,21.5803337097168,4219771,21.369240697224935,3731472.6666666665,31.324592952385537,52.33436542401621,False,False
2004-03-11 20:00:00,21.43662452697754,21.604284286499023,21.21147918701172,21.321657180786133,3806019,21.372274589538574,3723282.5,30.12749709924926,48.166189405631556,True,False
2004-03-12 20:00:00,21.221059799194336,21.64739799499512,21.19710922241211,21.628236770629883,1939124,21.38552780151367,3636287.3666666667,29.114916097417787,52.94915656113576,False,True
2004-03-15 20:00:00,21.65218734741211,21.79110717773437,21.53243064880371,21.53243064880371,3094791,21.399898719787597,3601021.7,28.505059458054294,51.35439206464941,False,True
2004-03-16 20:00:00,21.67613983154297,21.872541427612305,21.221059799194336,21.843799591064453,4978386,21.42864055633545,3564642.6666666665,26.958643374643973,55.99337030172682,False,False
2004-03-17 20:00:00,21.94918632507324,22.193492889404297,21.89170265197754,22.112058639526367,3318785,21.46456788380941,3569513.6,26.268887117051992,59.57054657663422,False,True
2004-03-18 20:00:00,22.1312198638916,22.38510513305664,22.06415557861328,22.31324958801269,2224492,21.516143480936687,3515766.1666666665,26.025702042166643,62.061368263911696,False,True
2004-03-19 20:00:00,22.31324958801269,22.38031578063965,22.097686767578125,22.179122924804688,3009410,21.565643374125163,3465240.5,25.799887329773103,59.43255037629842,False,True
2004-03-22 20:00:00,22.179122924804688,22.179122924804688,21.83422088623047,21.85817146301269,3708531,21.598696517944337,3514374.466666667,24.740092944858738,53.5835753812029,False,False
2004-03-23 20:00:00,21.872541427612305,21.89170265197754,21.407882690429688,21.42704391479492,4073225,21.608596483866375,3530218.966666667,23.334605149630914,46.90578333705079,True,False
2004-03-24 20:00:00,21.245012283325195,21.364770889282227,20.842626571655277,20.856996536254883,4227704,21.58544330596924,3569722.3666666667,23.188834373415922,39.836543550166134,True,False
2004-03-25 20:00:00,20.909690856933597,20.95759391784668,20.708498001098636,20.8474178314209,4686965,21.560374069213868,3588579.9,23.288801791129078,39.72819436038229,True,False
2004-03-26 20:00:00,20.93364143371582,21.058189392089844,20.74202919006348,20.83783531188965,5586698,21.54201119740804,3657691.6666666665,23.090597084471877,39.61212175584882,True,False
2004-03-29 20:00:00,21.3599796295166,21.3599796295166,20.962383270263672,21.26417350769043,2874137,21.537061182657876,3623650.7,22.083946415802245,47.027608996966094,True,True
2004-03-30 20:00:00,21.283334732055664,21.89170265197754,21.283334732055664,21.762365341186523,3227768,21.550793393452963,3596255.1,21.058841655686926,54.117846164341785,False,True
2004-03-31 20:00:00,21.9156551361084,22.11684799194336,21.65697860717773,22.059364318847656,3068488,21.58193041483561,3587243.8333333335,20.53806218588128,57.74858859909068,False,True
2004-04-01 20:00:00,22.203073501586918,22.22223472595215,21.805477142333984,21.934816360473636,3297910,21.607957776387533,3607117.3,20.251097729636182,55.75603563929019,False,True
2004-04-02 20:00:00,22.01146125793457,22.073734283447266,21.82463836669922,22.01625061035156,2404856,21.633506075541177,3582546.8333333335,19.98463073455145,56.805463259410296,False,True
2004-04-04 20:00:00,22.01625061035156,22.22223472595215,21.94439697265625,22.22223472595215,3412934,21.66975275675456,3623678.533333333,20.03283315000345,59.426948647889,False,True
2004-04-05 20:00:00,22.270137786865234,22.3515739440918,21.997089385986328,22.164751052856445,2335341,21.702167129516603,3604480.033333333,20.329429309548807,58.36244401888276,False,True
2004-04-06 20:00:00,22.088106155395508,22.30367088317871,21.89170265197754,22.107267379760746,2235765,21.72931219736735,3533433.8,20.271934240116515,57.2578970215416,False,True
2004-04-07 20:00:00,22.274927139282227,22.47612190246582,22.22223472595215,22.34678268432617,2129509,21.76619752248128,3477967.6333333333,20.575134008747106,60.603552609925835,False,True
2004-04-11 20:00:00,22.34678268432617,22.81623268127441,22.341991424560547,22.75874900817871,2886454,21.815856997172038,3449145.566666667,21.484359544822286,65.59232613156998,False,True
2004-04-12 20:00:00,22.79707145690918,22.81623268127441,22.241395950317383,22.29408836364746,3307095,21.817613410949708,3384633.3666666667,21.988182467565046,56.84827171929481,False,True
2004-04-13 20:00:00,22.29887962341309,22.763538360595703,22.03541374206543,22.72042655944824,3759675,21.850187492370605,3345965.0,21.78501159792975,61.87078116730873,False,False
2004-04-14 20:00:00,22.73000717163086,23.228199005126957,22.72042655944824,23.06053733825684,2778736,21.89585501352946,3336035.2333333334,22.46715886589673,65.33688081789039,False,True
2004-04-15 20:00:00,23.06053733825684,23.362327575683597,22.959941864013672,23.285682678222656,2998138,21.95349839528402,3338171.5,23.32017498788561,67.44651829210576,False,True
2004-04-18 20:00:00,23.592262268066406,23.726390838623047,23.218618392944336,23.472505569458008,3998491,21.999645042419434,3332500.3333333335,24.654452750630924,69.12566855916353,False,False
2004-04-19 20:00:00,23.44855308532715,23.44855308532715,22.87371635437012,22.87371635437012,3026111,22.021041742960612,3328868.0,24.822315855772693,58.678477868025126,False,True
2004-04-20 20:00:00,22.87371635437012,22.95036125183105,22.562345504760746,22.84976577758789,3896410,22.051061058044432,3350390.6333333333,24.133520735921174,58.298946588024016,False,False
2004-04-21 20:00:00,22.84976577758789,23.27610206604004,22.78749084472656,23.232988357543945,2464560,22.10614954630534,3291883.6,24.06913384760421,62.480568664858474,False,True
2004-04-22 20:00:00,23.23777961730957,23.37669944763184,22.73000717163086,23.01742553710937,2744918,22.16267515818278,3256513.566666667,24.17718804881022,58.902575636210166,False,True
2004-04-25 20:00:00,23.089279174804688,23.352746963500977,22.945571899414062,23.324005126953125,3585156,22.219200770060223,3311381.3,24.27752409278723,62.21655734971723,False,False
2004-04-26 20:00:00,23.44376373291016,23.553939819335938,23.266521453857425,23.42460250854492,4505974,22.28227316538493,3358420.7333333334,24.723069339874552,63.263355882395764,False,False
2004-04-27 20:00:00,23.40543937683105,23.472505569458008,22.974313735961918,22.99347305297852,2894595,22.320595614115398,3288961.033333333,24.260985664189683,56.09102001010886,False,True
2004-04-28 20:00:00,23.113231658935547,23.137182235717773,22.35636329650879,22.543184280395508,2917767,22.334966468811036,3275593.7666666666,22.712903910797685,49.74727399418773,False,True
2004-04-29 20:00:00,22.562345504760746,22.763538360595703,22.418636322021484,22.61025047302246,3313984,22.34486649831136,3311910.1666666665,21.275399425505118,50.64264199814817,False,False
2004-05-02 20:00:00,22.61025047302246,23.40543937683105,22.547975540161133,23.352746963500977,3607702,22.383987299601237,3331853.2333333334,20.85424924072916,59.29057555602263,False,False
2004-05-03 20:00:00,23.37669944763184,23.57310104370117,23.20903778076172,23.381488800048828,3290603,22.43476454416911,3317922.3,20.74697119208674,59.58576417164777,False,True
2004-05-04 20:00:00,23.32879638671875,23.32879638671875,22.854555130004883,23.22340965270996,5151653,22.49464340209961,3353869.9,19.82400049680541,57.13202166136764,False,False
2004-05-05 20:00:00,23.27610206604004,23.333585739135746,22.988683700561523,23.19466781616211,3416691,22.572565778096518,3326836.1333333333,18.976195265647455,56.67503566752154,False,False
2004-05-06 20:00:00,23.19466781616211,23.19466781616211,22.600669860839844,22.65336227416992,2741578,22.63276392618815,3261989.9,17.89366167185662,48.76396992237454,False,True
2004-05-09 20:00:00,22.22702407836914,22.23181533813477,21.60907554626465,21.618656158447266,3956740,22.658791287740073,3207657.966666667,18.474628292376256,37.87951223148555,True,False
2004-05-10 20:00:00,21.72404289245605,21.867752075195312,21.604284286499023,21.83901023864746,4421637,22.677952512105307,3259241.3,19.020437760304155,40.9046808537368,True,False
2004-05-11 20:00:00,21.819849014282227,21.910865783691406,21.46057510375977,21.82463836669922,3191862,22.680028279622395,3258044.433333333,19.724186955016616,40.765242679403,True,True
2004-05-12 20:00:00,21.829429626464844,22.030622482299805,21.551591873168945,21.551591873168945,4035232,22.663102531433104,3290269.2333333334,20.079398610237835,38.10741902182858,True,False
2004-05-13 20:00:00,21.786317825317383,22.24618530273437,21.752784729003903,22.164751052856445,4127502,22.6707670211792,3317922.3,19.88284900715478,46.53708019068737,True,False
2004-05-16 20:00:00,22.164751052856445,22.375524520874023,22.01146125793457,22.14558982849121,3398112,22.67507832845052,3351030.8333333335,19.392079368689455,46.32474631853056,True,False
2004-05-17 20:00:00,22.203073501586918,22.203073501586918,21.939607620239254,22.006671905517575,4013313,22.6678929011027,3371043.466666667,19.070154880014258,44.731250613575384,True,False
2004-05-18 20:00:00,22.04499244689941,22.20786476135254,21.795896530151367,21.800687789916992,3798295,22.65575745900472,3419808.6,19.040693451519527,42.402162155392084,True,False
2004-05-19 20:00:00,21.805477142333984,21.94918632507324,21.71925163269043,21.71925163269043,4539375,22.64282360076904,3496595.6,19.157574236774252,41.482541901599475,True,False
2004-05-20 20:00:00,21.84859085083008,21.90607452392578,21.321657180786133,21.43662452697754,4836851,22.61248499552409,3586840.3333333335,19.95618645232167,38.37213165968765,True,False
2004-05-23 20:00:00,21.46057510375977,21.872541427612305,21.235431671142575,21.77194595336914,5251020,22.57959156036377,3665659.2,20.835379042365997,43.76014522527649,True,False
2004-05-24 20:00:00,21.795896530151367,22.19828224182129,21.795896530151367,22.179122924804688,2966616,22.57575937906901,3654309.9,20.69621784732585,49.53031647011915,True,True
2004-05-25 20:00:00,22.02583122253418,22.2509765625,21.82463836669922,21.882123947143555,4298054,22.547815958658855,3672255.8666666667,20.419956511180523,45.83620816030168,True,False
2004-05-26 20:00:00,21.882123947143555,21.896493911743164,21.08693122863769,21.115673065185547,9338441,22.48298714955648,3890912.7,21.39326056271802,37.96658233251276,True,False
2004-05-27 20:00:00,21.115673065185547,21.29291534423828,20.991125106811523,21.17315673828125,5508624,22.4125696182251,3974595.566666667,22.42960209488457,38.81504918836312,True,False
2004-05-31 20:00:00,21.43662452697754,21.69051170349121,21.17315673828125,21.479736328125,5123054,22.34614397684733,4012081.0,22.307529736674915,43.27154535564114,True,False
2004-06-01 20:00:00,21.51326942443848,21.537221908569336,21.25459289550781,21.25459289550781,3748403,22.292173194885255,4036157.4,22.1941768326231,40.9147106024859,True,True
2004-06-02 20:00:00,21.26417350769043,21.484527587890625,21.13483428955078,21.240222930908203,6826702,22.238521766662597,4133833.8,22.30160135093549,40.762107117232084,True,False
2004-06-03 20:00:00,21.273754119873047,21.3024959564209,20.856996536254883,21.177947998046875,3442577,22.170020421346027,4166434.3666666667,22.86889450124122,40.06469567235762,True,True
2004-06-06 20:00:00,21.34560775756836,21.604284286499023,21.18752861022949,21.5803337097168,3165768,22.12211736043294,4180462.7,22.54725289474152,46.44112901485807,True,True
2004-06-07 20:00:00,21.65218734741211,21.776735305786133,21.46057510375977,21.59949493408203,3883885,22.06463368733724,4190420.3333333335,21.79931107410812,46.73175130218863,True,True
2004-06-08 20:00:00,21.48931884765625,21.613866806030277,21.27854347229004,21.484527587890625,4128545,21.99996452331543,4177839.3666666667,21.462548904551063,45.14875741119493,True,True
2004-06-09 20:00:00,21.556381225585938,21.896493911743164,21.542011260986328,21.896493911743164,2948663,21.96339855194092,4179641.6333333333,20.422534204268267,51.48994811280927,True,True
2004-06-13 20:00:00,21.805477142333984,21.83422088623047,21.556381225585938,21.58512306213379,2415294,21.93146317799886,4162892.533333333,19.456806268291384,47.061504962565486,True,True
2004-06-14 20:00:00,21.843799591064453,22.01625061035156,21.795896530151367,21.953977584838867,3137795,21.90958741505941,4157019.566666667,18.0942907813162,52.2956792608059,False,True
2004-06-15 20:00:00,22.07852554321289,22.48570251464844,22.01146125793457,22.48570251464844,3390597,21.88068593343099,4149782.7333333334,17.813314753331873,58.643655939442716,False,True
2004-06-16 20:00:00,22.60545921325684,22.8641357421875,22.45216941833496,22.73958778381348,3067444,21.85928923288981,4142344.1,18.2373762619277,61.29222315390099,False,True
2004-06-17 20:00:00,22.73958778381348,23.20903778076172,22.710845947265625,23.10844039916992,5006360,21.855456924438478,4137501.0,19.169328478701573,64.81751751710712,False,False
2004-06-20 20:00:00,23.347957611083984,23.352746963500977,23.0413761138916,23.079700469970703,2749093,21.85162467956543,4115247.7333333334,20.243101541548608,64.32593011735628,False,True
2004-06-21 20:00:00,22.99347305297852,23.11802291870117,22.74437713623047,23.11802291870117,3041767,21.86711336771647,4125254.033333333,20.412573044202933,64.7102642857254,False,True
2004-06-22 20:00:00,23.30484390258789,23.793455123901367,23.228199005126957,23.793455123901367,3305216,21.93960666656494,4103536.566666667,21.53470680715838,70.70148297007457,False,True
2004-06-23 20:00:00,23.735971450805664,23.817407608032227,23.42460250854492,23.45813369750977,3213781,21.993577448527017,4063274.7,22.606900627179137,64.81809792075045,False,True
2004-06-24 20:00:00,23.41023063659668,23.630584716796875,23.23777961730957,23.2617301940918,3108986,22.041480509440103,4060512.1666666665,23.088617340937564,61.58551314960251,False,True
2004-06-27 20:00:00,23.32879638671875,23.391069412231445,22.658153533935547,22.710845947265625,4023542,22.080122311909992,4060122.5,22.152860978669846,53.52268604869007,False,True
2004-06-28 20:00:00,22.658153533935547,23.055747985839844,22.61025047302246,22.945571899414062,3183721,22.106149673461914,4028663.1333333333,21.180651450583007,56.156582064027226,False,True
2004-06-29 20:00:00,22.93120002746582,23.232988357543945,22.86892509460449,23.189876556396484,2727591,22.140959231058755,4006312.433333333,20.603088831536773,58.77519627501779,False,True
2004-06-30 20:00:00,23.35753631591797,23.36711883544922,23.055747985839844,23.21382713317871,3111909,22.181197738647462,3976265.6333333333,20.308803814349464,59.03352022822814,False,True
2004-07-01 20:00:00,23.30484390258789,23.347957611083984,23.07490921020508,23.13239288330078,1673379,22.22558790842692,3905435.1,20.03553915553268,57.70939693781697,False,True
2004-07-05 20:00:00,23.347957611083984,23.59705352783203,23.2617301940918,23.40543937683105,4096397,22.281794166564943,3890669.1666666665,20.24393470489863,60.87798070440624,False,False
2004-07-06 20:00:00,23.40543937683105,23.40543937683105,23.08448982238769,23.204248428344727,3580773,22.340714963277183,3848799.9,19.945319080619388,57.46167954585207,False,True
2004-07-07 20:00:00,23.381488800048828,23.472505569458008,23.089279174804688,23.295263290405277,2659537,22.39149220784505,3762417.1333333333,19.801880210999798,58.593691425398255,False,True
2004-07-08 20:00:00,23.592262268066406,23.592262268066406,23.362327575683597,23.453344345092773,2498170,22.43396625518799,3746802.2666666666,19.90997123604235,60.557018151385165,False,True
2004-07-11 20:00:00,23.17071533203125,23.3000545501709,23.022216796875,23.175506591796875,2452244,22.477079010009767,3685275.2666666666,19.04138529142995,55.56977208165252,False,True
2004-07-12 20:00:00,23.33837509155273,23.33837509155273,23.07490921020508,23.285682678222656,1997993,22.54941266377767,3440593.6666666665,18.323047502906196,57.079309159540024,False,True
2004-07-13 20:00:00,23.242570877075195,23.625795364379883,23.242570877075195,23.625795364379883,2326991,22.631167284647624,3334539.2333333334,18.290368202749537,61.435195606383274,False,True
2004-07-14 20:00:00,23.688068389892575,23.688068389892575,23.42460250854492,23.534778594970703,2794184,22.69966869354248,3256910.2333333334,18.39061896699213,59.6894119838919,False,True
2004-07-15 20:00:00,23.70722961425781,24.17667961120605,23.64016532897949,24.17667961120605,3762807,22.797071584065755,3257390.3666666667,19.39184115829329,66.84511117824322,False,False
2004-07-18 20:00:00,23.54435920715332,24.085664749145508,23.510826110839844,23.951536178588867,3581816,22.887448692321776,3149227.5,19.91313942688734,62.644687546065235,False,False
2004-07-19 20:00:00,23.894052505493164,23.94674491882324,23.659326553344727,23.841358184814453,2257893,22.976229031880695,3109738.033333333,20.397202104867535,60.63661833888526,False,True
2004-07-20 20:00:00,23.841358184814453,24.04734230041504,23.42460250854492,23.453344345092773,3007323,23.038662719726563,3104456.533333333,20.092743344614544,54.063983418038454,False,True
2004-07-21 20:00:00,23.453344345092773,23.56831169128418,23.247360229492188,23.415021896362305,2976010,23.099180285135905,3074194.033333333,19.28367022506498,53.44777884424521,False,True
2004-07-22 20:00:00,23.41023063659668,23.510826110839844,23.189876556396484,23.50124740600586,2705881,23.16640427907308,3026771.9,18.36394392029869,54.69888165936633,False,True
2004-07-25 20:00:00,23.18508529663086,23.453344345092773,23.022216796875,23.161134719848636,3546537,23.208558972676595,3046701.033333333,17.07916483826289,49.09415857875325,True,False
2004-07-26 20:00:00,23.113231658935547,23.415021896362305,22.945571899414062,23.309633255004883,1895912,23.2660426457723,3029388.3,16.102724445652488,51.43402901556705,False,True
2004-07-27 20:00:00,23.280893325805664,23.563520431518555,23.23777961730957,23.362327575683597,3108778,23.31298764546712,3028421.066666667,15.150071880206822,52.272369402136974,False,False
2004-07-28 20:00:00,23.71202087402344,23.71202087402344,23.43897247314453,23.57310104370117,2426149,23.349234263102215,2996272.8,14.685095459565256,55.5756552585087,False,True
2004-07-29 20:00:00,23.70244026184082,23.8126163482666,23.50603675842285,23.601842880249023,4628931,23.377976099650066,3048322.3666666667,14.528819961892449,56.022635921588446,False,False
2004-08-01 20:00:00,23.64016532897949,23.73118019104004,23.362327575683597,23.66411781311035,4302229,23.396498680114746,3024851.3333333335,13.893642651126031,57.03142890407899,False,False
2004-08-02 20:00:00,23.735971450805664,23.95632553100586,23.67848777770996,23.937164306640625,5623230,23.425080808003745,3120655.9,13.932681049973075,61.23065571204913,False,False
2004-08-03 20:00:00,23.951536178588867,23.951536178588867,23.76950454711914,23.83177757263184,8073178,23.448872629801432,3288369.6,13.968930991759617,58.84048621952853,False,False
2004-08-04 20:00:00,23.90363121032715,23.96590614318848,23.477294921875,23.477294921875,5675002,23.43833395640055,3367362.466666667,12.996009511599166,51.551092850564494,False,False
2004-08-05 20:00:00,23.472505569458008,23.477294921875,22.878507614135746,22.96952247619629,3925009,23.422046915690103,3391070.066666667,13.574452929192839,43.28002687186533,True,False
2004-08-08 20:00:00,23.089279174804688,23.7551326751709,23.031797409057617,23.621004104614254,3940457,23.43402271270752,3418785.7666666666,13.277127076647881,53.5724397103244,False,False
2004-08-09 20:00:00,23.61142349243164,23.88926124572754,23.51561737060547,23.774293899536133,4814096,23.469470977783203,3445137.566666667,12.62778568036262,55.61337420805923,False,False
2004-08-10 20:00:00,23.817407608032227,23.951536178588867,23.621004104614254,23.90363121032715,6075185,23.501406288146974,3541519.7,11.851254839817843,57.318242240604135,False,False
2004-08-11 20:00:00,23.90363121032715,24.071292877197266,23.78866577148437,23.78866577148437,5823844,23.521365928649903,3644728.1333333333,11.214180834596018,55.28551930659826,False,False
2004-08-12 20:00:00,23.884471893310547,24.11919593811035,23.860519409179688,24.004228591918945,3793494,23.547712643941242,3667447.6333333333,10.757551480655644,58.273568913760776,False,False
2004-08-15 20:00:00,24.004228591918945,24.11919593811035,23.87968063354492,24.10482406616211,3549668,23.580127016703287,3729990.6,10.333538509139585,59.6293652572444,False,True
2004-08-16 20:00:00,24.10482406616211,24.10482406616211,23.64495658874512,23.683277130126957,5758712,23.589388275146483,3785401.1,9.996668212675758,52.00382399323351,False,False
2004-08-17 20:00:00,23.759923934936523,24.04255104064941,23.759923934936523,24.004228591918945,5093619,23.61605428059896,3835829.3,9.68386008024506,56.558840945958764,False,False
2004-08-18 20:00:00,24.05213165283203,24.06171226501465,23.87968063354492,23.94674491882324,5290057,23.63777033487956,3923513.3,9.32293185263156,55.54213407369824,False,False
2004-08-19 20:00:00,23.999439239501957,24.406614303588867,23.975486755371094,24.238954544067383,4494284,23.663957341512045,3990050.433333333,9.47194398808234,59.52517632523187,False,False
2004-08-22 20:00:00,24.334760665893555,24.373083114624023,23.807825088500977,23.927583694458008,3839629,23.689026578267416,4036296.6,9.019114168002952,53.97592362561541,False,True
2004-08-23 20:00:00,23.932373046875,23.932373046875,23.400650024414062,23.64016532897949,5793783,23.700842666625977,4162822.933333333,9.349620764745685,49.3980397339874,True,False
2004-08-24 20:00:00,23.951536178588867,24.02338981628418,23.803035736083984,23.870100021362305,3836288,23.708986155192058,4213132.833333333,9.350586254905412,52.84374900838931,False,True
2004-08-25 20:00:00,23.865310668945312,24.138357162475582,23.66411781311035,24.10961532592773,2326156,23.728147379557292,4197531.9,9.729138068442698,56.190282628038965,False,True
2004-08-26 20:00:00,24.191051483154297,24.449726104736328,24.15751838684082,24.377872467041016,2778527,23.734853808085123,4164722.566666667,9.069872114786685,59.64458569429672,False,True
2004-08-29 20:00:00,24.48805046081543,24.67008209228516,24.22937393188477,24.392244338989254,3192071,23.74954408009847,4151731.066666667,9.00356320647179,59.82733986954069,False,True
2004-08-30 20:00:00,24.459308624267575,24.80900001525879,24.43535614013672,24.74193572998047,3167229,23.779563331604002,4182042.2666666666,9.303874128570047,64.08874097166853,False,True
2004-08-31 20:00:00,24.909597396850582,25.35509490966797,24.78504943847656,25.307191848754883,4354418,23.84135824839274,4226945.433333334,10.756247244107852,69.68637729623653,False,False
2004-09-01 20:00:00,25.398208618164062,25.599401473999023,25.379047393798828,25.5754508972168,4674648,23.913372548421226,4283566.7,12.524927964901494,71.92312312499274,False,False
2004-09-02 20:00:00,25.508384704589844,25.632932662963867,25.42215919494629,25.551498413085938,3731702,23.981714248657227,4317760.733333333,14.223477690696521,71.41641518863243,False,True
2004-09-06 20:00:00,25.26886940002441,25.38383674621582,25.18264389038086,25.364675521850582,6262020,24.055165608723957,4408276.833333333,14.965221247186511,67.42632363439462,False,False
2004-09-07 20:00:00,25.1970157623291,25.201805114746094,24.986242294311523,25.053306579589844,5091114,24.11328805287679,4514783.566666666,15.02701585592791,61.281054213843355,False,False
2004-09-08 20:00:00,25.149112701416016,25.46048164367676,25.091629028320312,25.38383674621582,3584739,24.18067169189453,4530648.933333334,15.630522810245322,64.93457093331317,False,True
2004-09-09 20:00:00,25.55628776550293,25.55628776550293,25.07246780395508,25.1970157623291,3787231,24.234802182515462,4576018.333333333,16.3820388303671,61.407545821737045,False,True
2004-09-12 20:00:00,25.441320419311523,25.628143310546875,25.388628005981445,25.618562698364254,2844912,24.302026176452635,4516551.033333333,17.224751857422195,65.90739290389608,False,True
2004-09-13 20:00:00,25.671255111694336,25.81975555419922,25.561079025268555,25.680835723876957,3164724,24.369250106811524,4478634.2,18.382313669809484,66.52827925153215,False,True
2004-09-14 20:00:00,25.58024024963379,25.719158172607425,25.494014739990234,25.666465759277344,3402496,24.42689348856608,4404609.733333333,19.20160592938085,66.22854420821656,False,True
2004-09-15 20:00:00,25.666465759277344,25.867658615112305,25.561079025268555,25.824546813964844,2490446,24.49331912994385,4218518.666666667,20.2635362507141,67.93976759393601,False,True
2004-09-16 20:00:00,26.0305290222168,26.30836677551269,25.996997833251957,26.198190689086918,3296031,24.58401565551758,4139219.6333333333,22.008492037134136,71.60245942143027,False,True
2004-09-19 20:00:00,26.250883102416992,26.523929595947266,26.24609375,26.375431060791016,3337782,24.697545941670736,4119645.4,23.937898432302454,73.1683811731245,False,True
2004-09-20 20:00:00,26.41854476928711,27.04607391357422,26.322738647460938,26.99338150024414,4808251,24.809958521525065,4148571.8666666667,26.3467147360538,77.77082370827013,False,False
2004-09-21 20:00:00,26.945476531982425,26.945476531982425,26.59578514099121,26.624526977539062,3935865,24.90496629079183,4119297.5,28.58347273239434,70.04724288270808,False,True
2004-09-22 20:00:00,26.586204528808597,26.59099578857422,26.11675453186035,26.11675453186035,5299451,24.97873706817627,4093439.7,28.939776447962252,61.057636313706,False,False
2004-09-23 20:00:00,26.226930618286133,26.452075958251957,26.15507698059082,26.322738647460938,3455728,25.063206164042153,4014502.5,29.270629898132455,63.1250634192833,False,True
2004-09-26 20:00:00,26.370641708374023,26.51435089111328,26.12633514404297,26.270044326782227,2648056,25.138733355204263,3976321.2333333334,29.684696761167043,62.2151112971268,False,True
2004-09-27 20:00:00,26.370641708374023,26.777816772460938,26.370641708374023,26.758655548095703,3720221,25.227194404602052,3982006.3333333335,30.500751958122517,66.96970563465185,False,True
2004-09-28 20:00:00,26.758655548095703,26.758655548095703,26.317947387695312,26.562253952026367,3313775,25.323160298665364,3900508.433333333,31.060480479320233,63.51026784401769,False,True
2004-09-29 20:00:00,26.68201065063477,26.825719833374023,26.61973762512207,26.79218864440918,3674503,25.416092300415038,3853204.566666667,31.695729646580478,65.74147535935117,False,True
2004-09-30 20:00:00,26.81134986877441,27.065235137939453,26.63410758972168,27.065235137939453,2970373,25.52004197438558,3775881.7666666666,32.678557056905866,68.2260777663851,False,True
2004-10-03 20:00:00,27.065235137939453,27.156251907348636,26.84967041015625,27.002960205078125,2838440,25.612175496419272,3720686.966666667,33.73198046563768,67.03200227214981,False,True
2004-10-04 20:00:00,27.218524932861328,27.549055099487305,27.19457244873047,27.371814727783203,2697948,25.72698319753011,3682630.933333333,35.25019271603147,70.34283707582426,False,True
2004-10-05 20:00:00,27.44845962524414,28.042457580566406,27.44366836547852,28.018505096435547,3628160,25.872927856445312,3610443.5,37.183567654605945,75.0699323967374,False,False
2004-10-06 20:00:00,28.2628116607666,28.46400451660156,27.735877990722656,27.735877990722656,3928558,26.001787122090658,3613519.1666666665,39.32959569649459,69.83131053559346,False,False
2004-10-07 20:00:00,27.831684112548828,28.02329635620117,27.616119384765625,27.87479782104492,2811511,26.127293205261232,3629697.6666666665,40.86436839530662,70.90601571660375,False,True
2004-10-10 20:00:00,28.15263557434082,28.190956115722656,27.520313262939453,27.57779884338379,2219064,26.23395741780599,3611048.9,42.442458140982964,65.53128196584004,False,True
2004-10-11 20:00:00,27.616119384765625,27.946651458740234,27.213735580444336,27.280799865722656,4099320,26.330242602030435,3641290.533333333,42.776960001422296,60.58558121787885,False,False
2004-10-12 20:00:00,27.07481575012207,27.079605102539062,25.949094772338867,26.30357551574707,6847995,26.38229726155599,3763982.7333333334,39.91934383123148,47.80207635550869,True,False
2004-10-13 20:00:00,26.562253952026367,26.90236473083496,26.471237182617188,26.68201065063477,4039616,26.428124554951985,3753489.3333333335,37.265843101768574,52.023787150797915,False,False
2004-10-14 20:00:00,27.05565452575684,27.065235137939453,26.816139221191406,26.96942901611328,3203344,26.474590492248534,3704445.8666666667,35.10113393665419,55.00058836856627,False,True
2004-10-17 20:00:00,27.017332077026367,27.06044578552246,26.69638061523437,26.78260612487793,3958828,26.515627415974937,3712016.7333333334,32.83896433848181,52.71116180441403,False,False
2004-10-18 20:00:00,26.59099578857422,26.911945343017575,26.533510208129883,26.801767349243164,3652167,26.563530476888022,3625021.6333333333,30.588831371782515,52.92758495414092,False,False
2004-10-19 20:00:00,27.041284561157227,27.496362686157227,26.99338150024414,27.386186599731445,3588914,26.641293144226076,3574948.3,29.40283360920889,59.07902729483462,False,False
2004-10-20 20:00:00,27.8077335357666,27.865215301513672,27.376604080200195,27.72150611877441,3842551,26.719215456644694,3583542.033333333,28.87411248501507,62.136419552686704,False,False
2004-10-21 20:00:00,27.735877990722656,27.88916778564453,27.60654067993164,27.673603057861328,4921814,26.801768366495768,3621361.466666667,28.4192316047666,61.43030204865173,False,False
2004-10-24 20:00:00,27.783781051635746,28.119102478027344,27.69276428222656,28.004135131835938,3749864,26.88128744761149,3651526.533333333,28.34412061515195,64.43364635167849,False,False
2004-10-25 20:00:00,28.004135131835938,28.004135131835938,27.529895782470703,27.678394317626957,5464785,26.947872734069826,3728195.2333333334,27.858863653745523,59.515178077427244,False,False
2004-10-26 20:00:00,27.75983047485352,27.75983047485352,26.66764068603516,27.065235137939453,7656712,26.994498380025227,3870002.433333333,26.123349069310933,51.539889783259206,False,False
2004-10-27 20:00:00,26.84967041015625,27.017332077026367,26.29878616333008,26.30357551574707,6145535,27.010466003417967,3991838.7333333334,25.110444405500324,43.70516416768933,True,False
2004-10-28 20:00:00,26.4233341217041,26.79218864440918,26.33231735229492,26.744285583496094,4747921,27.028669166564942,4040235.066666667,24.169890074819044,48.57619866578258,True,False
2004-11-01 20:00:00,26.950267791748047,27.084396362304688,26.375431060791016,26.61015510559082,4446688,27.0364933013916,4077198.6,22.705284534887596,47.236552739414606,True,False
2004-11-02 20:00:00,26.801767349243164,26.8592529296875,26.30836677551269,26.313156127929688,3324422,27.01381912231445,4027737.6333333333,21.4687929973195,44.32183565487425,True,True
2004-11-03 20:00:00,26.801767349243164,27.10355758666992,26.523929595947266,27.041284561157227,3735669,27.02771104176839,4021064.433333333,20.045186595207177,52.12181740973821,False,True
2004-11-04 20:00:00,27.2568473815918,27.56821632385254,27.11313819885254,27.56821632385254,3567412,27.076093101501463,3963329.8,19.558327164861755,56.83458154377215,False,True
2004-11-05 20:00:00,27.56821632385254,27.841264724731445,27.45325088500977,27.783781051635746,4065084,27.12479451497396,3983641.6666666665,19.539405014168615,58.62867666858684,False,False
2004-11-08 20:00:00,27.783781051635746,27.79336166381836,27.35265350341797,27.477201461791992,3964881,27.16503308614095,4027535.8333333335,19.291930898930442,55.119805604086494,False,True
2004-11-09 20:00:00,27.477201461791992,27.587379455566406,27.16583251953125,27.242475509643555,4106209,27.181160418192544,4040402.1,18.637644849797645,52.52772521765363,False,False
2004-11-10 20:00:00,27.496362686157227,27.60654067993164,27.117929458618164,27.295169830322266,4348364,27.205590947469076,4074888.4,17.92042881462264,53.061377672262026,False,False
2004-11-11 20:00:00,27.299959182739254,27.371814727783203,27.05565452575684,27.07481575012207,3621271,27.215011850992838,4073114.0,17.105948089273202,50.5046089141501,True,True
2004-11-12 20:00:00,27.12271881103516,27.74066734313965,27.084396362304688,27.74066734313965,4022289,27.237526257832844,4108177.8666666667,17.07627332907088,57.21363326836115,False,True
2004-11-15 20:00:00,27.735877990722656,27.893957138061523,26.916736602783203,27.079605102539062,4098276,27.24008108774821,4150172.4,16.627176839011724,49.97149893209708,True,True
2004-11-16 20:00:00,27.295169830322266,27.39576530456543,27.23768615722656,27.26642799377441,3521277,27.236568196614584,4177616.7,16.21015866967108,51.82733718692391,False,True
2004-11-17 20:00:00,27.26642799377441,27.611330032348636,27.25205612182617,27.45325088500977,3816874,27.21772638956706,4183907.1666666665,16.26978195596456,53.67786609077928,False,True
2004-11-18 20:00:00,27.573007583618164,27.58258819580078,27.357444763183597,27.44845962524414,2453914,27.20814577738444,4134752.3666666667,16.325146436094222,53.62097631150364,False,True
2004-11-19 20:00:00,27.56821632385254,28.00892639160156,27.520313262939453,27.98976325988769,3684941,27.2119779586792,4163866.7,17.197588618128865,58.91837359127994,False,True
2004-11-22 20:00:00,28.02329635620117,28.535858154296875,27.999345779418945,28.478376388549805,4134390,27.24199721018473,4227710.9,18.80251703844558,63.023917584822264,False,True
2004-11-23 20:00:00,28.64603614807129,28.91429328918457,28.51190757751465,28.68435859680176,4331455,27.2887825012207,4235448.733333333,20.75602721070492,64.62872547688883,False,False
2004-11-24 20:00:00,28.69393920898437,28.88555145263672,28.377779006958008,28.68435859680176,4719948,27.36814193725586,4164513.8333333335,22.15858117815256,64.62872547688883,False,False
2004-11-26 20:00:00,28.717891693115234,29.10111618041992,28.636455535888672,28.890342712402344,1628079,27.441753005981447,4084129.2666666666,23.73282931487571,66.3238365179669,False,True
2004-11-29 20:00:00,28.933454513549805,28.98135757446289,28.40652084350586,28.756214141845703,2500675,27.501312510172525,4060706.966666667,24.49075724337783,64.1674122169133,False,True
2004-11-30 20:00:00,28.66998863220215,28.8759708404541,28.641246795654297,28.842439651489254,3464705,27.569973627726238,4044236.2,25.194547462701227,64.95622620369912,False,True
2004-12-01 20:00:00,28.789745330810547,28.799325942993164,28.052038192749023,28.186166763305664,4720157,27.616120274861654,4079835.8666666667,24.228169642558345,55.02718908394023,False,False
2004-12-02 20:00:00,28.16700553894043,28.16700553894043,26.916736602783203,27.07481575012207,6536324,27.605741246541342,4178082.8666666667,23.733486621774293,43.03151937315899,True,False
2004-12-03 20:00:00,27.065235137939453,27.242475509643555,26.825719833374023,27.184993743896484,5294441,27.587857500712076,4226479.2,23.403539036988775,44.32725995527838,True,False
2004-12-06 20:00:00,27.35265350341797,27.39576530456543,26.911945343017575,27.070024490356445,3399573,27.567738215128582,4175737.8333333335,22.77202397648683,43.222507643969635,True,True
2004-12-07 20:00:00,27.07481575012207,27.07481575012207,26.375431060791016,26.471237182617188,4507644,27.51664161682129,4200997.166666667,22.953971393409578,37.92153568926903,True,False
2004-12-08 20:00:00,26.337108612060547,26.346689224243164,25.838916778564453,26.226930618286133,6062868,27.46825949350993,4220933.266666667,23.759841283793914,35.98250715259323,True,False
2004-12-09 20:00:00,26.4856071472168,26.557462692260746,26.135915756225582,26.523929595947266,4237098,27.450215975443523,4106946.1333333333,24.04708420049525,39.99912375000322,True,False
2004-12-10 20:00:00,26.801767349243164,26.844881057739254,26.337108612060547,26.490398406982425,5095289,27.45644340515137,4071937.933333333,23.71179228290284,39.69629965755936,True,False
2004-12-13 20:00:00,26.720333099365234,27.132299423217773,26.71554374694824,27.11313819885254,4472782,27.468738492329916,4062766.6333333333,22.83504755384877,47.626654352923424,True,False
2004-12-14 20:00:00,27.184993743896484,27.23289680480957,26.93110656738281,27.070024490356445,3504786,27.484067471822105,4031369.9,21.826799187890725,47.164215081282144,True,True
2004-12-15 20:00:00,27.1370906829834,27.5921688079834,27.026912689208984,27.544265747070312,4906784,27.52510445912679,4084115.3,20.31087653946548,52.61449471753286,False,False
2004-12-16 20:00:00,27.42450714111328,27.53468513488769,27.16583251953125,27.376604080200195,5274401,27.536281776428222,4135406.3666666667,18.903234080213462,50.6261809545213,True,False
2004-12-17 20:00:00,27.304750442504883,27.60654067993164,27.2568473815918,27.2568473815918,6731719,27.525902811686198,4240883.266666667,17.734609706615952,49.196099083681304,True,False
2004-12-20 20:00:00,27.40055656433105,28.16700553894043,27.35265350341797,28.109521865844727,6287280,27.5367608388265,4314956.466666667,17.62938074025481,58.24100249772914,False,False
2004-12-21 20:00:00,28.16700553894043,28.35382843017578,27.927490234375,28.12389373779297,3406880,27.55831724802653,4296356.433333334,17.819380729793075,58.3755174235357,False,True
2004-12-22 20:00:00,28.16700553894043,28.253231048583984,27.48678207397461,27.802942276000977,3394772,27.576999473571778,4272641.866666666,17.060195993897,54.17834465645783,False,True
2004-12-23 20:00:00,27.922700881958008,28.071199417114254,27.79336166381836,27.88437843322754,2371038,27.596639760335286,4206731.0,16.35523873913636,55.0612411148631,False,True
2004-12-27 20:00:00,27.88916778564453,27.96581268310547,27.563426971435547,27.563426971435547,2572069,27.612926801045734,4171757.6,15.227335087454241,50.898753836994835,True,True
2004-12-28 20:00:00,27.664024353027344,27.917909622192383,27.65923309326172,27.84605407714844,2402977,27.616439692179362,4117780.533333333,14.179995982320845,54.18340228937173,False,True
2004-12-29 20:00:00,28.16700553894043,28.176586151123047,27.95144271850586,27.999345779418945,4088882,27.647097714742024,4117467.4,13.737564006811644,55.906311258594656,False,True
2004-12-30 20:00:00,27.999345779418945,28.013715744018555,27.802942276000977,27.96102333068848,1693837,27.67025089263916,4056552.7333333334,12.98652486247029,55.34597998024986,False,True
2004-12-31 20:00:00,28.066408157348636,28.066408157348636,27.903539657592773,27.95623207092285,1350018,27.687016932169595,3974324.2,12.40370838135191,55.271392560506364,False,True
2005-01-03 20:00:00,27.95623207092285,27.95623207092285,27.026912689208984,27.089187622070312,3756753,27.67504119873047,4017752.1666666665,12.88737644052905,43.77457230735831,True,True
2005-01-04 20:00:00,27.089187622070312,27.175411224365234,26.76823616027832,26.787397384643555,4629348,27.63496233622233,4049232.4,13.728074177926667,40.60835147468851,True,False
2005-01-05 20:00:00,25.95388412475586,26.959848403930664,25.949094772338867,26.638898849487305,5355607,27.57364641825358,4089939.6333333333,15.519684135883448,39.10935167970823,True,False
2005-01-06 20:00:00,26.638898849487305,27.367023468017575,26.59099578857422,27.146669387817383,3806228,27.522390111287436,4072432.066666667,16.277363071942908,46.39578754228088,True,True
2005-01-07 20:00:00,27.146669387817383,27.146669387817383,26.62931632995605,26.705961227416992,7627486,27.456443532307944,4169350.0,16.98092208399812,41.72848993840948,True,False
2005-01-10 20:00:00,26.830509185791016,26.9790096282959,26.562253952026367,26.705961227416992,5581062,27.383630816141764,4301116.1,17.724742397698208,41.72848993840948,True,False
2005-01-11 20:00:00,26.51435089111328,26.80655860900879,26.361059188842773,26.68680191040039,3491425,27.31465040842692,4334141.1,18.687768282574286,41.51790820065628,True,True
2005-01-12 20:00:00,26.744285583496094,27.184993743896484,26.509559631347656,27.146669387817383,3501237,27.25812473297119,4335358.833333333,18.680953280373643,48.266281364262646,True,True
2005-01-13 20:00:00,27.184993743896484,27.55384635925293,26.998170852661133,27.295169830322266,3324422,27.22842483520508,4288834.333333333,17.89812571165796,50.26219851777729,False,True
2005-01-14 20:00:00,27.544265747070312,27.90832901000977,27.271217346191406,27.84605407714844,4094101,27.254132779439292,4207426.9,16.734891313952126,56.90449262051368,False,True
2005-01-18 20:00:00,27.927490234375,28.15742492675781,27.82689476013184,27.95623207092285,5301122,27.2798407236735,4207649.6,16.087217904991423,58.10943673969798,False,False
2005-01-19 20:00:00,27.95623207092285,28.075990676879883,27.77899169921875,27.927490234375,3102098,27.30842291514079,4197733.766666667,15.389026741490179,57.65655176539718,False,True
2005-01-20 20:00:00,27.927490234375,27.927490234375,27.40534782409668,27.544265747070312,4085333,27.344190533955892,4183656.7333333334,14.564895265379784,51.85366466654732,False,True
2005-01-21 20:00:00,27.68797492980957,28.013715744018555,27.587379455566406,27.60654067993164,3397694,27.390177536010743,4094817.6,13.627476477159473,52.68700159414061,False,True
2005-01-24 20:00:00,27.735877990722656,28.013715744018555,27.640071868896484,27.68797492980957,4023750,27.428979047139485,4087706.0,12.757016173812039,53.812792185527925,False,True
2005-01-25 20:00:00,27.56821632385254,27.664024353027344,27.175411224365234,27.280799865722656,5942834,27.455325762430828,4115957.5,12.840492337332492,47.701064814264676,True,False
2005-01-26 20:00:00,27.42450714111328,27.697555541992188,27.32391166687012,27.640071868896484,6331327,27.472890218098957,4177909.0,12.838679611730653,52.79542262914227,False,False
2005-01-27 20:00:00,27.56821632385254,27.903539657592773,27.529895782470703,27.668813705444336,4791133,27.49284985860189,4220787.233333333,12.348804306562574,53.18827292655892,False,False
2005-01-28 20:00:00,27.673603057861328,27.673603057861328,27.362234115600582,27.549055099487305,2844285,27.493009503682455,4152037.2666666666,12.232572936381066,51.27351887756083,False,True
2005-01-31 20:00:00,27.549055099487305,28.190956115722656,27.46762084960937,27.96581268310547,5804638,27.512649790445963,4169711.8333333335,11.728061984841748,57.065944712425065,False,False
2005-02-01 20:00:00,28.109521865844727,28.4831657409668,27.98018455505371,28.454423904418945,7064892,27.552569007873537,4180817.6,11.803441167876562,62.66905336718298,False,False
2005-02-02 20:00:00,28.43047332763672,28.88555145263672,28.43047332763672,28.852020263671875,4515577,27.577318954467774,4121760.8333333335,12.536276935116302,66.50023339548052,False,False
2005-02-03 20:00:00,28.574182510375977,29.158599853515625,28.55023002624512,29.010099411010746,4513489,27.606859143575033,4158647.8,13.618387147821295,67.91032008014527,False,False
2005-02-04 20:00:00,29.12985610961914,29.22087287902832,28.574182510375977,28.71310043334961,5425957,27.637197748819986,4226353.966666667,14.713135467740472,62.58055017459081,False,False
2005-02-07 20:00:00,28.78016471862793,28.837648391723636,28.39215087890625,28.76579475402832,3655298,27.66657829284668,4269162.633333334,15.251111099897006,63.13339013227499,False,True
2005-02-08 20:00:00,28.76579475402832,29.091535568237305,28.55981063842773,29.014890670776367,2653066,27.71496041615804,4271862.533333333,16.15274478976008,65.71225415581016,False,True
2005-02-09 20:00:00,29.077163696289062,29.584936141967773,28.842439651489254,29.359792709350582,5434516,27.765418370564777,4372913.833333333,17.667857347483157,68.95086376084986,False,False
2005-02-10 20:00:00,29.604097366333008,30.399288177490234,29.53224372863769,30.356176376342773,5364792,27.84397939046224,4415444.166666667,19.922773130455855,76.00264163703946,False,False
2005-02-11 20:00:00,30.5382080078125,31.386091232299805,30.31306266784668,31.19927024841309,7818288,27.95192095438639,4619592.533333333,22.73565942520243,80.11749385628215,False,False
2005-02-14 20:00:00,31.37651252746582,31.72620391845703,31.127416610717773,31.16573715209961,6914379,28.058904457092286,4805071.233333333,25.546919001990705,79.53334642855839,False,False
2005-02-15 20:00:00,31.25675392150879,31.37651252746582,30.849578857421875,31.13699531555176,3560941,28.193831380208334,4798544.166666667,27.49878140698524,79.00165842260392,False,True
2005-02-16 20:00:00,31.18968963623047,31.97529983520508,31.18968963623047,31.903444290161133,5349761,28.36436627705892,4822557.933333334,29.703809474018605,82.3836789515058,False,False
2005-02-17 20:00:00,32.09505844116211,32.200443267822266,31.52022171020508,31.57291412353516,4763995,28.528833452860518,4802837.533333333,31.885429740612576,76.65021410498288,False,True
2005-02-18 20:00:00,31.625606536865234,33.11539459228516,31.625606536865234,32.51181411743164,5815076,28.70767161051432,4869799.133333334,34.37924727202572,80.74874284137572,False,False
2005-02-22 20:00:00,32.90940856933594,33.62795639038086,32.59804153442383,32.59804153442383,6443219,28.904074287414552,4830323.566666666,36.909426594111245,81.07724644558918,False,False
2005-02-23 20:00:00,32.60282897949219,32.93815231323242,32.4782829284668,32.837554931640625,6938595,29.108460744222004,4875574.666666667,38.988997969770914,81.99624183306054,False,False
2005-02-24 20:00:00,33.17287826538086,33.50819778442383,32.81839370727539,33.498619079589844,4877349,29.33552131652832,4921772.133333334,41.16850606089792,84.26731132853409,False,True
2005-02-25 20:00:00,33.52735900878906,34.403987884521484,33.48424530029297,34.183631896972656,6010888,29.570086733500162,5005427.166666667,43.514042900728604,86.2086989994681,False,False
2005-02-28 20:00:00,34.29859924316406,34.552486419677734,32.66989517211914,33.6614875793457,8299677,29.782297325134277,5171269.0,44.122041963722275,78.27942397476133,False,False
2005-03-01 20:00:00,33.66627883911133,33.742923736572266,32.92856979370117,33.20161819458008,6350950,29.960816129048666,5246497.3,44.6866125222164,71.99835464106825,False,False
2005-03-02 20:00:00,33.50819778442383,34.111778259277344,33.22077941894531,33.98243713378906,5503405,30.161689631144206,5253240.066666666,45.424088522694596,75.58107586218964,False,False
2005-03-03 20:00:00,34.53811264038086,35.83628845214844,34.370452880859375,34.97403335571289,7576550,30.396574401855467,5402388.466666667,46.87550622619191,79.21765628453844,False,False
2005-03-04 20:00:00,35.093788146972656,35.611141204833984,34.648292541503906,35.28061294555664,5237869,30.654452641805012,5440806.333333333,48.223251236582264,80.1994860467856,False,True
2005-03-07 20:00:00,34.945289611816406,35.07941818237305,34.49979019165039,34.91175842285156,3931689,30.897959899902343,5458606.166666667,49.19922701932288,75.57346542742941,False,True
2005-03-08 20:00:00,35.68778610229492,35.874610900878906,35.01714324951172,35.11774063110352,4915342,31.145618756612144,5488325.9,50.427594591438144,76.39239615706983,False,True
2005-03-09 20:00:00,35.58719253540039,35.783592224121094,33.953697204589844,34.01118087768555,7607863,31.36996479034424,5543826.866666666,49.837773908162106,63.98230344781353,False,False
2005-03-10 20:00:00,34.01597213745117,34.01597213745117,33.05790710449219,33.77645492553711,6826702,31.57451089223226,5560339.366666666,48.10534210316321,61.69285593684077,False,False
2005-03-11 20:00:00,33.77645492553711,34.65787124633789,33.58005142211914,34.15488815307617,5388172,31.79071337381999,5580240.666666667,46.93568093268874,63.933571806771724,False,True
2005-03-14 20:00:00,34.56206512451172,34.77762985229492,33.6614875793457,34.68182373046875,5829063,32.02847232818604,5679733.266666667,45.929169711167624,66.84193806350339,False,False
2005-03-15 20:00:00,34.490211486816406,34.92133712768555,33.84830856323242,33.85789108276367,4764830,32.22487494150798,5645073.0,45.093651422999564,58.85066111721892,False,True
2005-03-16 20:00:00,33.8626823425293,34.58122634887695,33.44113540649414,34.01118087768555,4367778,32.4101001739502,5555169.2,43.74924670701262,59.813283349577326,False,True
2005-03-17 20:00:00,34.25548553466797,34.91654968261719,34.231536865234375,34.85427474975586,5106562,32.61017532348633,5574868.7,42.76399884838991,64.7039345936034,False,True
2005-03-18 20:00:00,34.85427474975586,35.49138641357422,34.77762985229492,35.45785140991211,6966985,32.825100390116376,5656651.9,42.27165178108051,67.7315675638561,False,False
2005-03-21 20:00:00,35.3859977722168,35.4434814453125,34.490211486816406,34.787208557128906,5785850,33.02757066090902,5668648.333333333,41.39233897687184,61.42667771235259,False,False
2005-03-22 20:00:00,34.77762985229492,35.05067825317383,34.063873291015625,34.09261703491211,5300286,33.205131403605144,5723481.266666667,39.972737189316604,55.648839825142915,False,True
2005-03-23 20:00:00,34.09261703491211,34.09261703491211,32.703426361083984,32.9908447265625,9410670,33.337663205464686,5948734.733333333,37.16473458449285,47.945130490641276,True,False
2005-03-24 20:00:00,33.50819778442383,33.8195686340332,32.92378234863281,33.43634414672852,5297990,33.47354825337728,5944183.866666666,34.55730359429936,50.904668643204886,True,True
2005-03-28 20:00:00,33.8195686340332,33.8195686340332,32.502235412597656,33.16329574584961,4139609,33.56711889902751,5903344.433333334,32.57286608606448,49.06348073574387,True,True
2005-03-29 20:00:00,33.58963394165039,33.929744720458984,32.717796325683594,32.77049255371094,4080114,33.61949297587077,5778738.633333334,30.600292681685367,46.46008293187544,True,True
2005-03-30 20:00:00,32.8902473449707,33.292633056640625,32.09505844116211,33.292633056640625,5521358,33.690389506022136,5732304.6,29.40624235178095,50.23981668152052,True,True
2005-03-31 20:00:00,33.8195686340332,34.29859924316406,33.637535095214844,34.09261703491211,6041993,33.788910230000816,5815006.333333333,27.456573347234208,55.43130650485297,False,False
2005-04-01 20:00:00,35.328514099121094,35.38120651245117,34.7297248840332,35.275821685791016,5817790,33.901322809855145,5830607.3,26.624963086145495,61.782252056513734,False,True
2005-04-03 20:00:00,35.45306396484375,35.81233596801758,35.01714324951172,35.275821685791016,7664227,34.02475306193034,5927281.7,26.19331763010892,61.782252056513734,False,False
2005-04-04 20:00:00,35.180015563964844,35.6590461730957,34.787208557128906,35.01235580444336,5261249,34.1081044514974,5908820.8,25.521159741534607,59.589390029245195,False,True
2005-04-05 20:00:00,35.132110595703125,35.903350830078125,34.820743560791016,35.52491760253906,5129525,34.20566698710124,5865031.0,25.103828137699022,62.38642994290752,False,True
2005-04-06 20:00:00,35.73569107055664,35.874610900878906,34.5333251953125,34.97882080078125,6608136,34.27704251607259,5854015.7,24.355378913174587,57.79643319951568,False,False
2005-04-07 20:00:00,34.97882080078125,35.37162780761719,34.576438903808594,34.59559631347656,5079006,34.313608423868814,5860737.6,23.660390347544755,54.75210569157268,False,True
2005-04-10 20:00:00,34.59559631347656,35.0890007019043,34.250694274902344,34.859066009521484,6927948,34.33612289428711,5891306.266666667,22.58455683985573,56.450489023072926,False,False
2005-04-11 20:00:00,34.859066009521484,35.007564544677734,34.01118087768555,34.332130432128906,4514951,34.35847765604655,5765148.733333333,21.275522965412954,52.228146202014344,True,True
2005-04-12 20:00:00,34.332130432128906,34.68182373046875,32.76091003417969,32.851924896240234,9135949,34.34682121276855,5857982.033333333,20.817983278224826,42.59092113654949,True,False
2005-04-13 20:00:00,33.15371322631836,33.48424530029297,32.60282897949219,32.82797622680664,7579681,34.30833918253581,5927191.233333333,20.54132903501867,42.454426866190964,True,False
2005-04-14 20:00:00,32.947731018066406,32.96210479736328,31.18968963623047,31.37651252746582,8751840,34.18842182159424,5966367.566666666,21.411879238964463,35.11028278511586,True,False
2005-04-17 20:00:00,31.13699531555176,32.55013656616211,30.835206985473636,32.502235412597656,7495970,34.09580923716227,6041637.6,22.45489021651216,43.30234600460624,True,False
2005-04-18 20:00:00,32.674686431884766,33.474666595458984,32.650733947753906,33.41718292236328,7423741,34.045990053812666,6158039.333333333,22.25159975273434,48.94408330082174,True,False
2005-04-19 20:00:00,33.3884391784668,34.22674560546875,32.9333610534668,32.93815231323242,7992389,33.97333710988362,6260607.566666666,21.246365403784868,46.34396716194018,True,False
2005-04-20 20:00:00,33.25910186767578,34.1165657043457,33.00521469116211,34.1165657043457,5652247,33.97684993743896,6195420.366666666,20.312933508331785,52.9637577907412,False,True
2005-04-21 20:00:00,34.14530944824219,34.74409866333008,33.72376251220703,34.236324310302734,4394917,33.99217891693115,6114360.866666666,18.931943225272214,53.590410850727366,False,True
2005-04-24 20:00:00,35.0890007019043,35.558448791503906,34.75367736816406,35.156063079833984,5775413,34.02555141448975,6127268.9,18.39781754594324,58.19666524489674,False,True
2005-04-25 20:00:00,35.23270797729492,35.496177673339844,34.45188903808594,34.45188903808594,5441196,34.01788692474365,6114340.0,17.57935308542724,53.7943882047468,False,True
2005-04-26 20:00:00,33.98722839355469,34.12614822387695,33.182456970214844,33.31179428100586,7117289,33.999683698018394,6192755.3,17.01237183836924,47.52599656440017,True,False
2005-04-27 20:00:00,33.07228088378906,33.07707214355469,32.14775085449219,32.238765716552734,10148201,33.940603192647295,6385436.066666666,17.259080500127542,42.50578304086537,True,False
2005-04-28 20:00:00,33.340538024902344,33.426761627197266,32.48307037353516,33.05311965942383,8886695,33.88056468963623,6511440.5,17.12866639877523,47.074967529053815,True,False
2005-05-01 20:00:00,33.06269836425781,33.57526016235352,32.78486251831055,33.53215026855469,4374667,33.81637465159098,6425029.9,16.852981693836814,49.6117239872696,True,True
2005-05-02 20:00:00,33.58005142211914,33.65669631958008,32.717796325683594,32.7321662902832,6271623,33.74787324269612,6441222.333333333,16.50838590721218,45.674466374756115,True,True
2005-05-03 20:00:00,32.98126220703125,33.11539459228516,32.33936309814453,33.00042724609375,5503405,33.71146691640218,6447992.966666667,16.514888217200095,47.18803698004461,True,True
2005-05-04 20:00:00,33.292633056640625,33.718971252441406,33.09623336791992,33.54172897338867,3415230,33.72982972462972,6248144.966666667,15.838555942117381,50.20291164794797,True,True
2005-05-05 20:00:00,34.01118087768555,34.22674560546875,33.68544006347656,33.74771499633789,4332290,33.74020875295003,6215954.966666667,14.732277165037555,51.341274473300004,False,True
2005-05-08 20:00:00,34.06866455078125,34.08303451538086,33.73813247680664,33.867469787597656,5320953,33.7636812210083,6255333.1,13.705018300606286,52.02787719450487,False,True
2005-05-09 20:00:00,33.53694152832031,33.915374755859375,32.95252227783203,33.03874969482422,4444600,33.77262312571208,6267482.633333334,13.49174501290671,47.07729840357396,True,True
2005-05-10 20:00:00,33.04353713989258,33.8195686340332,33.03874969482422,33.75250244140625,7057168,33.78795210520426,6318676.3,13.29370553147139,51.369255717437234,True,False
2005-05-11 20:00:00,33.75250244140625,33.757293701171875,32.368106842041016,32.43037796020508,6533402,33.732544136047366,6335056.6,13.737710989288612,44.21602372103856,True,False
2005-05-12 20:00:00,32.52618408203125,32.703426361083984,31.37651252746582,31.73578453063965,6323603,33.614542897542314,6351917.033333333,14.929207361795918,40.98688324044217,True,True
2005-05-15 20:00:00,31.6447696685791,31.6447696685791,30.68191719055176,31.568124771118164,8235171,33.490953000386554,6370948.5,16.496604590947847,40.223280301398425,True,False
2005-05-16 20:00:00,31.3286075592041,32.23397445678711,31.304656982421875,32.1190071105957,3800383,33.394508043924965,6322252.966666667,17.188335822661617,43.92023058428926,True,True
2005-05-17 20:00:00,32.372894287109375,32.76570129394531,31.8842830657959,32.09505844116211,4823073,33.2801794052124,6312037.9,17.19469438945044,43.79342811906014,True,True
2005-05-18 20:00:00,32.214813232421875,32.63157272338867,32.03278350830078,32.63157272338867,4913255,33.20193780263265,6255541.866666666,17.200598772897205,47.45351454630736,True,True
2005-05-19 20:00:00,32.55013656616211,32.92856979370117,32.28187942504883,32.5932502746582,4532904,33.13519293467204,6237338.466666667,16.83991796508669,47.216999228139265,True,True
2005-05-22 20:00:00,32.4782829284668,33.37406921386719,32.4782829284668,33.36927795410156,4865241,33.08553333282471,6168581.566666666,15.976661339262918,52.39166739573958,False,True
2005-05-23 20:00:00,33.48424530029297,33.65669631958008,33.14892578125,33.594425201416016,5057296,33.06094315846761,6186659.733333333,14.85244593032765,53.80662123210814,False,True
2005-05-24 20:00:00,33.62795639038086,34.36087417602539,33.41718292236328,34.245906829833984,5515095,33.10740922292074,6065964.6,14.517018802276796,57.722166413417085,False,True
2005-05-25 20:00:00,34.79679107666016,35.06983947753906,34.53811264038086,34.820743560791016,4863571,33.173834800720215,5975427.6,14.854140023496896,60.873608478738305,False,True
2005-05-26 20:00:00,34.91654968261719,35.37641906738281,34.830322265625,35.21833801269531,3363876,33.30189565022786,5795828.8,15.426494874328421,62.931767688881656,False,True
2005-05-30 20:00:00,35.16085433959961,35.24229049682617,34.75367736816406,35.021934509277344,4461509,33.385885620117186,5694680.1,15.853025684567825,61.21865261902914,False,True
2005-05-31 20:00:00,35.35725784301758,36.09496307373047,35.275821685791016,35.83628845214844,5333061,33.466522471110025,5624990.766666667,16.95262343745819,65.42173980714414,False,True
2005-06-01 20:00:00,35.783592224121094,36.06622314453125,35.56803131103516,35.793174743652344,4796352,33.561689885457355,5518456.2,17.97367849371353,65.01996831333268,False,True
2005-06-02 20:00:00,35.8171272277832,36.233882904052734,35.769222259521484,36.12849426269531,3727736,33.628754170735675,5454305.833333333,19.058234102180307,66.73125055468418,False,True
2005-06-05 20:00:00,36.40633392333984,36.47818756103516,35.917724609375,36.10454559326172,4095562,33.69102821350098,5444327.333333333,20.264773554707187,66.4810968957315,False,True
2005-06-06 20:00:00,35.927303314208984,36.25304412841797,35.42911148071289,35.49138641357422,5052286,33.702205657958984,5420223.1,20.58351834744764,60.25329322325583,False,True
2005-06-07 20:00:00,35.34288787841797,36.037479400634766,34.873435974121094,35.304561614990234,5810901,33.73062807718913,5432546.6,20.061480755015058,58.45643009076662,False,False
2005-06-08 20:00:00,35.39558029174805,36.2722053527832,35.38120651245117,36.171607971191406,5990013,33.82595520019531,5394970.733333333,19.82510065703192,63.845232507841764,False,False
2005-06-09 20:00:00,36.28657531738281,36.44944763183594,35.951255798339844,36.41112518310547,3672625,33.965033849080406,5179118.2,19.79335627616507,65.18858271186356,False,True
2005-06-12 20:00:00,36.26262664794922,36.46381759643555,36.02310943603516,36.320106506347656,4127084,34.07393341064453,5020464.5,19.779711024444282,64.21220085392895,False,True
2005-06-13 20:00:00,36.40633392333984,36.76560592651367,36.195560455322266,36.75602722167969,4017070,34.1813959757487,5008544.6,20.1032148849825,66.77861955077896,False,True
2005-06-14 20:00:00,36.71770477294922,37.52726745605469,36.353641510009766,37.52726745605469,6028632,34.34123268127441,5000444.9,21.145753222147967,70.7721438737332,False,False
2005-06-15 20:00:00,37.58953857421875,37.900909423828125,37.38834762573242,37.900909423828125,2840945,34.50458208719889,4911696.233333333,22.429206197634507,72.49706169727139,False,True
2005-06-16 20:00:00,38.46616744995117,38.633827209472656,38.06378173828125,38.38473129272461,5728443,34.666015497843425,4988803.333333333,24.164526327373636,74.58837194868421,False,False
2005-06-19 20:00:00,38.57155227661133,38.74400329589844,38.15958786010742,38.648197174072266,4980474,34.8293649037679,5010409.466666667,25.851363944046494,75.6731689636884,False,True
2005-06-20 20:00:00,38.648197174072266,38.648197174072266,37.61349105834961,37.61349105834961,4098693,34.95423227945964,4969667.466666667,26.40725690915914,64.10002157042022,False,True
2005-06-21 20:00:00,38.07815170288086,38.29371643066406,37.273380279541016,37.776363372802734,5527621,35.11215273539225,5005768.166666667,26.347568469021663,65.00722133313552,False,False
2005-06-22 20:00:00,38.01108551025391,38.79669570922852,37.65181350708008,37.8961181640625,3941918,35.25027325948079,4901926.5,26.758180472836536,65.69367813371437,False,True
2005-06-23 20:00:00,38.08293914794922,38.27934265136719,37.603912353515625,37.82426452636719,3745271,35.43006947835286,4808988.8,27.055388342929454,64.87138157194303,False,True
2005-06-26 20:00:00,37.872169494628906,38.624244689941406,37.82426452636719,38.48053741455078,3960289,35.65489457448324,4730211.666666667,27.6502652510163,68.72226662967503,False,True
2005-06-27 20:00:00,38.41826248168945,38.41826248168945,37.43624877929688,37.82905578613281,4711806,35.86359227498372,4612766.166666667,27.500453861710607,61.513331341128904,False,False
2005-06-28 20:00:00,37.62307357788086,37.82426452636719,37.05302429199219,37.20631408691406,5873110,36.033169174194335,4681857.066666666,26.718362496581687,55.518190227154165,False,False
2005-06-29 20:00:00,37.484153747558594,37.50810623168945,36.78955841064453,36.85183334350586,6943605,36.191728337605795,4752541.466666667,25.57249070639218,52.38826772366547,False,False
2005-06-30 20:00:00,37.124881744384766,38.20748901367188,37.11050796508789,38.15958786010742,3827938,36.37599550882975,4716364.233333333,25.312071912944,61.10101009117427,False,True
2005-07-04 20:00:00,38.75358581542969,39.29010009765625,38.4517936706543,39.270938873291016,4156936,36.59858512878418,4703831.966666667,26.03797026292502,66.68110057731076,False,True
2005-07-05 20:00:00,39.35237121582031,39.50566482543945,38.178749084472656,38.351200103759766,4668594,36.76464920043945,4697277.066666666,26.276459570912973,59.12231114537631,False,True
2005-07-06 20:00:00,38.317665100097656,39.1799201965332,37.59912109375,39.1799201965332,5303209,36.95083236694336,4705474.166666667,25.6357105721329,63.17312607060159,False,False
2005-07-07 20:00:00,39.1799201965332,39.38590621948242,38.49490737915039,38.80148696899414,4786749,37.1026850382487,4681195.966666667,25.24436955845625,60.23757510346554,False,False
2005-07-10 20:00:00,37.84342575073242,39.01226043701172,37.84342575073242,38.91166687011719,3587244,37.23904914855957,4638651.733333333,23.97906085099263,60.808588065341084,False,True
2005-07-11 20:00:00,39.141597747802734,39.577518463134766,38.83501815795898,39.43380737304688,3187896,37.37956479390462,4632785.733333333,23.39470084346983,63.48477688358919,False,True
2005-07-12 20:00:00,39.34758377075195,39.63978958129883,38.89729309082031,39.09369659423828,3053875,37.51529019673665,4585864.6,22.91521067425643,60.58280681757016,False,True
2005-07-13 20:00:00,38.80148696899414,39.237403869628906,37.73324966430664,38.044620513916016,5811736,37.58890126546224,4601820.433333334,21.54073384892234,52.59641286912136,False,False
2005-07-14 20:00:00,38.29371643066406,38.46137619018555,37.67097473144531,37.74761962890625,5554967,37.654049428304035,4627107.6,20.332897944228023,50.56415175845219,False,False
2005-07-17 20:00:00,37.603912353515625,38.035037994384766,37.26858901977539,37.84342575073242,6022370,37.71121381123861,4703595.4,19.65245751716007,51.218930988132364,False,False
2005-07-18 20:00:00,37.84342575073242,38.52365112304688,37.70450592041016,38.52365112304688,4975464,37.79185066223145,4732925.466666667,18.402713900593852,55.704867841602834,False,False
2005-07-19 20:00:00,38.52365112304688,38.68172836303711,37.88653945922852,38.61945724487305,3605406,37.89611968994141,4684696.133333334,17.127451917757007,56.31421820101183,False,True
2005-07-20 20:00:00,38.61945724487305,38.80148696899414,37.85300827026367,38.499698638916016,3717507,38.0026242574056,4614916.333333333,16.093503758357926,55.29031641630818,False,True
2005-07-21 20:00:00,38.32245635986328,39.711647033691406,38.32245635986328,39.711647033691406,6161818,38.120625559488936,4620643.166666667,16.15935114256188,62.684519269351405,False,False
2005-07-24 20:00:00,39.711647033691406,40.17151641845703,39.47692108154297,39.606258392333984,4854177,38.22712999979655,4660028.233333333,16.66100737194668,61.72849305520829,False,False
2005-07-25 20:00:00,39.6541633605957,39.75954818725586,39.28530883789063,39.49129104614258,3828773,38.33283615112305,4650084.533333333,16.8428845006334,60.641947288772776,False,True
2005-07-26 20:00:00,39.73080825805664,39.91283798217773,39.41464614868164,39.90804672241211,4801989,38.43790346781413,4676248.5,17.167878137436805,63.17255942757094,False,False
2005-07-27 20:00:00,40.02301788330078,40.19546890258789,39.31884002685547,39.77391815185547,4765039,38.51279182434082,4634128.733333333,17.75586725456596,61.795436080616575,False,False
2005-07-28 20:00:00,40.056549072265625,40.061336517333984,39.36195373535156,39.41464614868164,3580564,38.56324971516927,4658782.7,18.30185714904303,58.13946966937033,False,True
2005-07-31 20:00:00,39.72122573852539,39.96553039550781,39.591888427734375,39.68290328979492,3037592,38.60652211507161,4569087.666666667,18.808847765343167,60.04045568715654,False,True
2005-08-01 20:00:00,39.68769454956055,40.09966278076172,39.5966796875,39.96553039550781,4216640,38.6504332224528,4543626.533333333,19.435904310823883,61.998498380542024,False,True
2005-08-02 20:00:00,39.96553039550781,40.02301788330078,39.56793594360352,39.90325927734375,4546890,38.726758829752605,4558566.433333334,19.956902902821877,61.285940704208166,False,True
2005-08-03 20:00:00,39.66374206542969,40.11882019042969,39.52961349487305,39.68290328979492,3972397,38.79031016031901,4506725.633333334,20.564002132111018,58.71432652977582,False,True
2005-08-04 20:00:00,39.80745315551758,39.80745315551758,38.78711700439453,38.97872924804688,4262357,38.82639719645182,4517406.933333334,19.619826667328436,51.30551056312479,False,True
2005-08-07 20:00:00,39.63978958129883,39.78350067138672,39.32842254638672,39.42901611328125,4570062,38.879888916015624,4544899.966666667,18.743092307173185,55.19856600950612,False,False
2005-08-08 20:00:00,39.50566482543945,39.64458084106445,38.85897064208984,39.07453536987305,4326654,38.8996888478597,4557112.133333334,17.704241234372365,51.69471999171736,False,True
2005-08-09 20:00:00,39.20387268066406,39.543983459472656,39.09369659423828,39.34279251098633,5127437,38.950146738688154,4570966.5,16.739593809628744,54.070739474035726,False,False
2005-08-10 20:00:00,39.7547607421875,40.070919036865234,39.405067443847656,40.070919036865234,5497977,39.04563357035319,4558462.066666666,16.158008528899394,59.84428972224117,False,False
2005-08-11 20:00:00,40.363128662109375,40.363128662109375,39.64937210083008,40.08528900146485,4497206,39.15341542561849,4476915.433333334,16.064076847648693,59.95128770305643,False,False
2005-08-14 20:00:00,39.90325927734375,40.04217529296875,39.443389892578125,39.55356597900391,2663712,39.199881362915036,4438107.9,15.57232848991896,54.19668383004834,False,True
2005-08-15 20:00:00,39.472129821777344,39.54877471923828,38.66256713867188,38.66256713867188,3645487,39.1796023050944,4421059.6,15.111208214083273,46.19489227423558,True,True
2005-08-16 20:00:00,38.70568084716797,38.96435928344727,37.62307357788086,37.70929718017578,7066979,39.15820554097493,4501005.766666667,15.940558175001806,39.4789947967977,True,False
2005-08-17 20:00:00,37.55600738525391,37.91527938842773,37.153621673583984,37.78115081787109,5107814,39.11157989501953,4494492.6,17.16133984967603,40.184887285853165,True,False
2005-08-18 20:00:00,38.169166564941406,38.20269775390625,37.84342575073242,37.9536018371582,4459004,39.083317057291666,4483567.766666667,17.784454809088004,41.93532286792602,True,True
2005-08-21 20:00:00,38.46137619018555,38.50927734375,37.74761962890625,38.1116828918457,4119986,39.056650924682614,4501325.833333333,17.84043032276345,43.565659927980676,True,True
2005-08-22 20:00:00,38.20748901367188,38.34640884399414,37.66139221191406,38.13084411621094,3296448,39.013218816121416,4504944.233333333,17.993036697018372,43.771745743004466,True,True
2005-08-23 20:00:00,38.22665023803711,38.48053741455078,37.900909423828125,38.10210418701172,4275300,38.98016573588053,4545658.4,17.893374464357315,43.515066105119864,True,True
2005-08-24 20:00:00,38.1547966003418,38.351200103759766,37.92965316772461,38.28892517089844,2842406,38.98830922444662,4446680.733333333,17.80083096260062,45.742387427401425,True,True
2005-08-25 20:00:00,38.13084411621094,38.34640884399414,37.445831298828125,37.445831298828125,4324775,38.978249613444014,4405674.333333333,18.342838964228783,38.38609273000172,True,True
2005-08-28 20:00:00,38.44221496582031,38.5667610168457,37.872169494628906,38.24102020263672,5854948,38.99150276184082,4400093.6,18.405855663791247,47.03751837003589,True,False
2005-08-29 20:00:00,38.633827209472656,39.02184295654297,38.50927734375,38.72005081176758,6096686,38.99804941813151,4437467.666666667,17.6250487449259,51.459256231667396,True,False
2005-08-30 20:00:00,38.94519805908203,39.860145568847656,38.85897064208984,39.77391815185547,6963019,39.03653144836426,4549388.1,17.087691378595224,59.475173007630374,False,False
2005-08-31 20:00:00,40.1092414855957,40.684078216552734,39.76913070678711,40.621803283691406,6349906,39.10726826985677,4637134.733333333,17.536241226593074,64.54772635576282,False,False
2005-09-01 20:00:00,40.621803283691406,40.8804817199707,39.92721176147461,40.41582107543945,6296256,39.13074073791504,4641616.0,18.152530556440134,62.500954315495584,False,False
2005-09-05 20:00:00,40.41582107543945,40.71760940551758,39.85535430908203,40.2912712097168,5452469,39.153574498494464,4661559.066666666,18.59704402809511,61.23651716896371,False,False
2005-09-06 20:00:00,40.24337005615234,40.71760940551758,39.8936767578125,40.190677642822266,4149630,39.176887385050456,4672254.3,19.009806537489016,60.17761174463697,False,True
2005-09-07 20:00:00,40.71760940551758,40.71760940551758,40.21462631225586,40.6074333190918,4685086,39.20020027160645,4668357.533333333,19.393086010497644,63.029899400393475,False,False
2005-09-08 20:00:00,40.966705322265625,41.65171813964844,40.96191787719727,41.64693069458008,5490880,39.2626340230306,4692552.233333333,20.75967773716265,68.99507533824958,False,False
2005-09-11 20:00:00,41.440948486328125,41.44573593139648,40.47809600830078,40.7655143737793,4531233,39.30766296386719,4724241.2,21.093582494016484,60.13491287771031,False,True
2005-09-12 20:00:00,40.28648376464844,40.94275665283203,40.25774002075195,40.30564498901367,3979494,39.32842102050781,4755637.933333334,21.006738803471894,56.08793234191101,False,True
2005-09-13 20:00:00,40.50204849243164,41.148738861083984,40.391868591308594,41.139156341552734,5137249,39.36754188537598,4786324.9,21.17041734505248,61.18650782911814,False,False
2005-09-14 20:00:00,41.24454498291016,41.44573593139648,40.636173248291016,41.23975372314453,5640766,39.412091700236004,4822787.433333334,21.663002552843267,61.763543217962166,False,False
2005-09-15 20:00:00,41.31639862060547,41.50321960449219,41.05293273925781,41.46010971069336,5995023,39.47133191426595,4890208.3,22.186131465080177,63.05908158844134,False,False
2005-09-18 20:00:00,42.054107666015625,42.74869918823242,42.00620269775391,42.53792572021485,4455038,39.58997179667155,4896631.0,23.8378982267467,68.65362252402507,False,True
2005-09-19 20:00:00,42.45170211791992,42.628944396972656,41.5367546081543,41.69004440307617,5128899,39.66533940633138,4915258.9,24.485848787592367,60.84687451079178,False,False
2005-09-20 20:00:00,42.23613739013672,42.60978317260742,41.77147674560547,42.33673477172852,5196535,39.77407938639323,4944254.933333334,25.087517165520488,64.19143906034293,False,False
2005-09-21 20:00:00,42.52834701538086,43.0169563293457,40.89964294433594,41.896026611328125,5640974,39.85918718973796,4961372.833333333,24.17207209537562,60.40455328652688,False,False
2005-09-22 20:00:00,41.87686538696289,41.88165664672852,40.95712661743164,41.1631088256836,4647927,39.8955935160319,4933037.833333333,23.32201595881252,54.63232343722398,False,True
2005-09-25 20:00:00,40.83257675170898,41.88644409179688,40.83257675170898,41.848121643066406,5277115,39.95435460408529,4959034.8,22.33153802544249,58.6130762161327,False,False
2005-09-26 20:00:00,41.74273681640625,41.86728286743164,41.40262222290039,41.723575592041016,3837124,40.02668825785319,4998148.533333333,21.41180851588461,57.623085491189606,False,True
2005-09-27 20:00:00,41.77147674560547,42.01099395751953,41.40262222290039,41.67087936401367,5790652,40.12696533203125,5069654.033333333,20.767799387083716,57.18299924897019,False,False
2005-09-28 20:00:00,41.69962310791016,41.98704147338867,41.42657470703125,41.6181869506836,6216929,40.25726165771484,5041319.033333333,20.16979091034003,56.71655007090971,False,False
2005-09-29 20:00:00,41.66609191894531,41.80979919433594,40.8804817199707,40.9235954284668,6402512,40.362009811401364,5084475.633333334,18.84879819691431,50.83045259110995,False,False
2005-10-02 20:00:00,41.30202865600586,41.603816986083984,40.645755767822266,40.90922164916992,6284566,40.46053047180176,5145327.7,18.00687615111281,50.71316163988174,False,False
2005-10-03 20:00:00,40.83736801147461,40.84215927124024,38.92124557495117,39.00268173217773,9723594,40.49023043314616,5332114.633333334,19.232296919003254,38.14138612633235,True,False
2005-10-04 20:00:00,39.37632369995117,39.577518463134766,37.85779571533203,37.97755432128906,9677041,40.48512077331543,5544801.066666666,21.144628075149086,33.35359487182047,True,False
2005-10-05 20:00:00,37.21589660644531,37.484153747558594,36.075801849365234,36.70812225341797,11774193,40.4386547088623,5794764.166666667,23.81440981993183,28.57084072089579,True,False
2005-10-06 20:00:00,37.31170272827149,37.412296295166016,36.92368698120117,37.1679916381836,6337381,40.40129025777181,5911263.333333333,26.293492868658664,32.355094213637344,True,False
2005-10-09 20:00:00,37.603912353515625,37.608699798583984,36.40633392333984,36.87099456787109,9054743,40.38212903340658,6068928.933333334,28.81000403670203,31.205260993141543,True,False
2005-10-10 20:00:00,37.01470184326172,37.96318435668945,36.952430725097656,37.78594207763672,11637667,40.366959762573245,6261686.233333333,30.561642238879358,38.46084551525068,True,False
2005-10-11 20:00:00,37.94402313232422,37.98713684082031,36.75602722167969,36.86141204833984,8517826,40.305005137125654,6342390.9,32.28606909804133,34.50116240143485,True,False
2005-10-12 20:00:00,36.502140045166016,36.50693130493164,34.90696716308594,35.917724609375,10634391,40.176465352376304,6464769.966666667,34.62973044325198,30.99359958190206,True,False
2005-10-13 20:00:00,35.06504821777344,35.51533889770508,33.77645492553711,34.83990478515625,28266872,39.98373540242513,7195335.5,37.133207490112966,27.548707406174966,True,False
2005-10-16 20:00:00,35.25666046142578,36.22430038452149,35.25666046142578,36.037479400634766,12640734,39.83779067993164,7406818.1,38.471006709566446,36.05346137605466,True,False
2005-10-17 20:00:00,36.04227066040039,36.16682052612305,34.10698699951172,34.20279312133789,11837446,39.63484141031901,7619650.666666667,40.105742007859575,30.203908431707944,True,False
2005-10-18 20:00:00,34.490211486816406,35.28061294555664,33.70939254760742,35.23270797729492,11573162,39.46957575480143,7867101.733333333,41.746019263162964,36.438317401483204,True,False
2005-10-19 20:00:00,34.92133712768555,35.19917678833008,32.957313537597656,33.5034065246582,12370397,39.232774861653645,8123278.766666667,43.48753206838364,31.371316358660657,True,False
2005-10-20 20:00:00,33.50819778442383,34.60997009277344,33.19682693481445,34.078243255615234,9118622,38.98048528035482,8244203.5,45.10465110180285,34.62562484058018,True,False
2005-10-23 20:00:00,34.078243255615234,35.304561614990234,33.867469787597656,35.261451721191406,6877012,38.79701652526855,8322396.133333334,45.63967459685815,40.843693853515575,True,True
2005-10-24 20:00:00,35.33330535888672,36.516510009765625,35.132110595703125,36.46860885620117,8301347,38.66911532084147,8466457.9,44.689620108274724,46.44086704639822,True,True
2005-10-25 20:00:00,36.40633392333984,37.55600738525391,35.927303314208984,36.2147216796875,8440169,38.504967498779294,8576555.233333332,42.774978959790374,45.466503783930904,True,True
2005-10-26 20:00:00,36.38238143920898,36.85662460327149,35.73569107055664,35.754852294921875,7543775,38.322137451171876,8639988.866666667,41.12157050818555,43.67890227624838,True,True
2005-10-27 20:00:00,35.75006103515625,37.11529922485352,35.37162780761719,36.83746337890625,8113050,38.1680492401123,8710589.766666668,39.82517371856141,48.78403638702732,True,True
2005-10-31 20:00:00,37.20631408691406,38.08293914794922,37.0434455871582,37.78594207763672,10096012,38.0096497853597,8898622.233333332,37.686445776023994,52.819028753223485,True,False
2005-11-01 20:00:00,37.78594207763672,38.20269775390625,37.68534469604492,38.097312927246094,6711052,37.8898920694987,8951360.666666666,35.59069395121361,54.09755097098737,False,True
2005-11-02 20:00:00,38.29371643066406,38.29371643066406,37.6997184753418,38.07815170288086,7102676,37.74793930053711,9014898.7,33.557037493560664,54.00057374330767,False,True
2005-11-03 20:00:00,38.20748901367188,38.89729309082031,38.20748901367188,38.7104721069336,8248114,37.641754150390625,9101803.366666667,31.223828788264786,56.75556968455729,False,True
2005-11-04 20:00:00,38.7104721069336,38.7104721069336,37.29733276367188,37.74761962890625,8532647,37.52790451049805,9231294.033333333,29.710321775987943,51.67985634991476,False,True
2005-11-07 20:00:00,37.74761962890625,37.74761962890625,36.62189865112305,36.84225082397461,8638486,37.36104214986165,9343339.733333332,28.81682187961627,47.38834198824015,True,True
2005-11-08 20:00:00,36.78955841064453,37.17278289794922,36.62189865112305,36.84225082397461,6037191,37.19833132425944,9416675.3,27.987143404414006,47.38834198824015,True,True
2005-11-09 20:00:00,36.93326950073242,37.35481643676758,35.769222259521484,36.47339630126953,9846759,37.025081888834634,9551878.866666667,27.83445200779599,45.599197459185056,True,False
2005-11-10 20:00:00,35.80754470825195,35.927303314208984,34.29380798339844,35.007564544677734,12460788,36.80472780863444,9760007.5,28.555578061299396,39.25618330647029,True,False
2005-11-11 20:00:00,35.127323150634766,35.54887008666992,34.863853454589844,35.45785140991211,6529018,36.62253634134928,9764224.366666667,29.22519511098113,41.928520216330455,True,True
2005-11-14 20:00:00,35.85544967651367,36.06622314453125,35.472225189208984,35.644676208496094,4952710,36.447051493326825,9719829.166666666,29.23478395843788,43.04802979484116,True,True
2005-11-15 20:00:00,35.45306396484375,37.019493103027344,35.45306396484375,35.98957824707031,7010406,36.34661471048991,9629389.566666666,28.22943214957706,45.150283982103915,True,True
2005-11-16 20:00:00,36.19076919555664,36.73686599731445,35.730899810791016,36.62189865112305,6865739,36.30142618815104,9535679.5,27.2958911842063,48.87614128333315,False,True
2005-11-17 20:00:00,36.76081848144531,36.83267211914063,35.98478698730469,36.28178787231445,9530495,36.287215042114255,9460889.566666666,26.32511728878571,47.02578331080951,True,False
2005-11-18 20:00:00,36.28657531738281,36.40633392333984,35.6015625,35.951255798339844,8243730,36.24665718078613,9524434.533333333,25.74180490845888,45.233538613035876,True,True
2005-11-21 20:00:00,36.02310943603516,36.70812225341797,35.97520446777344,36.62189865112305,9725890,36.2383539835612,9546806.1,24.846240541567482,49.44370160695088,False,False
2005-11-22 20:00:00,37.05302429199219,37.939231872558594,36.89973449707031,37.80510330200195,7082009,36.23899269104004,9394950.833333334,23.386263480253863,55.886946009089755,False,True
2005-11-23 20:00:00,37.80510330200195,38.46137619018555,37.484153747558594,37.89133071899414,6591853,36.27332331339518,9330751.733333332,22.483548030032743,56.32380803428118,False,True
2005-11-25 20:00:00,38.13563537597656,38.3128776550293,37.939231872558594,38.30329513549805,1591130,36.35284233093262,9029309.7,21.645312254827417,58.44137591955019,False,True
2005-11-28 20:00:00,38.20269775390625,38.20748901367188,37.07697677612305,37.40271759033203,11032069,36.438269424438474,8454816.266666668,20.2232609321461,52.45423815266944,False,False
2005-11-29 20:00:00,37.72366714477539,38.073360443115234,37.56079864501953,37.84342575073242,10338794,36.4984676361084,8378084.933333334,18.902784703942018,54.88974185006723,False,False
2005-11-30 20:00:00,37.84342575073242,38.26497268676758,37.728458404541016,37.98713684082031,7830813,36.624612426757814,8244530.5,17.6337134909711,55.68687926415814,False,True
2005-12-01 20:00:00,38.32245635986328,39.63021087646485,38.08293914794922,39.52482223510742,9267673,36.76768290201823,8167680.866666666,17.71272205357963,63.18345309823912,False,False
2005-12-02 20:00:00,39.97511291503906,39.97511291503906,38.81585693359375,39.261356353759766,6138020,36.95961456298828,7959934.966666667,18.05428146807001,61.270845245142745,False,True
2005-12-05 20:00:00,39.46733856201172,40.28648376464844,39.40027618408203,39.92242050170898,6381219,37.15442047119141,7868688.2,18.60944915309785,64.19917211456716,False,True
2005-12-06 20:00:00,39.92242050170898,40.53078842163086,39.4960823059082,40.30564498901367,6248451,37.32256024678548,7847736.166666667,19.310675948893884,65.81292775872753,False,True
2005-12-07 20:00:00,40.45414352416992,40.78946685791016,39.51045227050781,39.56793594360352,7838955,37.42587114969889,7832323.1,20.158305009979212,60.18854238074669,False,False
2005-12-08 20:00:00,39.55356597900391,40.13319396972656,39.37632369995117,39.97990417480469,6180397,37.55137723286946,7756997.366666666,20.748522688703638,62.134659731798706,False,True
2005-12-09 20:00:00,39.63978958129883,39.69248580932617,38.954776763916016,39.20387268066406,6135515,37.66634457906087,7710055.366666666,20.68757306422336,56.52893165502314,False,True
2005-12-12 20:00:00,39.66853332519531,39.96074295043945,39.06974411010742,39.58709716796875,5773534,37.75799903869629,7632071.5,20.879983716891388,58.5191658001229,False,True
2005-12-13 20:00:00,39.75954818725586,40.56911087036133,39.73080825805664,40.02780532836914,7294313,37.8327278137207,7538681.533333333,21.58444909552818,60.74494448423153,False,True
2005-12-14 20:00:00,39.85535430908203,40.59785461425781,39.85535430908203,40.54036712646485,6486014,37.914162953694664,7531180.266666667,22.26266103692607,63.2170173368404,False,True
2005-12-15 20:00:00,40.549949645996094,40.621803283691406,39.82182312011719,40.056549072265625,4756689,37.980109532674156,7452980.7,22.835556142437014,59.41361584346671,False,True
2005-12-16 20:00:00,40.10445022583008,40.20025634765625,38.72963333129883,38.72963333129883,8383179,37.980748240153,7457482.866666666,21.732947713088834,50.44891221211558,False,False
2005-12-19 20:00:00,38.72963333129883,39.37153244018555,38.686519622802734,39.088905334472656,7265296,38.025457763671874,7415237.833333333,20.652239243420716,52.53709716353422,False,True
2005-12-20 20:00:00,39.088905334472656,39.82182312011719,39.088905334472656,39.82182312011719,5101343,38.12477684020996,7297333.066666666,20.16207013710028,56.55900489121248,False,True
2005-12-21 20:00:00,40.11882019042969,40.46851348876953,39.606258392333984,39.88409805297852,5141633,38.22617174784342,7267481.133333334,20.36183376147817,56.893250547642495,False,True
2005-12-22 20:00:00,40.094871520996094,40.4062385559082,39.52003479003906,39.79787063598633,4823490,38.336987559000654,7100038.833333333,20.415222640679776,56.24790965343157,False,True
2005-12-23 20:00:00,39.726016998291016,39.80745315551758,38.633827209472656,39.50087356567383,4937262,38.48676452636719,6849254.633333334,19.230120227853938,53.97685549311683,False,True
2005-12-27 20:00:00,39.42422866821289,39.42901611328125,37.92965316772461,38.15000534057617,5656422,38.57650299072266,6820168.1,18.39056930414119,45.064351554231706,True,True
2005-12-28 20:00:00,38.43742370605469,38.8829231262207,38.13563537597656,38.60029602050781,5127437,38.67502365112305,6825992.333333333,17.610986303550785,48.13834663042096,True,True
2005-12-29 20:00:00,38.47095489501953,39.14638900756836,38.14042663574219,38.20748901367188,4549186,38.74895401000977,6743951.666666667,16.540872263212176,45.734200008818625,True,True
2005-12-30 20:00:00,37.98713684082031,38.79190826416016,37.82905578613281,38.26497268676758,4265697,38.80372314453125,6657283.6,15.92473315388503,46.15798062569565,True,True
2006-01-03 20:00:00,39.52003479003906,41.19664001464844,39.22782516479492,41.18227005004883,10714553,38.96707255045573,6696752.2,16.619508129324945,62.26408829479043,False,False
2006-01-04 20:00:00,40.81341552734375,40.97149658203125,40.45414352416992,40.693660736083984,7031699,39.1251527150472,6656351.166666667,17.264656320804864,59.07658692688537,False,False
2006-01-05 20:00:00,40.48288345336914,40.58827209472656,39.716434478759766,40.23857879638672,5759965,39.24570871988932,6524153.666666667,16.96945158443457,56.19126612399691,False,True
2006-01-06 20:00:00,40.83736801147461,42.509185791015625,40.808624267578125,42.06368637084961,9374556,39.38766148885091,6600571.9,18.050400208499234,63.82258777976237,False,False
2006-01-09 20:00:00,42.54271697998047,42.844505310058594,42.15470123291016,42.815765380859375,8397374,39.551809310913086,6660755.933333334,19.245393911805618,66.41854899023842,False,False
2006-01-10 20:00:00,42.633731842041016,44.027713775634766,42.60020065307617,43.54389190673828,8079231,39.72649586995443,6877025.966666667,20.962164221375243,68.75606450006538,False,False
2006-01-11 20:00:00,43.40018081665039,43.687599182128906,42.509185791015625,43.33790969848633,8670843,39.9243356068929,6798318.433333334,22.446997147801277,67.32828823855306,False,False
2006-01-12 20:00:00,43.4337158203125,43.711551666259766,41.96308898925781,42.068477630615234,8026208,40.06517066955566,6721232.233333333,23.17210147325172,59.17303534727052,False,False
2006-01-13 20:00:00,42.068477630615234,43.1606674194336,41.6756706237793,43.03611755371094,5941581,40.23347002665202,6658257.833333333,23.511067218860585,62.865423368077956,False,True
2006-01-17 20:00:00,43.87921142578125,44.2863883972168,43.44808578491211,44.161842346191406,5798167,40.38803736368815,6542607.633333334,24.493097651187032,66.6448527792529,False,True
2006-01-18 20:00:00,44.166629791259766,44.166629791259766,42.73912048339844,43.084022521972656,5558308,40.515459569295246,6523283.9,24.61282930822122,60.315288816459145,False,True
2006-01-19 20:00:00,43.10318374633789,43.87921142578125,42.82534408569336,43.73550415039063,6274128,40.64256235758464,6519714.2,24.724008704038678,62.62585862089715,False,True
2006-01-20 20:00:00,44.06124496459961,44.64566040039063,43.256473541259766,43.591796875,8740776,40.75210075378418,6602791.7,25.312339263706953,61.77149014940494,False,False
2006-01-23 20:00:00,43.59658432006836,44.19537353515625,43.20856857299805,43.73550415039063,6689133,40.89101969401042,6564464.3,25.800205933051593,62.325005162655955,False,False
2006-01-24 20:00:00,43.35227966308594,44.042083740234375,43.11276245117188,43.40018081665039,6653644,41.005028915405276,6580239.2,26.12976929436686,60.136974939517906,False,False
2006-01-25 20:00:00,43.687599182128906,43.7881965637207,42.04931640625,42.79660415649414,7956066,41.124786631266275,6640924.233333333,25.17625808492532,56.30525904851507,False,False
2006-01-26 20:00:00,43.11276245117188,43.20378112792969,42.058895111083984,42.935523986816406,7934147,41.2364008585612,6712944.666666667,24.29085481901532,56.98460674887325,False,False
2006-01-27 20:00:00,43.15587615966797,44.19058227539063,43.15587615966797,43.69239044189453,4971915,41.35855369567871,6635531.4,24.260070227817437,60.58055279527959,False,True
2006-01-30 20:00:00,44.0708236694336,45.47438430786133,44.046875,45.254032135009766,15754940,41.51567586263021,6944495.6,25.05316222554338,66.75577157216259,False,False
2006-01-31 20:00:00,45.254032135009766,46.94021987915039,45.1725959777832,46.80609130859375,10292242,41.74066060384114,7129014.033333333,26.51293429349496,71.52941308867533,False,False
2006-02-01 20:00:00,46.80609130859375,46.80609130859375,44.82769393920898,45.009727478027344,9173316,41.94999707539876,7155351.933333334,27.47163116419254,60.670596041610125,False,False
2006-02-02 20:00:00,44.40614700317383,44.85164642333984,43.51036071777344,44.11872863769531,8422007,42.117657852172854,7193908.966666667,27.005098881120585,56.11985701615356,False,False
2006-02-03 20:00:00,43.97501754760742,44.386985778808594,43.36185836791992,43.80735778808594,6158060,42.25050900777181,7229132.866666666,26.431844770157713,54.5791642401825,False,True
2006-02-06 20:00:00,44.33429336547852,45.47917556762695,44.27201843261719,45.02409744262695,6444054,42.42184232076009,7272546.9,26.5580719178619,59.28326708033378,False,True
2006-02-07 20:00:00,44.54985427856445,44.55464553833008,42.681636810302734,43.1606674194336,7125013,42.533935546875,7349264.333333333,25.288693445731305,50.634259817545555,False,True
2006-02-08 20:00:00,42.96905517578125,43.17982864379883,41.91518783569336,42.9019889831543,7879244,42.64730606079102,7447330.4,23.543810587117854,49.55347296810357,False,False
2006-02-09 20:00:00,43.02174758911133,43.711551666259766,41.84333419799805,42.044525146484375,7967130,42.77712338765462,7524354.0,22.289146929910295,46.04499851527171,True,False
2006-02-10 20:00:00,42.39421844482422,42.94510269165039,41.29244613647461,41.6756706237793,8136639,42.87963587443034,7624660.733333333,20.71181563558825,44.582704786075624,True,False
2006-02-13 20:00:00,42.39421844482422,42.57624816894531,41.39783477783203,41.91997528076172,7375936,43.00338541666667,7718885.733333333,19.247150862289207,45.81023098568438,True,True
2006-02-14 20:00:00,41.24933242797852,42.42295837402344,41.2205924987793,41.81938171386719,7093908,43.12186571756999,7813159.433333334,18.000168745188414,45.36465050256706,True,True
2006-02-15 20:00:00,41.94392776489258,42.20260620117188,40.89485168457031,41.21580123901367,10502249,43.12298342386882,7806082.633333334,17.10831282888268,42.68203486072867,True,False
2006-02-16 20:00:00,41.42657470703125,42.55229949951172,41.42657470703125,42.48044204711914,9776200,43.18254280090332,7897566.0,15.963577254758857,49.42969429570593,True,False
2006-02-17 20:00:00,43.11276245117188,43.28521347045898,42.71516799926758,43.13192367553711,7698671,43.278987630208334,7962189.533333333,15.37129832034942,52.529978343408764,True,True
2006-02-21 20:00:00,44.0708236694336,44.57859802246094,43.6732292175293,43.994178771972656,6400425,43.34333737691244,7863051.833333333,15.753321272220747,56.34468633971367,False,True
2006-02-22 20:00:00,43.77861785888672,43.8313102722168,43.07923126220703,43.29479598999024,6576196,43.35930506388346,7802345.9,15.544733645399544,52.648994103384354,True,True
2006-02-23 20:00:00,42.87324905395508,43.94148635864258,42.55708694458008,43.11276245117188,7363411,43.34493408203125,7778485.233333333,14.881642160227306,51.698516103565474,True,True
2006-02-24 20:00:00,44.1043586730957,44.82769393920898,43.88400268554688,44.25285720825195,7971096,43.37543233235677,7755160.333333333,14.910118182335593,56.94157085077948,False,False
2006-02-27 20:00:00,44.25285720825195,44.25285720825195,43.49598693847656,43.50077819824219,6697274,43.423175684611,7710862.533333333,14.579213024338523,52.86496196852924,False,True
2006-02-28 20:00:00,43.50556945800781,44.19058227539063,43.21335983276367,43.85047149658203,8209286,43.45032081604004,7786452.7,14.012625756467129,54.49623065851122,False,False
2006-03-01 20:00:00,43.9893913269043,44.52590560913086,43.78340530395508,44.377403259277344,6456789,43.45750617980957,7808406.766666667,13.755671738468328,56.915870428183254,False,True
2006-03-02 20:00:00,44.45404815673828,45.29714584350586,44.310340881347656,45.16301345825195,6674520,43.52680587768555,7845613.833333333,14.098699565308745,60.304916543575885,False,True
2006-03-03 20:00:00,45.416900634765625,45.96299743652344,44.78937149047852,45.50791549682617,5936154,43.585886255900064,7834348.033333333,14.870538231036704,61.72826627335355,False,True
2006-03-06 20:00:00,44.98098373413086,45.220497131347656,43.78340530395508,43.87921142578125,7650240,43.595466740926106,7797996.833333333,14.583376032455321,52.208111817664445,False,True
2006-03-07 20:00:00,43.48161697387695,44.08040618896485,43.256473541259766,43.61095428466797,7777581,43.59131507873535,7834278.433333334,13.84415590499774,50.817932881803074,False,True
2006-03-08 20:00:00,43.11276245117188,44.027713775634766,42.164283752441406,43.19898986816406,8393825,43.584608713785805,7892284.466666667,13.428127891551977,48.67441762960544,True,False
2006-03-09 20:00:00,43.35227966308594,43.855262756347656,42.74869918823242,43.10318374633789,5093619,43.594828033447264,7796869.566666666,13.041816164780913,48.16559693286398,True,True
2006-03-10 20:00:00,43.42413330078125,43.44808578491211,42.75349044799805,43.17024612426758,6817308,43.602652104695636,7759641.6,12.68309813277921,48.57086612089352,True,True
2006-03-13 20:00:00,43.591796875,44.36303329467773,43.52473068237305,44.19058227539063,4528520,43.61925849914551,7744861.766666667,12.049435832167287,54.41114014469427,False,True
2006-03-14 20:00:00,44.19058227539063,45.12948226928711,43.75945663452149,44.89475631713867,7106016,43.607282638549805,7456564.3,12.078883208251414,57.959391882973975,False,True
2006-03-15 20:00:00,44.89475631713867,45.52708053588867,44.803741455078125,45.29235458374024,6814594,43.55682474772136,7340642.7,12.405327086784412,59.85912119513368,False,True
2006-03-16 20:00:00,45.29714584350586,45.69474029541016,44.89475631713867,45.55582046508789,6615025,43.57502784729004,7255366.333333333,12.835033346714363,61.113101244750624,False,True
2006-03-17 20:00:00,46.01089859008789,46.025272369384766,45.29235458374024,45.54624176025391,5993144,43.622611618041994,7174404.233333333,13.48571357997236,61.03844359849542,False,True
2006-03-20 20:00:00,45.36420822143555,45.64683532714844,44.09956741333008,44.27201843261719,6274754,43.63810030619303,7178294.033333333,12.838043554270579,51.94715966847573,False,True
2006-03-21 20:00:00,44.27201843261719,44.92829132080078,43.85047149658203,44.08040618896485,5605486,43.60664393107096,7150341.766666667,12.00310319246395,50.723685073592065,False,True
2006-03-22 20:00:00,43.97501754760742,45.14864349365234,43.78340530395508,44.30554962158203,6264525,43.644806671142575,7121658.833333333,11.432315204500798,52.14974608481236,False,True
2006-03-23 20:00:00,44.59775924682617,45.76659393310547,44.59296798706055,45.081581115722656,6716271,43.71745974222819,7082893.066666666,11.453814669500344,56.791419979110216,False,True
2006-03-24 20:00:00,44.98577499389648,45.61809539794922,44.7031478881836,44.933082580566406,6368903,43.813744990030926,7029618.833333333,11.473778458428496,55.67839580042916,False,True
2006-03-27 20:00:00,44.69356536865234,45.392948150634766,44.54985427856445,45.06241989135742,4934548,43.926636632283525,6922882.466666667,11.311794942656816,56.478437620764396,False,True
2006-03-28 20:00:00,45.46959686279297,45.95341491699219,45.04804611206055,45.31630325317383,5199875,44.03984756469727,6850347.1,11.691730371016543,58.07811753324091,False,True
2006-03-29 20:00:00,45.31630325317383,45.88156127929688,45.12469482421875,45.80012512207031,4766083,44.17253901163737,6772752.933333334,12.044527554493433,61.018621340701465,False,True
2006-03-30 20:00:00,45.268402099609375,46.04443359375,45.12948226928711,45.15343475341797,7481984,44.30379346211751,6672077.433333334,12.531848359072248,55.422786257069134,False,False
2006-03-31 20:00:00,44.506744384765625,44.92350006103516,44.13788986206055,44.38219451904297,6705624,44.36718521118164,6569724.9,11.714545257859758,49.58280352010746,False,False
2006-04-02 20:00:00,45.02888870239258,45.74743270874024,44.75104904174805,45.13906478881836,6189374,44.43408991495768,6519415.0,11.789526248769585,54.63479424801317,False,True
2006-04-03 20:00:00,44.83248519897461,45.90072250366211,44.69356536865234,45.80012512207031,6188330,44.4942881266276,6512345.166666667,12.00310566970715,58.54224874377733,False,True
2006-04-04 20:00:00,45.70431900024414,46.74381637573242,45.40732192993164,46.70549392700195,7899076,44.60797805786133,6556441.166666667,12.9341229373301,63.21536520570446,False,False
2006-04-05 20:00:00,46.8971061706543,47.16057205200195,46.01089859008789,46.47076797485352,5214488,44.71991157531738,6484810.4,14.121073419771529,61.28656858993205,False,True
2006-04-06 20:00:00,46.41807556152344,46.69591522216797,45.33546447753906,45.5701904296875,6295630,44.76382268269857,6428961.533333333,14.34316099157011,54.42523148686863,False,True
2006-04-09 20:00:00,46.46598052978516,46.87794494628906,46.164188385009766,46.22646331787109,5502779,44.854678853352866,6389145.033333333,14.708192454947541,58.106037447683114,False,True
2006-04-10 20:00:00,46.94021987915039,47.12224960327149,45.843238830566406,46.00131988525391,7182003,44.92637379964193,6354902.266666667,14.633080990912115,56.42247176940718,False,False
2006-04-11 20:00:00,46.298316955566406,46.62405776977539,45.92467498779297,46.14981842041016,4904278,44.98545430501302,6303151.9,14.563334631450646,57.30123462473272,False,True
2006-04-12 20:00:00,46.15460968017578,46.58094787597656,45.857608795166016,46.13544845581055,4991538,45.01786880493164,6247052.5,14.40420168896552,57.18106918445076,False,True
2006-04-16 20:00:00,47.428829193115234,48.5785026550293,47.05039596557617,48.50185775756836,10270949,45.11766688028971,6391545.666666667,15.957070292558052,68.7887530451635,False,False
2006-04-17 20:00:00,48.76532745361328,49.33058166503906,48.506649017333984,49.17729187011719,7843130,45.29426956176758,6397975.333333333,17.851465052612006,71.1894590343572,False,False
2006-04-18 20:00:00,49.091068267822266,49.71380615234375,48.635986328125,49.08627700805664,7379276,45.476780319213866,6384698.5,19.822651169803922,70.40361417231532,False,False
2006-04-19 20:00:00,48.43000411987305,49.15333938598633,48.05636215209961,48.98567962646485,7667358,45.6696699778239,6360482.933333334,20.847207580717686,69.49054041821661,False,False
2006-04-20 20:00:00,49.402435302734375,51.35209274291992,49.0096321105957,51.261077880859375,9019881,45.941599782307954,6491358.333333333,22.930084082322594,76.81497238985327,False,False
2006-04-23 20:00:00,50.92096328735352,50.959285736083984,49.843143463134766,50.56169128417969,11371922,46.18798128763835,6643178.8,24.86418369095572,71.16012722007555,False,False
2006-04-24 20:00:00,51.3041877746582,51.78321838378906,49.43117904663086,50.06829071044922,9308171,46.38390490214031,6802500.5,26.998200744924937,67.39097556986277,False,False
2006-04-25 20:00:00,50.27427291870117,50.91617584228516,47.74978256225586,47.98450469970703,10871746,46.486896514892585,6928024.833333333,27.076184428312963,54.3079435366733,False,False
2006-04-26 20:00:00,47.66355514526367,49.07669448852539,46.46598052978516,48.54976272583008,10414781,46.59547678629558,7048031.066666666,26.01363852657899,56.760214710095354,False,False
2006-04-27 20:00:00,49.268310546875,49.51261520385742,48.750953674316406,49.215614318847656,7089107,46.71746991475424,7063833.8,25.299123906883672,59.51648254320341,False,False
2006-04-30 20:00:00,49.34016418457031,50.37487030029297,49.34016418457031,49.95811462402344,6424432,46.86453234354656,7078210.066666666,25.143262512543433,62.39511384128068,False,True
2006-05-01 20:00:00,50.32217788696289,50.97844696044922,50.09223937988281,50.97844696044922,5755998,47.088079961140956,7060918.2,25.32781588393292,65.97549539815472,False,True
2006-05-02 20:00:00,50.97844696044922,50.97844696044922,49.867095947265625,50.49941635131836,8266693,47.302046966552744,7149625.1,25.28460386396756,62.94540647940864,False,False
2006-05-03 20:00:00,50.29822540283203,50.89701461791992,49.1677131652832,49.75212860107422,8765826,47.483599599202485,7233001.8,24.594640422065112,58.43654854124685,False,False
2006-05-04 20:00:00,50.034759521484375,50.50899887084961,49.61321258544922,50.04433822631836,6202525,47.64902483622234,7215876.933333334,23.953960083155696,59.653571969526766,False,True
2006-05-07 20:00:00,50.01080703735352,50.01559448242188,48.961727142333984,49.680274963378906,4783201,47.80726458231609,7163020.2,22.75575001341681,57.39852751001736,False,True
2006-05-08 20:00:00,49.48387145996094,50.590431213378906,49.383277893066406,50.590431213378906,5497142,47.99153162638347,7181773.333333333,22.073456560959166,61.33379276505313,False,True
2006-05-09 20:00:00,50.19283676147461,51.57723617553711,50.07307815551758,51.31856155395508,7398064,48.19160690307618,7255046.3,22.104120614736626,64.18416960892297,False,False
2006-05-10 20:00:00,51.71136474609375,51.984413146972656,50.71977233886719,50.89701461791992,6344270,48.3615032196045,7307652.533333333,22.384151207186584,61.363809817526715,False,True
2006-05-11 20:00:00,50.53773880004883,50.65749740600586,48.88508224487305,49.00484085083008,7223336,48.48988342285157,7299030.933333334,21.017787164839525,50.61305610568605,False,True
2006-05-14 20:00:00,47.55817031860352,48.3389892578125,46.772560119628906,47.49589538574219,10029211,48.593673451741545,7409817.166666667,20.633938533406596,43.99371919539878,True,False
2006-05-15 20:00:00,46.46598052978516,46.70549392700195,45.57977294921875,46.45160675048828,14491973,48.63742485046387,7686570.466666667,20.880945188420547,40.08638540387926,True,False
2006-05-16 20:00:00,46.39412307739258,46.70549392700195,44.0708236694336,44.482791900634766,10055096,48.59351374308269,7815462.666666667,21.761266934816735,33.962124398951204,True,False
2006-05-17 20:00:00,44.47320938110352,45.13906478881836,44.1283073425293,44.25285720825195,7508913,48.51175918579102,7802457.233333333,22.578708556470335,33.321844111558285,True,True
2006-05-18 20:00:00,43.54389190673828,45.24444961547852,42.9019889831543,45.0576286315918,15138278,48.46465454101563,8133250.233333333,23.82276779710931,37.74566570301425,True,False
2006-05-21 20:00:00,44.166629791259766,45.00493621826172,43.11276245117188,44.6025505065918,10387225,48.43239987691244,8269636.733333333,24.97796566341693,36.279855730388334,True,False
2006-05-22 20:00:00,45.93904495239258,46.09712600708008,44.64566040039063,44.87080764770508,10424384,48.38721135457357,8433690.233333332,25.100434944475744,37.81292138200307,True,False
2006-05-23 20:00:00,44.310340881347656,45.54145050048828,43.66844177246094,44.96661376953125,12360794,48.35272115071616,8606316.6,25.65338001329464,38.38309944423835,True,False
2006-05-24 20:00:00,46.10670471191406,47.54379653930664,45.86240005493164,46.88273620605469,10311030,48.37715174357096,8786541.666666666,24.684822063530742,48.54456367311188,True,False
2006-05-25 20:00:00,46.70549392700195,47.03123474121094,46.46598052978516,46.82046127319336,6978676,48.39998550415039,8852779.6,23.785446824464266,48.26596940786488,True,True
2006-05-29 20:00:00,47.42404174804688,47.44320297241211,46.12107849121094,46.12107849121094,7850019,48.32062619527181,8772081.933333334,22.66263938703376,45.13329699844157,True,True
2006-05-30 20:00:00,46.12107849121094,47.4671516418457,46.12107849121094,47.4671516418457,9236360,48.2636215209961,8818522.933333334,21.602709003608602,51.63917689496912,True,False
2006-05-31 20:00:00,47.30428314208984,47.9653434753418,46.69591522216797,47.84558868408203,7723513,48.22226524353027,8829997.5,20.249803198806053,53.31520871850114,True,True
2006-06-01 20:00:00,48.382102966308594,48.46832656860352,47.76894378662109,48.33419799804688,6984103,48.20054918924968,8807222.333333334,18.976034999553615,55.46144477499125,False,True
2006-06-04 20:00:00,48.62161636352539,48.7940673828125,46.57615661621094,46.6575927734375,11111605,48.04709968566895,8876946.466666667,18.26857493971431,47.40759148466908,True,False
2006-06-05 20:00:00,46.68154144287109,47.5102653503418,46.13544845581055,47.01686477661133,10846069,47.92893880208333,8859418.033333333,17.88915638520556,49.11287917995562,True,False
2006-06-06 20:00:00,46.56178665161133,46.56657409667969,45.12469482421875,45.3737907409668,13743169,47.77245546976725,9007251.3,18.130337924012903,42.34980093171391,True,False
2006-06-07 20:00:00,44.62171173095703,46.78213882446289,43.92711639404297,46.45639801025391,14789657,47.72151858011882,9137848.333333334,18.96491849761025,47.4814853567603,True,False
2006-06-08 20:00:00,46.57615661621094,47.14141082763672,45.69953155517578,46.43244552612305,9194400,47.65094134012858,9097168.966666667,19.425643382792867,47.38099425550373,True,False
2006-06-11 20:00:00,46.50429916381836,47.17973327636719,45.80491638183594,46.11149597167969,9278111,47.54747072855631,9170135.766666668,19.81872020642105,45.97684468478858,True,False
2006-06-12 20:00:00,45.02888870239258,45.4312744140625,44.02292251586914,44.11872863769531,14928897,47.35282452901205,9453617.933333334,21.05569919796576,38.37290911231479,True,False
2006-06-13 20:00:00,43.994178771972656,44.88517761230469,43.70676040649414,44.74625778198242,9125093,47.145084889729816,9565921.1,22.339632965351903,41.64581317568759,True,True
2006-06-14 20:00:00,45.1582260131836,46.70549392700195,45.05283737182617,46.58573532104492,8718648,47.01462885538737,9580986.266666668,21.968454859465446,50.02430289047615,True,True
2006-06-15 20:00:00,46.346221923828125,46.69591522216797,45.50791549682617,46.33663940429688,7186387,46.900779215494794,9528338.3,21.62378947542802,48.99833945265674,True,True
2006-06-18 20:00:00,46.45639801025391,46.45639801025391,44.386985778808594,44.497161865234375,7643143,46.715873336791994,9576358.9,21.90190092585051,42.127237615729676,True,True
2006-06-19 20:00:00,44.75104904174805,45.17738723754883,44.20016479492188,44.22890472412109,6402304,46.5341609954834,9630329.0,22.254938195320165,41.21944090261165,True,True
2006-06-20 20:00:00,44.20016479492188,45.63725662231445,44.042083740234375,44.95703125,7312057,46.3463809967041,9690826.166666666,22.174125203396233,44.702579387272245,True,True
2006-06-21 20:00:00,44.95703125,45.61809539794922,44.55464553833008,45.388160705566406,5438065,46.14870096842448,9625492.866666667,22.099084568038297,46.71593238688396,True,True
2006-06-22 20:00:00,46.19772338867188,46.90668869018555,46.11149597167969,46.32706069946289,7083471,45.996369171142575,9650132.9,20.923438249800277,50.907945067676394,False,True
2006-06-25 20:00:00,46.60968780517578,47.97971725463867,46.26957702636719,47.90307235717773,7104346,45.9596435546875,9646166.566666666,19.80209527752891,57.02035920211416,False,True
2006-06-26 20:00:00,47.90307235717773,48.36772918701172,47.19889450073242,47.38092803955078,7350886,45.95581130981445,9556889.066666666,19.021535390036686,54.595031140732054,False,True
2006-06-27 20:00:00,47.8264274597168,48.90424346923828,47.572540283203125,48.65993881225586,7193067,46.02942237854004,9313592.2,18.64972648711284,59.1756878800215,False,True
2006-06-28 20:00:00,49.07669448852539,49.59883880615234,48.70305252075195,48.98088836669922,9329673,46.179358927408856,9289411.433333334,18.737222920785975,60.259137963859665,False,False
2006-06-29 20:00:00,49.10543823242188,49.63716125488281,49.09585571289063,49.12459945678711,6076228,46.34175033569336,9241655.266666668,18.842274967745897,60.761298807692434,False,True
2006-07-02 20:00:00,49.12459945678711,50.25032043457031,49.12459945678711,50.10182189941406,2261442,46.50989011128743,8812427.4,19.320984003521392,64.08463080699528,False,True
2006-07-04 20:00:00,49.34016418457031,50.29822540283203,48.45874786376953,50.20721054077149,8579199,46.69671211242676,8752159.866666667,19.115024737930355,64.43447397632465,False,True
2006-07-05 20:00:00,50.08745193481445,50.52336883544922,49.32100296020508,49.71380615234375,7181168,46.85814539591471,8644052.666666666,19.07737608775219,61.418112306872445,False,True
2006-07-06 20:00:00,50.01080703735352,50.24074172973633,48.8946647644043,49.15813064575195,6384977,46.99786262512207,8444858.766666668,18.620054797618064,58.118359531698175,False,True
2006-07-09 20:00:00,49.15813064575195,49.82877349853516,48.7940673828125,49.30184173583984,4350034,47.07849947611491,8246158.9,18.094701455379607,58.7358238000237,False,True
2006-07-10 20:00:00,49.4072265625,49.81919479370117,48.54018020629883,48.86113357543945,7366751,47.14652188618978,8259094.733333333,17.345496151979138,56.00879414364193,False,True
2006-07-11 20:00:00,49.14855194091797,49.81919479370117,49.03358459472656,49.42159652709961,7149646,47.25653915405273,8235748.966666667,16.649805513107275,58.638821136235855,False,True
2006-07-12 20:00:00,49.57967758178711,49.82398223876953,48.92340469360352,49.0527458190918,6331953,47.30939229329427,8138935.4,15.878652814174645,56.255156931664466,False,True
2006-07-13 20:00:00,49.35453414916992,49.68506622314453,48.40605163574219,49.4072265625,6591853,47.361446889241535,8101213.4,14.901547829394032,58.02125963985235,False,True
2006-07-16 20:00:00,48.5976676940918,48.971309661865234,47.1557846069336,47.414459228515625,7774032,47.330788930257164,8127544.366666666,15.148766217299388,46.625121578691804,False,True
2006-07-17 20:00:00,47.7833137512207,48.33419799804688,47.07434844970703,47.97492599487305,7304125,47.37470003763835,8000628.366666666,15.445152133318325,49.62213221746786,False,True
2006-07-18 20:00:00,48.04677963256836,48.477909088134766,47.32344436645508,48.32940673828125,6947363,47.41845143636068,7870671.5,15.538736347062715,51.47787863635879,False,True
2006-07-19 20:00:00,48.16653823852539,48.54018020629883,47.66355514526367,47.66355514526367,6009427,47.49477691650391,7612880.1,15.54350323203296,47.90797768819019,False,True
2006-07-20 20:00:00,47.97013473510742,48.77969741821289,47.60607147216797,47.69229888916016,6943187,47.53597361246745,7351331.1,15.224270597912048,48.07537922200971,False,True
2006-07-23 20:00:00,48.14258575439453,49.65153121948242,47.79768371582031,49.50303268432617,6748002,47.638326517740886,7269784.5,14.402457387915357,57.36943473533628,False,True
2006-07-24 20:00:00,49.723388671875,49.97727584838867,49.22040557861328,49.81919479370117,6683705,47.76191647847494,7183304.3,13.989142765134947,58.75752140334048,False,True
2006-07-25 20:00:00,49.57967758178711,51.48143005371094,49.52698516845703,51.0503044128418,9523398,47.99296900431315,7003121.0,14.92305503910265,63.71232277559932,False,False
2006-07-26 20:00:00,51.78321838378906,52.19039535522461,50.77725601196289,51.09820556640625,7138164,48.20470059712728,6936890.033333333,16.27447778367984,63.89408089783123,False,False
2006-07-27 20:00:00,50.77246475219727,51.423946380615234,50.28864288330078,51.064674377441406,5046858,48.35399856567383,6814497.033333333,16.912423263798903,63.653729762654685,False,True
2006-07-30 20:00:00,51.12215805053711,51.93172073364258,50.88743209838867,51.61555862426758,4882150,48.52996253967285,6737689.133333334,17.864655153469922,65.9218087245791,False,True
2006-07-31 20:00:00,51.567657470703125,52.046688079833984,51.27544784545898,51.62992858886719,4606177,48.76772143046061,6636456.933333334,18.82938145093675,65.98144276535012,False,True
2006-08-01 20:00:00,52.21434783935547,53.11971664428711,51.3473014831543,51.582027435302734,6349697,49.01282552083333,6634703.366666666,20.410120876494123,65.56953991670622,False,True
2006-08-02 20:00:00,50.70540237426758,51.63951110839844,50.67665863037109,51.22754287719727,5583358,49.22184257507324,6577080.066666666,21.012468594489917,62.46194417218405,False,True
2006-08-03 20:00:00,51.02156066894531,51.58681869506836,49.843143463134766,50.41319274902344,6265569,49.389343643188475,6604663.533333333,20.622203879727497,55.906755422693266,False,True
2006-08-06 20:00:00,50.72935104370117,51.78800964355469,50.489837646484375,51.395206451416016,5711116,49.558281834920244,6558918.366666666,20.417382101496894,61.19539566161909,False,True
2006-08-07 20:00:00,51.25628662109375,51.399993896484375,50.3940315246582,50.49941635131836,5910060,49.644826634724936,6519108.833333333,20.11601017456723,54.744953929966556,False,True
2006-08-08 20:00:00,50.96407699584961,51.88860702514648,50.58085250854492,50.94012451171875,6097730,49.76346651713053,6477336.966666667,20.241320473031738,57.13863468208784,False,True
2006-08-09 20:00:00,50.489837646484375,50.77725601196289,50.13056564331055,50.623966217041016,5198414,49.82893409729004,6410848.533333333,19.809731407095207,54.8954067942555,False,True
2006-08-10 20:00:00,50.504207611083984,50.63833618164063,49.96769332885742,50.38444900512695,3929811,49.875719451904295,6230853.133333334,19.213749023318876,53.1916643349322,False,True
2006-08-13 20:00:00,49.867095947265625,50.05392074584961,48.88508224487305,49.04795455932617,6243232,49.873164621988934,6236419.933333334,18.186845921378854,44.8306642676956,True,False
2006-08-14 20:00:00,49.34016418457031,49.81919479370117,48.837181091308594,49.72817611694336,4839356,49.860709762573244,6322350.4,17.280337557924675,49.20677546073327,True,True
2006-08-15 20:00:00,50.01080703735352,50.29822540283203,48.97610092163086,49.23477554321289,3368573,49.82829526265462,6148662.866666666,16.17618095108417,46.335727037177385,True,True
2006-08-16 20:00:00,49.23477554321289,49.69464492797852,48.7365837097168,49.253936767578125,4083037,49.81296628316243,6045391.833333333,15.152462690325168,46.466359369116475,True,True
2006-08-17 20:00:00,49.57967758178711,50.31738662719727,49.10064697265625,50.22158050537109,3482553,49.84841461181641,5948644.366666666,14.604660481912855,52.72492198151318,False,True
2006-08-20 20:00:00,50.77725601196289,51.04551315307617,50.29822540283203,50.65270614624024,2953673,49.89344342549642,5902099.0,14.779267420191283,55.23594278227384,False,True
2006-08-21 20:00:00,50.66228866577149,51.08383560180664,50.45151519775391,51.064674377441406,2271566,49.96689478556315,5732259.5,14.975924170749055,57.55589982920879,False,True
2006-08-22 20:00:00,51.064674377441406,51.2467041015625,49.88625717163086,50.15451431274414,2168441,49.99132537841797,5566219.333333333,14.447375558002719,51.237887743423606,False,True
2006-08-23 20:00:00,50.34612655639648,50.68144989013672,49.915000915527344,50.59522247314453,2212802,50.042741266886395,5428914.3,13.956580417595406,53.87796746738693,False,True
2006-08-24 20:00:00,50.72935104370117,51.49580001831055,50.53773880004883,51.17005920410156,3883154,50.101502354939775,5338624.333333333,14.319374550213547,57.13774281954399,False,True
2006-08-27 20:00:00,50.21199798583984,51.05509185791016,50.18325805664063,50.42277145385742,3041037,50.20177942911784,5180857.833333333,14.18920886103477,51.993124213616724,False,True
2006-08-28 20:00:00,50.43235397338867,50.43235397338867,49.64674377441406,50.3365478515625,3164098,50.280500157674155,5042856.933333334,13.408017715478396,51.417860357911096,False,True
2006-08-29 20:00:00,50.34612655639648,50.71977233886719,48.92819595336914,49.6084213256836,4238872,50.32313397725423,4952573.9,12.999480527643723,46.717155952183155,True,True
2006-08-30 20:00:00,49.41680908203125,49.57967758178711,48.59287643432617,48.8515510559082,3802261,50.36273384094238,4879001.7,12.953505187888938,42.37996256056833,True,True
2006-08-31 20:00:00,49.33058166503906,49.34016418457031,48.62161636352539,49.32100296020508,2355486,50.41702397664388,4726078.333333333,12.910813800973783,45.74453748388842,True,True
2006-09-04 20:00:00,49.13896942138672,49.723388671875,48.66952133178711,48.92819595336914,4123118,50.39786275227865,4638582.2,12.367122387081182,43.45789554931638,True,True
2006-09-05 20:00:00,47.80726623535156,48.171329498291016,45.60372543334961,45.77617645263672,7070528,50.263095474243165,4651476.3,14.237324910541785,30.34833475855748,True,False
2006-09-06 20:00:00,45.6133041381836,46.14981842041016,44.78937149047852,45.82407760620117,6548849,50.08888791402181,4552324.666666667,16.374560238669062,30.69051417947329,True,False
2006-09-07 20:00:00,46.01568984985352,46.42765426635742,44.75104904174805,44.82769393920898,5202902,49.8798708597819,4487815.933333334,18.025029910409412,27.647881324898805,True,False
2006-09-10 20:00:00,44.11872863769531,44.47320938110352,43.122344970703125,43.9462776184082,8142067,49.64259096781413,4590989.566666666,20.292536211874218,25.26198268038152,True,False
2006-09-11 20:00:00,43.687599182128906,44.43489074707031,43.687599182128906,43.687599182128906,6679426,49.378325653076175,4650898.766666667,22.39807777752011,24.59127240946768,True,False
2006-09-12 20:00:00,43.95585632324219,44.54985427856445,43.91753768920898,43.97501754760742,7135242,49.123161951700844,4735200.933333334,24.20637710116169,26.91318326702644,True,False
2006-09-13 20:00:00,44.25285720825195,44.54027557373047,42.44211959838867,42.61457061767578,9059023,48.82424672444662,4825511.8,26.481061115721612,23.262079048392643,True,False
2006-09-14 20:00:00,42.61457061767578,42.806182861328125,42.164283752441406,42.20260620117188,8254586,48.52341550191243,4914552.733333333,28.69160302579601,22.276549028157476,True,False
2006-09-17 20:00:00,42.36547470092773,44.176212310791016,42.33673477172852,43.92711639404297,8916652,48.30721295674642,5002922.166666667,29.140446369328053,34.74050203185769,True,False
2006-09-18 20:00:00,43.87921142578125,44.11872863769531,42.949893951416016,43.18940734863281,8285586,48.03368631998698,5088737.833333333,29.557229474036376,32.35054878042041,True,False
2006-09-19 20:00:00,42.777442932128906,43.43850326538086,42.47086334228516,42.51876449584961,8596630,47.76766459147135,5178290.166666667,30.1981812404768,30.309193609746426,True,False
2006-09-20 20:00:00,42.53792572021485,43.75466537475586,42.51876449584961,43.591796875,6157747,47.52272033691406,5180290.733333333,30.42320643727118,37.14348411574158,True,False
2006-09-21 20:00:00,43.65885925292969,43.86963272094727,43.0169563293457,43.3331184387207,6270579,47.27969207763672,5216029.566666666,30.49464426746641,36.22130740315247,True,False
2006-09-24 20:00:00,43.09360122680664,44.01334381103516,42.20260620117188,43.56305313110352,8287569,47.05231221516927,5361288.166666667,31.046919434676543,37.70189899698318,True,False
2006-09-25 20:00:00,43.2181510925293,44.75104904174805,43.122344970703125,44.69356536865234,7895423,46.907165908813475,5416361.2,30.68851394420233,44.52123235876944,True,False
2006-09-26 20:00:00,45.02888870239258,45.74743270874024,44.46363067626953,45.65162658691406,7210394,46.771280924479164,5495395.8,29.331712825407397,49.56021661796968,True,False
2006-09-27 20:00:00,45.98694610595703,46.67675018310547,45.55582046508789,45.574981689453125,7420610,46.64928779602051,5630463.7,27.253754212679176,49.17541323212301,True,False
2006-09-28 20:00:00,45.47917556762695,46.20730209350586,45.1151123046875,46.09233474731445,5507998,46.54390106201172,5677962.4,25.678808894463494,51.89074426599613,True,True
2006-10-01 20:00:00,45.98694610595703,46.36059188842773,45.18217849731445,45.230079650878906,4368092,46.37751770019531,5707480.366666666,24.07885133444736,47.35023564462306,True,True
2006-10-02 20:00:00,43.85047149658203,44.71272659301758,43.00737762451172,43.09360122680664,8391738,46.12554753621419,5888749.2,24.102684574691814,38.387311408003974,True,False
2006-10-03 20:00:00,43.11276245117188,43.37144088745117,41.91518783569336,42.87324905395508,11262743,45.85250002543132,6188455.1,24.695402304759586,37.596846651877094,True,False
2006-10-04 20:00:00,43.65885925292969,44.40614700317383,42.96905517578125,43.74508285522461,7768500,45.63885231018067,6375123.733333333,24.32534142647438,42.630432073188814,True,False
2006-10-05 20:00:00,43.1606674194336,43.90795516967773,42.71037673950195,43.67802047729492,6739965,45.40827891031901,6526029.166666667,24.128510602728017,42.34746995028168,True,False
2006-10-08 20:00:00,44.11872863769531,44.36782455444336,43.074440002441406,43.19898986816406,4598870,45.14257659912109,6549886.366666666,23.541017766337934,40.29026439906426,True,True
2006-10-09 20:00:00,42.95947265625,44.13788986206055,42.75828170776367,43.64927673339844,5525846,44.91679344177246,6632713.333333333,23.19585709546292,43.08897089188857,True,True
2006-10-10 20:00:00,43.32353591918945,43.42892456054688,42.70079803466797,42.78702163696289,5987612,44.66514256795247,6726830.466666667,22.913029193956184,39.29112095277027,True,True
2006-10-11 20:00:00,42.9019889831543,43.457664489746094,42.82534408569336,43.275634765625,9210787,44.45404968261719,6892560.966666667,22.620750282178715,42.389857632161565,True,False
2006-10-12 20:00:00,43.50556945800781,44.94266128540039,43.49598693847656,44.71272659301758,6272875,44.3160888671875,6974914.766666667,21.038047137460943,50.40759299362959,False,True
2006-10-15 20:00:00,44.49237060546875,45.90072250366211,44.36782455444336,45.81449890136719,5897221,44.19920539855957,7092972.6,20.288857486544455,55.518776883705755,False,True
2006-10-16 20:00:00,45.93904495239258,45.94862747192383,44.36782455444336,44.43489074707031,6231646,44.04942855834961,7163256.866666666,19.627856568919803,48.74425925931929,False,True
2006-10-17 20:00:00,44.4444694519043,45.86240005493164,44.22411346435547,44.386985778808594,6549371,44.00312220255534,7145884.966666667,18.877410234443136,48.522850762793986,False,True
2006-10-18 20:00:00,44.54985427856445,46.01568984985352,44.2624397277832,45.86240005493164,5216576,44.00439961751302,7101475.866666666,18.306557632993226,55.2628146919314,False,True
2006-10-19 20:00:00,45.87198257446289,45.87198257446289,44.71272659301758,45.04804611206055,5231084,44.01174468994141,7102415.266666667,17.77648021736117,51.27246303500345,False,True
2006-10-22 20:00:00,43.601375579833984,44.58818054199219,43.31395721435547,44.4444694519043,8017440,44.028351084391275,7098261.033333333,17.07884872862734,48.47843549433982,False,False
2006-10-23 20:00:00,44.10914611816406,45.709110260009766,43.860050201416016,45.62288665771485,5558203,44.09286066691081,7060886.933333334,16.27591452424601,53.77478637908847,False,True
2006-10-24 20:00:00,45.31630325317383,47.05039596557617,45.31630325317383,46.87794494628906,5875511,44.18962491353353,7018895.9,16.48395965766195,58.650191552529094,False,True
2006-10-25 20:00:00,47.61565399169922,47.80726623535156,45.80491638183594,45.99652862548828,5478146,44.30235684712728,6899533.333333333,17.13503846731995,54.31735528381356,False,True
2006-10-26 20:00:00,45.88156127929688,46.50429916381836,45.49833679199219,45.68037033081055,4608577,44.41828231811523,6777999.7,17.439549794276978,52.81029841554036,False,True
2006-10-30 20:00:00,45.51749801635742,45.52708053588867,44.176212310791016,44.386985778808594,5220125,44.43361129760742,6654782.133333334,16.556459703274022,47.05810793981033,True,True
2006-10-31 20:00:00,44.386985778808594,45.01930618286133,43.53430938720703,44.97140121459961,6399798,44.49301109313965,6591922.533333333,15.50422437308386,49.722901299005436,False,True
2006-11-01 20:00:00,44.56901550292969,45.33546447753906,43.92711639404297,44.33908462524414,4352226,44.55368843078613,6450442.4,14.51126663844291,46.968253544101174,True,True
2006-11-02 20:00:00,44.08040618896485,45.19175720214844,43.78340530395508,44.73188781738281,5538580,44.591691462198895,6429803.5,13.477921752375488,48.86350013896138,False,True
2006-11-03 20:00:00,45.34504699707031,45.709110260009766,44.81811141967773,45.27798461914063,4598035,44.65652033487956,6374052.033333333,12.934636890745669,51.46068434047084,False,True
2006-11-06 20:00:00,45.07678985595703,46.53304290771485,44.89475631713867,46.494720458984375,5536388,44.75424257914225,6282346.0,13.049296048813783,56.733416466426256,False,True
2006-11-07 20:00:00,46.47555923461914,46.58094787597656,45.402530670166016,45.63246536254883,5805473,44.78553924560547,6212681.0,13.19076046648035,52.390155737005394,False,True
2006-11-08 20:00:00,45.59414291381836,47.08871841430664,45.52708053588867,46.92584609985352,5725311,44.828013229370114,6163178.233333333,13.694901567240164,57.62991786588878,False,True
2006-11-09 20:00:00,47.26116943359375,47.8839111328125,46.82046127319336,47.00249481201172,5505179,44.87559700012207,6099330.533333333,14.697729956959693,57.92544509258107,False,True
2006-11-10 20:00:00,47.0120735168457,47.0120735168457,46.35101318359375,46.60968780517578,4722662,44.89284210205078,6073152.666666667,15.11511423543374,55.77829466510492,False,True
2006-11-13 20:00:00,46.60968780517578,46.69591522216797,45.81449890136719,46.14023971557617,3887120,44.923180770874026,6057120.266666667,14.944592119128673,53.23842559525934,False,True
2006-11-14 20:00:00,46.46598052978516,46.51388168334961,45.728271484375,46.178558349609375,3531506,45.02601267496745,5895112.533333333,14.696918323196838,53.42485201834837,False,True
2006-11-15 20:00:00,46.638431549072266,46.78213882446289,45.97736740112305,46.628849029541016,4691662,45.15119934082031,5676076.5,14.693541372544228,55.66183990102916,False,True
2006-11-16 20:00:00,47.18452453613281,47.18452453613281,45.220497131347656,45.230079650878906,5403516,45.20069923400879,5597243.7,13.886224619763041,47.956455546232135,False,True
2006-11-17 20:00:00,44.80853271484375,45.718692779541016,44.54985427856445,45.49833679199219,5554132,45.2613764444987,5557715.933333334,13.284859712471762,49.40306344044485,False,True
2006-11-20 20:00:00,44.75104904174805,45.79533767700195,43.91753768920898,45.16301345825195,3809881,45.326843897501625,5531416.3,13.266853909113328,47.62117212418192,True,True
2006-11-21 20:00:00,45.50791549682617,46.59052658081055,45.19175720214844,46.494720458984375,5503301,45.421692021687825,5530664.8,12.460604102738307,54.621341877691975,False,True
2006-11-22 20:00:00,46.50429916381836,46.60010528564453,45.42169189453125,45.910301208496094,3756335,45.52580134073893,5456288.9,11.702714727453865,51.376329320977334,False,True
2006-11-24 20:00:00,45.98694610595703,46.51388168334961,45.92946243286133,45.92946243286133,2576870,45.61426226298014,5235158.333333333,10.998960307546882,51.4781122938304,False,True
2006-11-27 20:00:00,46.53304290771485,46.56178665161133,45.60372543334961,45.843238830566406,5998050,45.65194600423177,5225997.5,10.679114042163572,50.96115550010774,False,False
2006-11-28 20:00:00,45.93904495239258,46.8971061706543,45.90072250366211,46.14981842041016,4912002,45.663123321533206,5193156.866666666,10.000809552920861,52.77703346729259,False,True
2006-11-29 20:00:00,46.37017440795898,48.05636215209961,46.29352951049805,47.91265106201172,7182107,45.779048665364584,5224838.9,10.338427137007248,61.58539828565287,False,False
2006-11-30 20:00:00,47.47194290161133,48.57371520996094,47.47194290161133,48.22881317138672,7097353,45.90710957845052,5243104.966666667,11.079891450550832,62.921227081901044,False,False
2006-12-01 20:00:00,47.90307235717773,48.305458068847656,47.14620208740234,48.295875549316406,4207977,45.98822542826335,5209485.0,11.37626555128209,63.21343869480537,False,True
2006-12-04 20:00:00,47.76894378662109,47.90307235717773,47.10787963867188,47.8264274597168,4031683,46.080838139851885,5169504.966666667,11.60431960862277,59.66848597618976,False,True
2006-12-05 20:00:00,48.11384582519531,48.62161636352539,47.6252326965332,48.45874786376953,4192737,46.214647420247395,5042014.866666666,12.448767555907782,62.702483677298595,False,True
2006-12-06 20:00:00,48.24797439575195,48.81322860717773,47.97971725463867,48.01803970336914,3913006,46.294485855102536,4987174.966666667,13.39104490243776,59.35129046596352,False,True
2006-12-07 20:00:00,48.161746978759766,48.36294174194336,47.30907440185547,47.30907440185547,3604988,46.30885683695475,4911490.866666666,13.384073206574897,54.3215513500204,False,True
2006-12-08 20:00:00,47.89348983764648,48.05636215209961,47.31865310668945,47.43362045288086,3916555,46.35675989786784,4859437.833333333,13.377599488987952,55.042341172192245,False,True
2006-12-11 20:00:00,46.88752746582031,47.6252326965332,46.762977600097656,47.13662338256836,3117128,46.40530166625977,4809722.866666666,12.673316733844441,52.898713775623754,False,True
2006-12-12 20:00:00,47.29949188232422,47.77852249145508,46.87794494628906,47.3282356262207,4190754,46.50334332784017,4775410.5,12.191586822008869,54.139639088272475,False,True
2006-12-13 20:00:00,47.989295959472656,48.35335922241211,47.40488052368164,47.97971725463867,4404624,46.603620529174805,4708904.7,12.360311467121324,58.1744072192095,False,True
2006-12-14 20:00:00,48.66952133178711,50.20241928100586,48.33419799804688,49.74254989624024,7200165,46.783736038208005,4803836.0,13.98814120248561,66.70929319164638,False,False
2006-12-15 20:00:00,49.74254989624024,49.94374084472656,49.091068267822266,49.74254989624024,6122885,46.950758107503255,4823312.833333333,15.499697385323872,66.7092931916464,False,False
2006-12-18 20:00:00,49.00484085083008,49.11980819702149,47.40488052368164,47.61565399169922,7968278,47.028680419921876,4935654.266666667,14.942242650868199,51.892221032381954,False,False
2006-12-19 20:00:00,47.31865310668945,48.20965194702149,46.30310821533203,48.00845718383789,6450735,47.079138310750324,4966132.5,14.287357678309771,53.927532977304914,False,False
2006-12-20 20:00:00,47.92223358154297,48.10426330566406,47.452781677246094,47.8264274597168,5622917,47.15227038065593,4960047.3,13.679250203791229,52.81245807289244,False,False
2006-12-21 20:00:00,48.382102966308594,48.54497146606445,47.22284698486328,47.57733154296875,4527476,47.1739865620931,4920119.466666667,12.704056907430388,51.2507400906286,False,True
2006-12-22 20:00:00,47.66355514526367,47.83600616455078,46.96417236328125,47.069557189941406,3405732,47.176221974690755,4850137.9,12.034090210543908,48.12653415767949,True,True
2006-12-26 20:00:00,46.83004379272461,47.40488052368164,46.025272369384766,46.628849029541016,3746628,47.1768606821696,4817603.433333334,12.211557495916741,45.532215560299946,True,True
2006-12-27 20:00:00,46.61927032470703,47.49110412597656,46.41807556152344,47.39529800415039,3308765,47.218695958455406,4798324.933333334,12.283736443195993,50.52707371883605,False,True
2006-12-28 20:00:00,47.61565399169922,47.66355514526367,46.92584609985352,47.1557846069336,2836979,47.25127016703288,4775174.033333333,12.158236480938857,49.01442322711579,True,True
2006-12-29 20:00:00,46.945011138916016,47.05039596557617,46.53304290771485,46.78213882446289,2966407,47.25637982686361,4717665.533333333,12.394308406760473,46.66726816390728,True,True
2007-01-03 20:00:00,46.78213882446289,46.810882568359375,44.54985427856445,44.7606315612793,7139939,47.24073155721029,4775546.3,14.006928942367484,36.48705995054626,True,False
2007-01-04 20:00:00,44.5594367980957,44.5594367980957,43.457664489746094,43.84089279174805,7759732,47.18548342386882,4849066.3,16.063542823971552,32.96372131110167,True,False
2007-01-05 20:00:00,43.64927673339844,43.92711639404297,43.04570007324219,43.54389190673828,9062049,47.13151270548503,5024138.566666666,18.163738744397662,31.892731912626655,True,False
2007-01-08 20:00:00,44.08040618896485,44.25285720825195,43.04570007324219,43.42892456054688,7195468,47.029319508870444,5080544.133333334,19.717178435200932,31.46654564316741,True,False
2007-01-09 20:00:00,42.633731842041016,42.767860412597656,41.68525314331055,41.82896041870117,11559071,46.89327481587728,5340635.333333333,21.788726629320966,26.216099233554452,True,False
2007-01-10 20:00:00,41.29244613647461,41.62776947021485,40.29606246948242,41.32118988037109,14485084,46.73966573079427,5737575.8,24.22074011775964,24.801704525344938,True,False
2007-01-11 20:00:00,41.18706130981445,42.38463592529297,41.1199951171875,41.273284912109375,10556526,46.58733393351237,5889525.0,25.640765534187956,24.666494861832273,True,False
2007-01-12 20:00:00,41.34035110473633,42.72953796386719,41.25412368774414,42.53792572021485,9569324,46.46693751017253,6044769.066666666,26.592515654185853,34.775497226489804,True,False
2007-01-16 20:00:00,42.25050735473633,42.48044204711914,41.579864501953125,41.74273681640625,6660638,46.26127370198568,6027386.766666667,27.476283622755325,31.878758497898296,True,False
2007-01-17 20:00:00,41.98225021362305,42.72953796386719,41.50321960449219,42.164283752441406,8284020,46.059122721354164,6066942.333333333,28.009194353262608,34.97120362589135,True,False
2007-01-18 20:00:00,42.49002456665039,42.88282775878906,41.60860824584961,41.78105926513672,8422320,45.84196217854818,6207420.433333334,28.322371841676585,33.48308710291556,True,False
2007-01-19 20:00:00,42.58583068847656,43.03611755371094,42.01099395751953,42.87324905395508,9526216,45.676856231689456,6390571.533333333,28.425043258425262,41.16691335926311,True,False
2007-01-22 20:00:00,43.5151481628418,43.5726318359375,41.97267150878906,41.97267150878906,9164653,45.460653686523436,6556302.066666666,27.873841862476723,37.33697114908193,True,False
2007-01-23 20:00:00,42.39421844482422,43.64927673339844,42.2888298034668,43.19898986816406,7523630,45.3000186920166,6676656.2,27.270465366328203,44.85976754205011,True,False
2007-01-24 20:00:00,43.78340530395508,44.386985778808594,43.22772979736328,44.2624397277832,8418876,45.19846420288086,6837119.133333334,25.86442652381896,50.41861838047571,True,False
2007-01-25 20:00:00,44.2624397277832,44.47320938110352,43.42892456054688,43.49598693847656,7259764,45.067209752400714,6948559.433333334,24.464099084473844,46.75978988159782,True,False
2007-01-26 20:00:00,43.64927673339844,44.10914611816406,43.30437469482422,43.725921630859375,6830251,44.95351969401042,7072330.2,23.289764431111767,47.979425319530684,True,True
2007-01-29 20:00:00,43.95585632324219,44.042083740234375,43.10318374633789,43.275634765625,7529580,44.81843299865723,7183624.4,22.40751078053734,45.76824580976808,True,False
2007-01-30 20:00:00,43.37144088745117,44.15705108642578,43.14150619506836,43.92711639404297,7788853,44.683346303304035,7296432.033333333,21.436693424104213,49.40156553764362,True,False
2007-01-31 20:00:00,43.92711639404297,44.78937149047852,43.687599182128906,44.41572570800781,7297131,44.50578549702962,7299664.233333333,20.066811966783543,51.99899944769712,True,True
2007-02-01 20:00:00,44.53069686889648,45.12469482421875,44.36782455444336,44.83727264404297,10223353,44.34227625528971,7436346.5,19.17827020650433,54.18420133513791,False,False
2007-02-02 20:00:00,45.412109375,45.49833679199219,44.47320938110352,45.30672454833984,4444287,44.26531194051107,7318880.133333334,18.76120849506479,56.55611969502997,False,True
2007-02-05 20:00:00,45.06720733642578,45.46001434326172,44.54027557373047,44.7031478881836,5699843,44.155134963989255,7293850.4,18.373936905870927,52.7732260237274,False,True
2007-02-06 20:00:00,45.000144958496094,45.02888870239258,44.53069686889648,44.69356536865234,4803972,44.050706227620445,7266552.233333333,17.999470492330364,52.71294317687203,False,True
2007-02-07 20:00:00,44.7031478881836,45.095951080322266,44.47320938110352,44.67440414428711,6157434,43.95394198099772,7320884.166666667,17.73643621388746,52.583595505295776,False,True
2007-02-08 20:00:00,44.7606315612793,45.55582046508789,44.185794830322266,45.24924087524414,6315461,43.89326477050781,7417875.133333334,18.052557036834454,56.066511334464664,False,True
2007-02-09 20:00:00,45.03846740722656,45.45043563842773,44.45404815673828,44.56901550292969,4893736,43.8246036529541,7456112.066666666,18.346097800999523,51.26752299828271,False,True
2007-02-12 20:00:00,44.2624397277832,44.33908462524414,43.687599182128906,44.06124496459961,6234986,43.71346855163574,7553652.766666667,17.306581894415018,47.96696224353338,False,True
2007-02-13 20:00:00,44.1283073425293,44.77021026611328,44.1283073425293,44.64566040039063,4582900,43.629797744750974,7611850.133333334,16.91501030814882,51.81218491563805,False,True
2007-02-14 20:00:00,44.77021026611328,46.42765426635742,44.71272659301758,46.0827522277832,12233454,43.60648485819499,7920751.7,18.169159496691396,59.69906078144754,False,False
2007-02-15 20:00:00,46.0827522277832,46.24562454223633,45.15343475341797,45.62288665771485,8488495,43.63522669474284,7965703.566666666,19.333726600338075,56.51165847668839,False,False
2007-02-16 20:00:00,45.60372543334961,46.11149597167969,45.412109375,45.52708053588867,7181585,43.69143295288086,7946432.0,20.415110339438563,55.84272484125743,False,True
2007-02-20 20:00:00,45.14385223388672,45.50791549682617,44.87559509277344,45.1725959777832,4563486,43.74572308858236,7796479.9,20.515628429939678,53.32745500329914,False,True
2007-02-21 20:00:00,44.961822509765625,46.054012298583984,44.78937149047852,45.76659393310547,7027629,43.823645401000974,7790885.266666667,21.130983057194435,56.83588738262196,False,True
2007-02-22 20:00:00,45.68037033081055,46.006107330322266,45.10553359985352,45.98694610595703,6597698,43.9622449239095,7625506.166666667,21.70238378250242,58.09435270102622,False,True
2007-02-23 20:00:00,46.22646331787109,46.56178665161133,45.86240005493164,46.22646331787109,6159208,44.125754038492836,7347976.966666667,22.73593344951103,59.477346966160994,False,True
2007-02-26 20:00:00,46.21688461303711,46.70549392700195,45.718692779541016,45.92946243286133,5371785,44.28095995585124,7175152.266666667,23.69565814030474,56.96676124752555,False,True
2007-02-27 20:00:00,45.843238830566406,45.843238830566406,43.82172775268555,44.348663330078125,9800207,44.341317876180014,7182848.366666666,22.16539467118942,45.8687740551879,False,False
2007-02-28 20:00:00,44.2624397277832,44.87559509277344,43.90795516967773,44.185794830322266,8142589,44.422753143310544,7232246.733333333,20.744435735582336,44.89826990884044,True,False
2007-03-01 20:00:00,44.0708236694336,44.97140121459961,43.591796875,44.5594367980957,8998901,44.50259157816569,7256076.1,19.786193445903574,47.63555484024806,False,False
2007-03-02 20:00:00,44.36782455444336,44.53069686889648,43.67802047729492,43.97501754760742,8020154,44.575723520914714,7242670.566666666,18.89639703405901,43.95731945337625,True,False
2007-03-05 20:00:00,43.591796875,44.042083740234375,42.96905517578125,43.256473541259766,6590496,44.588497670491535,7144813.233333333,18.855305780953177,39.879980902839264,True,True
2007-03-06 20:00:00,43.71634292602539,44.00376129150391,43.44808578491211,43.8887939453125,4608577,44.65236841837565,6992944.033333333,18.817149617354907,44.73780938892717,True,True
2007-03-07 20:00:00,43.8313102722168,45.20133972167969,43.601375579833984,44.41572570800781,8086538,44.69292627970378,7011707.633333334,17.75800655015647,48.47417917590558,True,False
2007-03-08 20:00:00,44.73188781738281,44.87559509277344,44.19537353515625,44.386985778808594,4649284,44.69707781473796,6886054.566666666,16.77451655918649,48.28243291663228,True,True
2007-03-09 20:00:00,44.71272659301758,44.84685516357422,44.089988708496094,44.386985778808594,4906784,44.72677777608236,6807621.9,15.72103712629608,48.282432916632274,True,True
2007-03-11 20:00:00,43.97501754760742,44.33908462524414,43.80256652832031,43.9462776184082,5103326,44.73412297566732,6750057.733333333,14.836298590966223,45.10910186312804,True,True
2007-03-12 20:00:00,43.84089279174805,44.59775924682617,43.5726318359375,43.61095428466797,8820207,44.74530029296875,6793078.633333334,13.896022510817733,42.80391016851626,True,False
2007-03-13 20:00:00,44.032501220703125,44.43489074707031,43.41934585571289,44.41572570800781,6717523,44.76158727010091,6757367.633333334,13.001823709761343,49.476979370137876,True,True
2007-03-14 20:00:00,44.23369598388672,44.300758361816406,43.8887939453125,43.93669509887695,4953336,44.74561958312988,6679241.133333334,12.171496251637553,46.034155015499344,True,True
2007-03-15 20:00:00,44.05166244506836,44.0708236694336,43.42892456054688,43.8313102722168,9081568,44.71208750406901,6641181.633333334,12.066192773013968,45.28755149433951,True,False
2007-03-18 20:00:00,44.13788986206055,44.45404815673828,43.85047149658203,44.377403259277344,4550021,44.68111012776693,6644706.1,11.350255046388824,49.82843828833812,True,True
2007-03-19 20:00:00,44.27201843261719,44.82769393920898,44.2432746887207,44.7606315612793,4863049,44.68302625020345,6616812.966666667,10.946523693107205,52.78963681355248,False,True
2007-03-20 20:00:00,44.83727264404297,45.392948150634766,44.69356536865234,45.15343475341797,7412260,44.698355229695636,6703755.9,11.312549898914584,55.67724814948149,False,False
2007-03-21 20:00:00,45.60372543334961,46.32226943969727,45.58456039428711,46.063594818115234,8523566,44.74466158548991,6782626.966666667,12.629649152231158,61.54628868521566,False,False
2007-03-22 20:00:00,46.0827522277832,46.60010528564453,46.0827522277832,46.25520324707031,6404704,44.778193664550784,6785601.733333333,14.10288025799118,62.66705272259304,False,True
2007-03-25 20:00:00,46.38933563232422,46.772560119628906,45.7857551574707,46.58094787597656,4787376,44.84525807698568,6782056.4,14.954153238752498,64.5582565572579,False,True
2007-03-26 20:00:00,46.59052658081055,47.09829711914063,46.44681930541992,46.92584609985352,5677611,44.94074478149414,6763477.233333333,16.063038381115806,66.493659673159,False,True
2007-03-27 20:00:00,47.251590728759766,47.95097351074219,47.23242950439453,47.682716369628906,9180622,45.04197998046875,6916734.633333334,17.813774559055123,70.32352766524275,False,False
2007-03-28 20:00:00,48.13300704956055,48.343780517578125,47.50068664550781,48.19049072265625,7304125,45.11223793029785,6752423.666666667,19.724692488752527,72.58734753942512,False,False
2007-03-29 20:00:00,48.14258575439453,48.15216827392578,47.18452453613281,47.24200820922852,5820295,45.16620864868164,6663483.666666667,20.93076436414086,62.930525998309804,False,True
2007-04-01 20:00:00,47.16536331176758,47.73062133789063,47.1557846069336,47.50068664550781,5470317,45.231995519002275,6606441.4,21.998393554829203,64.32451314454029,False,True
2007-04-02 20:00:00,47.04081726074219,47.78810501098633,47.0120735168457,47.586910247802734,4770571,45.312472661336265,6613344.233333333,22.717520379295816,64.79967291522418,False,True
2007-04-03 20:00:00,47.586910247802734,48.24797439575195,47.05997848510742,47.66355514526367,6067148,45.37570470174153,6581328.2,23.81299204193815,65.24282822128701,False,True
2007-04-04 20:00:00,47.64439392089844,47.9413948059082,47.36655807495117,47.855167388916016,5572607,45.437978744506836,6547158.5,24.830215728677455,66.38229586475026,False,True
2007-04-08 20:00:00,47.682716369628906,48.28629684448242,47.414459228515625,47.596492767333984,4532904,45.483646392822266,6492948.366666666,26.08986356302068,63.362317245353985,False,True
2007-04-09 20:00:00,47.80726623535156,48.477909088134766,47.64439392089844,48.22881317138672,4403893,45.56029141743978,6460685.3,27.427469226087972,67.28083540020933,False,True
2007-04-10 20:00:00,48.180908203125,48.62161636352539,47.452781677246094,47.76894378662109,6076020,45.67430076599121,6336545.733333333,28.23351379745883,62.08050329237634,False,True
2007-04-11 20:00:00,48.08510208129883,49.0527458190918,47.86474990844727,48.98567962646485,7873712,45.83429692586263,6327583.166666667,29.38767434679986,68.9244292774078,False,False
2007-04-12 20:00:00,50.58564376831055,50.59522247314453,48.69826126098633,49.11980819702149,5217620,45.98630930582682,6201540.466666667,31.504488355381262,69.5763043680647,False,True
2007-04-15 20:00:00,49.31142044067383,49.34016418457031,48.65036010742188,49.28268051147461,4450132,46.163231404622394,6082539.733333333,33.37102196589377,70.3886013666996,False,True
2007-04-16 20:00:00,49.34016418457031,49.48387145996094,48.5545539855957,48.81322860717773,3398634,46.34845657348633,5976144.333333333,35.18717253511827,65.00150420719382,False,True
2007-04-17 20:00:00,48.81322860717773,49.19645309448242,48.54497146606445,48.97610092163086,4759924,46.51803347269694,5981189.233333333,36.85131652910944,65.97447140636015,False,True
2007-04-18 20:00:00,48.96651840209961,48.96651840209961,47.99887847900391,48.14258575439453,4253798,46.64226214090983,5853431.233333333,37.178647997906296,57.20919563242759,False,True
2007-04-19 20:00:00,48.42042541503906,49.64674377441406,48.42042541503906,49.54135513305664,7609951,46.814074452718096,5952120.133333334,38.010201202235194,65.49429717616604,False,False
2007-04-22 20:00:00,50.40361022949219,50.40361022949219,48.86113357543945,49.292259216308594,6086771,46.97758356730143,5991453.033333333,39.26229679018545,63.14941048607044,False,False
2007-04-23 20:00:00,49.58926010131836,49.85751724243164,48.98567962646485,49.28268051147461,5492445,47.15546366373698,6004423.666666667,40.424956978996406,63.05591963676036,False,True
2007-04-24 20:00:00,49.80961227416992,50.3940315246582,49.522193908691406,50.001224517822266,4846558,47.36847267150879,5871968.7,41.81394239359895,67.00242820978033,False,True
2007-04-25 20:00:00,48.516231536865234,49.80961227416992,47.66355514526367,49.04316329956055,5794827,47.52272059122721,5841212.166666667,40.05975683263011,58.09181292928537,False,True
2007-04-26 20:00:00,48.87071228027344,49.33058166503906,48.40126419067383,49.02400207519531,5160629,47.692297490437824,5848121.933333334,38.43087024030189,57.925890708955805,False,True
2007-04-29 20:00:00,49.03358459472656,49.67548370361328,48.4970703125,48.57371520996094,5813302,47.8503776550293,5739179.733333333,37.23899921824053,54.02104978576665,False,False
2007-04-30 20:00:00,48.58329391479492,48.82281112670898,48.14258575439453,48.63119888305664,3910814,47.992170842488605,5717872.833333333,35.63962974647762,54.443254648359215,False,True
2007-05-01 20:00:00,48.84197235107422,49.388065338134766,48.71742248535156,49.1677131652832,3662396,48.13907356262207,5677851.066666666,34.69374011276306,58.292696403948284,False,True
2007-05-02 20:00:00,49.1677131652832,49.9629020690918,48.97610092163086,49.68506622314453,4421220,48.29012794494629,5578149.733333333,34.30598762377909,61.65718794001205,False,True
2007-05-03 20:00:00,49.74254989624024,50.28864288330078,49.091068267822266,49.48387145996094,5311246,48.404137166341144,5471072.4,34.20482916164372,59.64218713812844,False,True
2007-05-06 20:00:00,49.04316329956055,49.48387145996094,48.87071228027344,49.34016418457031,3760615,48.50696919759115,5382936.1,33.769305222592514,58.17964186124903,False,True
2007-05-07 20:00:00,49.15813064575195,49.225196838378906,48.4395866394043,48.97610092163086,4304734,48.58680763244629,5366848.033333333,32.71996105022969,54.53138764668248,False,True
2007-05-08 20:00:00,49.01442337036133,49.253936767578125,48.305458068847656,49.10064697265625,4514742,48.65930099487305,5328085.733333333,31.549353006439365,55.55808998972175,False,True
2007-05-09 20:00:00,49.33058166503906,49.34016418457031,48.171329498291016,48.36294174194336,5072117,48.68197517395019,5191135.566666666,30.260928237747454,48.56324442174855,True,True
2007-05-10 20:00:00,48.62161636352539,49.915000915527344,48.62161636352539,49.75212860107422,6081656,48.73402976989746,5150386.6,29.686172233578198,59.02514783248923,False,False
2007-05-13 20:00:00,49.75212860107422,50.08745193481445,49.34016418457031,49.67548370361328,6513048,48.815145619710286,5173478.366666666,29.327410715975738,58.3203500559043,False,False
2007-05-14 20:00:00,49.67548370361328,50.5760612487793,49.48387145996094,50.135353088378906,6276842,48.902967834472655,5200362.533333333,29.4659442335763,61.30579651408616,False,False
2007-05-15 20:00:00,50.25032043457031,50.94012451171875,49.867095947265625,50.77725601196289,5144660,49.009312693278,5212832.166666667,29.917193401891527,65.06710803291813,False,True
2007-05-16 20:00:00,51.01676940917969,52.00357437133789,50.480255126953125,51.72573471069336,5175034,49.144718678792316,5183095.033333333,31.121954809327438,69.74670999830684,False,True
2007-05-17 20:00:00,51.11257553100586,52.626312255859375,51.11257553100586,52.37721633911133,7746894,49.29545364379883,5255571.266666667,32.61125714401497,72.4742596069976,False,False
2007-05-20 20:00:00,52.26224899291992,52.86582946777344,52.022735595703125,52.492183685302734,6123094,49.45864334106445,5308577.6,34.12734022323071,72.93793914477182,False,False
2007-05-21 20:00:00,52.61673355102539,52.99037551879883,52.18560409545898,52.2335090637207,4670577,49.59213320414225,5317467.066666666,35.60528007077912,70.07757082382011,False,True
2007-05-22 20:00:00,52.39637756347656,52.79876327514648,51.99399185180664,52.319732666015625,6855302,49.743826166788736,5343443.133333334,36.60114395650998,70.4929561940965,False,False
2007-05-23 20:00:00,52.022735595703125,52.65505599975586,51.45747756958008,51.668251037597656,6478499,49.833245213826494,5296936.033333333,36.53131657619341,63.33840840914217,False,False
2007-05-24 20:00:00,52.26224899291992,52.760440826416016,52.13770294189453,52.65505599975586,4272064,49.951086807250974,5265417.5,36.55529250163731,68.54588956631885,False,True
2007-05-28 20:00:00,52.24308776855469,52.24308776855469,51.45747756958008,51.8023796081543,4473095,50.0350767771403,5266182.933333334,35.420358118804586,60.54347031987355,False,True
2007-05-29 20:00:00,51.81196212768555,52.91373062133789,51.39041519165039,52.77960586547852,4808147,50.167289352416994,5313166.7,34.999158635155496,65.51275580725645,False,True
2007-05-30 20:00:00,52.69337844848633,53.32569885253906,52.4347038269043,52.66463470458984,6230394,50.29024047851563,5362182.366666666,34.95428032415854,64.48378266161677,False,False
2007-05-31 20:00:00,53.32569885253906,54.37956619262695,52.98079681396485,53.96760177612305,6830669,50.48440767923991,5448078.066666666,35.65935590757742,70.19685226225454,False,False
2007-06-03 20:00:00,54.05382537841797,56.50646209716797,53.96760177612305,55.93162536621094,9076036,50.69741668701172,5496947.566666666,37.32762219293037,76.36772155823307,False,False
2007-06-04 20:00:00,55.85498046875,56.03701019287109,55.2993049621582,55.864559173583984,6062555,50.91649335225423,5496140.366666666,38.876726600758104,75.79063442664109,False,False
2007-06-05 20:00:00,55.663368225097656,55.663368225097656,54.85859680175781,55.23224258422852,7197346,51.1148120880127,5552970.4,39.65406797455103,70.38984582998555,False,False
2007-06-06 20:00:00,54.609500885009766,55.76875686645508,54.28376007080078,54.29334259033203,7129397,51.25788269042969,5629065.033333333,39.56738764016344,63.189460676327634,False,False
2007-06-07 20:00:00,54.22627639770508,54.59991836547852,53.58437347412109,54.55201721191406,4291061,51.441511154174805,5578939.5,38.59586296468223,64.27376728844261,False,True
2007-06-10 20:00:00,54.37956619262695,55.28014373779297,54.11130905151367,54.609500885009766,4155997,51.62769444783529,5545451.766666667,38.14978543909007,64.5238546376225,False,True
2007-06-11 20:00:00,54.41788864135742,54.99272537231445,53.900535583496094,54.21669769287109,5093515,51.81579386393229,5521458.866666666,37.47112486726735,61.36284951151587,False,True
2007-06-12 20:00:00,54.27417755126953,55.37594985961914,54.27417755126953,55.28014373779297,5008656,52.03742535909017,5558053.6,37.10559270850994,66.19179345820156,False,True
2007-06-13 20:00:00,55.56756210327149,56.7268180847168,55.45259475708008,56.26694869995117,6989844,52.2740665435791,5668968.533333333,37.56181955190204,69.94547550820226,False,False
2007-06-14 20:00:00,56.70765686035156,56.9663314819336,56.50646209716797,56.82262420654297,4392620,52.51198514302572,5668015.2,38.10849652920189,71.84139993936108,False,True
2007-06-17 20:00:00,56.86094665527344,57.22500991821289,56.76514053344727,56.889686584472656,3771261,52.75884564717611,5616682.366666666,38.750116754207006,72.07039093047342,False,True
2007-06-18 20:00:00,56.89926910400391,56.94717025756836,56.26694869995117,56.621429443359375,4984232,53.00155448913574,5657469.6,38.64923350292317,69.63107819196846,False,True
2007-06-19 20:00:00,55.95078659057617,56.27652740478516,54.58075714111328,54.71488952636719,7750860,53.192847442626956,5772340.466666667,36.646085424897194,55.30429312317055,False,False
2007-06-20 20:00:00,55.54840087890625,56.18072128295898,55.13643646240234,56.06575393676758,5660702,53.425017674764,5810539.133333334,34.786019352444505,61.369269180840035,False,True
2007-06-21 20:00:00,56.33401107788086,56.65017318725586,55.56756210327149,56.33401107788086,8402697,53.69071998596191,5921558.466666667,33.43640224574721,62.45869304364305,False,False
2007-06-24 20:00:00,55.85498046875,56.1136589050293,54.963985443115234,55.30888748168945,6130922,53.875945281982425,5923200.666666667,31.556710698044263,55.96368243444276,False,False
2007-06-25 20:00:00,55.42385482788086,55.72085189819336,53.23947143554688,53.54605484008789,8827513,54.00496431986491,6000349.5,30.239246464906493,46.92664615896193,True,False
2007-06-26 20:00:00,53.03828048706055,54.64782333374024,52.18560409545898,54.427467346191406,8202397,54.14803479512533,6064534.666666667,29.702063152913357,51.1722481557208,False,False
2007-06-27 20:00:00,54.80111312866211,55.49091720581055,54.70530700683594,54.87775802612305,5578139,54.28471819559733,6078983.966666667,28.440911679085364,53.23061527578148,False,True
2007-06-28 20:00:00,55.529239654541016,56.30527114868164,55.06937026977539,55.45259475708008,5997945,54.40894686381022,6106414.333333333,26.605880894027358,55.792660114223324,False,True
2007-07-01 20:00:00,56.03701019287109,56.25736618041992,55.56756210327149,56.25736618041992,4194825,54.53828519185384,5988012.033333333,24.901923736473496,59.16527981480083,False,True
2007-07-02 20:00:00,56.37233352661133,56.71723556518555,56.25736618041992,56.33401107788086,2032959,54.66634610493978,5851674.2,23.304971070344777,59.48231900862011,False,True
2007-07-04 20:00:00,56.21904373168945,57.26333236694336,56.09449768066406,56.9663314819336,4876514,54.82410685221354,5858538.766666667,22.25248176591271,62.09686978421784,False,True
2007-07-05 20:00:00,57.53158950805664,57.54116821289063,56.85136413574219,57.26333236694336,3942127,54.98889350891113,5761432.933333334,21.489155873670505,63.29494373209227,False,True
2007-07-08 20:00:00,57.46452331542969,58.48965072631836,57.081298828125,58.09684371948242,5823322,55.203179931640626,5739593.7,21.459470363439408,66.49566602996093,False,False
2007-07-09 20:00:00,57.67529678344727,58.20223236083984,57.244171142578125,57.282493591308594,5287657,55.35742785135905,5773446.8,21.431905246796248,60.907406805691075,False,True
2007-07-10 20:00:00,57.15794372558594,57.44536209106445,56.81304168701172,57.205848693847656,5222525,55.53754348754883,5798427.8,20.94245633767255,60.39297667115896,False,True
2007-07-11 20:00:00,58.422584533691406,59.32316207885742,57.205848693847656,59.16029357910156,6489981,55.75023307800293,5854488.933333334,21.71444162602475,67.84995304285994,False,False
2007-07-12 20:00:00,59.06448745727539,61.58418655395508,58.9782600402832,60.93270492553711,7513088,56.02583541870117,5897245.4,23.43924271997883,72.84331545056129,False,False
2007-07-15 20:00:00,60.93270492553711,60.93270492553711,58.23097229003906,58.95909881591797,6877221,56.192218653361,5898797.133333334,24.326659993279723,61.40647003482991,False,False
2007-07-16 20:00:00,59.514774322509766,60.10877227783203,57.64655685424805,57.74236297607422,8220872,56.25257657368978,5870291.666666667,24.621010762779754,55.60968150237293,False,False
2007-07-17 20:00:00,57.77110290527344,59.5914192199707,57.48368453979492,59.33274459838867,7242438,56.3681827545166,5909621.1,24.74646268344463,60.8164348436386,False,False
2007-07-18 20:00:00,59.95548248291016,59.97464370727539,59.33274459838867,59.62974166870117,5303313,56.51476605733236,5846486.666666667,25.06929383473306,61.71944466302172,False,True
2007-07-19 20:00:00,59.380645751953125,60.01296615600586,58.88245391845703,59.49561309814453,6288010,56.68817507425944,5818440.433333334,24.93231215847942,61.03533819849165,False,False
2007-07-22 20:00:00,60.02254867553711,60.06087112426758,58.10642623901367,58.79623031616211,5228162,56.82964884440104,5849677.133333334,24.0951854627662,57.45900395333212,False,True
2007-07-23 20:00:00,58.20223236083984,58.432167053222656,56.1136589050293,56.68849563598633,6621079,56.898948669433594,5931846.533333333,22.905855147803113,48.27797281637814,True,False
2007-07-24 20:00:00,57.244171142578125,58.3076171875,55.2993049621582,58.17348861694336,7532816,57.030841700236,6013156.566666666,22.292888814898614,53.87046730789956,False,False
2007-07-25 20:00:00,57.29207229614258,57.72320175170898,54.36998748779297,55.73043441772461,10899197,57.045851389567055,6209507.933333334,22.23594499766555,45.209722326570024,True,False
2007-07-26 20:00:00,55.77833557128906,55.82624053955078,53.53647232055664,54.5136947631836,9542812,56.987409591674805,6294606.866666666,22.602516207512696,41.62079911693405,True,False
2007-07-29 20:00:00,55.20349884033203,55.32804870605469,53.79515075683594,55.0023078918457,7059881,56.9267323811849,6383515.566666666,22.94290375951362,43.558483993823174,True,False
2007-07-30 20:00:00,55.56756210327149,56.18072128295898,54.20711517333984,54.34124374389648,7261330,56.84178428649902,6499851.2,22.517401801867916,41.54915806984483,True,False
2007-07-31 20:00:00,54.609500885009766,55.77833557128906,53.32569885253906,54.81069564819336,9335832,56.781426493326826,6644904.533333333,22.615590586470493,43.540947400479894,True,False
2007-08-01 20:00:00,55.03104782104492,55.16517639160156,53.60353469848633,54.58075714111328,7387313,56.77695541381836,6632786.3,22.7067658864586,42.77213766870853,True,False
2007-08-02 20:00:00,55.72085189819336,55.72085189819336,52.932891845703125,52.942474365234375,8374724,56.67284609476725,6723253.7,23.163221047387662,37.668693206526925,True,False
2007-08-05 20:00:00,52.952056884765625,53.11492538452149,51.02635192871094,52.01315689086914,11186652,56.528817621866864,6816052.2,24.463891886734796,35.10958826764015,True,False
2007-08-06 20:00:00,52.01315689086914,53.74724578857422,51.26586532592773,53.02870178222656,7860248,56.45281143188477,6873696.4,25.08358664533565,39.91359356653187,True,False
2007-08-07 20:00:00,53.73766326904297,54.89691925048828,53.1053466796875,53.996341705322266,6495199,56.467820994059245,6795952.6,24.685603957281177,44.155877706022665,True,True
2007-08-08 20:00:00,52.69337844848633,53.45024871826172,51.73531723022461,52.31015396118164,8035810,56.397243881225585,6790399.7,24.98356504325678,38.989900531797986,True,False
2007-08-09 20:00:00,51.75447845458984,53.699344635009766,51.25628662109375,53.30653762817383,7252249,56.34486986796061,6846203.366666666,25.47310411470654,43.21740931969482,True,False
2007-08-12 20:00:00,53.70892333984375,54.26459884643555,53.17240905761719,53.26821517944336,3877935,56.27205721537272,6775536.366666666,25.45174536512744,43.09372684224823,True,True
2007-08-13 20:00:00,54.0729866027832,54.130470275878906,52.83708572387695,52.92331314086914,5980932,56.160922114054365,6835073.266666667,25.599083641762576,41.930650454981354,True,True
2007-08-14 20:00:00,53.17240905761719,53.79515075683594,51.68741226196289,51.90776824951172,6132488,56.013380686442055,6971724.233333333,26.271931402325862,38.625043499105644,True,True
2007-08-15 20:00:00,50.87306213378906,51.14131927490234,48.53539276123047,50.87306213378906,11852267,55.810271708170575,7204249.333333333,27.983368454780276,35.54993138183031,True,False
2007-08-16 20:00:00,52.587989807128906,52.7891845703125,50.65270614624024,52.05147552490234,8274313,55.636543146769206,7348655.533333333,28.322849367719495,41.28340925369047,True,False
2007-08-19 20:00:00,51.57244491577149,53.19157028198242,51.34251022338867,52.7317008972168,5579496,55.45770505269368,7340528.0,28.35634674036029,44.36034902262402,True,True
2007-08-20 20:00:00,52.453861236572266,53.16282653808594,51.55328369140625,52.27183151245117,4631540,55.29068298339844,7318657.433333334,28.387451443526743,42.730083805659746,True,True
2007-08-21 20:00:00,52.67421722412109,53.4598274230957,51.96525192260742,52.64547348022461,5700365,55.13867047627767,7334585.433333334,28.188134471477532,44.514310893024195,True,True
2007-08-22 20:00:00,52.75086212158203,53.88137435913086,52.13770294189453,52.75086212158203,4193572,54.925022761027016,7258038.466666667,27.675323825585888,45.034470750673236,True,True
2007-08-23 20:00:00,52.932891845703125,54.5136947631836,52.87540817260742,54.35082244873047,4276344,54.7056266784668,7150147.0,26.71749472465886,52.33939171771739,True,True
2007-08-26 20:00:00,54.08256530761719,54.52327346801758,53.65143966674805,53.996341705322266,2718719,54.54020144144694,7011530.266666667,25.820669085899816,50.730731401096676,True,True
2007-08-27 20:00:00,53.61311721801758,53.986759185791016,52.31015396118164,52.38679885864258,6783699,54.36168263753255,6963624.5,25.726496024576555,44.10255569740489,True,True
2007-08-28 20:00:00,53.22031021118164,54.12089157104492,52.55924987792969,53.88137435913086,7702011,54.179970296223956,6978943.6,25.525155347853598,50.56185035495593,True,False
2007-08-29 20:00:00,53.88137435913086,54.609500885009766,53.22031021118164,54.0155029296875,3583278,53.9928290049235,6921609.1,24.918217404386922,51.107884864468765,False,True
2007-08-30 20:00:00,54.743629455566406,55.19391632080078,54.22627639770508,54.31250381469727,3596220,53.82005869547526,6831882.766666667,23.8694402301023,52.36254912691898,False,True
2007-09-03 20:00:00,54.32208251953125,56.10407638549805,54.22627639770508,55.58672332763672,5255404,53.71307512919108,6832790.833333333,22.197053117612416,57.41203105374232,False,True
2007-09-04 20:00:00,55.2418212890625,56.04659271240234,55.11727523803711,55.92204666137695,5656631,53.687526830037434,6800642.566666666,20.644122227443237,58.6540701840083,False,True
2007-09-05 20:00:00,56.54478454589844,57.282493591308594,56.12323760986328,56.621429443359375,5525637,53.6357915242513,6733736.6,20.016552578396038,61.19598426087999,False,True
2007-09-06 20:00:00,55.874141693115234,57.196266174316406,55.76875686645508,56.55436706542969,5991683,53.66325594584147,6570152.8,19.142320407306208,60.809927392112385,False,True
2007-09-09 20:00:00,56.06575393676758,56.889686584472656,54.475372314453125,56.21904373168945,5888767,53.72010091145833,6448351.3,18.184699957477896,58.81207066735444,False,True
2007-09-10 20:00:00,56.5256233215332,57.416622161865234,55.59630584716797,57.38787841796875,5584924,53.79961992899577,6399186.066666666,16.901682553560565,63.334033529763666,False,True
2007-09-11 20:00:00,57.196266174316406,59.00700378417969,57.17710494995117,58.298038482666016,8804446,53.93151308695475,6450623.266666667,16.715949962198195,66.42518332009226,False,False
2007-09-12 20:00:00,58.288455963134766,59.965065002441406,58.0681037902832,59.49561309814453,5673540,54.087677001953125,6328546.866666666,17.069521611787867,70.00805337582304,False,True
2007-09-13 20:00:00,58.88245391845703,59.524356842041016,58.22139358520508,58.54713439941406,5430758,54.219889577229814,6263328.366666666,17.397838143549702,64.16764529421299,False,True
2007-09-16 20:00:00,58.39384460449219,58.9207763671875,58.116004943847656,58.470489501953125,4319765,54.40415674845378,6128163.066666666,17.60846099368445,63.70514707688801,False,True
2007-09-17 20:00:00,58.470489501953125,61.42131805419922,58.26929473876953,61.09557723999024,7074077,54.70690409342448,5991077.233333333,19.038518083808874,71.32771807198844,False,False
2007-09-18 20:00:00,61.57460784912109,63.097923278808594,61.45964050292969,61.59376907348633,6880978,54.99240633646647,5958434.9,20.969864671364032,72.50777716752702,False,False
2007-09-19 20:00:00,61.4308967590332,61.6895751953125,60.82732009887695,61.200965881347656,4986737,55.23256047566732,5908152.833333333,22.219173125573434,70.05943988001886,False,True
2007-09-20 20:00:00,61.93867111206055,62.149444580078125,61.200965881347656,61.70873641967773,5061367,55.54584655761719,5809004.733333333,23.551724789793997,71.40367149864446,False,True
2007-09-23 20:00:00,61.30635070800781,61.6320915222168,60.65486907958984,61.0189323425293,6044185,55.80292638142904,5768735.933333334,24.308286829578737,67.00269167878092,False,False
2007-09-24 20:00:00,60.42493438720703,60.53031921386719,59.725547790527344,60.300384521484375,5142050,56.03733202616374,5810873.1,24.239315941226344,62.66957683863522,False,True
2007-09-25 20:00:00,60.875221252441406,61.354251861572266,60.300384521484375,61.191383361816406,9097016,56.31293436686198,5914742.566666666,24.56616608163988,65.6371615513763,False,False
2007-09-26 20:00:00,61.60334777832031,62.40811920166016,61.27760696411133,61.986572265625,7267384,56.648894500732425,5952572.433333334,25.324906064965422,68.07627306053348,False,False
2007-09-27 20:00:00,62.07279968261719,62.64763641357422,60.99977111816406,61.392574310302734,4858457,56.99954490661621,5719445.433333334,25.790077403925466,64.3990385211544,False,True
2007-09-30 20:00:00,61.4308967590332,63.4715690612793,61.33509063720703,63.375762939453125,7820480,57.377021153767906,5704317.666666667,26.57919708884621,70.18889044408022,False,False
2007-10-01 20:00:00,63.18415069580078,63.29911804199219,61.88118743896485,62.52308654785156,6284044,57.70340067545573,5727802.6,27.311951081986905,65.27361043829254,False,False
2007-10-02 20:00:00,62.101539611816406,62.2452507019043,60.93270492553711,61.41173553466797,5607574,58.008064142862956,5760337.066666666,27.12046356632863,59.43176320943967,False,True
2007-10-03 20:00:00,61.3159294128418,63.43324661254883,60.63570785522461,63.069183349609375,10531475,58.35552113850911,5921374.066666666,27.52085569307504,64.53027757326481,False,False
2007-10-04 20:00:00,63.43324661254883,63.84521484375,63.05002212524414,63.62485885620117,5504031,58.71798769632975,5965056.033333333,28.077954355261536,66.06988134758862,False,True
2007-10-07 20:00:00,62.60931396484375,63.21289443969727,62.178184509277344,62.43686294555664,4379364,58.98752237955729,5968490.033333333,27.814392947305546,60.0669279320464,False,True
2007-10-08 20:00:00,62.5997314453125,64.19011688232422,62.36979675292969,64.09430694580078,4636759,59.32412122090658,6032424.7,28.049540516511488,64.8634764081024,False,True
2007-10-09 20:00:00,63.24163436889648,64.64998626708984,63.11708450317383,64.37214660644531,3671163,59.7236328125,5928673.5,28.47993337128967,65.60920095990222,False,True
2007-10-10 20:00:00,64.94698333740234,67.06430053710938,64.2380142211914,64.91824340820312,7185030,60.091528447469074,5911440.8,29.80204549672216,67.08775510803041,False,False
2007-10-11 20:00:00,65.39727020263672,66.614013671875,65.01404571533203,66.30743408203125,4360159,60.50125948588053,5937336.833333333,31.029721041766617,70.555706596443,False,True
2007-10-14 20:00:00,67.06430053710938,67.60081481933594,66.02001190185547,66.22120666503906,7214673,60.898216247558594,6057951.933333334,32.491442273191105,70.0622287538371,False,False
2007-10-15 20:00:00,66.22120666503906,68.0223617553711,65.69427490234375,67.67745971679688,8460940,61.30124079386393,6164803.133333334,33.9790966333605,73.44075565639643,False,False
2007-10-16 20:00:00,68.44390869140625,68.49181365966797,66.37449645996094,66.86310577392578,5924568,61.66594276428223,6173734.366666666,35.504434503177336,68.76717101304061,False,True
2007-10-17 20:00:00,66.87268829345703,67.41878509521484,66.55652618408203,67.19842529296875,5464681,62.01850929260254,6171702.5,36.920819668007255,69.6243449212648,False,True
2007-10-18 20:00:00,66.7768783569336,66.92059326171875,63.63444137573242,63.91227722167969,8539536,62.26377296447754,6256630.933333334,35.59985811527486,53.98709000833305,False,False
2007-10-21 20:00:00,61.4308967590332,63.00211715698242,61.354251861572266,62.465606689453125,7164154,62.47199172973633,6299143.833333333,33.14864505287966,48.79176076874632,True,False
2007-10-22 20:00:00,63.87395477294922,64.71704864501953,62.762603759765625,63.95059967041016,5954002,62.690749104817705,6311446.433333334,31.54863554127336,53.715532151994225,False,True
2007-10-23 20:00:00,63.30870056152344,65.21524047851562,63.26079559326172,64.98530578613281,8453216,62.91365801493327,6299738.766666667,30.291343130791972,56.83022429626041,False,False
2007-10-24 20:00:00,65.43559265136719,66.88227081298828,64.85118103027344,66.15414428710938,6535280,63.13560905456543,6328463.433333334,29.826764927572352,60.09691837418867,False,False
2007-10-25 20:00:00,67.04513549804688,68.42474365234375,66.99723815917969,67.80200958251953,7696375,63.44410489400228,6403984.0,29.952236401499448,64.20893767289371,False,False
2007-10-28 20:00:00,68.21397399902344,68.42474365234375,67.07388305664062,67.28465270996094,6470566,63.73791033426921,6475677.366666666,30.068745627288898,62.04709849231966,False,True
2007-10-29 20:00:00,66.614013671875,66.75772094726562,63.84521484375,63.99850463867188,7490230,63.83467458089193,6489549.133333334,28.307240353092773,50.432156886332415,False,False
2007-10-30 20:00:00,64.54460144042969,66.58526611328125,63.826053619384766,66.15414428710938,8347899,63.986687088012694,6538446.5,26.66199652725862,56.221510110932904,False,False
2007-10-31 20:00:00,65.0523681640625,66.10623931884766,63.43324661254883,63.96017837524414,7410903,64.07866083780924,6619252.033333333,24.92922196223998,49.841003014879,True,False
2007-11-01 20:00:00,64.66914367675781,65.97210693359375,64.09430694580078,65.85713958740234,9628715,64.21694094340006,6771496.966666667,23.320217009008385,54.63489124686999,False,False
2007-11-05 20:00:00,65.79007720947266,68.01277923583984,64.67872619628906,67.77326202392578,8430775,64.44208526611328,6851049.966666667,22.80986044166672,58.90712562283538,False,False
2007-11-06 20:00:00,68.01277923583984,70.81990051269531,67.86907196044922,70.59954833984375,21544130,64.78539072672525,7397785.966666667,23.371192163254516,64.25440877183416,False,False
2007-11-07 20:00:00,70.80073547363281,71.21270751953125,67.83074951171875,67.90739440917969,8431923,65.00925776163737,7375616.2,24.01818477053813,56.68744031158568,False,False
2007-11-08 20:00:00,68.24271392822266,69.90016174316406,67.06430053710938,68.90377807617188,9464425,65.2398312886556,7448850.9,24.13978934396121,58.62932310591196,False,False
2007-11-09 20:00:00,68.39600372314453,69.83309936523438,67.47626495361328,67.81158447265625,8558220,65.45379829406738,7572176.333333333,24.252707876425493,55.68229677434792,False,False
2007-11-12 20:00:00,67.23674774169922,67.23674774169922,64.1422119140625,64.41046905517578,8309175,65.4882884979248,7588466.166666667,22.529725415658437,47.65002026615857,True,False
2007-11-13 20:00:00,65.08111572265625,65.42601776123047,62.98295974731445,65.33979034423828,8264606,65.58217862447103,7654484.9,21.417616981620647,49.781656492752724,True,False
2007-11-14 20:00:00,66.06791687011719,67.71578216552734,65.35894775390625,65.39727020263672,4657008,65.71502978006998,7622799.366666666,20.390860881239515,49.917493192019386,True,True
2007-11-15 20:00:00,65.00446319580078,65.51223754882812,62.57099151611328,63.21289443969727,6794763,65.71982014973959,7498242.3,19.55154047332176,44.942336875266776,True,True
2007-11-16 20:00:00,63.7685661315918,65.76133728027344,63.67276382446289,65.62720489501953,7422906,65.7865650177002,7562204.8,18.66429241691554,50.78128580208767,True,True
2007-11-19 20:00:00,65.7804946899414,66.54694366455078,64.76495361328125,65.15776062011719,6635170,65.87726160685222,7637398.333333333,17.495404552788013,49.678078054674614,True,True
2007-11-20 20:00:00,65.39727020263672,68.88461303710938,65.3876953125,68.30977630615234,6989844,66.01777725219726,7715834.5,17.00393195246652,56.5098521941497,False,True
2007-11-21 20:00:00,67.84990692138672,70.89654541015625,67.06430053710938,67.33255767822266,9325916,66.11645762125652,7904326.266666667,17.216375220233438,54.05945766072753,False,False
2007-11-23 20:00:00,67.91697692871094,69.3636474609375,67.45710754394531,69.07622528076172,2475102,66.25505701700847,7747328.666666667,17.413643968874148,57.59296799910531,False,True
2007-11-26 20:00:00,69.21994018554688,69.8618392944336,65.96253204345703,66.36491394042969,7188161,66.25697301228841,7841595.4,16.887427226510557,51.02148057540299,False,True
2007-11-27 20:00:00,65.94336700439453,65.981689453125,64.19011688232422,65.64636993408203,9013410,66.23781178792318,7901553.3,15.715105119156176,49.41236038123315,True,False
2007-11-28 20:00:00,66.26911163330078,67.16010284423828,64.38172912597656,66.86310577392578,9490206,66.21066665649414,7935862.166666667,15.018498790663285,52.1635587437344,False,False
2007-11-29 20:00:00,66.85352325439453,68.52055358886719,66.43197631835938,67.04513549804688,5548079,66.21673431396485,7923312.533333333,14.867234713449694,52.579065689740915,False,True
2007-11-30 20:00:00,67.524169921875,67.79242706298828,65.8858871459961,66.84394836425781,8169727,66.20491841634114,8013480.733333333,14.477519785062977,52.04103392420929,False,False
2007-12-03 20:00:00,66.28826904296875,68.32894134521484,66.28826904296875,67.59123229980469,6090737,66.32755025227864,7931854.1,14.320545078269433,53.92690736332077,False,True
2007-12-04 20:00:00,67.30381774902344,67.43794250488281,66.13497924804688,66.45114135742188,4706066,66.4604014078776,7849917.833333333,14.097393301968026,50.65427395568937,True,True
2007-12-05 20:00:00,67.19842529296875,68.9325180053711,66.45114135742188,67.35171508789062,7094326,66.57377192179362,7887928.633333334,14.47374213810006,53.07666991295233,False,True
2007-12-06 20:00:00,67.05471801757812,69.51693725585938,66.57569122314453,69.49777221679688,6671806,66.72418746948242,7828548.3,15.038019927991868,58.32668258185885,False,True
2007-12-07 20:00:00,69.44987487792969,69.81393432617188,68.49181365966797,69.26783752441406,4212152,66.82797724405924,7751110.7,15.672906064591759,57.58329391421856,False,True
2007-12-10 20:00:00,69.2295150756836,70.01512908935547,68.57803344726562,68.98042297363281,4984440,66.86725769042968,7660712.866666666,16.340600164769402,56.612010063654495,False,True
2007-12-11 20:00:00,69.2295150756836,70.12051391601562,66.58526611328125,66.97807312011719,6623062,66.85703837076822,7665796.066666666,15.772777839685608,50.25250559315254,False,True
2007-12-12 20:00:00,68.6163558959961,70.41751098632812,68.6163558959961,69.42112731933594,7295148,67.0377924601237,7659293.333333333,15.382291612826538,56.65092060192467,False,True
2007-12-13 20:00:00,68.94210052490234,70.36961364746094,68.65467834472656,70.12051391601562,5779796,67.17000478108724,7573689.9,15.019697259314546,58.30425908918868,False,True
2007-12-14 20:00:00,69.5648422241211,69.60316467285156,67.98403930664062,68.0223617553711,4534991,67.30541089375814,7477826.166666667,14.274084878452781,51.90807205770077,False,True
2007-12-17 20:00:00,67.85948944091797,67.85948944091797,65.51223754882812,65.99127197265625,4846767,67.3098819732666,7318427.9,14.203285441073541,46.58080259041129,True,True
2007-12-18 20:00:00,66.60443115234375,68.0223617553711,66.26911163330078,67.4092025756836,5566031,67.2977466583252,7222936.433333334,14.040637720278152,50.40727246619282,False,True
2007-12-19 20:00:00,68.58761596679688,69.3636474609375,67.78284454345703,68.9325180053711,5647968,67.24217898050944,6693064.366666666,13.122005740606355,54.202697250681574,False,True
2007-12-20 20:00:00,69.57441711425781,69.72770690917969,68.59719848632812,69.61273956298828,4526954,67.29902381896973,6562898.733333333,12.297742529157679,55.828362520445474,False,True
2007-12-21 20:00:00,69.63190460205078,72.75518035888672,69.63190460205078,72.64979553222656,8065871,67.42389106750488,6516280.266666667,12.913368526765241,62.26833845438509,False,False
2007-12-24 20:00:00,72.69770050048828,73.66534423828125,72.09412384033203,73.56953430175781,1499904,67.61582272847494,6281003.066666666,13.822817635774076,63.980989577114165,False,True
2007-12-26 20:00:00,74.9970474243164,75.22698211669922,73.43540954589844,74.7862777709961,3333189,67.96168301900228,6115136.866666666,15.19575661149975,66.16875222372018,False,True
2007-12-27 20:00:00,74.69046783447266,75.50482177734375,74.43179321289062,74.75753021240234,3383290,68.27560768127441,5952426.333333333,16.56010000369454,66.06664949803765,False,True
2007-12-28 20:00:00,75.9263687133789,75.9263687133789,74.56591796875,74.82460021972656,2418217,68.58985201517741,5877799.966666667,17.96619148688132,66.19770120937513,False,True
2007-12-31 20:00:00,74.34556579589844,75.15991973876953,73.60785675048828,73.76114654541016,2753477,68.94146041870117,5743090.433333334,18.61317110674699,62.10228151130395,False,True
2008-01-02 20:00:00,74.7671127319336,76.02217102050781,74.01982879638672,75.0641098022461,5664773,69.25602391560872,5684486.0,19.534832359725204,64.96242500942007,False,True
2008-01-03 20:00:00,75.15991973876953,77.44010162353516,75.0641098022461,77.1335220336914,6196471,69.65521596272787,5669862.7,20.871537140397066,68.96815670759318,False,False
2008-01-04 20:00:00,76.6257553100586,76.88442993164062,74.29766082763672,74.49885559082031,6741635,69.86151860555013,5661589.066666666,21.578255771315554,59.62228631049366,False,False
2008-01-07 20:00:00,74.72879028320312,75.1982421875,71.56718444824219,73.19589233398438,8300407,70.05696309407553,5627405.433333334,20.62836738501286,55.60893717374207,False,False
2008-01-08 20:00:00,73.70366668701172,74.51802062988281,71.11689758300781,71.37557220458984,8696833,70.13360799153646,5834796.466666667,19.5171331486607,50.495089912328375,False,False
2008-01-09 20:00:00,71.60551452636719,73.19589233398438,70.5899658203125,72.7264404296875,8846197,70.34565887451171,5890064.333333333,18.215083984751804,53.88432450530068,False,False
2008-01-10 20:00:00,71.60551452636719,71.80670166015625,68.4534912109375,69.93848419189453,13490993,70.48872934977213,6039317.1,17.804775154400282,46.76794228642611,True,False
2008-01-11 20:00:00,69.43070983886719,70.96360778808594,68.80796813964844,69.67022705078125,9609718,70.58230005900064,6043300.833333333,17.423774097645296,46.13656048451821,True,False
2008-01-14 20:00:00,70.1588363647461,72.47734832763672,70.1588363647461,72.18992614746094,5590665,70.75379308064778,6044720.366666666,16.26329065563341,52.608393467971524,False,True
2008-01-15 20:00:00,71.16480255126953,71.18396759033203,68.57803344726562,68.96125793457031,8036854,70.82437006632487,6040291.266666667,15.901960650607075,45.1263112782975,True,False
2008-01-16 20:00:00,67.85948944091797,69.12413024902344,65.04279327392578,67.13136291503906,13556438,70.80904108683268,6289147.966666667,16.812033458742153,41.52191715478556,True,False
2008-01-17 20:00:00,67.46668243408203,69.28700256347656,65.1673355102539,65.29188537597656,12406407,70.77039922078451,6545826.0,17.568431587761015,38.21734003130039,True,False
2008-01-18 20:00:00,65.75175476074219,67.45710754394531,64.22843933105469,65.1865005493164,11017770,70.69822540283204,6676607.466666667,18.563892399983015,38.0305989199885,True,False
2008-01-22 20:00:00,60.923126220703125,63.43324661254883,60.36745071411133,62.42728042602539,12058830,70.46254234313965,6856174.933333334,20.467704963702772,33.4253939590629,True,False
2008-01-23 20:00:00,60.29080581665039,62.12070083618164,58.154327392578125,61.86202621459961,13279629,70.21568196614584,7158424.166666667,22.665915942897566,32.55566386799084,True,False
2008-01-24 20:00:00,61.95783233642578,63.32786178588867,61.28718948364258,62.896732330322266,10623119,70.01289227803548,7346380.133333334,24.051506746027478,35.84635550382425,True,False
2008-01-25 20:00:00,63.98892211914063,64.62124633789062,61.60334777832031,62.09196090698242,9264020,69.85002187093099,7434412.066666666,24.67406798401378,34.43891085134405,True,False
2008-01-28 20:00:00,62.49434661865234,62.49434661865234,60.22373962402344,61.86202621459961,9795092,69.59805183410644,7517743.533333333,25.587926330759338,34.027820681130464,True,False
2008-01-29 20:00:00,63.63444137573242,66.10623931884766,62.01531600952149,65.61763000488281,10905668,69.44795570373535,7688605.933333334,24.819615707281457,45.475976462468424,True,False
2008-01-30 20:00:00,66.05833435058594,67.62955474853516,64.74578857421875,65.97210693359375,8048440,69.37961387634277,7805720.9,23.53542032418864,46.42104184004937,True,False
2008-01-31 20:00:00,64.80327606201172,65.59846496582031,62.92547225952149,64.9565658569336,8074952,69.34512367248536,7913327.066666666,22.88986243297982,44.064593474439675,True,False
2008-02-01 20:00:00,65.02362823486328,67.06430053710938,64.2571792602539,66.2978515625,8779291,69.30807863871256,8020435.733333333,21.746278929017617,47.83129805885433,True,False
2008-02-04 20:00:00,66.31700897216797,67.10262298583984,64.91824340820312,66.33617401123047,5972582,69.22153383890787,8031256.2,20.670105922913258,47.93916851147757,True,True
2008-02-05 20:00:00,65.30146789550781,65.5697250366211,63.83563232421875,63.83563232421875,6078420,69.02896359761556,8082971.733333333,20.029562387458135,41.85739555459121,True,True
2008-02-06 20:00:00,64.40088653564453,64.78411102294922,61.86202621459961,62.12070083618164,7300158,68.67799377441406,8057447.966666667,20.037506831210035,38.2713874119542,True,True
2008-02-07 20:00:00,61.89076614379883,63.203311920166016,60.79857635498047,62.48476409912109,9005790,68.30850143432617,8307644.166666667,20.344595787193136,39.457200753242674,True,False
2008-02-08 20:00:00,62.26441192626953,64.42005157470703,62.25482940673828,63.88353729248047,5674166,67.94507675170898,8385676.733333333,20.089741627954368,43.915106127089246,True,True
2008-02-11 20:00:00,63.98892211914063,65.83798217773438,62.77218246459961,65.66552734375,9111003,67.64200998942057,8576600.5,19.261717419520444,49.0610064141619,True,False
2008-02-12 20:00:00,66.20204162597656,67.07388305664062,64.68830871582031,65.349365234375,6825554,67.32616882324218,8723511.733333332,18.009269634478624,48.21574015988244,True,True
2008-02-13 20:00:00,65.981689453125,67.29423522949219,64.4583740234375,67.18885040283203,6834635,67.10709228515626,8859550.333333334,16.93295470894601,53.26125280213686,False,True
2008-02-14 20:00:00,67.3421401977539,70.34086608886719,67.3421401977539,68.72174835205078,9215380,66.8956802368164,8977903.9,16.614832296505984,57.019462460184556,False,False
2008-02-15 20:00:00,69.52651977539062,69.5456771850586,67.36129760742188,68.71216583251953,6736938,66.614968363444,8995919.466666667,16.319432913525958,56.988613311772085,False,True
2008-02-19 20:00:00,70.62828826904297,72.66896057128906,69.98638916015625,71.9120864868164,8106056,66.52874272664388,9041400.166666666,16.990198712357568,63.99409459600345,False,True
2008-02-20 20:00:00,71.14563751220703,73.09050750732422,70.89654541015625,72.95637512207031,5305401,66.52075881958008,8941566.633333333,17.727145875289832,65.94357814611857,False,True
2008-02-21 20:00:00,73.10008239746094,73.5216293334961,69.8618392944336,70.02471160888672,6874403,66.47573013305664,8880818.966666667,17.922426944169462,56.66761477043271,False,True
2008-02-22 20:00:00,70.44625854492188,71.22228240966797,69.12413024902344,70.48458099365234,6315253,66.4010014851888,8796454.166666666,17.762561551530286,57.67339933607426,False,True
2008-02-25 20:00:00,70.93486785888672,73.13841247558594,70.74325561523438,72.8414077758789,7006649,66.49776560465494,8580309.366666667,18.21544034857518,62.47995103637515,False,True
2008-02-26 20:00:00,72.9468002319336,75.42817687988281,72.71686553955078,74.79585266113281,8434219,66.66861979166667,8541126.066666666,19.253244735778292,65.9346739750036,False,True
2008-02-27 20:00:00,74.19227600097656,76.06049346923828,74.1539535522461,75.3994369506836,8594125,66.77560348510742,8641241.4,20.37426241584462,66.94686315700852,False,True
2008-02-28 20:00:00,75.00662994384766,77.0377197265625,75.00662994384766,77.0377197265625,6371303,67.04481887817383,8585723.033333333,21.65540929184416,69.58821734540922,False,True
2008-02-29 20:00:00,76.32875061035156,76.32875061035156,73.339599609375,74.12521362304688,7138373,67.27794723510742,8371787.533333333,21.98820728508577,60.354321091809496,False,True
2008-03-03 20:00:00,74.24976348876953,75.514404296875,73.4545669555664,74.95872497558594,6766894,67.60017522176106,8183803.766666667,22.29723399309584,61.9119616394872,False,True
2008-03-04 20:00:00,74.41262817382812,74.882080078125,71.37557220458984,72.65937805175781,8388502,67.84927113850911,8096161.5,21.578523153120113,55.44084948286415,False,False
2008-03-05 20:00:00,73.37792205810547,75.57188415527344,72.99469757080078,75.16950225830078,7246300,68.27401186625163,7935743.833333333,21.1512615169066,60.31707148889992,False,True
2008-03-06 20:00:00,74.56591796875,74.9970474243164,72.23783111572266,72.29531860351562,8415849,68.6217882792155,7773617.833333333,20.397002424871754,53.14546043346059,False,False
2008-03-07 20:00:00,71.6150894165039,72.66896057128906,70.2738037109375,71.17438507080078,6353350,68.89771003723145,7631292.2,19.036193865685867,50.61773877259414,False,True
2008-03-09 20:00:00,72.27615356445312,72.28573608398438,69.7756118774414,70.3887710571289,6022265,69.17427037556966,7523233.7,17.974415925949955,48.86360533369086,False,True
2008-03-10 20:00:00,72.33363342285156,75.63894653320312,71.26060485839844,75.2940444946289,9955938,69.6220043182373,7528595.233333333,17.671784087843996,58.527619086062366,False,False
2008-03-11 20:00:00,75.514404296875,75.6102066040039,73.12882995605469,73.20547485351562,5826662,69.8749324798584,7359295.033333333,17.390768809602747,53.86030858323888,False,True
2008-03-12 20:00:00,72.9276351928711,74.86292266845703,71.73963928222656,74.12521362304688,6669614,70.14670270284017,7313334.166666667,16.509960275630167,55.541662990325335,False,True
2008-03-13 20:00:00,74.81501770019531,74.81501770019531,70.59954833984375,72.11328125,8727520,70.38525988260905,7335086.433333334,15.44336615332894,51.150607312452834,False,False
2008-03-16 20:00:00,71.09774017333984,71.09774017333984,66.36491394042969,67.7061996459961,11140100,70.43220481872558,7413780.066666666,15.871109243997637,43.11059866788559,True,False
2008-03-17 20:00:00,69.68938446044922,71.1073226928711,68.57803344726562,70.85822296142578,7589388,70.5829397837321,7467673.6,16.26403742453763,49.254273329797456,False,False
2008-03-18 20:00:00,70.59954833984375,71.23186492919922,66.15414428710938,66.26911163330078,9421004,70.6640557607015,7579093.066666666,17.29188448165653,42.121976024664825,True,False
2008-03-19 20:00:00,64.73621368408203,67.28465270996094,63.60569763183594,67.0068130493164,9557320,70.826926167806,7654331.8,18.830315084982196,43.537389044069975,True,False
2008-03-23 20:00:00,67.15052795410156,68.87503814697266,66.38407897949219,67.77326202392578,5380031,71.00320943196614,7533473.166666667,19.530794411657812,45.04120270147056,True,True
2008-03-24 20:00:00,68.20439147949219,69.10497283935547,67.35171508789062,68.75048828125,5282229,71.16544113159179,7520408.6,20.07739046468896,46.98015913512983,True,True
2008-03-25 20:00:00,68.53013610839844,71.13606262207031,68.53013610839844,70.84864044189453,6453970,71.33821156819661,7431840.833333333,19.70303195964748,50.979046073413315,True,True
2008-03-26 20:00:00,71.14563751220703,71.9983139038086,70.01512908935547,70.13009643554688,4937366,71.49756927490235,7368901.233333333,19.006831369667747,49.599367506156895,True,True
2008-03-27 20:00:00,70.60912322998047,71.54802703857422,69.10497283935547,70.14925384521484,4329889,71.59624938964843,7285409.7,18.65674492721902,49.638501390463894,True,True
2008-03-30 20:00:00,70.59954833984375,71.56718444824219,69.13371276855469,70.10135650634766,5730113,71.642236328125,7169234.133333334,18.323159891790716,49.534942374677286,True,True
2008-03-31 20:00:00,70.03428649902344,71.85460662841797,69.20077514648438,71.73963928222656,6598220,71.7431521097819,7164610.2,17.87840783856144,53.13631340227363,True,True
2008-04-01 20:00:00,71.37557220458984,72.47734832763672,71.04983520507812,71.74922180175781,8516469,71.73772328694662,7178290.633333334,17.16719963849134,53.157370275975914,False,False
2008-04-02 20:00:00,71.46179962158203,73.62702178955078,71.0881576538086,72.36238098144531,7154552,71.71792348225911,7239929.0,15.975314834639407,54.56417577676271,False,True
2008-04-03 20:00:00,72.6114730834961,74.23059844970703,72.6114730834961,73.53121185302734,5281081,71.83480682373047,7186818.266666667,15.069151561252012,57.20276408105377,False,True
2008-04-06 20:00:00,74.93956756591797,75.15991973876953,73.11924743652344,73.34918212890625,4710554,71.93029352823893,7133328.3,14.632285954066038,56.65099660530544,False,True
2008-04-07 20:00:00,72.85099029541016,74.57550048828125,72.75518035888672,73.94317626953125,5218455,71.967019144694,7073721.833333333,14.03897055718389,58.07222992608406,False,True
2008-04-08 20:00:00,74.13479614257812,76.5395278930664,74.0677261352539,75.54314422607422,6136767,71.99192886352539,6997140.1,14.310186643336378,61.71344522568636,False,True
2008-04-09 20:00:00,75.3994369506836,75.96469116210938,74.66172790527344,75.2940444946289,5326068,71.9884157816569,6888204.866666666,14.562030151906544,60.827732511179576,False,True
2008-04-10 20:00:00,75.53356170654297,75.53356170654297,73.86653900146484,73.99108123779297,3267849,71.88686116536458,6784756.4,14.336748962767755,56.27790820281777,False,True
2008-04-13 20:00:00,73.98150634765625,75.60062408447266,73.98150634765625,74.89166259765625,5459045,71.91240946451823,6728778.8,14.158755673987958,58.583798954970725,False,True
2008-04-14 20:00:00,75.68685150146484,76.54911041259766,75.43775939941406,76.13713836669922,5619264,71.95168991088867,6690524.466666667,14.433271356062468,61.60003700298827,False,True
2008-04-15 20:00:00,76.51078796386719,79.9023208618164,76.33833312988281,79.70113372802734,9617233,72.18641510009766,6731482.166666667,15.918491449137829,68.63851164026367,False,False
2008-04-16 20:00:00,79.39454650878906,80.57296752929688,78.98258209228516,79.39454650878906,4672039,72.32724990844727,6645673.466666667,17.497891930510686,67.49245892443331,False,True
2008-04-17 20:00:00,79.51909637451172,80.09393310546875,78.6760025024414,79.38497161865234,8281306,72.56357167561849,6641188.7,18.758764608057692,67.4545786944031,False,False
2008-04-20 20:00:00,80.4005126953125,81.39689636230469,79.46161651611328,81.25318908691406,6978049,72.89953180948893,6662012.0,20.333369595045045,70.88786290933268,False,False
2008-04-21 20:00:00,81.06157684326172,83.31301879882812,80.6017074584961,82.45076751708984,7963477,73.3015983581543,6726719.066666666,22.308436744892397,72.8640417348942,False,False
2008-04-22 20:00:00,82.65196228027344,82.65196228027344,80.25680541992188,80.94660949707031,6224653,73.49001719156901,6602342.9,23.899575477971673,66.73645497643649,False,True
2008-04-23 20:00:00,81.78012084960938,81.78012084960938,78.7622299194336,79.3562240600586,8133299,73.69504216512044,6679230.8,24.377010772078783,60.90443822220589,False,False
2008-04-24 20:00:00,81.00408935546875,83.26512145996094,80.26638793945312,83.22679901123047,7847200,73.99842834472656,6718483.666666667,25.28586338342056,68.19019148177048,False,False
2008-04-27 20:00:00,83.782470703125,83.84953308105469,81.65557861328125,81.95257568359375,6454283,74.32640482584635,6642709.1,26.301727932481157,63.96410772108504,False,True
2008-04-28 20:00:00,81.5310287475586,81.962158203125,79.68196868896484,79.75861358642578,6431634,74.72815195719402,6485760.233333333,26.027603372435074,57.371181216637936,False,True
2008-04-29 20:00:00,80.22806549072266,81.1286392211914,78.80055236816406,79.72029113769531,6761362,75.02355422973633,6458159.366666666,25.287592212305867,57.26016069445266,False,False
2008-04-30 20:00:00,78.8580322265625,79.25083923339844,75.00662994384766,77.62213897705078,9808139,75.401988474528,6471063.866666666,24.05278820001946,51.3959837123625,False,False
2008-05-01 20:00:00,78.92510223388672,80.3047103881836,78.41732788085938,80.22806549072266,6158895,75.84269688924154,6357783.033333333,22.461219862177177,57.25173789577227,False,True
2008-05-04 20:00:00,80.75499725341797,83.01602172851562,80.70709228515625,82.239990234375,5201128,76.32492116292318,6351819.6,21.73200273833663,61.14400768040793,False,True
2008-05-05 20:00:00,83.02560424804688,85.79440307617188,82.55615234375,85.43033599853516,7013329,76.88091608683268,6409522.933333334,21.88214450746323,66.37263840342548,False,False
2008-05-06 20:00:00,85.8231430053711,86.20636749267578,83.12140655517578,83.12140655517578,8247801,77.29000829060872,6469317.3,22.133858711499027,60.07232703863921,False,False
2008-05-07 20:00:00,84.20401763916016,84.30940246582031,82.79566955566406,84.23275756835938,7394620,77.76009699503581,6551225.766666667,22.21287197509069,61.94478625877948,False,False
2008-05-08 20:00:00,84.32856750488281,84.96088409423828,82.78608703613281,84.16569519042969,5097064,78.22731170654296,6576798.266666667,22.48290418787558,61.75658003181048,False,True
2008-05-11 20:00:00,83.62918090820312,84.95130920410156,82.95853424072266,84.31898498535156,5628449,78.7012326558431,6573409.466666667,22.73364838546155,62.04048232006427,False,True
2008-05-12 20:00:00,84.74053192138672,86.35965728759766,83.36092376708984,86.35965728759766,6929305,79.18856658935547,6584445.633333334,23.402634301171133,65.69183946386417,False,False
2008-05-13 20:00:00,86.89617156982422,87.1644287109375,84.81717681884766,85.07585144042969,6335293,79.63278757731119,6511739.766666667,24.258192616063987,61.672662842299744,False,True
2008-05-14 20:00:00,86.44588470458984,87.80632781982422,84.98004913330078,87.02072143554688,9476741,80.12139892578125,6589146.066666666,25.2365837244349,65.15114727381216,False,False
2008-05-15 20:00:00,88.40032958984375,91.00625610351562,87.42310333251953,91.00625610351562,9994871,80.70390040079752,6746272.4,26.926145699706574,70.96633764881364,False,False
2008-05-18 20:00:00,91.35115814208984,92.72118377685548,90.65177154541016,91.45654296875,8214192,81.30747909545899,6863060.333333333,28.83208049766849,71.54408162945556,False,False
2008-05-19 20:00:00,92.16551208496094,93.91876220703124,91.69606018066406,93.74630737304688,9112881,81.96758346557617,6992874.533333333,30.817016663749353,74.34030175134659,False,False
2008-05-20 20:00:00,94.05288696289062,95.84446716308594,92.15592956542967,92.40502166748048,11726388,82.52964604695639,7179195.233333333,32.973329789440484,70.00101578105807,False,False
2008-05-21 20:00:00,92.71160125732422,94.4073715209961,91.2266082763672,92.0026397705078,9564105,83.086599222819,7320463.133333334,34.401696518873194,68.70536949912002,False,False
2008-05-22 20:00:00,92.94153594970705,92.94153594970705,88.49613189697266,89.42545318603516,9085952,83.60107828776042,7514399.9,34.237971462318,60.92707231078216,False,False
2008-05-26 20:00:00,88.79312896728516,89.23384094238281,87.10694122314453,87.52848815917969,7939574,84.02230580647786,7597084.2,33.429878890611796,55.90966998156396,False,False
2008-05-27 20:00:00,86.61833190917969,89.21467590332031,85.96685028076172,89.21467590332031,8828035,84.45822372436524,7704043.233333333,32.17121455378359,59.13140358928779,False,False
2008-05-28 20:00:00,88.5919418334961,89.84700012207031,87.06861877441406,87.10694122314453,8426495,84.70508397420248,7664351.966666667,31.203440338411955,53.83583688465209,False,False
2008-05-29 20:00:00,87.79674530029297,88.63984680175781,87.02072143554688,88.0745849609375,7971410,84.99441858927409,7774331.0,30.28175524485385,55.79318345282333,False,False
2008-06-01 20:00:00,87.6626205444336,89.76077270507812,87.43268585205078,88.62068176269531,7583021,85.30227559407552,7751054.833333333,29.800152502622122,56.903741230925235,False,True
2008-06-02 20:00:00,88.03626251220703,89.8182601928711,85.78482055664062,85.89978790283203,10712883,85.45716222127278,7875549.3,28.539605168259353,50.14444614504471,False,False
2008-06-03 20:00:00,85.43033599853516,85.84230041503906,83.63876342773438,83.73456573486328,11389458,85.49995549519856,7989748.666666667,26.550058793030416,45.511499698873656,True,False
2008-06-04 20:00:00,84.97046661376953,87.8925552368164,83.88785552978516,87.79674530029297,7782382,85.728293355306,8041672.966666667,25.362405563674123,54.08287422670178,False,True
2008-06-05 20:00:00,89.31048583984375,92.61579895019533,88.53445434570312,88.81229400634766,13824375,86.04349568684896,8231375.5,25.592947782742325,55.94853341910198,False,False
2008-06-08 20:00:00,89.55000305175781,90.55596160888672,88.34284210205078,89.63622283935547,7723409,86.25714314778646,8227249.133333334,25.724609922905152,57.458757579508244,False,True
2008-06-09 20:00:00,90.48889923095705,90.48889923095705,85.08543395996094,86.10098266601562,9699483,86.39542338053386,8335422.466666667,24.562582528762878,49.60120688048597,True,False
2008-06-10 20:00:00,87.50933074951172,88.62068176269531,85.55488586425781,88.16081237792969,7768395,86.67549667358398,8379981.166666667,23.48355709134505,53.584067585287784,False,True
2008-06-11 20:00:00,86.22552490234375,86.22552490234375,84.00282287597656,84.68305206298828,13179635,86.84092203776042,8593923.6,21.916133476022395,46.851896166794695,True,False
2008-06-12 20:00:00,83.87828063964844,85.41117858886719,83.38008880615234,84.37647247314453,9107558,87.06606648763021,8570570.9,20.46051763618623,46.29965909710483,True,False
2008-06-15 20:00:00,84.98004913330078,86.61833190917969,84.5968246459961,85.78482055664062,6949763,87.25129165649415,8596933.166666666,19.32076216002031,49.25844543016262,True,True
2008-06-16 20:00:00,85.49739837646484,87.85423278808594,84.8267593383789,87.31771850585938,6579223,87.42054926554361,8642869.666666666,18.682353602670045,52.33672700180192,True,True
2008-06-17 20:00:00,87.53807067871094,87.58597564697266,85.35369110107422,86.47462463378906,6740069,87.45535888671876,8633761.0,18.089545656559082,50.52134974008947,True,True
2008-06-18 20:00:00,86.79078674316406,88.12248992919922,83.0543441772461,83.24595642089844,8978548,87.4595105489095,8658119.233333332,16.980323648307728,44.1986634111007,True,False
2008-06-19 20:00:00,84.66388702392578,84.79801940917969,81.5118637084961,82.04837799072266,10583142,87.38669789632162,8764403.3,16.49388379971191,42.094325507773796,True,False
2008-06-22 20:00:00,81.7609634399414,84.3956298828125,80.94660949707031,83.93576049804688,11072985,87.37903340657552,8963600.666666666,16.23403535279908,46.4236497227744,True,False
2008-06-23 20:00:00,83.79205322265625,84.10821533203125,82.30706024169922,82.45076751708984,7552334,87.3167594909668,9027730.166666666,15.992747509237164,43.65791132662461,True,True
2008-06-24 20:00:00,82.33580017089844,82.62321472167969,78.9729995727539,81.30109405517578,10754425,87.14814071655273,9155234.166666666,16.825633955157667,41.59197854164837,True,False
2008-06-25 20:00:00,81.4639663696289,82.66153717041016,80.00770568847656,81.37773895263672,9209222,87.02487030029297,9251031.8,17.579903717868266,41.78974206062914,True,True
2008-06-26 20:00:00,81.60767364501953,84.8075942993164,81.60767364501953,84.74053192138672,17337615,86.9488639831543,9513060.933333334,17.258583471455676,49.81803030171033,True,False
2008-06-29 20:00:00,86.09140014648438,87.30813598632812,85.36327362060547,86.09140014648438,11211599,86.78503545125325,9553618.533333333,16.088979986656366,52.643560875899084,True,False
2008-06-30 20:00:00,86.22552490234375,88.14164733886719,85.18124389648438,87.60513305664062,10884480,86.6566551208496,9642628.133333333,15.303461561454665,55.656583599897004,False,False
2008-07-01 20:00:00,87.46142578125,88.61109924316406,84.15611267089844,84.7117919921875,12744068,86.35550460815429,9763667.7,14.24626313993018,49.211546226169474,True,False
2008-07-02 20:00:00,84.84591674804688,85.4399185180664,81.57893371582031,83.59085845947266,6541647,86.06169916788737,9590843.0,14.1598315415529,46.94351308107058,True,True
2008-07-06 20:00:00,83.23637390136719,84.03157043457031,79.9214859008789,80.87954711914062,10897527,85.6909294128418,9635290.4,14.578027608200061,41.911934024698,True,False
2008-07-07 20:00:00,79.53826141357422,79.53826141357422,76.0125961303711,79.06880950927734,14887459,85.34570795694987,9828673.966666667,15.933605186838944,38.912247681650726,True,False
2008-07-08 20:00:00,79.79693603515625,80.43883514404297,77.47842407226562,77.59339141845703,10066056,85.01453806559245,9899556.7,16.807787639659246,36.61284075056719,True,False
2008-07-09 20:00:00,77.73710632324219,80.23764038085938,76.81736755371094,80.09393310546875,10407892,84.71051330566407,9952218.6,17.777974977965393,42.78379396069173,True,False
2008-07-10 20:00:00,80.76457977294922,82.43160247802734,79.63406372070312,80.52506256103516,9513691,84.49111735026041,9988458.466666667,17.75301716807621,43.799686986534496,True,True
2008-07-13 20:00:00,80.6017074584961,82.13460540771484,79.57658386230469,80.5346450805664,5916322,84.2397860209147,9919955.533333333,17.7463380278596,43.82356179097084,True,True
2008-07-14 20:00:00,80.65918731689453,80.95619201660156,75.9263687133789,76.8365249633789,10947210,83.84698079427083,10032095.166666666,18.684492599879427,37.24726428143456,True,False
2008-07-15 20:00:00,76.64491271972656,76.76946258544922,72.09412384033203,73.7707290649414,20350470,83.44267883300782,10353348.066666666,20.3142041784593,32.84666368847978,True,False
2008-07-16 20:00:00,74.7000503540039,76.35749816894531,70.05345153808594,71.9504165649414,14614825,83.04987386067708,10460860.3,22.16586718119309,30.539556885600295,True,False
2008-07-17 20:00:00,74.00066375732422,74.91082000732422,72.2474136352539,74.33598327636719,10784173,82.60118179321289,10560920.0,23.885268540874467,36.80418182079219,True,False
2008-07-20 20:00:00,74.60424041748047,77.0377197265625,74.39347076416016,76.61617279052734,8501229,82.19464441935222,10383481.8,24.55059232828864,42.17270083731392,True,True
2008-07-21 20:00:00,75.91678619384766,76.1275634765625,72.87015533447266,73.7707290649414,9776826,81.66579462687174,10451929.033333333,25.475391765787602,37.85142375010614,True,True
2008-07-22 20:00:00,73.0234375,74.3647232055664,68.75048828125,69.19119262695312,16844745,81.102134958903,10690104.433333334,27.038694577837934,32.14292069498207,True,False
2008-07-23 20:00:00,70.4749984741211,71.77796173095703,67.27507019042969,70.26422119140625,18732933,80.50558191935221,11055589.033333333,28.70605847799937,34.63057004349263,True,False
2008-07-24 20:00:00,70.13009643554688,73.7898941040039,69.65106201171875,72.53482818603516,10973200,80.10064112345377,10982041.2,29.419597200397806,39.670656341906096,True,True
2008-07-27 20:00:00,73.4737319946289,75.05453491210938,72.19950866699219,72.88931274414062,9156929,79.71773579915364,10983686.9,29.587076875973956,40.44269376900852,True,True
2008-07-28 20:00:00,73.0234375,73.63660430908203,70.58038330078125,72.76476287841797,10659442,79.28373387654622,11107342.866666667,30.056784722316536,40.24780689013062,True,True
2008-07-29 20:00:00,73.01386260986328,78.27362060546875,71.96957397460938,77.30597686767578,13384946,78.95000915527343,11334200.3,28.87995354814834,49.7549346035489,True,False
2008-07-30 20:00:00,76.50120544433594,76.89401245117188,74.61382293701172,75.52397918701172,9451586,78.58498764038086,11424584.2,27.787181743563586,46.62027653787403,True,True
2008-07-31 20:00:00,75.56230163574219,77.50717163085938,75.44733428955078,75.98384857177734,7405579,78.3429173787435,11372151.9,26.571243294720034,47.53882915787263,True,True
2008-08-03 20:00:00,75.75391387939453,76.5395278930664,70.68577575683594,71.11689758300781,10274602,77.97853469848633,11361867.233333332,26.537146349475556,39.744002219402944,True,True
2008-08-04 20:00:00,70.69535064697266,72.67853546142578,69.65106201171875,72.43902587890625,9460249,77.59531021118164,11308109.366666667,26.709512069898544,42.50210988475843,True,True
2008-08-05 20:00:00,72.62105560302734,74.93956756591797,72.32405853271484,74.35514831542969,8126723,77.32545623779296,11327255.666666666,26.101681487955364,46.33590650402803,True,True
2008-08-06 20:00:00,75.26530456542969,75.78266143798828,73.10966491699219,73.16715240478516,7591789,77.05432484944662,11221834.466666667,25.263776106972717,44.36096376966964,True,True
2008-08-07 20:00:00,71.75879669189453,73.14798736572266,70.5899658203125,72.89889526367188,8340279,76.77169672648112,11192869.7,25.063197056212886,43.905891188125835,True,True
2008-08-10 20:00:00,73.0234375,73.92401885986328,71.13606262207031,72.70728302001953,6898201,76.37058842976889,10844889.233333332,24.611352555530225,43.56213894528717,True,True
2008-08-11 20:00:00,73.53121185302734,74.14437103271484,71.85460662841797,72.3144760131836,9653139,75.91135762532552,10792940.566666666,24.113757766978136,42.8219713737386,True,True
2008-08-12 20:00:00,72.80308532714844,75.44733428955078,72.1324462890625,74.85334014892578,8688587,75.48629786173503,10719744.133333333,23.18666169697055,48.86910008276065,True,True
2008-08-13 20:00:00,74.50843811035156,74.77669525146484,72.71686553955078,74.1731185913086,7446495,75.1350087483724,10543158.366666667,22.325786774820646,47.42200987295833,True,True
2008-08-14 20:00:00,73.96234130859375,74.00066375732422,70.63787078857422,72.53482818603516,8439229,74.76647440592448,10606411.1,22.11606288573776,44.03957413681596,True,True
2008-08-17 20:00:00,73.23421478271484,74.32640838623047,72.23783111572266,72.4486083984375,6276737,74.48544311523438,10452384.766666668,21.789709376323948,43.862260819624765,True,True
2008-08-18 20:00:00,71.60551452636719,74.95872497558594,71.60551452636719,74.4701156616211,6880039,74.3321533203125,10185470.766666668,21.486666831868266,49.042603787285856,False,True
2008-08-19 20:00:00,75.48565673828125,78.25445556640625,75.1982421875,77.79458618164062,9870140,74.33885981241862,10178940.233333332,19.98588410006183,56.20077220354074,False,True
2008-08-20 20:00:00,78.98258209228516,81.38732147216797,78.02452087402344,80.29512786865234,9121858,74.34556630452474,10136072.433333334,19.556725868637148,60.6753849915599,False,True
2008-08-21 20:00:00,79.75861358642578,80.18974304199219,77.50717163085938,78.35026550292969,5655170,74.27307306925455,10007455.066666666,18.966428883817667,55.89258055004617,False,True
2008-08-24 20:00:00,77.89997100830078,79.48077392578125,76.96107482910156,77.4496841430664,5771133,74.17024103800456,10002615.433333334,18.210961253111552,53.7786123982674,False,True
2008-08-25 20:00:00,77.95745849609375,79.46161651611328,77.60297393798828,79.04964447021484,4176559,74.24401168823242,9776927.066666666,17.509455596027305,56.897620271334304,False,True
2008-08-26 20:00:00,80.37177276611328,81.39689636230469,80.18016052246094,80.64002990722656,5697756,74.47298838297526,9288503.266666668,17.491589284586517,59.801391335738266,False,True
2008-08-27 20:00:00,81.329833984375,81.85676574707031,76.55868530273438,77.19100952148438,10561745,74.64767481486003,9153400.6,16.37676635287655,51.67141092108191,False,False
2008-08-28 20:00:00,78.25445556640625,78.28319549560547,75.6102066040039,76.03175354003906,7118542,74.70420049031576,9031212.9,15.650076176234638,49.247957367795266,False,True
2008-09-01 20:00:00,72.74560546875,73.33002471923828,71.19354248046875,72.17076873779297,10594937,74.5560203552246,9101003.166666666,16.186818575929802,42.15626432524534,True,False
2008-09-02 20:00:00,72.08454132080078,73.46414947509766,70.50373840332031,72.32405853271484,8303121,74.50779800415039,9051879.666666666,16.84722047029377,42.510222680170976,True,True
2008-09-03 20:00:00,72.32405853271484,73.09050750732422,69.43070983886719,70.50373840332031,9249720,74.55154953002929,8798712.166666666,17.711412526914568,39.42499846098112,True,False
2008-09-04 20:00:00,70.61870574951172,70.92528533935547,68.05110168457031,70.19715881347656,7132737,74.54931411743163,8412038.966666667,18.824710433099064,38.91276773670447,True,True
2008-09-07 20:00:00,71.69173431396484,71.73963928222656,67.83074951171875,68.91336059570312,8194360,74.42859853108725,8319410.966666667,19.501693988686412,36.75901417772306,True,True
2008-09-08 20:00:00,67.55290985107422,68.5492935180664,63.385345458984375,63.39492416381836,13786172,74.11211891174317,8473719.066666666,21.054841155216486,29.261676798127677,True,False
2008-09-09 20:00:00,63.854793548583984,67.80200958251953,63.720664978027344,66.93016815185547,10599634,73.91763242085774,8471725.466666667,22.497049238422985,37.98757153068177,True,False
2008-09-10 20:00:00,66.52778625488281,67.54332733154297,64.38172912597656,66.93016815185547,9507219,73.5717721303304,8342467.9,23.836242458543303,37.98757153068177,True,False
2008-09-11 20:00:00,67.08345794677734,69.99596405029297,67.08345794677734,69.42112731933594,9138767,73.36834373474122,8332040.6,23.963576343285666,43.66616892092195,True,False
2008-09-14 20:00:00,64.67872619628906,68.44390869140625,63.87395477294922,64.82243347167969,10473754,72.99629656473796,8434313.1,24.798443192794004,36.94073323883004,True,False
2008-09-15 20:00:00,62.50392532348633,67.06430053710938,61.27760696411133,66.88227081298828,11511371,72.85514233907064,8475538.733333332,26.05698842448502,41.3017111471313,True,False
2008-09-16 20:00:00,66.68107604980469,70.44625854492188,64.82243347167969,66.15414428710938,13625118,72.64564628601075,8614367.7,25.91799009481827,40.24227186900166,True,False
2008-09-17 20:00:00,68.27145385742188,71.03067779541016,65.59846496582031,67.97445678710938,11574206,72.43295656840006,8729283.8,25.581805930128944,44.10259329079605,True,False
2008-09-18 20:00:00,71.16480255126953,77.37303924560547,70.30254364013672,77.12394714355469,16158359,72.56484972635904,9014836.133333333,24.096423580064307,58.58455405364557,False,False
2008-09-21 20:00:00,76.98981475830078,80.63044738769531,76.78861999511719,77.8329086303711,11576711,72.72931683858236,9122717.2,23.438386447026392,59.460988196293506,False,False
2008-09-22 20:00:00,77.29639434814453,78.6951675415039,73.23421478271484,73.92401885986328,9144925,72.76987469991049,9197608.0,21.918030872496043,52.823556740508735,False,True
2008-09-23 20:00:00,74.81501770019531,75.05453491210938,72.69770050048828,73.43540954589844,6750402,72.80723915100097,9100850.1,20.377163079703088,52.04154883935398,False,True
2008-09-24 20:00:00,73.51205444335938,75.4952392578125,72.82225036621094,74.61382293701172,7474260,72.79925524393717,9060372.533333333,19.05605677571605,53.8173052157082,False,True
2008-09-25 20:00:00,72.52525329589844,74.24018096923828,70.5899658203125,74.0868911743164,6658133,72.7963809967041,9034093.8,18.124838703901002,52.87453428859236,False,True
2008-09-28 20:00:00,70.7719955444336,70.7719955444336,61.79496383666992,62.27399063110352,15053106,72.45435307820638,9254556.366666667,18.922077399392247,37.15884857996059,True,False
2008-09-29 20:00:00,64.85118103027344,67.83074951171875,64.19011688232422,67.49542999267578,8153444,72.28924713134765,9317113.266666668,19.662370473776978,44.94781316961944,True,True
2008-09-30 20:00:00,67.16968536376953,67.16968536376953,62.44644165039063,64.59249877929688,9713887,71.95999323527018,9411574.866666667,20.621826730710204,41.842639745752074,True,False
2008-10-01 20:00:00,63.11708450317383,63.11708450317383,58.04894256591797,59.30400085449219,12254642,71.3436403910319,9491058.266666668,22.122603105991942,36.84833094779577,True,False
2008-10-02 20:00:00,60.19499969482422,63.854793548583984,58.46090698242188,58.949520111083984,9518596,70.63212013244629,9504282.866666667,23.288202837132477,36.53356096211492,True,False
2008-10-05 20:00:00,56.5256233215332,57.42620086669922,50.41319274902344,56.34359359741211,15428030,69.89856440226237,9830044.866666667,25.29097435144585,34.21935747364307,True,False
2008-10-06 20:00:00,57.55075073242188,58.25971603393555,51.28502655029297,51.6203498840332,12465067,69.03758659362794,10053176.0,26.904076966168933,30.45391865218215,True,False
2008-10-07 20:00:00,50.06829071044922,55.35678863525391,49.00484085083008,52.26224899291992,18680118,68.14467341105143,10536627.966666667,28.636457029504722,31.55619126025781,True,False
2008-10-08 20:00:00,53.83346939086914,54.19753646850586,45.76659393310547,45.98694610595703,12164147,66.98957061767578,10752174.333333334,30.551626182177905,27.0435335717307,True,False
2008-10-09 20:00:00,42.74869918823242,45.88156127929688,38.9835205078125,42.058895111083984,21700279,65.8185001373291,11123458.8,32.85638547281163,24.6657653669795,True,False
2008-10-12 20:00:00,46.01568984985352,49.73296737670898,44.08040618896485,49.11980819702149,17441888,64.92143529256185,11467570.333333334,33.92824644918677,35.62309234935475,True,False
2008-10-13 20:00:00,51.668251037597656,52.942474365234375,47.75936126708984,50.35570907592773,13601111,64.19426663716634,11567776.133333333,34.1192075062046,37.34101288201614,True,False
2008-10-14 20:00:00,47.84558868408203,48.180908203125,40.43019104003906,41.04335021972656,16374420,63.151576360066734,11836819.433333334,35.01086625004108,30.694494753016844,True,False
2008-10-15 20:00:00,41.924766540527344,44.81811141967773,38.2553939819336,44.39656448364258,19907179,62.28133722941081,12192068.066666666,36.02187168247203,35.16930922082963,True,False
2008-10-16 20:00:00,43.06486129760742,48.86113357543945,42.24092864990234,44.54985427856445,13163248,61.42642707824707,12393085.1,36.026732145651835,35.37473090512545,True,False
2008-10-19 20:00:00,46.56178665161133,51.6203498840332,45.6707878112793,51.28502655029297,9482377,60.838815943400064,12436019.0,35.442911677303115,43.80064651128085,True,True
2008-10-20 20:00:00,49.522193908691406,50.049129486083984,45.98694610595703,47.452781677246094,11289673,60.307411193847656,12352802.366666667,34.90079267097931,40.56020554254803,True,True
2008-10-21 20:00:00,44.88517761230469,45.268402099609375,41.7906379699707,43.0169563293457,12166965,59.51030413309733,12405046.733333332,34.89446376675708,37.135532472466856,True,True
2008-10-22 20:00:00,43.89837265014648,47.23242950439453,42.07805633544922,46.55220413208008,11799661,58.83103866577149,12481461.466666667,34.44213430090299,41.38338848214051,True,True
2008-10-23 20:00:00,40.81341552734375,45.14385223388672,39.85535430908203,43.77382659912109,9250660,57.976128641764326,12485191.233333332,34.295026273993734,39.14470033847912,True,True
2008-10-26 20:00:00,42.18344497680664,44.45404815673828,39.75954818725586,40.315223693847656,11596751,57.15922164916992,12522624.466666667,34.17038705720027,36.497852417597265,True,True
2008-10-27 20:00:00,43.467247009277344,47.682716369628906,40.24816131591797,47.61565399169922,10631364,56.51700108846028,12493290.9,33.27386944771273,44.95807975133151,True,True
2008-10-28 20:00:00,49.19645309448242,52.156864166259766,45.79533767700195,48.67910003662109,14425484,55.93449961344401,12519969.766666668,31.489433838073104,46.08490273864505,True,False
2008-10-29 20:00:00,49.92457962036133,52.79876327514648,48.037200927734375,52.4347038269043,11081962,55.41650784810384,12503561.633333333,29.70367461208956,49.97947160815421,True,True
2008-10-30 20:00:00,51.55328369140625,55.31846618652344,50.80599594116211,53.210731506347656,9339276,54.61940066019694,12276258.866666667,27.618643349916603,50.77079489302005,True,True
2008-11-03 20:00:00,52.4155387878418,53.89095687866211,49.80003356933594,50.94012451171875,6977319,53.72297452290853,12122945.8,25.806613510115447,48.36009970831523,True,True
2008-11-04 20:00:00,52.00357437133789,56.18072128295898,51.94609069824219,55.64420700073242,11125696,53.1136474609375,12188971.5,24.263696309823366,53.30663540267302,False,True
2008-11-05 20:00:00,53.65143966674805,55.25140380859375,51.19880294799805,51.677833557128906,9062780,52.38839492797852,12266050.766666668,22.669398224689992,49.04104794755875,True,True
2008-11-06 20:00:00,50.8922233581543,51.716156005859375,48.88029479980469,49.3497428894043,10214690,51.5462589263916,12357398.433333334,21.40379571475575,46.67992449298207,True,True
2008-11-07 20:00:00,50.41319274902344,50.968868255615234,48.00845718383789,50.25990295410156,8930116,50.75202598571777,12433131.2,20.409577014171635,47.73926848341707,True,True
2008-11-10 20:00:00,53.49814987182617,53.49814987182617,49.06232452392578,50.76767349243164,6038235,50.36848208109538,12132635.5,19.007384351136928,48.355725553832265,False,True
2008-11-11 20:00:00,48.89945602416992,49.867095947265625,47.31865310668945,48.295875549316406,7873504,49.7284969329834,12123304.166666666,17.9827752281281,45.53963234782917,True,True
2008-11-12 20:00:00,47.0120735168457,47.13662338256836,43.122344970703125,43.17982864379883,10878634,49.01474126180013,12162129.066666666,17.867351599619738,40.30736674115122,True,True
2008-11-13 20:00:00,43.48640823364258,48.11384582519531,40.324806213378906,48.027618408203125,14256393,48.63886184692383,12228854.1,18.244045597142517,46.57158002570102,True,False
2008-11-14 20:00:00,46.46598052978516,49.225196838378906,44.59775924682617,46.16897964477539,10939069,48.212843831380205,12276203.2,18.299240850721784,44.637469614951144,True,True
2008-11-17 20:00:00,45.68994903564453,47.40488052368164,44.95224380493164,45.03846740722656,6029885,47.836006291707356,11962931.7,18.350493586188243,43.45533124031252,True,True
2008-11-18 20:00:00,45.1725959777832,47.60607147216797,44.41572570800781,46.59052658081055,9209013,47.66834551493327,11854396.566666666,18.504560283179895,45.58591102056444,True,True
2008-11-19 20:00:00,46.07317352294922,47.3282356262207,43.87921142578125,44.185794830322266,9858032,47.39913037618001,11560327.033333333,18.757988284710585,42.88941779465441,True,True
2008-11-20 20:00:00,43.22772979736328,43.91753768920898,38.49490737915039,39.01226043701172,12648250,47.16664085388184,11576463.8,19.95988216168746,37.719956743053125,True,False
2008-11-21 20:00:00,40.621803283691406,45.56539916992188,39.75954818725586,45.03846740722656,15995530,47.265959930419925,11386305.5,20.551781192397268,45.89964280027522,True,False
2008-11-24 20:00:00,45.90072250366211,49.89583969116211,45.02888870239258,48.43000411987305,11529532,47.24296646118164,11189226.966666667,19.884681208246256,49.88861745796757,False,False
2008-11-25 20:00:00,49.61800003051758,49.76171112060547,46.51388168334961,48.88987350463867,10629799,47.194105275472005,11090183.233333332,19.26523122296317,50.422406003335865,False,True
2008-11-26 20:00:00,47.61565399169922,53.086181640625,47.61565399169922,52.96163558959961,8210121,47.59138145446777,10818039.933333334,17.928329966389736,54.99369619820493,False,True
2008-11-28 20:00:00,51.79280090332031,52.32931518554688,50.173675537109375,51.86944580078125,4547621,47.840477498372394,10306054.666666666,16.686921656714407,53.56693738602838,False,True
2008-12-01 20:00:00,49.00484085083008,49.34016418457031,43.76424789428711,43.96543884277344,12524249,47.82099698384603,10284754.7,16.829300900927,44.557591745379895,True,False
2008-12-02 20:00:00,46.1019172668457,46.69591522216797,43.49598693847656,45.34504699707031,11899968,47.62299766540527,10365341.066666666,17.01115120737234,46.25667282405671,True,False
2008-12-03 20:00:00,44.310340881347656,46.15939712524414,43.20856857299805,45.94862747192383,10513835,47.57285919189453,10339479.8,17.236245468164615,47.02162583155016,True,False
2008-12-04 20:00:00,44.45404815673828,45.34504699707031,41.38825225830078,42.09721755981445,10232121,47.54220123291016,10274985.0,17.8013414793092,42.832241059600854,True,True
2008-12-05 20:00:00,41.42657470703125,44.87559509277344,39.5391960144043,44.25285720825195,9907716,47.46555633544922,10211920.166666666,18.66792587214058,45.745820799176215,True,True
2008-12-08 20:00:00,46.50429916381836,49.99164581298828,45.54624176025391,49.03358459472656,11432044,47.640881601969404,10284632.966666667,17.987399573436402,51.63324334340502,False,False
2008-12-09 20:00:00,47.96055603027344,50.35570907592773,47.462364196777344,49.4072265625,8839412,47.943948364257814,10192721.666666666,17.261035685110397,52.07100396812952,False,True
2008-12-10 20:00:00,50.59522247314453,55.08853149414063,50.58564376831055,54.87775802612305,11635058,48.186018498738605,10226178.133333333,16.586463373703364,58.05665441920661,False,False
2008-12-11 20:00:00,55.845401763916016,58.34593963623047,54.05382537841797,55.404693603515625,13424087,48.41020495096843,10192798.233333332,16.599126034931924,58.59306677229018,False,False
2008-12-12 20:00:00,52.55924987792969,53.986759185791016,51.1892204284668,52.80834579467773,9255774,48.422659683227536,10131925.3,15.908813211852728,54.86951934734097,False,True
2008-12-15 20:00:00,54.65740585327149,56.04659271240234,51.27544784545898,52.4730224609375,7982891,48.39806938171387,10086712.466666667,15.6746143967786,54.388784503336886,False,True
2008-12-16 20:00:00,52.98079681396485,55.15559768676758,51.409576416015625,55.03104782104492,9454404,48.53443349202474,10169281.966666667,15.457144068495483,57.45135394111328,False,True
2008-12-17 20:00:00,54.12089157104492,56.928009033203125,53.73766326904297,55.05020904541016,8134865,48.51463356018066,10069587.6,15.614393463157327,57.474387867042395,False,True
2008-12-18 20:00:00,54.59991836547852,55.08853149414063,51.89818572998047,52.61673355102539,8947861,48.54593022664388,10065756.966666667,15.252461489901451,53.51229880778683,False,True
2008-12-19 20:00:00,51.409576416015625,54.963985443115234,51.409576416015625,54.17837142944336,11679731,48.70688451131185,10114591.666666666,14.78218185927592,55.62633872516487,False,False
2008-12-22 20:00:00,54.34124374389648,55.28972625732422,51.03593063354492,52.09938049316406,7153299,48.7682004292806,10055364.433333334,14.238352926907183,52.22161147546067,False,True
2008-12-23 20:00:00,53.74724578857422,54.41788864135742,50.87306213378906,51.5053825378418,6272249,48.79279073079427,10063164.9,13.684088445186763,51.256302897384955,False,True
2008-12-24 20:00:00,51.12215805053711,51.43831634521485,49.69464492797852,50.71977233886719,2031498,48.87358729044596,9868431.366666667,12.806118833888545,49.941430169984805,False,True
2008-12-26 20:00:00,51.20838165283203,51.984413146972656,50.5760612487793,51.86944580078125,2303715,49.16324119567871,9582600.733333332,12.154856505696054,51.886587258223294,False,True
2008-12-29 20:00:00,53.74724578857422,54.75320816040039,52.894569396972656,53.996341705322266,6289785,49.36219863891601,9317047.133333333,12.32605732559563,55.343713654730585,False,True
2008-12-30 20:00:00,54.21669769287109,56.21904373168945,53.63227844238281,55.98910903930664,6848100,49.68953628540039,9180681.5,12.853810022868418,58.36247671859158,False,True
2008-12-31 20:00:00,55.5579833984375,58.41300582885742,55.08853149414063,57.47410583496094,7951682,50.10405756632487,9244741.4,13.852807679871955,60.50507766368776,False,True
2009-01-02 20:00:00,58.0681037902832,60.02254867553711,57.00465393066406,59.55309677124024,7093282,50.53614323933919,9174217.033333333,15.122848220334829,63.348612703284225,False,True
2009-01-05 20:00:00,59.342323303222656,61.28718948364258,58.326778411865234,59.15071105957031,10348919,51.034973780314125,9190579.933333334,16.558689560502835,62.411999969326224,False,False
2009-01-06 20:00:00,60.15667724609375,61.3159294128418,58.470489501953125,59.05490493774414,13823331,51.70306193033854,9229749.3,17.897911384453728,62.17628719071754,False,False
2009-01-07 20:00:00,58.3651008605957,58.48965072631836,54.89691925048828,55.672950744628906,8965605,52.05754470825195,8995418.466666667,17.72358675338877,54.370173212269805,False,True
2009-01-08 20:00:00,55.33762741088867,56.94717025756836,55.22266006469727,56.5256233215332,6505115,52.327398681640624,8827937.9,17.561713881685595,55.87435534164559,False,True
2009-01-09 20:00:00,56.47772216796875,56.74597930908203,53.72808456420898,53.93885803222656,7347441,52.49569816589356,8718525.966666667,16.863540952042133,50.44182898248303,False,True
2009-01-12 20:00:00,52.932891845703125,53.57479476928711,51.677833557128906,52.08979797363281,7701281,52.466636912027994,8701564.633333333,15.79083779371219,46.92935904624512,True,True
2009-01-13 20:00:00,53.01911926269531,54.20711517333984,51.83112335205078,53.94844055175781,8902143,52.535936737060545,8846715.366666667,14.740795482263646,50.64936857017487,False,False
2009-01-14 20:00:00,52.68379974365234,53.124507904052734,50.77725601196289,51.48622131347656,8865298,52.78662948608398,8724750.333333334,13.965237542824864,46.044830005145116,True,False
2009-01-15 20:00:00,51.34251022338867,51.65867233276367,48.93777847290039,51.28502655029297,11751752,52.98462880452474,8719809.8,13.82622010712949,45.67939757793345,True,False
2009-01-16 20:00:00,52.51134490966797,53.45024871826172,50.35570907592773,51.28502655029297,8615627,53.16250877380371,8656536.2,13.044665697471865,45.67939757793345,True,True
2009-01-20 20:00:00,50.05870819091797,51.93650817871094,48.42042541503906,48.74616622924805,9658775,53.38414039611816,8637424.666666666,12.919958628583554,40.92587378874251,True,False
2009-01-21 20:00:00,49.27309799194336,53.74724578857422,49.14855194091797,53.45024871826172,9608048,53.69072011311849,8627435.733333332,12.165840891590992,51.08309825512515,True,False
2009-01-22 20:00:00,52.319732666015625,53.26821517944336,50.72935104370117,51.88860702514648,7637402,53.78588752746582,8500947.666666666,11.465588707240755,48.12482647833918,True,True
2009-01-23 20:00:00,50.50899887084961,53.74724578857422,49.9629020690918,53.210731506347656,9768580,53.91267102559407,8531919.933333334,11.079821945268877,50.72648344432028,True,False
2009-01-26 20:00:00,53.287376403808594,55.77833557128906,53.23947143554688,54.437049865722656,8263040,53.89798075358073,8419519.333333334,10.595029235863436,53.07714686383073,False,True
2009-01-27 20:00:00,54.49453353881836,54.9256591796875,52.96163558959961,54.35082244873047,9006208,53.86285171508789,8272256.7,10.039218489556445,52.88609765510546,False,False
2009-01-28 20:00:00,55.77833557128906,57.38787841796875,54.427467346191406,56.889686584472656,9815237,53.99889640808105,8290905.466666667,10.350667250802065,57.71254916276837,False,False
2009-01-29 20:00:00,55.62504577636719,57.0238151550293,54.427467346191406,54.437049865722656,9918258,54.06436398824056,8355417.7,10.639869671958712,52.15419096043951,False,False
2009-01-30 20:00:00,55.538822174072266,55.5579833984375,51.77363967895508,52.26224899291992,10375326,53.97207069396973,8386115.1,9.911100839571771,47.76155060114819,True,False
2009-02-02 20:00:00,51.15089797973633,52.453861236572266,50.58564376831055,51.879024505615234,6852692,53.86636454264323,8343376.0,9.652861095038315,47.01019262336056,True,True
2009-02-03 20:00:00,52.319732666015625,53.58437347412109,51.94609069824219,52.96163558959961,7438354,53.87786127726237,8293059.1,8.981248054178035,49.43044958158958,True,True
2009-02-04 20:00:00,53.66101837158203,54.73405075073242,52.64547348022461,53.39276123046875,9421317,53.851674270629886,8217778.633333334,8.741723291709794,50.40196494958155,True,False
2009-02-05 20:00:00,52.69337844848633,54.32208251953125,52.61673355102539,53.79515075683594,9544169,53.90819994608561,8297474.3,8.507416469669364,51.34157176246924,True,False
2009-02-06 20:00:00,53.19157028198242,54.67656326293945,52.367637634277344,54.3891487121582,8286525,54.004325485229494,8364616.833333333,8.428311342887111,52.76415071674615,False,True
2009-02-09 20:00:00,54.6861457824707,56.55436706542969,54.46579360961914,56.151981353759766,9486031,54.18539911905925,8613101.266666668,9.047550766159494,56.80066234724597,False,False
2009-02-10 20:00:00,56.27652740478516,56.88010787963867,52.367637634277344,53.11492538452149,11884520,54.22691510518392,8932461.433333334,8.686494560058685,49.027455424551995,True,False
2009-02-11 20:00:00,54.034664154052734,55.11727523803711,52.65505599975586,53.45024871826172,10997729,54.20871200561523,9089392.9,8.351228082965077,49.84360323726298,True,False
2009-02-12 20:00:00,52.56882858276367,53.60353469848633,51.31377029418945,53.49814987182617,9602411,54.12568003336589,9181203.266666668,8.038623682873856,49.96684482316478,True,False
2009-02-13 20:00:00,53.11492538452149,55.07895278930664,52.92331314086914,54.20711517333984,7009885,54.016780344645184,9149810.033333333,7.798497283119138,51.852525506276926,False,True
2009-02-17 20:00:00,52.367637634277344,52.4155387878418,50.15451431274414,50.16409683227539,9655748,53.70381368001302,9235225.566666666,7.983741216426529,42.10654965243109,True,False
2009-02-18 20:00:00,50.633544921875,50.97844696044922,48.90903472900391,49.37848663330078,8181626,53.378072865804036,9162982.466666667,8.573006472533756,40.51310482841812,True,True
2009-02-19 20:00:00,49.71380615234375,50.6910285949707,48.90903472900391,49.15813064575195,9414741,53.048180389404294,9016029.466666667,9.120181353204751,40.05522764263706,True,False
2009-02-20 20:00:00,47.99887847900391,48.78448867797852,46.60968780517578,47.96055603027344,9698752,52.79110056559245,9040467.7,10.361123881525584,37.57004880980541,True,False
2009-02-23 20:00:00,48.8515510559082,49.32100296020508,45.50791549682617,45.56539916992188,8474613,52.42575976053874,9106117.633333333,11.82555173178996,33.1412730541906,True,True
2009-02-24 20:00:00,46.31269073486328,48.63119888305664,45.66120529174805,48.35335922241211,9883500,52.239576466878255,9190652.933333334,13.185377592749735,41.74889819181523,True,False
2009-02-25 20:00:00,48.04677963256836,49.253936767578125,46.7150764465332,48.027618408203125,8987420,52.10417048136393,9233524.233333332,14.097483828370434,41.08337729803917,True,True
2009-02-26 20:00:00,48.96651840209961,51.75447845458984,48.70784378051758,50.29822540283203,11117033,51.982496643066405,9307353.9,13.688893198484632,47.38018551264384,True,False
2009-02-27 20:00:00,49.17729187011719,51.17964172363281,48.5545539855957,49.69464492797852,11021527,51.92277743021647,9379228.2,13.369232704850132,45.97359091923867,True,False
2009-03-02 20:00:00,48.19049072265625,48.22881317138672,46.24562454223633,46.82046127319336,13280777,51.77395858764648,9430195.7,13.908831357190058,39.899228483762165,True,False
2009-03-03 20:00:00,47.26116943359375,48.39168167114258,46.21688461303711,46.73423767089844,11774089,51.622265625,9535477.766666668,14.32607746380108,39.729637325677196,True,False
2009-03-04 20:00:00,47.87432861328125,51.39041519165039,47.73062133789063,50.60480499267578,13274514,51.68422025044759,9656002.4,13.333374651336724,50.00306239547637,True,False
2009-03-05 20:00:00,48.96651840209961,50.25032043457031,47.18452453613281,47.9413948059082,11089373,51.50059178670247,9705379.9,12.629737170281592,44.39522022986021,True,False
2009-03-06 20:00:00,48.57371520996094,50.135353088378906,46.6575927734375,48.42042541503906,11636728,51.384985733032224,9838690.766666668,12.189312676780528,45.57741287661634,True,False
2009-03-08 20:00:00,47.51984786987305,49.62758255004883,46.87794494628906,48.27671432495117,8753301,51.22051849365234,9804848.133333333,11.780347075672395,45.266481485861455,True,True
2009-03-09 20:00:00,50.0778694152832,52.626312255859375,49.37848663330078,51.31377029418945,11390084,51.11640917460124,9909082.933333334,11.76500370948656,52.622374230972945,False,False
2009-03-10 20:00:00,51.0071907043457,52.952056884765625,50.34612655639648,51.5628662109375,9148161,51.02347730000814,9913814.7,11.873465251814393,53.17818728261921,False,True
2009-03-11 20:00:00,52.16644287109375,54.45621109008789,51.51496124267578,54.09214782714844,9788203,50.93022600809733,9912913.566666666,12.51982142895981,58.50172954924675,False,True
2009-03-12 20:00:00,54.36998748779297,54.59991836547852,51.35209274291992,52.39637756347656,9448559,50.86220359802246,9897256.933333334,13.032187221612384,54.06348685642078,False,True
2009-03-15 20:00:00,51.64908981323242,52.5305061340332,50.968868255615234,51.34251022338867,10119810,50.83154563903808,9888739.733333332,13.2932127504108,51.45108208899195,False,False
2009-03-16 20:00:00,51.543704986572266,53.25863265991211,50.5760612487793,53.25863265991211,7972767,50.87753257751465,9926075.566666666,13.826489520112997,55.647480418545555,False,True
2009-03-17 20:00:00,52.64547348022461,55.35678863525391,51.15089797973633,54.45621109008789,9701257,50.927351760864255,10001505.666666666,15.067180417533196,58.085975618528295,False,True
2009-03-18 20:00:00,55.519657135009766,58.2501335144043,55.28014373779297,56.50646209716797,11436219,51.03114178975423,10068669.066666666,17.023283614421494,61.943592951378164,False,False
2009-03-19 20:00:00,56.69807434082031,57.48368453979492,54.18795394897461,54.36040496826172,10097056,51.04998359680176,10087098.633333333,18.20513785963974,56.121149625726815,False,False
2009-03-22 20:00:00,56.12323760986328,58.422584533691406,55.68252944946289,58.41300582885742,9397727,51.1841121673584,10124138.7,19.561561842015855,63.162776427550426,False,True
2009-03-23 20:00:00,57.378299713134766,57.64655685424805,56.03701019287109,56.45856094360352,7450462,51.19433148701986,10056286.4,20.82109839707939,58.30334441539286,False,True
2009-03-24 20:00:00,56.755558013916016,57.21542739868164,54.609500885009766,56.29568862915039,9441461,51.30035692850749,9974851.1,21.13032611229358,57.90354882152388,False,True
2009-03-25 20:00:00,57.062137603759766,57.29207229614258,55.36636734008789,56.314849853515625,9312242,51.39584363301595,9918668.2,21.444469173580007,57.94008924317039,False,True
2009-03-26 20:00:00,55.15559768676758,56.29568862915039,54.59991836547852,55.529239654541016,9836530,51.46354662577311,9926472.166666666,21.273636065679707,55.801428365653095,False,True
2009-03-29 20:00:00,54.09214782714844,54.3891487121582,52.98079681396485,53.84305191040039,8534839,51.45141118367513,9977303.966666667,20.221837371894356,51.414766755697805,False,True
2009-03-30 20:00:00,54.59033966064453,55.11727523803711,53.29695510864258,53.31611633300781,7808059,51.55647850036621,9915714.333333334,19.568272718936537,50.089593678723624,False,True
2009-03-31 20:00:00,52.32931518554688,55.21308135986328,51.73531723022461,54.9256591796875,8725537,51.741384251912436,9933844.7,18.177485734418244,53.990470441501245,False,True
2009-04-01 20:00:00,56.928009033203125,59.39980697631836,56.86094665527344,57.58907318115234,9985059,52.02241566975911,9952855.3,18.48089684769103,59.61529361355464,False,False
2009-04-02 20:00:00,57.42620086669922,58.98784255981445,56.90884780883789,57.857330322265625,9425805,52.352308146158855,9943757.066666666,18.76263573858719,60.14380483764693,False,True
2009-04-05 20:00:00,56.91843032836914,57.18668746948242,54.46579360961914,55.2993049621582,10133066,52.67677167256673,9999038.833333334,17.868643995278045,53.018507091259195,False,False
2009-04-06 20:00:00,54.41788864135742,54.44663238525391,53.09576416015625,53.39276123046875,7745328,52.84475173950195,9927766.433333334,16.70702091067496,48.41471108814193,False,True
2009-04-07 20:00:00,53.61311721801758,54.944820404052734,51.94609069824219,54.3891487121582,6275067,53.05680274963379,9837354.666666666,16.06841060068789,50.81828995298391,False,True
2009-04-08 20:00:00,56.0561752319336,56.583106994628906,55.45259475708008,56.07533645629883,6077063,53.24937311808268,9669355.666666666,15.040699586811446,54.66776893085087,False,True
2009-04-12 20:00:00,55.32804870605469,56.98549270629883,54.331661224365234,56.25736618041992,5320014,53.46813049316406,9479305.233333332,14.286995618017114,55.07655160381116,False,True
2009-04-13 20:00:00,55.47175598144531,56.94717025756836,55.1843376159668,55.42385482788086,6265152,53.75491027832031,9245451.066666666,13.587127646993808,52.73172229734978,False,True
2009-04-14 20:00:00,55.33762741088867,56.889686584472656,55.0023078918457,55.89330291748047,5150505,54.06021245320638,9024664.933333334,13.014326711437972,53.92160079288141,False,True
2009-04-15 20:00:00,56.81304168701172,57.071720123291016,55.02146530151367,56.50646209716797,5540041,54.256934356689456,8766849.166666666,12.391795687650191,55.497356849266154,False,True
2009-04-16 20:00:00,56.83220291137695,57.4549446105957,56.27652740478516,57.1387825012207,7624668,54.563513946533206,8651359.0,11.616080727344665,57.125668782333875,False,True
2009-04-19 20:00:00,55.740013122558594,56.00827026367188,53.18198776245117,53.53647232055664,7448270,54.73404884338379,8511743.733333332,12.2142873876852,46.65294879248485,True,True
2009-04-20 20:00:00,52.7317008972168,53.93885803222656,49.35932540893555,53.70892333984375,8831688,54.915122477213544,8514356.633333333,13.910502204376781,47.152433882489895,True,False
2009-04-21 20:00:00,52.952056884765625,54.35082244873047,52.69337844848633,53.22989273071289,8084555,54.97899322509765,8404172.333333334,15.265674522261532,45.86773430593108,True,True
2009-04-22 20:00:00,53.92927551269531,54.02508163452149,52.33889389038086,53.62269973754883,9930157,55.04765434265137,8430238.866666667,16.62256704482947,47.139563688951434,True,False
2009-04-23 20:00:00,54.39872741699219,55.07895278930664,53.086181640625,53.526893615722656,9090023,55.02881253560384,8406966.2,17.29051542214708,46.8504390969571,True,False
2009-04-26 20:00:00,52.5305061340332,52.86582946777344,51.47663879394531,52.51134490966797,7072407,55.032644780476886,8327761.133333334,18.39813799429995,43.78483959124849,True,True
2009-04-27 20:00:00,51.9173469543457,53.526893615722656,50.77725601196289,52.4730224609375,6375792,55.07032852172851,8202960.533333333,19.625131292111266,43.66871896167262,True,True
2009-04-28 20:00:00,53.58437347412109,55.88372421264648,52.932891845703125,54.99272537231445,8278488,55.12813161214193,8213151.233333333,19.500898661801617,52.574608648970646,True,False
2009-04-29 20:00:00,55.32804870605469,56.00827026367188,53.086181640625,53.92927551269531,7036814,55.11056709289551,8124336.466666667,19.323473464253777,49.0499382399064,True,True
2009-04-30 20:00:00,54.18795394897461,56.47772216796875,53.986759185791016,56.017852783203125,6734641,55.09428011576335,7967617.2,18.915901091761526,55.37722159811599,False,True
2009-05-03 20:00:00,56.583106994628906,58.57587432861328,55.96036911010742,58.34593963623047,8199474,55.2271312713623,7904364.466666667,17.58766145699093,61.16636059753219,False,False
2009-05-04 20:00:00,58.83455276489258,59.12197113037109,57.38787841796875,57.93397521972656,5480338,55.21116358439128,7773784.833333333,16.590979695053512,59.69062449344194,False,True
2009-05-05 20:00:00,59.00700378417969,62.70512008666992,58.87287521362305,61.87160873413086,9647398,55.391598510742185,7847016.033333333,16.974780999602824,67.70976078823566,False,False
2009-05-06 20:00:00,63.24163436889648,63.32786178588867,58.75790786743164,59.85009765625,8431192,55.510078811645506,7813340.4,17.522788448964118,61.00041979377663,False,False
2009-05-07 20:00:00,60.98060989379883,63.36618041992188,60.84648132324219,62.58057022094727,7857743,55.718936157226565,7764857.1,18.04388592861279,65.91353477019786,False,False
2009-05-10 20:00:00,61.70873641967773,61.70873641967773,59.35190582275391,60.24290084838867,6022265,55.876058197021486,7637714.933333334,17.75077038402214,59.05426028413234,False,True
2009-05-11 20:00:00,60.71235275268555,61.50754165649414,58.71000289916992,60.5207405090332,8166909,56.09864781697591,7625450.6,17.163243943206524,59.59248245849135,False,False
2009-05-12 20:00:00,59.533935546875,60.15667724609375,58.298038482666016,58.75790786743164,6329657,56.28004086812337,7576170.533333333,16.41363921448998,54.68122576726646,False,True
2009-05-13 20:00:00,58.23097229003906,59.4764518737793,57.7519416809082,58.83455276489258,4818167,56.41033732096354,7445924.866666666,15.444072596654518,54.855431926462586,False,True
2009-05-14 20:00:00,58.738746643066406,59.30400085449219,57.00465393066406,57.512428283691406,6734641,56.407782491048174,7337577.6,14.507154791177735,51.199289793885406,False,True
2009-05-17 20:00:00,58.24055480957031,59.648902893066406,58.24055480957031,59.36148452758789,6164949,56.457920964558916,7228882.4,13.482779235726943,55.65121273026735,False,True
2009-05-18 20:00:00,59.30400085449219,60.65486907958984,58.939937591552734,59.66806411743164,5381597,56.6035462697347,7070500.1,13.038505269622261,56.3620394454551,False,True
2009-05-19 20:00:00,60.444095611572266,62.39854049682617,60.1470947265625,60.36745071411133,7532920,56.836035919189456,7063419.833333333,13.401990299315184,58.01526518097978,False,False
2009-05-20 20:00:00,58.84413146972656,58.88245391845703,57.56991195678711,58.67168045043945,7331680,56.97878697713216,7098640.266666667,12.476010336464546,52.79278633321418,False,False
2009-05-21 20:00:00,59.1794548034668,60.24290084838867,58.67168045043945,59.42855072021485,4998427,57.09056078592936,7062685.733333333,12.141977097726047,54.750664779516946,False,True
2009-05-25 20:00:00,58.8632926940918,60.97102737426758,58.31719970703125,60.73151397705078,6519833,57.239699045817055,7102679.7,12.129084592252184,57.981489636498004,False,True
2009-05-26 20:00:00,61.15306091308594,62.178184509277344,59.95548248291016,60.19499969482422,5068047,57.3987372080485,7062776.2,12.586127308255515,56.202034466117865,False,True
2009-05-27 20:00:00,61.22970581054688,63.49073028564453,60.51115798950195,62.72428131103516,7547533,57.62643648783366,7142677.133333334,13.477932345428291,62.10629291152693,False,False
2009-05-28 20:00:00,63.84521484375,64.81285858154297,63.17456817626953,64.29550170898438,7037858,57.88607114156087,7192604.366666666,14.734977496170535,65.24104193717434,False,True
2009-05-31 20:00:00,65.85713958740234,67.03556060791016,65.63678741455078,66.43197631835938,7490647,58.19584426879883,7188137.0,16.52606180222283,68.99672214499564,False,False
2009-06-01 20:00:00,65.87630462646484,66.93975067138672,65.5505599975586,66.44155883789062,7265192,58.62601381937663,7182034.4,18.136622805879224,69.0128943608471,False,False
2009-06-02 20:00:00,65.52182006835938,65.52182006835938,62.82966613769531,64.06556701660156,8249054,58.971235275268555,7162613.266666667,18.124305222251223,60.57549168557593,False,False
2009-06-03 20:00:00,64.98530578613281,66.21162414550781,64.58291625976562,65.74217224121094,5711220,59.38831125895182,7083502.1,18.34603958992634,63.926936819970074,False,True
2009-06-04 20:00:00,66.46072387695312,66.75772094726562,64.42005157470703,65.6846923828125,6939847,59.790377680460615,6983825.1,18.736556715429963,63.72692376611544,False,True
2009-06-07 20:00:00,65.22482299804688,65.99127197265625,63.70150375366211,65.46434020996094,5757982,60.188292566935225,6872757.066666666,18.706251857505645,62.91426189653381,False,True
2009-06-08 20:00:00,66.28826904296875,66.82478332519531,65.5026626586914,66.14456176757812,4937366,60.64273312886556,6801589.033333333,18.984931546817993,64.42253393182821,False,True
2009-06-09 20:00:00,66.93016815185547,67.39962005615234,64.87992095947266,66.36491394042969,7091925,61.10579617818197,6825460.133333334,18.888213983749853,64.92024910630771,False,False
2009-06-10 20:00:00,66.42240142822266,68.58761596679688,66.2786865234375,67.66787719726562,6071010,61.52830123901367,6751877.533333333,19.251282848019333,67.78970822981836,False,True
2009-06-11 20:00:00,67.03556060791016,67.03556060791016,65.3876953125,66.07749938964844,5777709,61.93324203491211,6709907.366666666,19.07011215682773,61.2084662369626,False,True
2009-06-14 20:00:00,65.21524047851562,65.54098510742188,63.375762939453125,64.26676177978516,6421509,62.20820566813151,6699469.633333334,17.86310556691161,54.69741924349779,False,True
2009-06-15 20:00:00,64.8703384399414,65.00446319580078,60.80815887451172,61.660831451416016,9791752,62.31870206197103,6752545.566666666,17.49906027698839,46.95597244701337,True,False
2009-06-16 20:00:00,61.14347839355469,61.64167022705078,59.68722534179688,61.12431716918945,6930975,62.42504679361979,6800900.133333334,17.561787554480404,45.527307353972525,True,False
2009-06-17 20:00:00,61.076416015625,62.45602416992188,60.85606002807617,61.7470588684082,6390926,62.420895131429035,6692351.066666666,17.214922542617824,47.52311634249129,True,True
2009-06-18 20:00:00,62.3602180480957,62.54225158691406,61.526702880859375,61.81412124633789,10892204,62.486362584431966,6774384.8,16.849091154570413,47.74515183677528,True,False
2009-06-21 20:00:00,60.55906295776367,60.85606002807617,58.31719970703125,58.79623031616211,7703786,62.36021792093913,6769252.9,17.632390394480108,39.62082854766468,True,False
2009-06-22 20:00:00,59.54351806640625,60.36745071411133,58.41300582885742,60.09919357299805,7418418,62.3554276784261,6815791.333333333,18.35973968868197,44.04762691674185,True,False
2009-06-23 20:00:00,60.578224182128906,61.99615478515625,60.09919357299805,61.4308967590332,9563896,62.385766220092776,6862357.566666666,18.16567454347421,48.225706665444044,True,False
2009-06-24 20:00:00,61.21054458618164,63.030860900878906,61.06683349609375,62.71470260620117,9405243,62.51765937805176,6964877.1,17.480191013571623,51.950671133690676,False,False
2009-06-25 20:00:00,62.20692825317383,62.52308654785156,61.200965881347656,61.60334777832031,19009115,62.60995254516602,7437908.7,16.843670592947795,48.68522016380215,True,False
2009-06-28 20:00:00,62.26441192626953,63.826053619384766,61.76622009277344,63.35660171508789,9977440,62.804758326212564,7546002.0,15.664465768743755,53.63637136254123,False,False
2009-06-29 20:00:00,63.40450668334961,63.88353729248047,61.27760696411133,63.05002212524414,9117161,62.92770957946777,7644409.066666666,14.75141052709075,52.6792080240248,False,False
2009-06-30 20:00:00,64.18053436279297,64.18053436279297,62.187767028808594,62.44644165039063,8530768,63.02032216389974,7749381.433333334,13.752532855743317,50.758709977580516,True,False
2009-07-01 20:00:00,61.47880172729492,61.6895751953125,59.97464370727539,60.62612533569336,7070006,63.028944651285805,7733950.966666667,13.828570904320864,45.38489919745805,True,True
2009-07-05 20:00:00,58.949520111083984,59.2944221496582,57.93397521972656,59.11238861083984,11365764,63.04363492329915,7868420.433333334,14.649181545004966,41.45454147705369,True,False
2009-07-06 20:00:00,58.99742126464844,59.390228271484375,57.26333236694336,57.34955596923828,7333663,62.9743350982666,7946261.633333334,15.634169882880622,37.393290683511346,True,True
2009-07-07 20:00:00,57.12920379638672,58.288455963134766,56.20946502685547,57.071720123291016,9561496,62.852341969807945,8047650.4,16.886509228671656,36.78167159294263,True,False
2009-07-08 20:00:00,58.04894256591797,59.63932418823242,57.6944580078125,58.470489501953125,6866888,62.79485829671224,8107611.766666667,17.2543957341838,41.931257320086196,True,True
2009-07-09 20:00:00,57.32081604003906,58.58545684814453,56.8417854309082,58.20223236083984,4765561,62.64412333170573,8014879.366666666,17.895379504580948,41.23749388386344,True,True
2009-07-12 20:00:00,58.6812629699707,60.29080581665039,57.512428283691406,60.1470947265625,6742574,62.50584309895833,8005036.566666666,17.55492331501326,47.96002560883025,True,True
2009-07-13 20:00:00,60.66444778442383,61.95783233642578,60.65486907958984,61.59376907348633,7435745,62.344569524129234,8003206.5,16.442955957835878,52.32875953538042,True,True
2009-07-14 20:00:00,62.48476409912109,64.09430694580078,62.48476409912109,63.941017150878906,7396707,62.26121813456218,8007590.333333333,15.998231425444434,58.42697839808031,False,True
2009-07-15 20:00:00,63.4140853881836,64.86075592041016,63.021278381347656,64.44879150390625,6356377,62.273992284139,7944501.1,15.868654917221448,59.6300762085971,False,True
2009-07-16 20:00:00,64.28591918945312,65.12901306152344,64.01766204833984,64.90866088867188,9511812,62.246208572387694,8071187.5,15.8487546525392,60.73824886804532,False,False
2009-07-19 20:00:00,65.6846923828125,66.73855590820312,65.37811279296875,66.60443115234375,7265609,62.27686653137207,8082046.233333333,16.407423148359076,64.5974807186458,False,True
2009-07-20 20:00:00,67.55290985107422,67.91697692871094,65.92420959472656,67.27507019042969,5350492,62.3372241973877,8068463.233333333,17.308808735634294,66.02000916625079,False,True
2009-07-21 20:00:00,66.4990463256836,67.84033203125,65.92420959472656,67.05471801757812,7910871,62.367562739054364,8167580.066666666,18.14580963810414,65.09449253284969,False,True
2009-07-22 20:00:00,67.30381774902344,69.2295150756836,66.87268829345703,68.9325180053711,8824069,62.45314954121908,8225318.2,19.36684626597046,69.0733485669255,False,False
2009-07-23 20:00:00,68.59719848632812,69.50735473632812,68.0031967163086,69.39238739013672,5031619,62.51063321431478,8190671.833333333,20.586276126962595,69.97596487933158,False,True
2009-07-26 20:00:00,69.44029235839844,70.3887710571289,68.91336059570312,69.92890167236328,4711076,62.63901329040527,8155117.4,21.988599430523834,71.03797976505327,False,True
2009-07-27 20:00:00,69.05706787109375,69.68938446044922,67.18885040283203,68.68342590332031,7753261,62.78623542785645,8199509.133333334,22.17550986099771,65.26645885928569,False,True
2009-07-28 20:00:00,67.51458740234375,67.66787719726562,65.72301483154297,66.56610870361328,6857598,62.949744669596356,8101704.0,21.525780975049056,56.81557042297353,False,True
2009-07-29 20:00:00,68.14691162109375,68.77922821044922,67.33255767822266,67.62955474853516,5983541,63.16658592224121,8070122.866666666,21.358443265611193,59.64210950290034,False,True
2009-07-30 20:00:00,67.04513549804688,69.17203521728516,66.7960433959961,68.34809875488281,5708820,63.3866205851237,8047386.0,20.903209730161905,61.47684010361408,False,True
2009-08-02 20:00:00,69.43070983886719,70.65702819824219,69.21994018554688,69.35406494140625,6549580,63.63795204162598,7902631.866666666,21.057461198464694,63.94793107967113,False,True
2009-08-03 20:00:00,68.98042297363281,69.63190460205078,67.83074951171875,68.92293548583984,6198663,63.97550888061524,7852461.1,20.432792385861084,62.109144297325294,False,True
2009-08-04 20:00:00,68.72174835205078,68.91336059570312,67.44752502441406,67.76368713378906,5870187,64.23099199930827,7800853.4,19.649808835559174,57.33517631176318,False,True
2009-08-05 20:00:00,67.85948944091797,67.87865447998047,66.57569122314453,66.94933319091797,5685439,64.4149398803711,7671571.5,18.4664238779703,54.184385923781775,False,True
2009-08-06 20:00:00,67.3229751586914,67.99362182617188,66.95891571044922,67.12178039550781,4664315,64.56184247334798,7513540.566666666,17.42446773244823,54.751448103763956,False,True
2009-08-09 20:00:00,66.7960433959961,67.16010284423828,66.38407897949219,67.1122055053711,3364189,64.74547106424967,6992043.033333333,16.21726952438907,54.71095754116044,False,True
2009-08-10 20:00:00,66.47029876708984,66.69065856933594,65.349365234375,65.83798217773438,3935238,64.82818374633788,6790636.3,15.635754701460598,49.46797109723403,False,True
2009-08-11 20:00:00,65.63678741455078,67.28465270996094,65.5026626586914,66.93016815185547,4929538,64.95752194722493,6651048.866666666,14.749684826567592,53.57468983472249,False,True
2009-08-12 20:00:00,67.25591278076172,68.14691162109375,66.87268829345703,68.0031967163086,5182757,65.14274711608887,6539448.5,13.948305557953278,57.25054333773018,False,True
2009-08-13 20:00:00,68.04151916503906,68.30020141601562,66.56610870361328,67.38046264648438,4118734,65.36789169311524,6441072.766666667,13.023248603014741,54.55104844846035,False,True
2009-08-16 20:00:00,65.91462707519531,66.10623931884766,64.36256408691406,65.47391510009766,5262084,65.57994257609049,6237616.766666667,13.170379803268533,47.21133835922762,True,True
2009-08-17 20:00:00,65.8667221069336,67.08345794677734,65.5505599975586,66.58526611328125,4528728,65.88779958089192,6144118.933333334,12.726102456256148,51.32274276031754,False,True
2009-08-18 20:00:00,65.70384979248047,69.07622528076172,65.42601776123047,68.53013610839844,6399277,66.26974678039551,6038711.633333334,12.34691558011721,57.553182362281696,False,False
2009-08-19 20:00:00,68.4534912109375,69.48819732666016,68.27145385742188,69.21035766601562,3886285,66.62774238586425,5939358.2,12.186861891207402,59.50542560475745,False,True
2009-08-20 20:00:00,70.58038330078125,71.80670166015625,69.8618392944336,71.64382934570312,5774160,67.07579561869304,5972978.166666667,12.999246167912005,65.600768252874,False,True
2009-08-23 20:00:00,72.02706146240234,72.81266784667969,71.44264221191406,72.03663635253906,5002915,67.47211367289225,5914989.533333333,14.11048013732274,66.47791040319323,False,True
2009-08-24 20:00:00,72.39112091064453,72.95637512207031,70.50373840332031,70.81031799316406,5254256,67.77933197021484,5842273.233333333,14.57625488175261,61.228800379152496,False,True
2009-08-25 20:00:00,70.34086608886719,71.56718444824219,69.94806671142578,71.04983520507812,5147791,68.01629257202148,5767309.366666666,14.683003992854347,61.86220621878073,False,True
2009-08-26 20:00:00,70.46541595458984,71.59593200683594,68.85587310791016,71.44264221191406,4922753,68.24942092895508,5719521.9,14.16781861129274,62.93175843175614,False,True
2009-08-27 20:00:00,71.92166900634766,72.33363342285156,71.07857513427734,71.39473724365234,4498981,68.46562347412109,5552427.533333333,14.027429292131584,62.70081499495521,False,True
2009-08-30 20:00:00,70.36961364746094,70.71451568603516,69.30615997314453,70.03428649902344,4891544,68.57995198567708,5473292.033333333,13.090429282963603,56.37378489063294,False,True
2009-08-31 20:00:00,70.05345153808594,70.7719955444336,68.78881072998047,69.20077514648438,6679217,68.6441421508789,5517582.866666666,12.471142165194351,52.8547458583148,False,False
2009-09-01 20:00:00,69.19119262695312,69.61273956298828,68.44390869140625,68.79839324951172,6127060,68.70226465861002,5458122.5,12.065453485921866,51.19335402334262,False,False
2009-09-02 20:00:00,69.55525970458984,69.58399963378906,68.53013610839844,68.97084045410156,4380721,68.7035420735677,5310010.9,11.68874256945456,51.89128780986139,False,True
2009-09-03 20:00:00,68.89419555664062,69.94806671142578,68.87503814697266,69.6798095703125,4151926,68.7131228129069,5280687.8,11.114109855137146,54.755820715021784,False,True
2009-09-07 20:00:00,70.93486785888672,72.10369873046875,70.51332092285156,71.92166900634766,6924504,68.77954839070638,5354468.733333333,11.231200977796354,62.38323408402473,False,False
2009-09-08 20:00:00,72.07495880126953,73.28211975097656,71.49053955078125,72.66896057128906,5780005,68.91239954630534,5288693.533333333,11.870914343125014,64.52980168576008,False,False
2009-09-09 20:00:00,72.8605728149414,73.64617919921875,72.34321594238281,73.5599594116211,5866012,69.14552790323893,5255640.666666667,12.622087198412737,66.95132632570031,False,False
2009-09-10 20:00:00,73.99108123779297,74.53717803955078,73.07134246826172,73.74198913574219,5122114,69.34927571614584,5226926.433333334,13.695107280668216,67.44037770667029,False,True
2009-09-13 20:00:00,72.77434539794922,73.8569564819336,72.68811798095703,73.76114654541016,4918056,69.52971064249674,5200567.633333334,14.414134165760249,67.49489461163776,False,True
2009-09-14 20:00:00,74.22101593017578,75.20782470703125,73.5407943725586,74.74795532226562,5213131,69.70950698852539,5156019.333333333,15.645547177999873,70.25744965339979,False,False
2009-09-15 20:00:00,75.2940444946289,76.2425308227539,74.81501770019531,75.83055877685547,5805265,69.93976109822592,5142906.066666666,17.173083730894064,72.97141194367313,False,False
2009-09-16 20:00:00,75.36111450195312,76.2425308227539,75.18865966796875,75.34194946289062,4941959,70.1923698425293,5111965.133333334,18.591510530010094,69.87250228081498,False,True
2009-09-17 20:00:00,75.59104919433594,75.83055877685547,73.17672729492188,73.91443634033203,7307987,70.42453994750977,5166050.066666666,18.433719498315213,61.6368223715758,False,False
2009-09-20 20:00:00,72.81266784667969,74.11563110351562,72.4486083984375,73.8569564819336,4277596,70.64904581705729,5153159.433333334,17.826072132129053,61.32339306441133,False,True
2009-09-21 20:00:00,74.73837280273438,75.6772689819336,74.64256286621094,75.03536987304688,3805602,70.91315129597982,5167873.2,17.992523131646543,65.22734026489776,False,True
2009-09-22 20:00:00,74.92998504638672,75.18865966796875,72.97554016113281,73.14798736572266,4300559,71.15681813557943,5180050.566666666,17.155936723959574,55.55511202656576,False,True
2009-09-23 20:00:00,73.00428009033203,73.39708709716797,70.93486785888672,71.36599731445312,7251623,71.30467910766602,5257453.4,16.484956000792586,48.27629457457961,False,False
2009-09-24 20:00:00,72.46776580810547,74.23059844970703,71.85460662841797,73.79946899414062,8772089,71.49788818359374,5377097.8,15.439117785440535,56.6324642487567,False,False
2009-09-27 20:00:00,74.05815124511719,76.23294830322266,73.61743927001953,75.83055877685547,5141424,71.77955805460611,5411187.466666667,15.109759483438593,62.13146338333186,False,True
2009-09-28 20:00:00,75.66769409179688,76.07965850830078,74.57550048828125,75.00662994384766,4857517,72.09731521606446,5397701.9,14.803926774436789,58.870386369713465,False,True
2009-09-29 20:00:00,75.3802719116211,75.72517395019531,73.43540954589844,75.11201477050781,7206845,72.38154017130533,5486972.466666667,13.918918832311208,59.16560831030605,False,False
2009-09-30 20:00:00,74.83417510986328,75.26530456542969,72.17076873779297,72.20909118652344,5847120,72.50417200724284,5468567.233333333,13.360580133367117,48.77909186470072,True,False
2009-10-01 20:00:00,71.3851547241211,72.23783111572266,70.64744567871094,71.21270751953125,4799275,72.57091700236002,5499000.233333333,13.495142539565098,45.80670514125884,True,True
2009-10-04 20:00:00,71.15522003173828,72.79351043701172,70.71451568603516,72.34321594238281,4649806,72.59422988891602,5461521.766666667,13.316839454800416,49.5621392496092,True,True
2009-10-05 20:00:00,73.1575698852539,75.00662994384766,73.07134246826172,74.33598327636719,5569267,72.67087478637696,5480400.166666667,12.661830143155033,55.425761679123895,False,False
2009-10-06 20:00:00,74.05815124511719,74.74795532226562,73.12882995605469,74.18269348144531,4166017,72.783287302653,5444125.533333333,12.053607210912892,54.89707318248358,False,True
2009-10-07 20:00:00,74.73837280273438,76.9227523803711,74.53717803955078,76.73114013671875,5653500,72.97266413370768,5460982.5,12.41024853117186,61.47614876178149,False,False
2009-10-08 20:00:00,76.52994537353516,78.07242584228516,75.70601654052734,76.20420837402344,4770571,73.13138300577799,5455909.766666667,13.163077425201147,59.54218456739291,False,True
2009-10-11 20:00:00,76.08924102783203,77.38262176513672,75.95510864257812,76.94190979003906,4943316,73.31628875732422,5470720.933333334,13.862132826799769,61.37420426299792,False,True
2009-10-12 20:00:00,77.30597686767578,77.30597686767578,75.88804626464844,76.93233489990234,4216327,73.54622370402018,5448213.7,14.469178563670564,61.3353823749896,False,True
2009-10-13 20:00:00,77.98619842529297,78.55145263671875,77.52632904052734,78.34068298339844,3881901,73.85088729858398,5354969.833333333,15.5178155394573,64.85661899604301,False,True
2009-10-14 20:00:00,77.6317138671875,79.75861358642578,77.49758911132812,79.65322875976562,5532318,74.21271514892578,5335145.1,16.914838116740192,67.79987589659616,False,False
2009-10-15 20:00:00,78.56103515625,79.51909637451172,77.71794128417969,78.94425964355469,5259788,74.54516245524088,5364447.333333333,18.212073367074304,64.65029558839967,False,True
2009-10-18 20:00:00,78.77181243896484,79.4903564453125,78.65684509277344,79.14545440673828,4038572,74.86068394978841,5360668.866666666,19.416648956670265,65.14513157288839,False,True
2009-10-19 20:00:00,79.09754943847656,79.09754943847656,77.00897979736328,78.2640380859375,3561776,75.07209625244141,5248577.933333334,19.33100757882026,61.109309923881874,False,True
2009-10-20 20:00:00,77.77542877197266,81.1957015991211,77.62213897705078,78.1299057006836,6824719,75.25412775675456,5283401.733333333,20.105101730983673,60.49511314210474,False,False
2009-10-21 20:00:00,78.64726257324219,80.66876983642578,76.36707305908203,80.47715759277344,6761258,75.48470102945963,5313243.266666667,20.02397106756461,66.7862459812537,False,False
2009-10-22 20:00:00,80.78373718261719,81.17654418945312,78.1299057006836,78.70474243164062,5009595,75.65012613932292,5309492.633333334,20.157759756038224,59.12905602864852,False,True
2009-10-25 20:00:00,78.94425964355469,80.59212493896484,76.99939727783203,77.32513427734375,4771719,75.76892573038737,5304614.733333333,19.587841530297744,53.94457658922621,False,True
2009-10-26 20:00:00,77.59339141845703,78.1299057006836,76.65449523925781,76.9227523803711,5581271,75.84141896565755,5316886.066666666,18.854105449958585,52.49873596831374,False,False
2009-10-27 20:00:00,76.44371795654297,76.6257553100586,74.2880859375,74.56591796875,6092720,75.79926427205403,5326467.9,18.08096283374116,44.90668746164279,True,False
2009-10-28 20:00:00,75.32279205322266,76.75029754638672,75.0832748413086,75.82098388671875,5771133,75.81523208618164,5354107.033333333,17.2942668496168,49.12587858251562,False,False
2009-10-29 20:00:00,75.30362701416016,75.6293716430664,71.77796173095703,72.69770050048828,9511708,75.77467422485351,5427564.4,17.911473424624003,40.76028018477986,True,False
2009-11-02 20:00:00,73.25337219238281,75.02578735351562,71.74922180175781,73.59827423095703,8662910,75.7660514831543,5573741.533333333,18.494632400945072,43.73546521708663,True,False
2009-11-03 20:00:00,72.96595764160156,76.5203628540039,72.09412384033203,76.15630340576172,8340175,75.8034159342448,5724893.966666667,18.171073579670104,51.22820464792811,False,False
2009-11-04 20:00:00,77.19100952148438,78.10116577148438,76.55868530273438,76.74072265625,6192818,75.92317377726236,5787969.266666667,17.067771850312763,52.7755129291658,False,False
2009-11-05 20:00:00,77.4688491821289,78.15865325927734,76.35749816894531,77.54549407958984,4509940,76.12915700276693,5696579.833333333,16.135948355475247,54.89749396087053,False,True
2009-11-06 20:00:00,76.93233489990234,78.17781066894531,76.4053955078125,77.48800659179688,3611981,76.25210825602214,5524576.233333333,15.260535325803462,54.70838434851355,False,True
2009-11-09 20:00:00,78.56103515625,79.9023208618164,78.56103515625,79.56700134277344,4028239,76.37665634155273,5487470.066666666,14.760929707527582,60.065968343128176,False,True
2009-11-10 20:00:00,79.46161651611328,80.92744445800781,79.16461181640625,80.64002990722656,4808982,76.56443634033204,5485852.233333333,14.753317155361575,62.52963354592283,False,True
2009-11-11 20:00:00,81.27234649658203,81.41606140136719,78.72390747070312,79.64364624023438,4467981,76.71549072265626,5394556.766666667,14.956641675700691,58.8961323484287,False,True
2009-11-12 20:00:00,79.09754943847656,79.57658386230469,77.62213897705078,78.3790054321289,5084851,76.9211545308431,5369147.8,14.495894543800864,54.56243624985324,False,True
2009-11-13 20:00:00,78.2640380859375,79.47119140625,77.67961883544922,78.9921646118164,3718968,77.1804697672526,5333137.566666666,14.068057921322453,56.24357752131287,False,True
2009-11-16 20:00:00,79.65322875976562,81.6268310546875,79.64364624023438,80.93702697753906,4724123,77.46693013509115,5335614.8,14.6463149584476,61.153166326908206,False,True
2009-11-17 20:00:00,80.6017074584961,81.31067657470703,79.9693832397461,80.52506256103516,4048175,77.67323277791341,5284911.733333333,15.183267921492382,59.627000268702055,False,True
2009-11-18 20:00:00,80.70709228515625,80.93702697753906,79.15503692626953,79.72029113769531,3994107,77.85781936645508,5279181.4,15.146215898503552,56.652594786324286,False,True
2009-11-19 20:00:00,79.2891616821289,79.51909637451172,76.98023223876953,78.11074829101562,6230603,77.90380630493163,5298418.166666667,14.24588556944264,51.15628858634311,False,False
2009-11-20 20:00:00,77.71794128417969,77.71794128417969,75.76349639892578,76.63533020019531,6728587,77.91817703247071,5363685.366666666,13.987051370631903,46.685065574719516,True,False
2009-11-23 20:00:00,77.82332611083984,79.48077392578125,77.77542877197266,78.6951675415039,4635089,77.97661895751953,5353411.133333334,13.13436199617884,52.877458611989105,False,True
2009-11-24 20:00:00,78.28319549560547,79.44245147705078,77.42094421386719,79.26042175292969,4308492,78.05422185262044,5356483.3,12.226249151863163,54.44124366474272,False,True
2009-11-25 20:00:00,79.50951385498047,80.63044738769531,79.01132202148438,80.50589752197266,3482866,78.12639567057292,5343182.133333334,11.899181528108544,57.76690074414424,False,True
2009-11-27 20:00:00,77.26765441894531,78.25445556640625,75.97427368164062,77.79458618164062,3204387,78.06444091796875,5265584.433333334,11.89571077200325,49.3256431533406,True,True
2009-11-30 20:00:00,77.38262176513672,78.23529815673828,76.65449523925781,77.40177917480469,4521213,78.01302490234374,5240965.266666667,11.892487927048334,48.22614339686561,True,True
2009-12-01 20:00:00,78.5802001953125,79.64364624023438,78.3598403930664,78.73348999023438,3408758,77.99929275512696,5219971.466666667,11.180321336204546,52.12258738232055,False,True
2009-12-02 20:00:00,78.57061767578125,78.65684509277344,77.08562469482422,77.80416870117188,3729197,77.98396377563476,5225552.166666667,11.076694393437135,49.3324155835296,True,True
2009-12-03 20:00:00,77.65087890625,78.23529815673828,76.65449523925781,76.78861999511719,4127815,77.93925425211589,5135655.366666666,11.162223425632975,46.408770843506396,True,True
2009-12-04 20:00:00,77.59339141845703,78.32151794433594,74.63298797607422,75.35153198242188,7365185,77.76840006510416,5155786.266666667,12.022415219503097,42.56455626768256,True,False
2009-12-07 20:00:00,74.98746490478516,75.48565673828125,73.971923828125,74.95872497558594,6575048,77.643532816569,5207968.033333333,13.051750141104435,41.55140609572106,True,False
2009-12-08 20:00:00,74.05815124511719,74.48927307128906,73.19589233398438,73.69408416748047,5709550,77.5224978129069,5239229.066666666,14.272724684470775,38.38369786267627,True,False
2009-12-09 20:00:00,74.02940368652344,74.50843811035156,72.62105560302734,73.72282409667969,4868790,77.41583353678385,5215479.7,15.599566577148604,38.49844681203328,True,True
2009-12-10 20:00:00,74.05815124511719,74.63298797607422,73.00428009033203,73.72282409667969,6672328,77.38773040771484,5234799.966666667,16.746720266578937,38.49844681203328,True,False
2009-12-11 20:00:00,74.0677261352539,74.24018096923828,72.51567077636719,72.81266784667969,5108023,77.2874532063802,5212696.3,17.989756425501387,36.033757047383666,True,True
2009-12-14 20:00:00,74.25933837890625,74.7000503540039,73.48331451416016,74.16353607177734,5929369,77.33631439208985,5093285.0,18.802805111337392,41.97175697819997,True,False
2009-12-15 20:00:00,73.8569564819336,76.39582061767578,73.6749267578125,75.56230163574219,6298344,77.40178197224935,5014466.133333334,18.41295427273573,47.41511502906675,True,False
2009-12-16 20:00:00,76.03175354003906,77.12394714355469,75.48565673828125,75.514404296875,5755790,77.38038533528646,4928319.966666667,17.612286798906727,47.25166097497367,True,False
2009-12-17 20:00:00,75.0162124633789,75.4952392578125,74.2880859375,75.03536987304688,4826830,77.32354024251302,4882787.033333333,17.44922742779634,45.560040206386596,True,True
2009-12-18 20:00:00,75.72517395019531,77.04730224609375,75.60062408447266,76.6257553100586,8088104,77.29288228352864,5002059.166666667,16.40066356061053,51.73757776317866,True,False
2009-12-21 20:00:00,77.02813720703125,78.02452087402344,76.95149230957031,77.28681182861328,4002666,77.28617579142252,5015082.0,15.536172596023297,54.07055080795763,False,True
2009-12-22 20:00:00,77.12394714355469,78.4652328491211,76.99939727783203,77.99578094482422,2810258,77.23380177815756,4974482.633333334,14.95436014283948,56.49923427364703,False,True
2009-12-23 20:00:00,78.43648529052734,79.23168182373047,78.18739318847656,79.00174713134766,2842615,77.17919235229492,4908937.066666666,14.791656391189122,59.75138987265214,False,True
2009-12-24 20:00:00,78.71432495117188,79.29874420166016,78.60894012451172,79.01132202148438,907562,77.15811487833659,4790256.433333334,14.67394026039364,59.782209524010135,False,True
2009-12-28 20:00:00,79.18377685546875,79.74903106689453,78.53229522705078,79.04964447021484,2203825,77.18046951293945,4694222.233333333,14.79567214919813,59.914512052395466,False,True
2009-12-29 20:00:00,79.31790161132812,79.51909637451172,78.13948822021484,78.65684509277344,2174286,77.16929219563802,4642732.833333333,14.627714964352846,57.81511980597512,False,True
2009-12-30 20:00:00,78.38858795166016,79.11671447753906,78.02452087402344,78.91551971435547,2161657,77.10190862019857,4557317.3,14.38708269599263,58.838002243065354,False,True
2009-12-31 20:00:00,78.9729995727539,79.10713195800781,77.81375122070312,77.93829345703125,1912821,77.01568298339843,4486138.833333333,14.001603382196922,53.55484366871468,False,True
2010-01-04 20:00:00,79.193359375,80.00770568847656,78.75264739990234,79.61490631103516,3630352,77.0121701558431,4474013.666666667,14.201243837366892,60.163840420080184,False,True
2010-01-05 20:00:00,79.6915512084961,79.73944854736328,78.58977508544922,79.04006958007812,3515432,77.04314753214518,4383507.966666667,14.249545028234214,57.16061188737979,False,True
2010-01-06 20:00:00,78.94425964355469,80.35260772705078,78.39816284179688,79.9885482788086,5578661,77.15492146809896,4345177.1,14.674138100299086,60.650856523726894,False,False
2010-01-07 20:00:00,79.47119140625,80.1226806640625,78.91551971435547,79.39454650878906,4300559,77.1782341003418,4334026.1,15.068403095787895,57.491758908517845,False,True
2010-01-08 20:00:00,79.0592269897461,80.26638793945312,78.11074829101562,80.20890045166016,4336465,77.20985005696615,4334958.533333333,14.689168244699696,60.52728035119311,False,False
2010-01-11 20:00:00,80.6208724975586,81.27234649658203,78.84845733642578,79.48077392578125,4079384,77.17567927042643,4354842.466666667,15.01149562678296,56.63316060400142,False,True
2010-01-12 20:00:00,78.36942291259766,78.72390747070312,76.55868530273438,76.79820251464844,7071676,77.1424664815267,4483752.1,14.305809207569459,45.11658245203107,True,False
2010-01-13 20:00:00,76.97065734863281,77.31555938720703,75.30362701416016,76.2904281616211,7685520,77.10542144775391,4589229.0,14.379250788398949,43.32080175825166,True,False
2010-01-14 20:00:00,75.83055877685547,77.05687713623047,75.80181884765625,76.88442993164062,4717547,77.04378611246744,4632855.3,14.447446542026332,46.02721193239162,True,False
2010-01-15 20:00:00,76.68323516845703,76.9035873413086,75.0641098022461,75.6102066040039,8252916,76.97065404256185,4783645.933333334,14.92383409118242,41.45440276638473,True,False
2010-01-19 20:00:00,75.35153198242188,76.09881591796875,74.96830749511719,76.03175354003906,5700052,76.94542516072592,4836053.833333333,15.419507549938189,43.45583670490914,True,False
2010-01-20 20:00:00,75.30362701416016,75.30362701416016,73.58869934082031,74.92998504638672,6289785,76.9313735961914,4800207.166666667,16.593957728168096,39.64144257843584,True,False
2010-01-21 20:00:00,74.87249755859375,75.21739959716797,72.70728302001953,72.82225036621094,7607341,76.8601577758789,4834616.933333334,18.078348262738874,33.570625376986634,True,False
2010-01-22 20:00:00,73.37792205810547,74.882080078125,72.5444107055664,72.90847778320312,10140686,76.83397089640299,4982321.466666667,19.52759942071479,34.01582176964886,True,False
2010-01-25 20:00:00,73.79946899414062,75.23656463623047,73.57911682128906,74.39347076416016,6724621,76.85632578531902,5044182.5,20.51936640042032,41.31064118284032,True,False
2010-01-26 20:00:00,73.01386260986328,74.7000503540039,73.01386260986328,73.44498443603516,9110167,76.84706446329753,5125443.8,21.715862240076678,38.39121219723391,True,False
2010-01-27 20:00:00,73.48331451416016,73.96234130859375,72.2282485961914,73.2246322631836,5282229,76.86079661051433,5131250.666666667,23.18444926244226,37.724210279687654,True,False
2010-01-28 20:00:00,74.21144104003906,75.514404296875,71.26060485839844,74.24976348876953,11850806,76.8636708577474,5328631.9,23.07316797289965,42.71091815509038,True,False
2010-01-29 20:00:00,74.86292266845703,76.47246551513672,74.48927307128906,75.05453491210938,11222245,76.84674530029297,5492761.933333334,22.205390265816018,46.343338498704064,True,False
2010-02-01 20:00:00,75.77307891845703,76.56826782226562,75.63894653320312,76.48204040527344,6349280,76.87899983723959,5512544.933333334,21.325223533208906,52.14010615134468,True,False
2010-02-02 20:00:00,76.75029754638672,77.5359115600586,75.88804626464844,77.39220428466797,5384519,76.95756098429362,5531134.566666666,19.82320732742758,55.44519603111652,False,True
2010-02-03 20:00:00,77.27723693847656,77.72752380371094,76.30001068115234,76.76946258544922,3686611,76.96235122680665,5384418.133333334,18.566451414852235,52.76050964890994,True,True
2010-02-04 20:00:00,76.09881591796875,76.09881591796875,73.10008239746094,73.23421478271484,7981430,76.82726465861002,5517043.6,18.96791820475476,40.70953066422702,True,False
2010-02-05 20:00:00,73.17672729492188,73.92401885986328,71.15522003173828,73.49288940429688,10682927,76.67716827392579,5779465.9,20.124092001809952,41.75779260542271,True,False
2010-02-08 20:00:00,73.55037689208984,75.28446960449219,72.83182525634766,73.10008239746094,6923878,76.48044611612956,5915508.0,20.249009270449314,40.5843716400703,True,False
2010-02-09 20:00:00,74.1539535522461,75.59104919433594,73.27253723144531,74.64256286621094,8421798,76.33482081095377,6165982.533333333,20.16223417293936,46.895055192746575,True,False
2010-02-10 20:00:00,75.12159729003906,75.6102066040039,73.86653900146484,75.10243225097656,6153885,76.2032470703125,6297651.2,20.068350748171813,48.64630037262471,True,True
2010-02-11 20:00:00,75.16950225830078,77.14310455322266,74.48927307128906,77.08562469482422,6484240,76.15087305704752,6441316.333333333,18.972375597197516,55.466728490550686,False,False
2010-02-12 20:00:00,75.88804626464844,76.54911041259766,75.00662994384766,76.45330047607422,6458667,76.06879908243815,6584550.0,17.954684385578528,53.047566203648,False,True
2010-02-16 20:00:00,77.60297393798828,78.04368591308594,76.52994537353516,77.77542877197266,6079777,76.06337025960286,6723448.533333333,17.220822035212077,57.24635532200518,False,True
2010-02-17 20:00:00,77.77542877197266,78.02452087402344,76.51078796386719,77.54549407958984,4957302,75.99438985188802,6767680.2,16.526822114124986,56.30334651549435,False,True
2010-02-18 20:00:00,77.2389144897461,77.77542877197266,76.44371795654297,77.59339141845703,4299202,75.94616724650065,6793805.866666666,15.835418936775545,56.464227873729335,False,True
2010-02-19 20:00:00,77.38262176513672,78.56103515625,77.20059204101562,78.09158325195312,4047653,75.8829350789388,6742772.266666667,15.670063822594065,58.18856630791536,False,True
2010-02-22 20:00:00,78.56103515625,78.6760025024414,76.49162292480469,76.65449523925781,5543173,75.79160003662109,6784192.733333333,14.988724897409112,51.813422532577846,False,True
2010-02-23 20:00:00,76.74072265625,77.04730224609375,75.58146667480469,75.6964340209961,7660365,75.6411844889323,6894989.4,14.10602246341129,48.03504697063884,False,False
2010-02-24 20:00:00,76.424560546875,76.59700775146484,75.46649932861328,76.21378326416016,3818857,75.53228480021158,6886305.166666667,13.363612674250751,50.14907763365626,False,True
2010-02-25 20:00:00,74.71920776367188,75.85930633544922,73.80905151367188,75.71559143066406,5354876,75.49619776407877,6829078.5,13.685739236465155,48.11899031380672,False,True
2010-02-26 20:00:00,76.19462585449219,76.74072265625,75.37068939208984,76.50120544433594,4590520,75.5032236735026,6725911.833333333,13.330793971273616,51.45619528474946,False,True
2010-03-01 20:00:00,76.89401245117188,77.71794128417969,76.77904510498047,77.36345672607422,4347320,75.51919123331706,6713570.933333334,12.415119133222747,54.886188735880516,False,True
2010-03-02 20:00:00,77.82332611083984,78.42691040039062,77.50717163085938,77.79458618164062,4214970,75.59200388590494,6578972.733333333,12.006811245340407,56.53971309907385,False,True
2010-03-03 20:00:00,78.11074829101562,78.62809753417969,77.4496841430664,77.6317138671875,7052784,75.6453358968099,6624063.8,11.751970429610056,55.70900067935687,False,False
2010-03-04 20:00:00,77.52632904052734,78.41732788085938,77.44010162353516,77.84249114990234,4530294,75.74241943359375,6565414.1,11.507929213675123,56.597732518397756,False,True
2010-03-05 20:00:00,78.52271270751953,78.79096984863281,77.91913604736328,78.50355529785156,4004232,75.93179626464844,6445310.466666667,11.533965822891748,59.35255131572925,False,True
2010-03-08 20:00:00,78.34068298339844,78.63768005371094,77.6317138671875,78.07242584228516,3621375,76.10392786661784,6228000.1,11.310618106865913,56.81959596450823,False,True
2010-03-09 20:00:00,77.50717163085938,78.91551971435547,77.41136169433594,78.07242584228516,6393849,76.22655970255533,6216974.366666666,11.307600912301513,56.81959596450822,False,False
2010-03-10 20:00:00,77.92871856689453,78.78138732910156,77.59339141845703,78.53229522705078,4511297,76.39613672892253,6063678.7,11.304799231634572,58.98494357317631,False,True
2010-03-11 20:00:00,78.22571563720703,78.9921646118164,78.02452087402344,78.42691040039062,4073017,76.56954600016276,6023371.633333334,11.471737701547468,58.26388813426308,False,True
2010-03-12 20:00:00,78.92510223388672,79.03048706054688,78.01493835449219,78.40774536132812,4116751,76.70814539591471,5765569.8,11.658891716762668,58.124731231784374,False,True
2010-03-14 20:00:00,78.04368591308594,78.21613311767578,76.80778503417969,77.66046142578125,3329954,76.79500961303711,5502493.433333334,11.043611884445555,52.82664590942399,False,True
2010-03-15 20:00:00,78.15865325927734,78.9921646118164,77.5359115600586,78.91551971435547,5761322,76.87612559000651,5482894.833333333,10.7305714690483,59.5030582471895,False,False
2010-03-16 20:00:00,79.18377685546875,80.22806549072266,79.0592269897461,79.72029113769531,7288781,76.95372848510742,5546370.233333333,11.367149614999464,63.108557164489945,False,False
2010-03-17 20:00:00,79.40412902832031,79.79693603515625,78.11074829101562,79.04964447021484,4751783,77.02973454793295,5581875.966666667,11.077211644964795,58.439237664982166,False,True
2010-03-18 20:00:00,79.11671447753906,79.70113372802734,78.40774536132812,79.11671447753906,7077939,77.22581787109375,5551759.6,10.807983529932603,58.76780250562557,False,False
2010-03-21 20:00:00,78.12033081054688,79.36580657958984,77.8520736694336,79.10713195800781,3924279,77.41295928955078,5326471.333333333,10.056219946149346,58.696404656955714,False,True
2010-03-22 20:00:00,79.10713195800781,79.95980834960938,78.50355529785156,79.82567596435547,7832170,77.6371457417806,5356747.733333333,9.857310074155269,62.38657873585072,False,False
2010-03-23 20:00:00,79.39454650878906,80.04603576660156,78.90593719482422,79.47119140625,5380553,77.79810002644857,5255372.9,9.744386185107745,59.55949521784135,False,False
2010-03-24 20:00:00,80.22806549072266,80.42925262451172,77.99578094482422,78.09158325195312,7057689,77.89773839314779,5285499.7,9.305423648931512,50.05299517679516,False,False
2010-03-25 20:00:00,78.48439025878906,78.61852264404297,77.73710632324219,78.30236053466797,8429000,77.93829625447592,5350325.033333333,9.121454577543947,51.33112132109366,False,False
2010-03-28 20:00:00,78.79096984863281,80.9178695678711,78.50355529785156,80.61128997802734,8497054,78.07689590454102,5418271.266666667,9.797288559457638,62.616492724098194,False,False
2010-03-29 20:00:00,81.1478042602539,81.25318908691406,80.47715759277344,80.73583221435547,5316361,78.1755760192871,5392824.066666666,10.633682334218369,63.11334182529568,False,True
2010-03-30 20:00:00,80.82205963134766,81.48312377929688,80.37177276611328,80.99451446533203,5715291,78.29054336547851,5418090.366666666,11.55517145305022,64.17828275999268,False,False
2010-03-31 20:00:00,81.67473602294922,83.32260131835938,81.67473602294922,82.9681167602539,5674271,78.46970087687174,5463926.0,13.405142663901819,71.04638432192475,False,False
2010-04-04 20:00:00,83.36092376708984,85.01837158203125,83.1693115234375,84.70220947265625,4804598,78.69005508422852,5489157.5,15.80681043695118,75.4925512619322,False,True
2010-04-05 20:00:00,84.38604736328125,85.07585144042969,84.1944351196289,84.77885437011719,4484368,78.96086705525717,5453864.0,18.057954467939087,75.67038486041062,False,True
2010-04-06 20:00:00,84.35730743408203,84.38604736328125,82.39328002929688,82.68070220947266,8814153,79.19367599487305,5492323.6,18.486705752040738,62.335492227464165,False,False
2010-04-07 20:00:00,82.17292785644531,83.14057159423828,81.1478042602539,82.94895935058594,5892107,79.41818186442057,5561431.933333334,17.952485641111675,63.22773483482108,False,False
2010-04-08 20:00:00,82.97769927978516,83.42798614501953,82.00048065185547,82.92979431152344,4725376,79.65865529378256,5540448.6,17.61839799050033,63.11270498396478,False,True
2010-04-11 20:00:00,83.0735092163086,83.36092376708984,82.6902847290039,83.15015411376953,5168667,79.880286916097,5559720.166666667,17.30817374350408,63.92537110343146,False,True
2010-04-12 20:00:00,82.71902465820312,83.02560424804688,81.18612670898438,82.09628295898438,4652311,80.03804779052734,5569886.533333333,16.207389355213806,57.41102979317596,False,True
2010-04-13 20:00:00,82.55615234375,82.5753173828125,81.43521881103516,82.54656982421875,5141633,80.19644724527994,5600775.3,15.18523242322998,59.318596035642315,False,True
2010-04-14 20:00:00,82.43160247802734,83.2842788696289,81.73222351074219,82.84357452392578,5035481,80.37017593383788,5533531.866666666,14.461611947307906,60.572993086380386,False,True
2010-04-15 20:00:00,82.19208526611328,82.9681167602539,81.04241943359375,81.49270629882812,7133781,80.49184977213541,5620314.766666667,13.568233628613715,52.62487171857973,False,False
2010-04-18 20:00:00,80.63044738769531,81.26277160644531,79.9023208618164,81.13822174072266,4885699,80.5796719868978,5649697.0,13.48203167165134,50.74324817530847,False,True
2010-04-19 20:00:00,82.00048065185547,83.87828063964844,81.80886840820312,82.95853424072266,5043831,80.7425422668457,5697112.2,13.303497429516172,58.874949923786225,False,True
2010-04-20 20:00:00,82.82440948486328,83.56211853027344,81.54060363769531,82.27831268310547,4495328,80.88273849487305,5633828.166666667,12.959878499147734,55.20719366605693,False,True
2010-04-21 20:00:00,81.48312377929688,81.83760833740234,80.67835235595703,81.72264099121094,4756167,80.98908335367838,5641990.5,12.082403941867828,52.33875312044108,False,True
2010-04-22 20:00:00,81.86634826660156,83.84953308105469,81.0328369140625,83.81121063232422,4830170,81.16856002807617,5667228.933333334,12.355259481470597,60.62071739919879,False,True
2010-04-25 20:00:00,83.9836654663086,85.05669403076172,83.52379608154297,83.74414825439453,4043269,81.34644012451172,5664779.533333333,13.150044105985115,60.25863955830487,False,True
2010-04-26 20:00:00,83.17889404296875,83.86869812011719,80.5154800415039,80.81248474121094,5735227,81.45150756835938,5744955.3,12.25141359992634,47.03331540845286,True,True
2010-04-27 20:00:00,81.31067657470703,81.7417984008789,80.35260772705078,81.33941650390625,5132656,81.53230412801106,5723999.766666667,11.496721592470577,49.19178473800801,True,True
2010-04-28 20:00:00,81.36815643310547,82.97769927978516,81.16696166992188,82.63279724121094,5680012,81.62938766479492,5670374.133333334,11.165590943168407,54.132654365460155,False,False
2010-04-29 20:00:00,83.00643920898438,86.63749694824219,82.79566955566406,84.94172668457031,10390670,81.82579040527344,5858337.033333333,12.264370536079596,61.357150386877045,False,False
2010-05-02 20:00:00,85.43033599853516,87.17401123046875,85.24830627441406,86.21595001220703,6950181,82.06243158976237,5854078.433333334,13.454094265721613,64.66488062994851,False,False
2010-05-03 20:00:00,84.31898498535156,84.40521240234375,81.67473602294922,82.91063690185547,6012871,82.18921508789063,5923698.166666667,12.826915455107388,52.18620737879688,False,False
2010-05-04 20:00:00,81.45438385009766,81.69389343261719,78.88677978515625,79.40412902832031,9211727,82.17516352335612,5969683.4,12.597106846140028,42.759154601381056,True,False
2010-05-05 20:00:00,78.88677978515625,80.13225555419922,71.0881576538086,77.04730224609375,12066972,82.09436721801758,6192564.033333333,14.264560605336836,37.814700019617625,True,False
2010-05-06 20:00:00,76.9035873413086,78.18739318847656,74.51802062988281,77.22933197021484,12910655,82.0656255086263,6387662.9,15.812910524591013,38.40710571301024,True,False
2010-05-09 20:00:00,79.73944854736328,81.71305847167969,79.16461181640625,80.63044738769531,8535883,82.1432284037272,6391225.666666667,15.96406119409649,48.31458628685692,True,False
2010-05-10 20:00:00,79.59574127197266,80.99451446533203,79.1741943359375,79.54783630371094,5616133,82.10777994791667,6295194.966666667,16.104415387208714,45.78973099765272,True,True
2010-05-11 20:00:00,79.6915512084961,81.43521881103516,79.6915512084961,81.1957015991211,5150922,82.12310892740885,6289680.333333333,16.075989872560946,50.0671201421762,True,True
2010-05-12 20:00:00,80.85079956054688,81.24360656738281,79.73944854736328,79.9214859008789,4875992,82.08734130859375,6261703.7,16.04959475181659,46.98024939183209,True,True
2010-05-13 20:00:00,79.26042175292969,79.75861358642578,76.91316986083984,78.52271270751953,5704227,81.9391611735026,6262702.233333333,16.76531206088048,43.788594863519506,True,True
2010-05-16 20:00:00,78.62809753417969,79.10713195800781,75.9934310913086,77.1526870727539,7276986,81.6875104268392,6345115.166666667,17.64803284220643,40.86059330981912,True,False
2010-05-17 20:00:00,78.56103515625,79.29874420166016,77.19100952148438,77.5359115600586,8227656,81.44607899983724,6469891.433333334,18.383013130655325,42.02830475224858,True,False
2010-05-18 20:00:00,77.12394714355469,77.59339141845703,74.89166259765625,76.20420837402344,8239555,81.23019587198893,6450738.166666667,19.611499601210635,39.13643514406389,True,False
2010-05-19 20:00:00,74.3647232055664,76.26168823242188,73.39708709716797,74.4030532836914,11224646,80.94533233642578,6628489.466666667,21.070281987446986,35.57138260400802,True,False
2010-05-20 20:00:00,72.88931274414062,76.37665557861328,72.45818328857422,76.07965850830078,9469226,80.71699447631836,6786617.8,22.616212660113796,40.962479852748565,True,False
2010-05-23 20:00:00,76.16588592529297,76.30001068115234,74.50843811035156,74.63298797607422,5909538,80.43308893839519,6811313.5,24.051719713304404,38.007268688112404,True,True
2010-05-24 20:00:00,72.81266784667969,75.71559143066406,71.75879669189453,75.6293716430664,7879244,80.21752522786458,6918877.933333334,25.92376305145593,41.156072329683376,True,False
2010-05-25 20:00:00,76.55868530273438,77.02813720703125,74.66172790527344,74.9012451171875,6853005,79.96268107096354,6975923.666666667,26.98131692218019,39.57416336772206,True,True
2010-05-26 20:00:00,76.64491271972656,79.0592269897461,76.35749816894531,78.9729995727539,6592688,79.83366190592447,7027830.566666666,27.00237477483949,50.93220630439589,True,True
2010-05-27 20:00:00,78.95384216308594,80.36219024658203,78.19697570800781,79.04964447021484,6950703,79.75222651163737,7021727.966666667,26.458708575778076,51.11846306145576,True,True
2010-05-31 20:00:00,78.0820083618164,79.95022583007812,76.64491271972656,76.71197509765625,9831416,79.6046849568685,7186585.2,26.37777654320457,45.45152473709753,True,False
2010-06-01 20:00:00,77.34429931640625,78.49397277832031,76.08924102783203,78.41732788085938,7543880,79.45331141153972,7269920.166666667,26.449853203582045,49.82173349389701,True,False
2010-06-02 20:00:00,78.50355529785156,79.9214859008789,76.8365249633789,79.44245147705078,7397438,79.35878270467123,7366657.166666667,25.87123110853063,52.29586224911403,False,False
2010-06-03 20:00:00,77.39220428466797,78.34068298339844,74.33598327636719,75.13117980957031,8711133,79.13906733194987,7498489.366666666,26.02236129631128,42.74925534184039,True,False
2010-06-06 20:00:00,75.4952392578125,77.07604217529297,75.1982421875,75.43775939941406,6097730,78.85995229085286,7540741.366666666,26.16269647067903,43.53858066457715,True,True
2010-06-07 20:00:00,75.24614715576172,76.93233489990234,74.81501770019531,76.73114013671875,5125872,78.62618535359701,7576828.133333334,26.39870791162459,46.86677665005325,True,True
2010-06-08 20:00:00,77.89997100830078,78.52271270751953,76.06049346923828,76.61617279052734,5995962,78.48630828857422,7585519.3,25.84000902575399,46.60380358654337,True,True
2010-06-09 20:00:00,77.93829345703125,80.14183807373047,77.7466812133789,79.9885482788086,5614149,78.44127934773763,7601569.066666666,24.6060741162836,54.64337681154,False,True
2010-06-10 20:00:00,79.04964447021484,81.54060363769531,78.80055236816406,81.4448013305664,5943043,78.40167948404948,7610336.766666667,22.89548427891813,57.61133654312177,False,True
2010-06-13 20:00:00,82.1441879272461,83.54295349121094,81.06157684326172,81.15738677978516,6765641,78.27553482055664,7489502.466666667,21.938898119069158,56.82105261232766,False,True
2010-06-14 20:00:00,81.95257568359375,83.40882873535156,81.60767364501953,83.10224914550781,5179522,78.17174479166667,7430480.5,21.050639542066538,60.745097021365225,False,True
2010-06-15 20:00:00,82.45076751708984,84.0986328125,81.86634826660156,83.42798614501953,4087421,78.18898976643881,7366298.833333333,20.476428004599178,61.37817550178543,False,True
2010-06-16 20:00:00,83.71540832519531,83.93576049804688,81.95257568359375,82.9872817993164,4324462,78.30842819213868,7203390.0,19.943231576950918,59.96903078218598,False,True
2010-06-17 20:00:00,83.03518676757812,83.87828063964844,82.56573486328125,83.33218383789062,5035272,78.51792424519857,6969000.0,19.448120608420393,60.728915360886035,False,True
2010-06-20 20:00:00,84.42436981201172,85.11417388916016,81.5310287475586,82.20166778564453,6672432,78.68366877237956,6761059.233333333,19.484381353653117,56.915223280354965,False,True
2010-06-21 20:00:00,82.43160247802734,82.72860717773438,79.89273834228516,80.15142059326172,5439004,78.6677012125651,6657829.933333334,18.64150943085225,50.697252204332685,False,True
2010-06-22 20:00:00,79.70113372802734,81.09031677246094,79.23168182373047,80.29512786865234,4360159,78.69261093139649,6615964.133333334,17.531466689869717,51.10050910155935,False,True
2010-06-23 20:00:00,80.06519317626953,80.46758270263672,77.67961883544922,78.04368591308594,5420425,78.58754374186198,6624947.566666666,16.77324820166993,44.90380817182887,True,True
2010-06-24 20:00:00,78.48439025878906,79.22209930419922,77.21016693115234,78.30236053466797,9883291,78.53357289632162,6791857.533333333,16.27315931548109,45.718262620642285,True,False
2010-06-27 20:00:00,78.71432495117188,79.03048706054688,77.25807189941406,77.5167465209961,3847248,78.50004069010417,6729958.233333333,15.80879106402003,43.609783840813435,True,True
2010-06-28 20:00:00,77.14310455322266,77.14310455322266,74.57550048828125,75.22698211669922,6227680,78.43585052490235,6694981.366666666,16.46649665789735,38.09516348519848,True,True
2010-06-29 20:00:00,75.42817687988281,76.15630340576172,73.8377914428711,73.91443634033203,6066834,78.3151346842448,6622953.966666667,17.332450504208644,35.33670719944947,True,True
2010-06-30 20:00:00,74.12521362304688,74.7862777709961,72.27615356445312,73.53121185302734,6779210,78.2260348002116,6574275.8,18.636370344683364,34.55008028525445,True,False
2010-07-01 20:00:00,73.6749267578125,74.55634307861328,72.53482818603516,73.16715240478516,3784309,78.18483810424804,6326264.566666666,19.8471530536956,33.780744942309624,True,True
2010-07-05 20:00:00,73.8377914428711,75.12159729003906,72.87015533447266,73.7707290649414,5170232,78.1078737894694,6182964.766666667,20.588804268882985,36.31274644184334,True,True
2010-07-06 20:00:00,74.16353607177734,76.28085327148438,74.01982879638672,76.2425308227539,5812884,78.16152521769206,6179742.966666667,20.530899293609533,45.50283073218168,True,True
2010-07-07 20:00:00,77.21016693115234,77.8520736694336,76.52994537353516,77.5167465209961,4626530,78.22443771362305,6071319.166666667,19.57996137963113,49.544747409519985,True,True
2010-07-08 20:00:00,77.40177917480469,78.0628433227539,77.07604217529297,77.70835876464844,4110384,78.31800816853841,5979898.466666667,18.582662558391597,50.143571910259745,True,True
2010-07-11 20:00:00,77.42094421386719,78.3598403930664,76.93233489990234,77.5167465209961,2748676,78.26946640014648,5851764.733333333,17.489542869530915,49.510755959866614,True,True
2010-07-12 20:00:00,78.47480773925781,79.20293426513672,78.20655059814453,78.84845733642578,3789841,78.26276016235352,5746402.666666667,16.4738106947975,53.86821912505846,False,True
2010-07-13 20:00:00,78.3790054321289,79.22209930419922,77.93829345703125,78.62809753417969,2815060,78.32663091023763,5512524.133333334,15.3737809757032,53.052301682606995,False,True
2010-07-14 20:00:00,79.14545440673828,79.20293426513672,76.9035873413086,78.65684509277344,3831800,78.33461481730143,5388788.133333334,14.784906217557866,53.151993151509714,False,True
2010-07-15 20:00:00,78.29277801513672,78.29277801513672,75.57188415527344,76.05091857910156,5704958,78.22156372070313,5332372.133333334,14.90884498425376,44.0256751952576,True,False
2010-07-18 20:00:00,76.34791564941406,77.06645965576172,75.6102066040039,76.18504333496094,3136020,78.2566925048828,5146535.033333333,15.023930981899946,44.5533698079924,True,True
2010-07-19 20:00:00,75.20782470703125,77.7658462524414,75.20782470703125,77.55506896972656,3634423,78.3272694905599,5064424.8,14.647951349789485,49.76316335822612,True,True
2010-07-20 20:00:00,77.93829345703125,78.43648529052734,76.14672088623047,76.69281768798828,4756689,78.32599207560222,5052118.7,13.85568850565518,46.78375344916242,True,True
2010-07-21 20:00:00,77.92871856689453,79.16461181640625,77.47842407226562,78.6760025024414,4374041,78.39465306599935,4998054.666666667,13.070520835760076,53.65642836994736,False,True
2010-07-22 20:00:00,78.33110046386719,78.72390747070312,77.30597686767578,78.6951675415039,4590624,78.35154037475586,4963937.166666667,12.227073455352667,53.718632461160254,False,True
2010-07-25 20:00:00,78.73348999023438,79.6915512084961,78.58977508544922,79.44245147705078,4203071,78.28479537963867,4905938.1,12.050206524279348,56.18798607756518,False,True
2010-07-26 20:00:00,79.52867889404297,79.52867889404297,76.05091857910156,76.58743286132812,6075915,78.13246358235678,4882947.233333333,12.025131341006697,46.073643828770734,True,False
2010-07-27 20:00:00,76.61617279052734,77.12394714355469,75.18865966796875,75.57188415527344,4519648,77.88145141601562,4860951.433333334,12.42262860805209,43.10154329297728,True,True
2010-07-28 20:00:00,76.15630340576172,76.45330047607422,73.96234130859375,74.43179321289062,6239475,77.58157831827799,4932686.566666666,13.33745134494595,39.983280047907535,True,False
2010-07-29 20:00:00,73.84737396240234,75.10243225097656,73.63660430908203,74.66172790527344,3875117,77.30405985514322,4917708.4,14.324903463347821,40.91175614538864,True,True
2010-08-01 20:00:00,76.26168823242188,77.49758911132812,75.93595123291016,76.82694244384766,4964713,77.0872184753418,4915356.433333334,13.699252654144201,48.924674696433,True,False
2010-08-02 20:00:00,76.05091857910156,76.54911041259766,75.25572204589844,75.37068939208984,5761530,76.85951919555664,4884993.033333333,13.451358338357778,44.54897086916939,True,False
2010-08-03 20:00:00,75.25572204589844,76.2233657836914,75.0832748413086,75.48565673828125,5070865,76.70399373372396,4872721.733333333,13.306463067314853,44.96743866346181,True,False
2010-08-04 20:00:00,74.83417510986328,75.07369232177734,73.7898941040039,74.34556579589844,5790756,76.5056749979655,4920408.3,13.785721954441856,41.61363414192065,True,False
2010-08-05 20:00:00,73.58869934082031,74.11563110351562,72.18992614746094,73.12882995605469,6631621,76.34184646606445,4960781.5,14.884620739883283,38.328153025167715,True,False
2010-08-08 20:00:00,73.86653900146484,74.1731185913086,73.23421478271484,73.72282409667969,4754497,76.18919525146484,4789821.7,15.86434675968255,40.786018657246714,True,True
2010-08-09 20:00:00,72.68811798095703,74.86292266845703,72.66896057128906,74.54676055908203,6539351,76.09019571940104,4879558.466666667,16.278945208429203,44.113201431662546,True,False
2010-08-10 20:00:00,72.83182525634766,73.7707290649414,72.71686553955078,73.13841247558594,6442280,76.02057673136393,4886711.8,16.66392948226538,39.97819191967111,True,False
2010-08-11 20:00:00,72.34321594238281,74.01024627685547,72.33363342285156,73.25337219238281,4151926,75.99854125976563,4822881.533333333,17.209218372903177,40.468730804150724,True,True
2010-08-12 20:00:00,72.9468002319336,73.57911682128906,72.14202880859375,72.2282485961914,3651436,75.95510915120443,4718622.4,17.811548035063375,37.52372887933983,True,True
2010-08-15 20:00:00,71.98873138427734,72.83182525634766,70.80073547363281,72.71686553955078,4917952,75.94009958902994,4756410.5,18.997759740022893,39.773461360399885,True,False
2010-08-16 20:00:00,73.57911682128906,73.91443634033203,72.67853546142578,73.60785675048828,3913319,75.9346705118815,4714513.4,19.20583552899873,43.75104924583417,True,True
2010-08-17 20:00:00,73.20547485351562,73.32044219970703,71.96957397460938,72.4486083984375,4847810,75.80820643107096,4682344.266666667,19.742537381837234,40.04533785174618,True,False
2010-08-18 20:00:00,72.2282485961914,72.52525329589844,71.14563751220703,72.2282485961914,4881211,75.63192316691081,4690833.633333334,20.615461639393086,39.36282636553285,True,False
2010-08-19 20:00:00,71.62467193603516,72.62105560302734,71.34683227539062,71.9120864868164,5715709,75.43871409098307,4744344.466666667,21.342323947983317,38.352835127938754,True,False
2010-08-22 20:00:00,72.11328125,73.18630981445312,71.95999145507812,72.40070343017578,5146643,75.26817932128907,4824276.7,21.518249304225087,40.87763252306232,True,False
2010-08-23 20:00:00,71.50970458984375,72.10369873046875,70.66661071777344,70.91570281982422,5045501,75.00375417073568,4866132.033333333,22.314642679726404,36.04580967299959,True,False
2010-08-24 20:00:00,70.5899658203125,70.5899658203125,69.13371276855469,69.8426742553711,6634648,74.71090672810872,4993451.633333334,23.675852393641403,33.009580122677065,True,False
2010-08-25 20:00:00,70.44625854492188,71.01151275634766,69.10497283935547,69.20077514648438,4910228,74.39570439656576,5029399.233333333,24.567507421631383,31.31051434537131,True,True
2010-08-26 20:00:00,69.66064453125,72.39112091064453,69.43070983886719,72.25698852539062,6032599,74.26924006144206,5040320.6,24.276958626165356,45.65359906814971,True,False
2010-08-29 20:00:00,71.87377166748047,72.09412384033203,70.66661071777344,70.69535064697266,4117064,74.08625030517578,5073022.066666666,24.00716331608976,40.94847211013868,True,True
2010-08-30 20:00:00,70.4079360961914,71.13606262207031,69.78519439697266,70.01512908935547,4573819,73.83491897583008,5104335.266666667,24.202543678891523,39.060113108434706,True,True
2010-08-31 20:00:00,71.2989273071289,73.7707290649414,71.2989273071289,73.63660430908203,5527203,73.7330451965332,5130019.066666666,22.55732883461545,51.80343742120197,True,False
2010-09-01 20:00:00,73.53121185302734,74.57550048828125,73.1575698852539,74.57550048828125,3442577,73.5963617960612,5098970.266666667,21.312335633082203,54.46214399158881,False,True
2010-09-02 20:00:00,75.05453491210938,75.6102066040039,74.23059844970703,75.03536987304688,3235909,73.47436854044597,5053813.1,20.69394679066867,55.749717408913654,False,True
2010-09-06 20:00:00,74.33598327636719,74.34556579589844,72.75518035888672,73.2437973022461,4007989,73.26774673461914,5047310.366666666,19.24578787837678,49.837623335460414,True,True
2010-09-07 20:00:00,72.83182525634766,74.05815124511719,72.83182525634766,73.98150634765625,3689743,73.18088251749674,4967771.3,17.901068888391457,52.090590543139115,False,True
2010-09-08 20:00:00,74.93956756591797,75.48565673828125,74.1731185913086,74.31682586669922,3319829,73.13904724121093,4927777.333333333,17.425073449712084,53.12124072397846,False,True
2010-09-09 20:00:00,74.50843811035156,75.8114013671875,74.50843811035156,74.92040252685547,3542988,73.1553342183431,4837894.433333334,17.14793031307092,54.99788383503923,False,True
2010-09-12 20:00:00,75.72517395019531,75.93595123291016,75.05453491210938,75.3132095336914,3367425,73.1770502726237,4820971.366666666,16.955998512683113,56.22603806359031,False,True
2010-09-13 20:00:00,75.32279205322266,75.84014129638672,74.77669525146484,75.0832748413086,2588665,73.11892801920573,4741769.766666667,16.57488206675401,55.27508442260307,False,True
2010-09-14 20:00:00,74.43179321289062,75.14075469970703,74.24976348876953,74.86292266845703,2766420,73.1020024617513,4641932.766666667,15.836371910634744,54.32681096637477,False,True
2010-09-15 20:00:00,74.7000503540039,74.96830749511719,72.88931274414062,73.2437973022461,5371785,73.02727381388347,4651963.433333334,15.157232133196416,47.833263563948826,False,False
2010-09-16 20:00:00,73.55037689208984,73.7898941040039,72.6114730834961,73.00428009033203,7425411,72.98256429036458,4706451.933333334,14.696226030930854,46.939450418517644,False,False
2010-09-19 20:00:00,73.16715240478516,74.34556579589844,73.03302001953125,73.99108123779297,3516058,73.01130599975586,4602599.833333333,13.866135537192028,51.00177545889025,False,True
2010-09-20 20:00:00,74.24976348876953,74.25933837890625,72.7264404296875,73.69408416748047,3664170,73.01034800211589,4566255.6,13.301963242455669,49.76682353599185,False,True
2010-09-21 20:00:00,73.78031158447266,74.67131042480469,72.53482818603516,72.75518035888672,4221128,72.95062866210938,4488981.5,12.464711134351976,45.97667738237322,True,True
2010-09-22 20:00:00,72.21867370605469,72.21867370605469,70.93486785888672,71.44264221191406,5663102,72.89410298665365,4463008.9,12.72489827121636,41.24746502857998,True,False
2010-09-23 20:00:00,72.02706146240234,73.23421478271484,71.6342544555664,73.10008239746094,6644146,72.88899332682291,4546082.9,12.206435894486548,48.457353693253445,False,False
2010-09-26 20:00:00,72.89889526367188,73.14798736572266,71.52886962890625,71.67257690429688,6947467,72.8704709370931,4655950.6,11.793463388602094,43.50547015385605,True,False
2010-09-27 20:00:00,71.97915649414062,72.51567077636719,70.76242065429688,72.34321594238281,5380970,72.85801595052084,4671384.533333333,11.901685080253381,46.282753546057045,True,False
2010-09-28 20:00:00,71.83544158935547,73.72282409667969,71.6342544555664,73.41624450683594,5992726,72.85162887573242,4740698.1,11.104340559929753,50.477658323438355,False,False
2010-09-29 20:00:00,74.01982879638672,75.40901184082031,73.89527893066406,75.0162124633789,7745746,72.93721567789713,4837295.966666667,11.287444750991133,55.99573601435023,False,False
2010-09-30 20:00:00,75.792236328125,78.55145263671875,75.59104919433594,77.38262176513672,9188868,73.10902811686198,4980884.533333333,12.8326883579282,62.62844664578856,False,False
2010-10-03 20:00:00,76.75988006591797,78.29277801513672,76.75988006591797,77.21016693115234,4638951,73.28563079833984,4944992.6,14.26755742151262,61.896244861260044,False,True
2010-10-04 20:00:00,77.8329086303711,79.26042175292969,77.67003631591797,79.00174713134766,6215364,73.5056655883789,4980616.633333334,15.953382710878989,66.30369123697814,False,False
2010-10-05 20:00:00,78.84845733642578,79.91190338134766,78.77181243896484,79.45203399658203,4108505,73.7902099609375,4949383.433333334,17.744105295624895,67.326632883041,False,True
2010-10-06 20:00:00,79.62448120117188,79.81609344482422,77.80416870117188,78.93467712402344,3917703,74.09327672322591,4858818.6,18.650331612650042,64.88923293018888,False,True
2010-10-07 20:00:00,79.20293426513672,79.89273834228516,78.55145263671875,79.6915512084961,2906912,74.4429692586263,4792041.4,19.523461948863254,66.7837915870305,False,True
2010-10-10 20:00:00,79.52867889404297,80.37177276611328,79.51909637451172,80.20890045166016,2688450,74.70803298950196,4680569.766666667,20.537103203476164,68.05274633383323,False,True
2010-10-11 20:00:00,79.95022583007812,80.47715759277344,78.65684509277344,79.73944854736328,4546264,75.00950291951497,4694876.433333334,20.773743791271613,65.60359464156524,False,True
2010-10-12 20:00:00,80.36219024658203,81.37773895263672,80.25680541992188,80.75499725341797,4334378,75.36749852498373,4686895.066666666,21.41024187677109,68.2643885304988,False,True
2010-10-13 20:00:00,80.81248474121094,81.91425323486328,80.61128997802734,81.34899139404297,4340745,75.62457809448242,4647346.466666667,22.236601363794485,69.73890265091843,False,True
2010-10-14 20:00:00,81.80886840820312,81.89508819580078,80.68793487548828,81.37773895263672,3797460,75.8513193766276,4659175.9,23.003935173173353,69.81200642598266,False,True
2010-10-17 20:00:00,81.22444915771484,82.31663513183594,80.8987045288086,81.86634826660156,3732433,76.07901865641276,4675726.7,23.912481518301345,71.09033824482984,False,True
2010-10-18 20:00:00,80.42925262451172,80.87954711914062,76.70240020751953,77.79458618164062,9892998,76.23071161905925,4871893.666666667,22.61014017911295,51.51372237177733,False,False
2010-10-19 20:00:00,77.75626373291016,78.03410339355469,76.25210571289062,77.57423400878906,7603062,76.35046920776367,5002337.633333334,21.63023966705593,50.70003988904638,False,False
2010-10-20 20:00:00,78.02452087402344,78.03410339355469,74.77669525146484,75.4952392578125,9119561,76.38974965413412,5195662.033333333,21.418404040584953,43.68840961317547,True,False
2010-10-21 20:00:00,75.9934310913086,76.50120544433594,75.35153198242188,76.2425308227539,4508897,76.43382059733072,5227859.0,21.221699530290472,46.549826879970574,True,True
2010-10-24 20:00:00,76.96107482910156,77.60297393798828,76.64491271972656,76.70240020751953,4557015,76.480126953125,5267512.0,20.31855392195868,48.29114229801446,False,True
2010-10-25 20:00:00,76.19462585449219,76.27127075195312,75.41859436035156,75.72517395019531,6850291,76.50152359008788,5409566.2,20.083755166135898,44.940618640395634,True,False
2010-10-26 20:00:00,74.9970474243164,76.14672088623047,74.51802062988281,76.07965850830078,6950181,76.54208145141601,5549024.9,20.269586307007575,46.39356315145484,True,False
2010-10-27 20:00:00,76.7215576171875,76.75988006591797,75.47608184814453,75.56230163574219,3417317,76.61936492919922,5483875.966666667,20.025109970475075,44.5459807745213,True,True
2010-10-28 20:00:00,75.34194946289062,75.82098388671875,74.92998504638672,75.33236694335938,3558540,76.69696782430013,5354980.266666667,20.057367171550332,43.71277283184208,True,True
2010-10-31 20:00:00,76.41497802734375,77.34429931640625,76.20420837402344,76.48204040527344,4735083,76.77999979654948,5395614.433333334,19.089688614683062,48.86309076260936,True,True
2010-11-01 20:00:00,77.06645965576172,78.78138732910156,76.98023223876953,78.09158325195312,4781844,76.92658309936523,5432870.233333333,18.062787559851337,55.06244361193734,False,True
2010-11-02 20:00:00,78.54187774658203,78.96342468261719,76.7215576171875,78.29277801513672,5072222,77.1111696879069,5461240.033333333,16.959522182600445,55.78403248311529,False,True
2010-11-03 20:00:00,79.59574127197266,81.26277160644531,79.49993896484375,80.94660949707031,6638197,77.4279685974121,5493743.2,17.05358582256725,63.99638888457577,False,False
2010-11-04 20:00:00,80.697509765625,81.31067657470703,79.99813079833984,80.697509765625,3830026,77.68121617635092,5399939.2,17.161915521849224,62.817017543749245,False,True
2010-11-08 20:00:00,79.9214859008789,80.94660949707031,79.8065185546875,80.73583221435547,2891673,77.9833246866862,5264746.066666666,17.133359093217578,62.93020023525588,False,True
2010-11-09 20:00:00,80.73583221435547,81.88551330566406,80.05561065673828,80.48674011230469,3581608,78.25477549235026,5204767.333333333,17.549639415221755,61.61730555680762,False,True
2010-11-10 20:00:00,80.66876983642578,81.18612670898438,79.4903564453125,81.05199432373047,3850693,78.50930048624674,5133366.233333333,17.531628370233765,63.47930007949103,False,True
2010-11-11 20:00:00,80.5154800415039,84.70220947265625,80.31428527832031,84.08905029296875,9084699,78.81172841389974,5177998.0,18.90785692059574,71.48371451428453,False,False
2010-11-12 20:00:00,83.40882873535156,84.5297622680664,82.89147186279297,83.79205322265625,6132592,79.02537612915039,5076122.133333334,20.185783431646147,69.87094921403427,False,False
2010-11-15 20:00:00,83.55253601074219,84.88423919677734,83.20763397216797,84.06989288330078,4254007,79.25403366088867,5063290.666666667,21.493553293607135,70.5405492411244,False,True
2010-11-16 20:00:00,83.02560424804688,83.15015411376953,80.70709228515625,81.59809112548828,6114744,79.34057846069337,5059936.666666667,21.0329542623253,58.157212667007066,False,False
2010-11-17 20:00:00,81.5118637084961,82.29747772216797,81.08073425292969,82.0579605102539,3457085,79.42744267781576,5038222.666666667,20.60525516184931,59.578926623316384,False,True
2010-11-18 20:00:00,83.23637390136719,84.7117919921875,83.13098907470703,83.65792083740234,4056838,79.58488413492839,5042860.5,21.17524463577728,64.14367455064792,False,True
2010-11-19 20:00:00,83.6004409790039,84.56808471679688,83.11183166503906,84.49143981933594,4375085,79.74488042195638,5091799.6,21.692028692895484,66.28009286375696,False,True
2010-11-22 20:00:00,84.1944351196289,85.17166137695312,83.0543441772461,84.75969696044922,3942232,79.89657363891601,5133592.333333333,22.397466714912554,66.96235315933953,False,True
2010-11-23 20:00:00,83.45673370361328,84.66388702392578,83.21721649169922,84.38604736328125,4992686,80.05146026611328,5148473.066666666,23.052516306785545,64.98989643792129,False,True
2010-11-24 20:00:00,84.99920654296875,85.38243103027344,84.26150512695312,85.2099838256836,3613965,80.19995981852213,5124459.3,23.941382892479492,67.27876251853458,False,True
2010-11-26 20:00:00,84.75011444091797,85.38243103027344,83.782470703125,83.97408294677734,1452308,80.28746287027995,5028178.066666666,24.38364775323621,60.85221155103787,False,True
2010-11-29 20:00:00,83.73456573486328,85.55488586425781,83.50463104248047,85.24830627441406,3638389,80.41648178100586,5022875.7,24.570043084697772,64.60605007871656,False,True
2010-11-30 20:00:00,84.45311737060547,85.7369155883789,83.81121063232422,84.47227478027344,4800736,80.50334599812825,5058485.8,24.830414803331404,60.78333973307836,False,True
2010-12-01 20:00:00,85.5261459350586,86.92491149902344,85.17166137695312,86.46504211425781,4616927,80.79236119588217,4882616.766666667,25.61193135866018,66.29796776269274,False,True
2010-12-02 20:00:00,86.54168701171875,87.25065612792969,86.2542724609375,86.93449401855469,6069444,81.10436986287435,4831496.166666667,26.475929264594562,67.4588746267828,False,False
2010-12-03 20:00:00,86.79078674316406,88.08416748046875,86.65665435791016,87.8925552368164,3393519,81.51761372884114,4640628.1,27.619486395743802,69.74904218440234,False,True
2010-12-06 20:00:00,87.4805908203125,89.51168060302734,87.32730102539062,89.14761352539062,3705504,81.94778315226237,4613848.333333333,29.19049887116483,72.48127851509699,False,True
2010-12-07 20:00:00,90.0960922241211,90.9583511352539,88.79312896728516,88.83145141601562,5263754,82.35208485921224,4637406.3,31.07809385394976,70.74778357580749,False,False
2010-12-08 20:00:00,88.49613189697266,89.26258087158203,86.57042694091797,87.07820129394531,5023999,82.7305191040039,4576529.9,31.00044667365725,61.90585148617619,False,False
2010-12-09 20:00:00,87.5763931274414,87.78717041015625,86.5321044921875,87.25065612792969,3406462,83.10288569132487,4458405.933333334,30.900042426743717,62.40358507362384,False,True
2010-12-10 20:00:00,88.72606658935547,89.29132080078125,87.92129516601562,89.1380386352539,4901982,83.55541025797525,4507894.766666667,31.38081535101576,67.42065608942629,False,False
2010-12-13 20:00:00,90.2110595703125,91.74396514892578,89.62664794921875,89.94280242919922,6334041,84.04242477416992,4600411.466666667,32.57107331326879,69.3017505822325,False,False
2010-12-14 20:00:00,90.2110595703125,90.92002868652344,89.58832550048828,90.15357971191406,2703689,84.49814275105794,4532698.333333333,33.6466864709016,69.79368374228395,False,True
2010-12-15 20:00:00,89.69371032714844,90.93919372558594,89.69371032714844,90.82422637939452,4106209,84.92256418863933,4510177.166666667,34.6511059520974,71.36596312899803,False,True
2010-12-16 20:00:00,90.7475814819336,90.97750854492188,89.5020980834961,90.86254119873048,3731389,85.34155629475912,4465482.733333333,35.41536329286213,71.45737100605658,False,True
2010-12-17 20:00:00,90.94876861572266,91.6577377319336,90.44099426269533,91.20744323730467,5065228,85.68358408610025,4413050.433333334,36.349551866004695,72.31415718896564,False,False
2010-12-20 20:00:00,91.42780303955078,91.73438262939452,90.48889923095705,91.46612548828124,2293381,86.04253794352213,4361828.933333334,37.242511641550955,72.9695288392804,False,True
2010-12-21 20:00:00,91.5715103149414,93.05650329589844,91.41822052001952,92.57747650146484,3093225,86.43725941975912,4368547.333333333,38.488437601193574,75.63772106950213,False,True
2010-12-22 20:00:00,92.54873657226562,93.7942123413086,92.2708969116211,93.66008758544922,3021101,86.87637100219726,4349863.766666667,39.85299469432601,77.92381192964916,False,True
2010-12-23 20:00:00,93.66966247558594,93.9091796875,93.17147064208984,93.35350799560548,1987242,87.28642145792644,4287748.733333333,41.15234702861777,75.75587158097682,False,True
2010-12-27 20:00:00,92.82656860351562,93.42057037353516,92.55831146240234,92.80741119384766,2104980,87.57703348795573,4055091.433333333,41.708097609764636,71.91770318209333,False,True
2010-12-28 20:00:00,93.01818084716795,94.01456451416016,92.85531616210938,93.60260009765624,2489298,87.9040517171224,3933648.3,42.4310869180447,73.98462115799971,False,True
2010-12-29 20:00:00,94.03372955322266,95.39417266845705,93.63134002685548,94.87682342529295,2497335,88.2642827351888,3875092.566666667,43.52999752673818,76.91653701911113,False,True
2010-12-30 20:00:00,94.74269104003906,95.12591552734376,93.4109878540039,93.51637268066406,3364816,88.661558787028,3783428.3,44.31451057781225,68.09294497610107,False,True
2010-12-31 20:00:00,93.51637268066406,94.54150390625,93.26728057861328,93.98582458496094,2634904,89.0591542561849,3756022.2666666666,44.88311975543398,69.39753793850062,False,True
2011-01-03 20:00:00,94.64688873291016,94.99179077148438,93.74630737304688,93.89002227783205,3737443,89.40022430419921,3745375.7666666666,45.56997215942339,68.77949755225426,False,True
2011-01-04 20:00:00,94.25408172607422,94.36904907226562,90.33560943603516,92.60621643066406,6741739,89.67071685791015,3824264.2333333334,43.16821666864845,60.946473845316675,False,False
2011-01-05 20:00:00,92.1846694946289,93.4972152709961,91.3607406616211,92.95111846923828,3755083,89.94376424153646,3818025.933333333,40.93801514150029,62.1922287731129,False,True
2011-01-06 20:00:00,93.2002182006836,93.4780502319336,91.83018493652344,92.41460418701172,3938056,90.21138280232748,3782871.6,38.867113723434144,59.037441369569024,False,False
2011-01-07 20:00:00,92.5678939819336,93.0852508544922,91.5715103149414,92.15592956542967,3974797,90.44291432698567,3794899.3333333335,36.74081931610078,57.52238741866046,False,False
2011-01-10 20:00:00,91.60983276367188,92.35712432861328,91.06373596191406,91.772705078125,4006111,90.7028683980306,3880026.1,34.36889473473137,55.25985693118011,False,False
2011-01-11 20:00:00,92.30921936035156,93.15231323242188,91.67689514160156,92.85531616210938,4221337,90.95643539428711,3899457.7,32.712206140809826,60.041435691975266,False,False
2011-01-12 20:00:00,93.89002227783205,94.1103744506836,92.96070098876952,93.4109878540039,4926824,91.25439249674479,3903660.6333333333,31.765171656495337,62.27032013186239,False,False
2011-01-13 20:00:00,93.68882751464844,93.74630737304688,91.69606018066406,92.37628173828124,4724958,91.45143381754558,3907261.6666666665,29.88759314125561,56.00571827735665,False,False
2011-01-14 20:00:00,92.2038345336914,93.38224792480467,91.8589324951172,93.23854064941406,3696318,91.66156870524088,3828157.466666667,28.144127377104436,59.64884059361292,False,True
2011-01-18 20:00:00,93.07566833496094,94.61814880371094,92.93196105957033,94.41695404052734,3304381,91.87904866536458,3825186.2,27.31560483148857,64.03246068956506,False,True
2011-01-19 20:00:00,94.62772369384766,94.8385009765625,93.71756744384766,94.14869689941406,3373792,92.04575144449869,3814129.1333333333,26.677313933421015,62.37134340974851,False,True
2011-01-20 20:00:00,93.2960205078125,93.78462982177734,91.90682983398438,92.36669921875,4757837,92.16359303792318,3797265.2333333334,24.83612130627915,52.60811648709504,False,False
2011-01-21 20:00:00,93.53553771972656,94.2061767578125,92.5966339111328,93.86127471923828,4215909,92.38969548543294,3770328.9,23.28052704306498,58.478621420845265,False,False
2011-01-24 20:00:00,93.50679779052734,93.89002227783205,92.78824615478516,93.10440826416016,3871777,92.58482055664062,3785839.4,21.83604665579468,54.778087134722696,False,False
2011-01-25 20:00:00,93.03734588623048,93.2002182006836,91.78228759765624,93.07566833496094,4159650,92.7160748799642,3761095.0,20.778887693990836,54.6367022751201,False,False
2011-01-26 20:00:00,91.92599487304688,93.17147064208984,90.07693481445312,92.87447357177734,10221892,92.81379725138346,3890690.033333333,20.804472850252804,53.593840889710386,False,False
2011-01-27 20:00:00,93.25769805908205,94.08163452148438,91.62899780273438,92.90321350097656,5528560,92.90545171101888,3984852.4,20.134359615906845,53.72970292022809,True,False
2011-01-28 20:00:00,92.64453887939452,93.10440826416016,89.77035522460938,89.87574005126953,9878281,92.87383550008138,4177254.8,20.460628849566238,40.333824131770804,True,False
2011-01-31 20:00:00,90.1152572631836,92.64453887939452,89.33922576904297,92.62538146972656,6668466,92.93259684244792,4275157.366666666,20.957742450990388,52.0313641405343,True,False
2011-02-01 20:00:00,93.68882751464844,95.5666275024414,93.4301528930664,94.78101348876952,7012494,93.05171585083008,4340066.233333333,19.521363303971235,58.84356348737336,False,False
2011-02-02 20:00:00,94.5894012451172,94.98220825195312,94.06246948242188,94.5223388671875,3966969,93.15358963012696,4395852.5,18.18758266745345,57.78310245115077,False,True
2011-02-03 20:00:00,94.39778900146484,94.39778900146484,92.0888671875,94.06246948242188,3976572,93.20308939615886,4425297.4,17.943513736884675,55.85588788424298,False,True
2011-02-04 20:00:00,94.3403091430664,94.4265365600586,92.9127960205078,93.42057037353516,3534638,93.19510548909506,4442415.3,17.698861365123708,53.189214954461086,False,True
2011-02-07 20:00:00,93.4972152709961,93.95708465576172,92.97028350830078,93.44931030273438,3327553,93.19829889933268,4487092.333333333,17.47168416277424,53.29672566368004,False,True
2011-02-08 20:00:00,93.7271499633789,94.10079193115234,92.7978286743164,93.66008758544922,3018178,93.2267214457194,4517532.266666667,17.352689127642627,54.128812358397774,False,True
2011-02-09 20:00:00,93.1810531616211,94.3211441040039,92.23257446289062,93.17147064208984,4609725,93.21235046386718,4588213.166666667,17.545753951311802,51.82376621411138,True,False
2011-02-10 20:00:00,93.14273071289062,94.8193359375,92.51041412353516,94.78101348876952,4142845,93.2091567993164,4643063.5,17.332963261855255,58.14645843661829,False,True
2011-02-11 20:00:00,94.34989166259766,96.7642059326172,93.65050506591795,95.55704498291016,4392620,93.27717920939128,4677323.633333334,16.373764001005103,60.816591449526705,False,True
2011-02-14 20:00:00,95.67201232910156,97.12826538085938,95.32711029052734,97.00371551513672,3303129,93.37777557373047,4699597.8,15.699142368188488,65.26534769773811,False,True
2011-02-15 20:00:00,96.89833068847656,100.5868682861328,96.4480438232422,98.74739074707033,7664540,93.53968785603841,4830501.033333333,16.69211982570828,69.72679213112333,False,False
2011-02-16 20:00:00,99.2647476196289,100.91260528564452,98.66116333007812,100.61560821533205,4518708,93.80666758219401,4756400.0,17.735414832919012,73.63428817184688,False,True
2011-02-17 20:00:00,99.79167938232422,101.79402923583984,99.75335693359376,101.41080474853516,3426711,94.08865712483724,4745454.266666667,19.026350807208868,75.10710021672517,False,True
2011-02-18 20:00:00,102.6083755493164,103.04908752441406,100.8551254272461,102.86705780029295,5283899,94.43707224527995,4790315.7,20.644440663594093,77.57735485803616,False,False
2011-02-22 20:00:00,100.03119659423828,102.29222106933594,97.32946014404295,97.85639190673828,9251912,94.6270876566569,4966219.533333333,19.953668174521475,56.72047383477074,False,False
2011-02-23 20:00:00,98.24919891357422,100.5868682861328,98.24919891357422,98.64200592041016,7604836,94.85606435139974,5086177.033333333,19.312236577525475,58.59985437119498,False,False
2011-02-24 20:00:00,99.58090209960938,100.02161407470705,97.24323272705078,97.4923324584961,5443701,95.0106315612793,5126922.5,18.186178675235002,54.84640661975967,False,False
2011-02-25 20:00:00,98.09590911865234,98.95816040039062,97.39652252197266,98.77613067626952,3023397,95.18946965535481,5063474.933333334,17.140553480250993,58.075693793304495,False,True
2011-02-28 20:00:00,98.98690795898438,99.60964965820312,96.994140625,97.69351959228516,5526055,95.36671091715495,5090178.166666667,16.499322838087263,54.53376201035701,False,False
2011-03-01 20:00:00,99.75335693359376,100.09825897216795,95.8636245727539,96.01691436767578,4396795,95.45932337443034,5113527.4,15.371937177468613,49.498933772572755,False,True
2011-03-02 20:00:00,96.25643157958984,97.08036041259766,95.27920532226562,96.5630111694336,4039616,95.53085861206054,5138035.233333333,14.635015431890713,51.083103103683214,False,True
2011-03-03 20:00:00,97.44442749023438,99.2168426513672,96.96539306640624,99.07312774658205,4338970,95.69500630696615,5170207.833333333,14.330171780778624,57.657900628780034,False,True
2011-03-04 20:00:00,98.78571319580078,99.4276123046875,97.4061050415039,98.82403564453124,4407442,95.91025085449219,5158528.0,14.1454226489347,56.84143248011764,False,True
2011-03-07 20:00:00,99.57131958007812,101.3820571899414,99.02523040771484,99.18810272216795,4506496,96.08781178792317,5168214.233333333,14.812087867154245,57.7824115789102,False,True
2011-03-08 20:00:00,99.3126449584961,99.3126449584961,96.46720123291016,96.68756103515624,4925780,96.20725021362304,5203347.666666667,14.03904413503408,49.75799920433769,False,True
2011-03-09 20:00:00,96.9749755859375,98.34500122070312,96.4767837524414,96.63965606689452,3910292,96.3260498046875,5195035.733333333,13.32121781235107,49.61584193197004,False,True
2011-03-10 20:00:00,95.73907470703124,95.7486572265625,92.74034118652344,93.34392547607422,4434580,96.3416982014974,5002125.333333333,13.651781632898714,40.9482682464529,True,True
2011-03-11 20:00:00,92.5678939819336,95.00137329101562,92.2708969116211,94.60856628417967,3615008,96.39854329427084,4938340.266666667,14.121386591161434,44.92419352885346,True,True
2011-03-13 20:00:00,93.77505493164062,95.28878784179688,93.0852508544922,94.86724090576172,3782117,96.56492665608724,4735134.8,14.403131988164072,45.729097251220736,True,True
2011-03-14 20:00:00,92.0888671875,94.62772369384766,91.0541534423828,93.86127471923828,4656904,96.60612309773764,4668082.733333333,15.368824677768076,43.09161191041653,True,True
2011-03-15 20:00:00,93.5451202392578,94.56066131591795,90.75715637207033,91.90682983398438,5561543,96.51031697591146,4619717.7,16.36125986939965,38.45143339487231,True,False
2011-03-16 20:00:00,93.55469512939452,94.56066131591795,92.80741119384766,93.75588989257812,4513385,96.48476867675781,4637931.566666666,17.28280683305754,44.53645148837154,True,True
2011-03-17 20:00:00,95.00137329101562,96.96539306640624,93.45889282226562,94.2061767578125,5791800,96.48955891927083,4698439.166666667,16.766134541700733,45.938159961638114,True,False
2011-03-20 20:00:00,95.40375518798828,97.28155517578124,95.20256042480467,96.74504089355467,4609725,96.60037460327149,4734275.4,16.12434488699984,53.13057208698931,False,True
2011-03-21 20:00:00,96.29475402832033,97.37736511230467,95.66242980957033,95.95943450927734,3632022,96.68404541015624,4744424.366666666,15.476956977878368,50.875091112403666,True,True
2011-03-22 20:00:00,95.97859191894533,96.50552368164062,95.23130798339844,95.90194702148438,2628955,96.75877405802409,4731450.266666667,15.08401787830913,50.70546120586478,True,True
2011-03-23 20:00:00,96.21810913085938,96.58216857910156,95.34627532958984,95.60494995117188,4228956,96.83989003499349,4718757.966666667,14.6722578670314,49.78196988368397,True,True
2011-03-24 20:00:00,95.71033477783205,97.51148986816406,95.27920532226562,96.62049102783205,4446479,96.90120595296224,4728879.1,13.725317729617137,52.938254271213516,True,True
2011-03-27 20:00:00,96.61091613769533,98.18213653564452,96.3809814453125,96.63965606689452,2782598,96.93729298909506,4675211.7,13.029257515399333,52.998292377949575,True,True
2011-03-28 20:00:00,96.51510620117188,99.47551727294922,96.28517150878906,99.43719482421876,3927514,97.01840896606446,4696024.533333333,13.065358365958064,60.849664027959804,False,True
2011-03-29 20:00:00,99.93538665771484,100.59645080566406,98.65158081054688,99.40845489501952,2647012,97.04044443766276,4528773.6,13.62371026652186,60.73741503105868,False,True
2011-03-30 20:00:00,99.71503448486328,101.33415222167967,99.59048461914062,100.10784149169922,3765834,97.02351888020833,4503677.8,14.463203352035661,62.54798680744796,False,True
2011-03-31 20:00:00,101.43954467773438,101.54492950439452,99.50425720214844,99.9258041381836,3374940,96.97401885986328,4501952.1,15.334299936938745,61.74980769650224,False,True
2011-04-03 20:00:00,100.00244903564452,100.673095703125,99.08271026611328,99.17852020263672,2938538,96.85106760660807,4423773.4,15.82037940133341,58.45220925772902,False,True
2011-04-04 20:00:00,97.9905242919922,99.80125427246094,97.31029510498048,98.4216537475586,4637803,96.86990966796876,4269969.766666667,15.058313642467985,55.23489147840308,False,False
2011-04-05 20:00:00,99.12103271484376,99.12103271484376,96.52468872070312,96.80252838134766,3288098,96.80859375,4126078.5,14.082364659417708,49.019000572083144,True,True
2011-04-06 20:00:00,96.43846130371094,97.42526245117188,95.62410736083984,96.88874816894533,3348637,96.78847427368164,4056243.033333333,13.678824704684208,49.34590110439036,False,True
2011-04-07 20:00:00,97.7222671508789,99.77251434326172,97.6072998046875,99.37013244628906,4481967,96.80827433268229,4104862.033333333,13.392093870903794,57.74378130660367,False,False
2011-04-10 20:00:00,99.5617446899414,99.63838958740234,95.97859191894533,96.20852661132812,5332643,96.75877456665039,4098414.966666667,12.613786006207373,47.04233788477525,True,False
2011-04-11 20:00:00,95.49956512451172,95.62410736083984,92.4529266357422,92.83615112304688,5728130,96.65274912516276,4142792.8,13.321627243011147,38.78541128568339,True,False
2011-04-12 20:00:00,92.73076629638672,93.78462982177734,92.39544677734376,92.82656860351562,3877100,96.52820103963217,4137375.6,13.998794366957492,38.76459068753449,True,True
2011-04-13 20:00:00,93.26728057861328,93.77505493164062,92.21340942382812,93.45889282226562,4067693,96.34105987548828,4128333.033333333,14.694353407394422,41.01474872381789,True,True
2011-04-14 20:00:00,92.98944091796876,94.67562866210938,92.30921936035156,94.61814880371094,4401179,96.20086364746093,4128124.2666666666,14.804666257964218,45.00463654467914,True,False
2011-04-17 20:00:00,93.17147064208984,93.27686309814452,91.6577377319336,92.98944091796876,3372435,95.99424158732096,4090322.2333333334,15.176805761614633,40.82627910847565,True,True
2011-04-18 20:00:00,93.16189575195312,95.01094818115234,92.5678939819336,94.57024383544922,5018050,95.92366434733073,4093397.9,14.54139271165657,46.0607462376682,True,False
2011-04-19 20:00:00,95.87320709228516,96.83126831054688,94.85765838623048,96.63007354736328,3903821,95.92334493001302,4093182.2,13.923650348538514,52.01695212739417,False,True
2011-04-20 20:00:00,96.68756103515624,96.89833068847656,95.52830505371094,96.31391143798828,3230691,96.02234446207682,4053052.566666667,13.38044261491183,51.084519912457814,False,True
2011-04-24 20:00:00,96.09355926513672,96.35223388671876,94.68521118164062,96.1797866821289,2217916,96.0747184753418,4006482.8333333335,12.437736163488252,50.669562686678034,False,True
2011-04-25 20:00:00,96.8600082397461,98.7665557861328,96.11272430419922,98.59410095214844,5740759,96.19894714355469,4071770.9,12.639649643128138,57.380616465845065,False,False
2011-04-26 20:00:00,98.7282257080078,99.15935516357422,96.7642059326172,98.68032836914062,4041703,96.3595822652181,4051264.2,12.983240213321482,57.60246299588272,False,True
2011-04-27 20:00:00,98.68032836914062,101.01799774169922,97.05162048339844,100.72100067138672,6608866,96.65338795979818,4086174.966666667,13.987205953818048,62.568351931885424,False,False
2011-04-28 20:00:00,101.583251953125,109.74593353271484,101.47786712646484,109.49684143066406,15447861,97.17808634440104,4450657.5,16.847966963226003,75.73227993845732,False,False
2011-05-01 20:00:00,110.2824478149414,112.94586181640624,109.29564666748048,110.8860321044922,9954163,97.7340815226237,4589402.933333334,19.92290920827762,77.10488974394559,False,False
2011-05-02 20:00:00,110.01419067382812,110.33993530273438,105.81788635253906,106.95797729492188,6781507,98.0745127360026,4661795.666666667,21.295340025207956,65.77603130700349,False,False
2011-05-03 20:00:00,106.8046875,106.8046875,103.08740997314452,104.32331085205078,7441381,98.35330861409506,4788774.3,21.586650721825897,59.46502492880139,False,False
2011-05-04 20:00:00,103.33650207519533,104.47660064697266,100.43357849121094,101.51618957519533,7145784,98.54045003255209,4939335.266666667,21.016940493426425,53.56771082498284,False,False
2011-05-05 20:00:00,102.38802337646484,104.90772247314452,100.73057556152344,101.95689392089844,5244027,98.75218149820964,4973170.966666667,20.587575274882152,54.3334167612027,False,False
2011-05-08 20:00:00,102.02396392822266,103.8538589477539,100.32819366455078,102.97244262695312,5929682,98.96391321818034,5022611.066666666,20.057666978465374,56.128809425710394,False,False
2011-05-09 20:00:00,102.93412017822266,103.2215347290039,101.68863677978516,102.493408203125,4304004,99.15903828938802,5073324.6,19.565609274649795,55.02977991805651,False,True
2011-05-10 20:00:00,101.90899658203124,102.22515106201172,98.53661346435548,99.28390502929688,5313438,99.15392862955729,5119522.066666666,18.25179447616352,48.21761687354862,False,False
2011-05-11 20:00:00,99.91622924804688,99.91622924804688,97.95220184326172,98.7665557861328,5625527,99.1325319925944,5218805.9,17.206031313117894,47.203261904840446,True,False
2011-05-12 20:00:00,99.16893768310548,99.41803741455078,96.69713592529295,98.06716918945312,4200983,99.06450958251953,5233310.866666666,16.606707564416975,45.80053558459098,True,True
2011-05-15 20:00:00,97.59771728515624,99.15935516357422,96.46720123291016,96.7642059326172,4089091,98.95912297566731,5257115.9,16.11884515883123,43.22350001341559,True,True
2011-05-16 20:00:00,96.3809814453125,98.3833236694336,95.50914001464844,97.14743041992188,4681328,98.89141998291015,5315208.9,15.956873509321799,44.217651165523954,True,True
2011-05-17 20:00:00,97.39652252197266,99.49468231201172,96.677978515625,97.91387939453124,6286131,98.87449417114257,5370153.166666667,15.372174389222948,46.24494991861721,True,False
2011-05-18 20:00:00,97.92345428466795,98.53661346435548,95.92111206054688,96.17020416259766,5586281,98.85341669718424,5446759.266666667,15.07754145274815,42.46393631107635,True,False
2011-05-19 20:00:00,95.94026947021484,96.8791732788086,94.94388580322266,96.18936920166016,5694311,98.83010406494141,5524948.4,15.119650957354079,42.51956422479536,True,False
2011-05-22 20:00:00,94.9055633544922,95.72949981689452,94.12953186035156,94.80017852783205,3790362,98.6777722676595,5501894.9,15.416444877962443,39.535701056009636,True,True
2011-05-23 20:00:00,96.14146423339844,98.6994857788086,95.84446716308594,98.2012939453125,7870477,98.74419784545898,5586489.366666666,14.466495658009617,48.97642278247789,True,False
2011-05-24 20:00:00,97.00371551513672,100.40483856201172,96.95581817626952,99.84915924072266,7292747,98.97796478271485,5638643.266666667,13.877768912895268,52.82011065586797,False,False
2011-05-25 20:00:00,99.84915924072266,101.07547760009766,98.75697326660156,100.5868682861328,4472469,99.23664143880208,5658488.9,13.555067074690715,54.47355299016778,False,True
2011-05-26 20:00:00,100.8742904663086,103.61434173583984,100.8742904663086,102.1006088256836,4906679,99.52469863891602,5686455.1,14.032125858153565,57.74584864310628,False,True
2011-05-30 20:00:00,103.6718292236328,104.41911315917967,102.5125732421875,103.3269271850586,6401364,99.8149912516276,5753127.933333334,14.6992617783122,60.239183145708694,False,False
2011-05-31 20:00:00,103.31734466552734,103.58560180664062,99.00606536865234,99.3318099975586,4718278,100.0264035542806,5797989.366666666,13.9454742254535,49.907167380386994,True,True
2011-06-01 20:00:00,99.5330047607422,100.54854583740234,97.98094177246094,99.43719482421876,3537978,100.18863525390626,5748653.633333334,13.001119788700569,50.1500541857166,True,True
2011-06-02 20:00:00,97.46358489990234,100.82638549804688,97.46358489990234,99.83000183105467,3632231,100.2952995300293,5739600.633333334,12.299996866845854,51.101770019537085,True,True
2011-06-05 20:00:00,99.86832427978516,100.14615631103516,97.24323272705078,97.66477966308594,3545702,100.34032847086588,5750101.0,11.726697664144124,45.89987020391934,True,True
2011-06-06 20:00:00,98.6324234008789,98.91984558105467,96.80252838134766,97.20491027832033,3736191,100.3744992574056,5800710.166666667,11.355999277035684,44.855490631837625,True,True
2011-06-07 20:00:00,97.0899429321289,99.61922454833984,97.0899429321289,98.19171142578124,4223529,100.36108627319337,5750135.833333333,10.716253629265251,47.61018612124088,True,True
2011-06-08 20:00:00,98.80487060546876,100.51980590820312,98.46955108642578,99.60006713867188,3867602,100.39174423217773,5744332.466666667,10.153182709317383,51.34577662620936,True,True
2011-06-09 20:00:00,99.0156478881836,100.11741638183594,98.23003387451172,99.05397033691406,5196118,100.33617655436198,5697240.866666666,9.524373727888626,49.86115195986957,True,True
2011-06-12 20:00:00,99.0443878173828,100.28028869628906,97.32946014404295,97.85639190673828,4890605,99.94816157023112,5345332.333333333,9.147158667453267,46.67397793815986,True,True
2011-06-13 20:00:00,99.82041931152344,100.9892578125,99.41803741455078,100.38567352294922,4112471,99.59814961751302,5150609.266666667,8.523500455762587,53.442733737630775,False,True
2011-06-14 20:00:00,99.2264175415039,99.78209686279295,97.33904266357422,97.86597442626952,5344647,99.2950828552246,5102713.933333334,8.772155787665959,47.03730420415495,True,False
2011-06-15 20:00:00,97.28155517578124,99.60964965820312,96.94623565673828,98.50787353515624,4145976,99.10123494466146,4992867.1,9.157357703676597,48.723397532499625,True,True
2011-06-16 20:00:00,99.5330047607422,99.6767120361328,97.02288055419922,97.904296875,4942272,98.98083852132162,4919416.7,9.478402337171719,47.2017299400194,True,False
2011-06-19 20:00:00,97.23365020751952,98.3162612915039,96.3809814453125,97.24323272705078,3716359,98.82371648152669,4868494.433333334,10.049549575131753,45.52475827166967,True,True
2011-06-20 20:00:00,97.87555694580078,99.14019775390624,97.31987762451172,98.1054916381836,4349826,98.66148478190104,4815832.566666666,10.096034140616004,48.11413727649354,True,True
2011-06-21 20:00:00,97.56897735595705,98.74739074707033,96.4480438232422,96.69713592529295,5363017,98.46827570597331,4851133.0,10.532492351891017,44.40172933346115,True,False
2011-06-22 20:00:00,94.43611145019533,95.26004791259766,92.69244384765624,95.2217254638672,7288990,98.33286972045899,4916984.733333333,12.269008039996832,40.8460827665699,True,False
2011-06-23 20:00:00,95.41333770751952,95.71033477783205,94.0433120727539,94.33072662353516,5281081,98.1850087483724,4905503.2,13.612598434831687,38.82413712335139,True,False
2011-06-26 20:00:00,93.86127471923828,95.37501525878906,93.66966247558594,94.78101348876952,3664483,98.07547022501628,4887619.866666666,14.980043670682585,40.42904622523522,True,True
2011-06-27 20:00:00,95.30795288085938,96.7642059326172,95.01094818115234,96.69713592529295,5047276,98.07323455810547,4919559.366666666,15.407738057656463,46.82225535909076,True,False
2011-06-28 20:00:00,97.1570053100586,99.09229278564452,96.8791732788086,98.56536102294922,5643062,98.12049891153971,4951617.166666667,14.611367062071434,52.207826519537434,False,False
2011-06-29 20:00:00,99.06355285644533,100.25154876708984,98.9006805419922,99.6767120361328,4666402,98.1792599995931,4897626.2,13.777088816400658,55.11964859494544,False,True
2011-06-30 20:00:00,99.6767120361328,101.33415222167967,97.92345428466795,101.09464263916016,3355944,98.34340794881184,4823281.633333334,13.4520993542535,58.58652335339389,False,True
2011-07-04 20:00:00,101.1712875366211,102.9916000366211,101.06590270996094,102.27305603027344,3439967,98.54619750976562,4748136.833333333,13.776692161083918,61.264567259189576,False,True
2011-07-05 20:00:00,102.42634582519533,102.50299072265624,100.91260528564452,101.3533172607422,2629581,98.7646354675293,4709444.133333334,13.997772317778393,58.106287214083395,False,True
2011-07-06 20:00:00,102.6083755493164,103.36524963378906,102.11976623535156,103.08740997314452,2786982,98.92750600179036,4539994.3,14.527143638165965,62.075907498890935,False,True
2011-07-07 20:00:00,101.6024169921875,102.63712310791016,101.07547760009766,101.8131866455078,2604217,98.99297358194987,4383709.966666667,14.442387232132248,57.74598771003379,False,True
2011-07-10 20:00:00,100.13658142089844,101.47786712646484,97.11868286132812,97.4923324584961,5149774,98.88982238769532,4406286.8,14.184914363191108,46.02295414781602,True,False
2011-07-11 20:00:00,97.00371551513672,99.58090209960938,96.71630096435548,97.75100708007812,3642564,98.7448356628418,4364149.633333334,14.091225508308044,46.72030101132855,True,True
2011-07-12 20:00:00,98.39290618896484,100.29945373535156,98.2683563232422,98.65158081054688,2659433,98.5889907836914,4239418.6,13.665151972780693,49.18185131257765,False,True
2011-07-13 20:00:00,99.23600006103516,100.5581283569336,98.87194061279295,99.02523040771484,4429257,98.57877146402994,4229784.566666666,13.14560568288754,50.209682462691255,False,False
2011-07-14 20:00:00,99.47551727294922,101.12338256835938,99.14977264404295,100.92218780517578,4962417,98.62827123006186,4277265.866666666,12.386698243446089,55.16732624716648,False,False
2011-07-17 20:00:00,100.2419662475586,101.14254760742188,100.11741638183594,100.84554290771484,3268475,98.66212259928385,4265140.666666667,11.672283763503485,54.92934365760272,False,True
2011-07-18 20:00:00,101.7844467163086,103.08740997314452,101.42037963867188,102.48383331298828,3259603,98.82275772094727,4255604.033333333,11.594217241686035,59.0006394549029,False,True
2011-07-19 20:00:00,102.56047821044922,102.79041290283205,101.41080474853516,101.73654174804688,2900962,98.97381210327148,4227763.066666666,11.516427879556323,56.493817040491415,False,True
2011-07-20 20:00:00,102.6946029663086,104.50534057617188,102.43592834472656,103.54727935791016,4913464,99.15233103434245,4250760.9,12.17662646469189,60.835963091811166,False,False
2011-07-21 20:00:00,103.47063446044922,103.69098663330078,102.215576171875,103.3556671142578,2017303,99.27751770019532,4189084.2666666666,12.655046629462229,60.15180802376361,False,True
2011-07-24 20:00:00,101.6024169921875,103.56643676757812,101.42037963867188,102.86705780029295,3115458,99.40462061564128,4119728.933333333,12.613725584536544,58.34980007821521,False,True
2011-07-25 20:00:00,101.32457733154295,102.5796356201172,100.14615631103516,100.43357849121094,5732931,99.4905268351237,4147806.466666667,11.856305422919968,50.272133345496506,False,False
2011-07-26 20:00:00,98.220458984375,98.220458984375,96.42887878417967,97.14743041992188,7962120,99.38258539835611,4276128.1,12.469479213366844,41.84735108527109,True,False
2011-07-27 20:00:00,97.14743041992188,97.51148986816406,95.45166015625,95.5666275024414,5844719,99.30594050089518,4292797.166666667,13.37216584915519,38.504492128599814,True,False
2011-07-28 20:00:00,94.55107879638672,95.3654327392578,93.9283447265625,94.06246948242188,7304125,99.15776036580404,4398068.8,14.689884371197705,35.59114360974501,True,False
2011-07-31 20:00:00,95.5474624633789,95.7486572265625,92.87447357177734,93.6792449951172,6279869,99.01692530314128,4442655.366666666,16.21835267480579,34.867301489917054,True,False
2011-08-01 20:00:00,92.8648910522461,93.4780502319336,90.5272216796875,90.63260650634766,7159353,98.7965710957845,4557421.833333333,18.233638302550208,29.696483113879424,True,False
2011-08-02 20:00:00,90.82422637939452,91.11164093017578,88.14164733886719,90.27812957763672,7382303,98.53565902709961,4658504.4,20.60122086480455,29.154729648093948,True,False
2011-08-03 20:00:00,88.40032958984375,88.65900421142578,83.97408294677734,84.0794677734375,9720462,98.11507008870443,4803752.566666666,23.461024491940748,21.699755135936904,True,False
2011-08-04 20:00:00,85.90937042236328,86.4363021850586,81.28192901611328,83.67708587646484,9027605,97.73024876912434,4861706.4,26.445445661607234,21.318669640690555,True,False
2011-08-07 20:00:00,81.1286392211914,82.16334533691406,75.85930633544922,76.2904281616211,12929756,97.12890548706055,5116662.233333333,29.71915846615991,15.824596322580941,True,False
2011-08-08 20:00:00,78.61852264404297,81.07115936279297,75.46649932861328,80.86996459960938,14727970,96.66520385742187,5485445.133333334,32.7898131039206,28.181967251413724,True,False
2011-08-09 20:00:00,79.41371154785156,80.98493194580078,77.41136169433594,77.84249114990234,9091275,96.03671569824219,5620245.1,35.641135267555526,25.515209748578684,True,False
2011-08-10 20:00:00,78.32151794433594,82.36454010009766,78.21613311767578,81.24360656738281,10729792,95.45932388305664,5789802.766666667,37.55425787232132,33.16645981671596,True,False
2011-08-11 20:00:00,82.19208526611328,83.04476165771484,80.47715759277344,81.55018615722656,4788420,94.85510635375977,5793870.033333333,38.97516941897448,33.826327090297816,True,True
2011-08-14 20:00:00,82.0771255493164,85.6219482421875,82.0387954711914,85.56446838378906,6228202,94.33743387858073,5889611.966666667,39.04460382760252,41.91333573860476,True,False
2011-08-15 20:00:00,84.11779022216797,84.83634185791016,82.0771255493164,83.70582580566406,6768460,93.71852620442708,6000561.733333333,39.10907863561427,39.505990982880036,True,False
2011-08-16 20:00:00,85.78482055664062,86.69497680664062,83.63876342773438,83.93576049804688,5702557,93.1379409790039,6102994.266666667,38.31869958132235,39.96538055173267,True,True
2011-08-17 20:00:00,81.7609634399414,81.7609634399414,78.10116577148438,79.27958679199219,9718270,92.34434687296549,6334037.2,38.68673086895414,34.287189446215024,True,False
2011-08-18 20:00:00,78.19697570800781,80.20890045166016,77.26765441894531,77.5167465209961,7551395,91.53446553548177,6498943.133333334,39.164087889599344,32.40973256192318,True,False
2011-08-21 20:00:00,79.81609344482422,80.20890045166016,76.25210571289062,77.08562469482422,5538163,90.85424194335937,6511889.433333334,39.77205467438261,31.948980988944477,True,True
2011-08-22 20:00:00,77.19100952148438,79.24125671386719,76.43414306640625,79.22209930419922,7047774,90.2366116841634,6625396.433333334,40.336595260252786,36.74795460434375,True,False
2011-08-23 20:00:00,78.84845733642578,79.8065185546875,78.05326080322266,79.59574127197266,5337445,89.6014170328776,6714663.5,40.58102295514892,37.57704267677261,True,True
2011-08-24 20:00:00,79.9885482788086,80.6017074584961,77.37303924560547,77.87123107910156,4561607,88.89628372192382,6719075.166666667,40.411302640887634,35.278607169617125,True,True
2011-08-25 20:00:00,77.19100952148438,79.11671447753906,75.792236328125,78.64726257324219,5063350,88.1537862141927,6722439.6,40.59087730232691,37.14185052070084,True,True
2011-08-28 20:00:00,79.97896575927734,81.58850860595703,78.90593719482422,81.49270629882812,4973272,87.50869166056314,6779266.166666667,39.59410360590717,43.55806611470146,True,True
2011-08-29 20:00:00,80.92744445800781,82.91063690185547,80.35260772705078,82.48908996582031,6124346,86.84220021565756,6874757.6,38.111273442741776,45.65014023494792,True,True
2011-08-30 20:00:00,83.33218383789062,84.8938217163086,82.16334533691406,83.10224914550781,6238118,86.22105712890625,6985996.133333334,35.96609482527186,46.95320396790138,True,True
2011-08-31 20:00:00,83.45673370361328,84.98004913330078,82.23041534423828,82.29747772216797,4035232,85.51273040771484,6956721.733333333,33.94156414843451,45.414189189895254,True,True
2011-09-01 20:00:00,80.00770568847656,80.93702697753906,79.3562240600586,79.91190338134766,4215179,84.73127161661783,7029984.266666667,32.92972180379527,41.11234301291409,True,True
2011-09-05 20:00:00,77.5167465209961,79.36580657958984,76.08924102783203,79.25083923339844,5254569,83.94406433105469,7101287.966666667,32.78497161340116,39.98211919652593,True,True
2011-09-06 20:00:00,80.39093780517578,81.02325439453125,79.9214859008789,80.99451446533203,4589372,83.29609553019206,7063169.333333333,31.991894204469737,44.3294660418667,True,True
2011-09-07 20:00:00,80.55380249023438,81.68431854248047,79.27958679199219,79.72029113769531,4579143,82.71519088745117,6950403.433333334,31.00020452757624,41.93877209753017,True,True
2011-09-08 20:00:00,78.6760025024414,79.15503692626953,76.4053955078125,77.16226959228516,5676254,82.10171229044596,6944787.933333334,30.78647883713421,37.55956607438715,True,True
2011-09-11 20:00:00,75.6772689819336,77.04730224609375,73.91443634033203,76.20420837402344,9460145,81.50643692016601,7016655.266666667,31.109393377582915,36.041615396859875,True,False
2011-09-12 20:00:00,76.56826782226562,77.60297393798828,75.514404296875,77.07604217529297,6432573,80.95299682617187,7021745.4,31.179431214950124,38.4782526597918,True,True
2011-09-13 20:00:00,77.59339141845703,80.27596282958984,76.2425308227539,79.3562240600586,5508728,80.57711741129557,6966724.566666666,30.209719638976885,44.440031456246196,True,True
2011-09-14 20:00:00,80.42925262451172,81.04241943359375,79.48077392578125,80.86996459960938,3971875,80.263511912028,6853043.633333334,29.034106885105135,48.039878037754306,False,True
2011-09-15 20:00:00,81.32025146484375,81.48312377929688,78.89635467529297,79.82567596435547,6917302,80.12171885172526,6759604.966666667,28.10383641428002,45.833602313328576,True,False
2011-09-18 20:00:00,78.43648529052734,79.50951385498047,77.4496841430664,79.00174713134766,4135852,79.96587422688802,6596546.533333333,27.63158546592637,44.11224555357373,True,True
2011-09-19 20:00:00,79.66280364990234,80.41009521484375,77.21016693115234,77.39220428466797,5613941,80.00260009765626,6352686.033333333,26.82925845241206,40.882130843140196,True,True
2011-09-20 20:00:00,77.27723693847656,77.39220428466797,73.01386260986328,73.11924743652344,6908952,79.74424285888672,6092052.1,27.122118509262346,33.80509240003097,True,False
2011-09-21 20:00:00,70.22589874267578,70.81031799316406,67.5050048828125,68.88461303710938,11506987,79.44564692179362,6172575.833333333,28.367226671690293,28.53346565799682,True,False
2011-09-22 20:00:00,67.66787719726562,70.66661071777344,66.96849060058594,69.2295150756836,8076622,79.04517720540365,6084136.833333333,29.603673057946363,29.497804566512215,True,False
2011-09-25 20:00:00,69.7947769165039,73.94317626953125,68.6355209350586,73.76114654541016,8882416,78.78554255167643,6220603.366666666,29.527829825915315,40.80064176786755,True,False
2011-09-26 20:00:00,75.96469116210938,77.66046142578125,74.70963287353516,75.15991973876953,8261057,78.43872426350912,6288365.2,28.303690445599603,43.79587353777374,True,False
2011-09-27 20:00:00,74.34556579589844,75.53356170654297,71.60551452636719,71.84502410888672,5121384,78.04336420694987,6233462.666666667,27.80233451981718,38.787339105596324,True,True
2011-09-28 20:00:00,74.00066375732422,74.10604858398438,70.74325561523438,72.18992614746094,5523445,77.65183639526367,6227492.266666667,27.502521066849088,39.56180014854491,True,True
2011-09-29 20:00:00,70.0917739868164,70.67619323730469,68.32894134521484,68.50138854980469,8275357,77.2925631205241,6179395.166666667,27.66954386054909,34.53025635117467,True,False
2011-10-02 20:00:00,68.39600372314453,68.72174835205078,65.46434020996094,65.70384979248047,8363973,76.89879989624023,6206481.1,28.2979592256762,31.280807202997394,True,False
2011-10-03 20:00:00,64.6404037475586,70.44625854492188,63.57695770263672,70.18757629394531,10960258,76.66886494954427,6387217.6,29.16651035243623,40.882992250702024,True,False
2011-10-04 20:00:00,71.60551452636719,72.90847778320312,70.89654541015625,72.5444107055664,8120461,76.44627532958984,6422973.833333333,29.159527069794592,45.2162860286347,True,False
2011-10-05 20:00:00,72.95637512207031,76.20420837402344,72.64979553222656,75.26530456542969,6972413,76.30192743937174,6477472.766666667,28.188252251010198,49.79187404828609,True,False
2011-10-06 20:00:00,75.64852905273438,76.19462585449219,73.39708709716797,74.01024627685547,6469940,76.17322794596355,6541083.866666666,27.28635420499612,47.80835567027028,True,True
2011-10-09 20:00:00,75.6293716430664,78.27362060546875,75.6293716430664,78.23529815673828,4133034,76.15949579874675,6510073.333333333,25.861850710741074,54.394719545321,False,True
2011-10-10 20:00:00,77.19100952148438,79.04006958007812,76.8365249633789,77.49758911132812,4492614,76.02632522583008,6494051.4,24.328554280940903,53.13389646115642,False,True
2011-10-11 20:00:00,78.09158325195312,79.94064331054688,77.60297393798828,77.61255645751953,5652456,75.86377410888672,6478321.733333333,22.654378374871747,53.31550828747913,False,True
2011-10-12 20:00:00,76.84610748291016,78.53229522705078,75.73475646972656,78.0820083618164,4574446,75.69643274943034,6422866.0,21.593808632964787,54.09771380740271,False,True
2011-10-13 20:00:00,79.57658386230469,81.88551330566406,79.57658386230469,81.83760833740234,4938201,75.68110376993815,6452964.966666667,20.40904328519804,59.88794680639171,False,True
2011-10-16 20:00:00,81.20528411865234,82.18251037597656,79.01132202148438,79.21251678466797,4735396,75.65779088338216,6470305.533333333,19.15048220195862,54.69450543077441,False,True
2011-10-17 20:00:00,79.0592269897461,82.0771255493164,78.18739318847656,81.41606140136719,6723369,75.72996495564779,6519265.533333333,17.818977959664362,57.987959860344105,False,False
2011-10-18 20:00:00,81.15738677978516,82.81482696533203,79.86399841308594,80.42925262451172,4800632,75.71112289428712,6526307.533333333,16.72528472685792,56.023833413455606,False,True
2011-10-19 20:00:00,80.45800018310547,81.79928588867188,79.32748413085938,81.04241943359375,5139232,75.75519383748373,6544977.166666667,15.54154357826265,56.998476868450474,False,True
2011-10-20 20:00:00,82.24957275390625,83.59085845947266,81.60767364501953,83.10224914550781,4803763,75.95319315592448,6515894.133333334,14.986479363608964,60.1904078575422,False,True
2011-10-23 20:00:00,83.12140655517578,84.47227478027344,82.79566955566406,83.64834594726562,3474829,76.20133107503256,6316383.6,14.727011520942552,61.01658380485397,False,True
2011-10-24 20:00:00,83.42798614501953,83.87828063964844,81.10948181152344,81.56935119628906,4465684,76.35110804239909,6250820.633333334,13.896611735137451,56.23207486339721,False,True
2011-10-25 20:00:00,82.72860717773438,83.76331329345703,81.07115936279297,83.54295349121094,4732264,76.49066569010417,6224938.5,13.11219216235221,59.48030354709648,False,True
2011-10-26 20:00:00,86.69497680664062,93.13314819335938,86.69497680664062,91.64815521240234,11230073,76.8499387105306,6466878.433333334,14.622564480929398,69.49348533627843,False,False
2011-10-27 20:00:00,91.44696044921876,94.25408172607422,91.42780303955078,93.66966247558594,5990952,77.31140492757162,6436000.1,16.21256814340709,71.3923100244757,False,True
2011-10-30 20:00:00,91.07331848144533,91.87808990478516,88.9847412109375,89.04222869873047,6803322,77.64608764648438,6524915.766666667,16.851145457420127,61.89506031517884,False,False
2011-10-31 20:00:00,85.10459899902344,88.22787475585938,83.65792083740234,86.7524642944336,8095932,77.95809631347656,6607648.8,15.94664431143656,57.79780489979633,False,False
2011-11-01 20:00:00,88.65900421142578,89.62664794921875,87.6434555053711,89.28174591064453,4435519,78.49684626261393,6525201.033333333,15.416278242326523,60.87846645627106,False,True
2011-11-02 20:00:00,90.49848175048828,91.3703155517578,89.05181121826172,91.21702575683594,4313293,79.24126001993815,6285411.233333333,15.297820741374137,63.09813695898367,False,True
2011-11-03 20:00:00,90.85296630859376,93.8229522705078,90.60386657714844,93.5451202392578,5782510,80.0517801920573,6208940.833333333,15.679345866034478,65.62486534417641,False,True
2011-11-07 20:00:00,93.88043975830078,95.49956512451172,92.24215698242188,94.38821411132812,4817958,80.73934911092122,6073458.9,16.348121618546124,66.51893137003394,False,True
2011-11-08 20:00:00,95.28878784179688,97.3869400024414,94.61814880371094,97.0420379638672,7285754,81.46875305175782,6040948.8,17.306550526094373,69.2316814860266,False,False
2011-11-09 20:00:00,93.33434295654295,95.0396957397461,91.87808990478516,92.46250915527344,6971161,82.15600255330403,6102608.033333333,17.365152427065095,60.17153978040072,False,False
2011-11-10 20:00:00,94.23492431640624,95.18340301513672,92.12718963623048,94.0241470336914,3616887,82.88380991617838,6039056.1,17.449045367346947,61.99788190506711,False,True
2011-11-11 20:00:00,95.48998260498048,96.4767837524414,95.23130798339844,95.62410736083984,3653002,83.78790054321288,5884977.6,17.79796780606102,63.82798230897071,False,True
2011-11-14 20:00:00,94.68521118164062,95.37501525878906,93.01818084716795,93.7079849243164,3716254,84.72137171427408,5730053.633333334,17.43123932796998,60.095418804592725,False,True
2011-11-15 20:00:00,93.24811553955078,95.35585021972656,92.69244384765624,94.66604614257812,5513947,85.53732070922851,5548509.933333334,16.99112348451883,61.31359239626462,False,True
2011-11-16 20:00:00,94.06246948242188,96.64923858642578,93.315185546875,93.50679779052734,5531691,86.23606694539389,5462217.6,16.900954873354717,58.967905532990464,False,False
2011-11-17 20:00:00,93.30560302734376,93.64092254638672,89.48294067382812,90.46974182128906,5134118,86.7428815205892,5400941.1,15.71263883968725,53.223110751039115,False,True
2011-11-18 20:00:00,91.24577331542967,91.6577377319336,89.45419311523438,90.36434936523438,4394290,87.28801829020182,5331752.766666667,14.617147012408504,53.03003747572049,False,True
2011-11-21 20:00:00,89.16677856445312,89.42545318603516,87.80632781982422,88.52487182617188,4452533,87.63100407918294,5342402.733333333,14.058229622572101,49.64497379787417,False,True
2011-11-22 20:00:00,88.71649169921875,89.02306365966797,86.94407653808594,87.78717041015625,4262566,87.97399012247722,5334734.466666667,13.77240571446927,48.31304762231391,True,True
2011-11-23 20:00:00,86.57042694091797,86.6662368774414,84.06989288330078,84.08905029296875,5056565,88.18987325032552,5314871.433333334,14.224502818448544,42.20068085985173,True,True
2011-11-25 20:00:00,83.86869812011719,85.3057861328125,83.0543441772461,83.0543441772461,2205600,88.35561777750651,5235909.9,14.876950024781136,40.65101848477925,True,True
2011-11-28 20:00:00,85.36327362060547,87.42310333251953,85.25788879394531,86.82910919189453,4660975,88.52200113932291,5226669.033333333,14.743941548169657,48.13374858105532,True,True
2011-11-29 20:00:00,87.02072143554688,89.29132080078125,86.82910919189453,88.32368469238281,4647301,88.82570673624674,5223732.533333333,14.024696434798573,50.77982616768798,True,True
2011-11-30 20:00:00,92.0697021484375,94.94388580322266,91.83976745605467,94.75227355957033,6745288,89.27024714152019,5224463.166666667,14.138407547455325,60.188155105100925,False,False
2011-12-01 20:00:00,94.0912094116211,95.0396957397461,92.29963684082033,92.7690887451172,5405812,89.68157501220703,5244635.833333333,14.265248953322898,56.59419340816345,False,False
2011-12-02 20:00:00,93.51637268066406,94.15827941894533,91.6864776611328,91.89724731445312,4426021,90.04340260823568,5220862.133333334,14.186599344423016,55.03827706985507,False,True
2011-12-05 20:00:00,94.12953186035156,95.78697967529295,92.89363861083984,94.10079193115234,5575947,90.41002070109049,5246601.6,14.507759769394863,58.16857755025375,False,False
2011-12-06 20:00:00,94.225341796875,94.33072662353516,92.64453887939452,93.0852508544922,3690682,90.72458419799804,5253796.7,14.718160603470551,56.22573090388101,False,True
2011-12-07 20:00:00,91.80144500732422,92.93196105957033,90.69967651367188,92.23257446289062,5311768,91.08002497355143,5281999.5,14.241332791682327,54.57743703517022,False,False
2011-12-08 20:00:00,90.96793365478516,92.1367645263672,88.43865203857422,88.78355407714844,4679867,91.25471165974935,5280252.933333334,13.353203477225682,48.39706316164569,True,True
2011-12-09 20:00:00,88.83145141601562,90.67093658447266,88.71649169921875,90.44099426269533,3909248,91.21447296142578,5036225.433333334,12.528511970944512,51.253793338477614,True,True
2011-12-12 20:00:00,88.62068176269531,88.62068176269531,86.18720245361328,87.93087768554688,4862945,91.02318013509115,4998625.2,12.504563194857138,47.00935878238431,True,True
2011-12-13 20:00:00,88.7069091796875,90.2493896484375,86.92491149902344,87.83506774902344,5009595,90.98294143676758,4938834.3,11.934697413034261,46.84987972777013,True,False
2011-12-14 20:00:00,86.62791442871094,87.11652374267578,84.31898498535156,84.7117919921875,4660870,90.91491902669271,4824332.233333333,12.123928998625416,41.86397219897324,True,True
2011-12-15 20:00:00,85.39201354980469,86.45545959472656,83.29386138916016,83.84953308105469,4738736,90.73384526570638,4834439.466666667,12.560292697071251,40.57998794595745,True,True
2011-12-16 20:00:00,84.75011444091797,85.70817565917969,83.87828063964844,85.5261459350586,6681618,90.54414927164713,4913383.633333334,12.96548755991381,44.165891726170884,True,False
2011-12-19 20:00:00,85.65068817138672,85.7369155883789,83.38008880615234,83.65792083740234,4023124,90.21457595825196,4854737.433333334,13.47906515011672,41.183464414035946,True,True
2011-12-20 20:00:00,85.7560806274414,88.61109924316406,85.65068817138672,88.30451965332031,4739258,90.01178614298503,4852114.1,12.861996295525438,50.19232370828084,True,True
2011-12-21 20:00:00,88.687744140625,89.4350357055664,87.33687591552734,89.2051010131836,3776689,89.75055491129557,4735145.266666667,12.005481153976922,51.735345381646624,True,True
2011-12-22 20:00:00,89.34880828857422,90.4601593017578,88.72606658935547,90.25896453857422,3627429,89.67710342407227,4623687.533333333,11.433606078053126,53.54884860628748,False,True
2011-12-23 20:00:00,90.7475814819336,90.94876861572266,89.82784271240234,90.65177154541016,2375526,89.56469090779622,4582308.833333333,11.068404321170645,54.23903100148255,False,True
2011-12-27 20:00:00,90.4601593017578,91.64815521240234,90.3164520263672,91.44696044921876,1839652,89.42545267740886,4521863.833333333,10.969760232017963,55.674829764024025,False,True
2011-12-28 20:00:00,91.38948059082033,91.53318786621094,88.8218765258789,88.95600128173828,3000956,89.26705322265624,4498020.566666666,10.279678149670818,50.34586165443458,True,True
2011-12-29 20:00:00,89.34880828857422,89.94280242919922,88.69732666015625,89.78951263427734,2589291,89.1045021057129,4400532.033333333,9.589617346428199,52.00141158415733,False,True
2011-12-30 20:00:00,89.37754821777344,90.4122543334961,89.37754821777344,89.77035522460938,2370725,88.97995402018229,4295166.5,9.139759604956701,51.95853169505863,False,True
2012-01-03 20:00:00,92.67327880859376,93.76547241210938,91.41822052001952,92.57747650146484,4539584,89.05021184285482,4275348.7,9.906132082059218,57.489980506512936,False,False
2012-01-04 20:00:00,92.39544677734376,93.26728057861328,91.67689514160156,92.85531616210938,3922191,89.13324406941732,4259612.066666666,10.617763667940123,58.00536832451462,False,True
2012-01-05 20:00:00,92.72118377685548,93.12357330322266,91.32241821289062,92.11760711669922,3667093,89.2530019124349,4233430.733333333,11.102329020359196,56.06186218652587,False,True
2012-01-06 20:00:00,92.87447357177734,92.97028350830078,90.81464385986328,91.7535400390625,3185704,89.38521423339844,4197535.333333333,11.294203661553283,55.081016566311426,False,True
2012-01-09 20:00:00,91.6385726928711,93.34392547607422,91.60983276367188,92.8648910522461,3478796,89.67774225870768,4144943.033333333,11.618977748034382,57.52405719998547,False,True
2012-01-10 20:00:00,94.5894012451172,95.2504653930664,93.38224792480467,93.77505493164062,4547203,90.03509928385417,4222996.466666667,12.616000144571695,59.46829197410346,False,False
2012-01-11 20:00:00,93.0948257446289,93.4109878540039,91.97389221191406,92.52957153320312,3560419,90.22511469523111,4186311.2666666666,12.785862135443539,55.71039436919778,False,True
2012-01-12 20:00:00,92.62538146972656,95.57621002197266,92.54873657226562,93.71756744384766,6514614,90.40491078694662,4248555.033333333,13.687081502821913,58.41005696181906,False,False
2012-01-13 20:00:00,93.0852508544922,93.5451202392578,92.19425201416016,93.52595520019533,4237202,90.36403350830078,4164952.1666666665,14.334633939753362,57.79810926968505,False,False
2012-01-17 20:00:00,94.97262573242188,96.02649688720705,94.69479370117188,95.135498046875,4200775,90.44291381835937,4124784.2666666666,15.69414927518859,61.45151538220678,False,False
2012-01-18 20:00:00,95.24088287353516,96.7642059326172,93.98582458496094,96.69713592529295,4525597,90.60291010538737,4128103.466666667,17.157129454249148,64.64914690589116,False,False
2012-01-19 20:00:00,97.01329803466795,97.01329803466795,95.135498046875,95.67201232910156,4316216,90.65528411865235,4086112.433333333,18.584417399020815,61.06805261091981,False,False
2012-01-20 20:00:00,96.2468490600586,96.37139892578124,94.33072662353516,96.1606216430664,5237556,90.75779647827149,4137674.9,19.42101966015503,62.14440198850303,False,False
2012-01-23 20:00:00,97.31029510498048,98.12464904785156,95.66242980957033,97.77974700927734,5262084,90.94270222981771,4136018.7666666666,20.719595349167015,65.5439134138352,False,False
2012-01-24 20:00:00,96.41930389404295,97.2240753173828,95.35585021972656,96.68756103515624,4957302,91.20616912841797,4145266.6,21.73521446874764,61.52994698036258,False,False
2012-01-25 20:00:00,97.06120300292967,99.47551727294922,95.00137329101562,99.12103271484376,6456893,91.49550374348958,4230188.1,23.29512947160206,66.4586860275583,False,False
2012-01-26 20:00:00,99.07312774658205,99.3126449584961,95.67201232910156,95.98817443847656,5147060,91.76408030192057,4239658.6,24.743621974252594,56.43434829629239,False,False
2012-01-27 20:00:00,95.46124267578124,97.21449279785156,95.3654327392578,96.045654296875,3765103,92.03776652018229,4198175.533333333,25.878095892404797,56.56380226381722,False,True
2012-01-30 20:00:00,94.82891845703124,95.73907470703124,93.98582458496094,95.44207763671876,4060909,92.39544270833333,4178176.8333333335,26.022547241158133,54.7249044619738,False,True
2012-01-31 20:00:00,96.20852661132812,96.39055633544922,94.38821411132812,95.58578491210938,4287930,92.78665110270182,4163149.966666667,26.38325760167252,55.09919096443128,False,False
2012-02-01 20:00:00,96.1797866821289,96.55342864990234,94.76185607910156,95.135498046875,4420593,93.10696283976237,4087782.466666667,26.77583859840925,53.60386423761587,False,False
2012-02-02 20:00:00,95.2217254638672,95.6336898803711,93.28643798828124,94.34989166259766,4383644,93.46336186726889,4099799.8,26.174852788063635,51.003174805633044,False,False
2012-02-03 20:00:00,95.91152954101562,98.55577850341795,95.06843566894533,98.32584381103516,4485621,93.79740600585937,4091345.2333333334,26.662900621267312,61.249917932333155,False,False
2012-02-06 20:00:00,97.71268463134766,99.63838958740234,97.24323272705078,99.63838958740234,3283714,94.14518229166667,4074912.7333333334,27.435719613172193,63.931574087745105,False,True
2012-02-07 20:00:00,99.73419189453124,100.8359603881836,98.77613067626952,100.4431610107422,4981309,94.4846555074056,4120042.066666667,28.482482649975687,65.50771555391705,False,False
2012-02-08 20:00:00,101.20002746582033,101.20002746582033,98.39290618896484,99.44677734375,3849440,94.77782236735025,4169172.533333333,29.20306083357776,61.90105874288929,False,True
2012-02-09 20:00:00,99.55216217041016,101.13296508789062,99.29348754882812,99.8587417602539,3131636,95.0582150777181,4212238.666666667,29.87216914692254,62.812701699930976,False,True
2012-02-10 20:00:00,98.2683563232422,98.48871612548828,97.34861755371094,98.39290618896484,3564803,95.37277857462566,4231033.566666666,29.233988908281166,57.537121390493965,False,True
2012-02-13 20:00:00,99.47551727294922,99.80125427246094,98.5845184326172,99.69586944580078,2425836,95.7029904683431,4225585.066666666,29.119457756706367,60.69706507649999,False,True
2012-02-14 20:00:00,99.86832427978516,100.51022338867188,98.91984558105467,99.63838958740234,3575032,96.03192494710287,4265728.633333334,29.255710433366982,60.48323287296349,False,True
2012-02-15 20:00:00,100.25154876708984,100.2611312866211,98.9485855102539,99.40845489501952,2852949,96.25962422688802,4209507.466666667,29.38223077598041,59.579016748801514,False,True
2012-02-16 20:00:00,99.79167938232422,100.19406127929688,98.75697326660156,99.95455169677734,3230482,96.49626541137695,4186450.5,29.364031149803502,61.06768291083951,False,True
2012-02-17 20:00:00,100.29945373535156,100.54854583740234,98.75697326660156,99.5617446899414,3094791,96.74440333048503,4167373.7666666666,29.489244783501537,59.3738144926962,False,True
2012-02-21 20:00:00,100.40483856201172,100.82638549804688,99.5617446899414,100.03119659423828,3486520,97.02032521565755,4177400.966666667,29.7194029238189,60.774165732790145,False,True
2012-02-22 20:00:00,98.9294204711914,99.63838958740234,98.4503936767578,98.9294204711914,3611773,97.22247619628907,4181833.533333333,29.073633962677036,55.903824528606116,False,True
2012-02-23 20:00:00,99.17852020263672,100.36651611328124,98.62284088134766,100.28028869628906,3244573,97.43931732177734,4138412.533333333,28.81465884967628,60.12334779499844,False,True
2012-02-24 20:00:00,100.38567352294922,100.46231842041016,99.12103271484376,99.50425720214844,3874699,97.67180684407552,4148888.533333333,28.61916712842552,56.7630393225802,False,True
2012-02-27 20:00:00,99.0156478881836,100.46231842041016,98.68032836914062,100.10784149169922,3267118,97.8848159790039,4040638.6666666665,28.075896711895645,58.696630850316886,False,True
2012-02-28 20:00:00,100.2611312866211,102.20599365234376,100.16532135009766,101.0371551513672,3744854,98.13518931070963,4024227.066666667,28.395954054972794,61.54790306577203,False,True
2012-02-29 20:00:00,100.96051025390624,101.86109161376952,99.68629455566406,99.99286651611328,5175660,98.29710159301757,4056723.2333333334,28.30073418198475,56.802596188546815,False,False
2012-03-01 20:00:00,100.40483856201172,100.99883270263672,99.14019775390624,100.4719009399414,3827938,98.42292709350586,4033467.933333333,27.77287118802593,58.387509827664616,False,True
2012-03-02 20:00:00,100.11741638183594,100.31861114501952,99.35096740722656,99.98329162597656,2931336,98.56663640340169,3987305.2666666666,27.2827126936356,56.12553307674264,False,True
2012-03-05 20:00:00,99.75335693359376,100.05035400390624,98.15339660644533,99.17852020263672,3279435,98.66723302205403,3922034.566666667,25.880641078815113,52.516744273197524,False,True
2012-03-06 20:00:00,97.2240753173828,97.54022979736328,96.1797866821289,96.7929458618164,5206869,98.634339650472,3920194.066666667,24.737909470074243,43.572928774647345,True,False
2012-03-07 20:00:00,96.63965606689452,96.73545837402344,95.51872253417967,95.70075225830078,4584257,98.60144602457682,3907759.2333333334,24.034038062935604,40.197596868364506,True,False
2012-03-08 20:00:00,96.8791732788086,97.26239776611328,96.29475402832033,96.63007354736328,2724669,98.51841405232747,3783351.7666666666,23.007283986542312,44.16117091531998,True,True
2012-03-09 20:00:00,96.68756103515624,97.54022979736328,96.18936920166016,96.4767837524414,2698052,98.53470102945964,3701718.1666666665,21.856710441263907,43.64729564237792,True,True
2012-03-11 20:00:00,96.17020416259766,96.42887878417967,93.9954071044922,94.3115692138672,4023959,98.47689819335938,3710346.7,21.960829181135523,37.08330506384439,True,False
2012-03-12 20:00:00,94.9343032836914,95.79656219482422,93.89002227783205,95.78697967529295,3732224,98.48839492797852,3699390.533333333,22.10701795439411,43.336612106494854,True,False
2012-03-13 20:00:00,95.767822265625,96.19894409179688,94.35946655273438,94.7714385986328,2781763,98.46125005086263,3649184.966666667,21.925370681198405,40.36292159981845,True,True
2012-03-14 20:00:00,94.74269104003906,95.55704498291016,93.75588989257812,94.75227355957033,2999808,98.4484759012858,3601825.466666667,22.071069042116427,40.30671140724951,True,True
2012-03-15 20:00:00,95.09717559814452,96.64923858642578,94.91514587402344,96.36181640625,5023060,98.51554005940756,3623139.3333333335,21.353179049223314,46.98422949723022,True,False
2012-03-18 20:00:00,96.72588348388672,97.69351959228516,95.8827896118164,97.24323272705078,2760783,98.47945302327474,3565644.7333333334,19.964362862217662,50.26527687304535,True,True
2012-03-19 20:00:00,96.31391143798828,96.31391143798828,93.78462982177734,93.85169982910156,4452115,98.28656336466472,3604591.433333333,19.819516681829402,40.00570982838393,True,False
2012-03-20 20:00:00,93.77505493164062,94.36904907226562,93.42057037353516,93.63134002685548,3378072,98.05950266520182,3551150.2,19.85867648594198,39.44240258004114,True,True
2012-03-21 20:00:00,92.46250915527344,92.5870590209961,91.01583862304688,91.73438262939452,4155266,97.80242284138997,3561344.4,20.885106778002914,34.888204970337,True,False
2012-03-22 20:00:00,91.80144500732422,93.94750213623048,91.49486541748048,93.52595520019533,4475392,97.5913299560547,3606136.2666666666,20.91894499212399,41.73119816410088,True,False
2012-03-25 20:00:00,94.74269104003906,95.17382049560548,93.89002227783205,95.01094818115234,3817396,97.47859802246094,3614556.033333333,20.21224257049585,46.72871527639892,True,False
2012-03-26 20:00:00,95.5474624633789,95.69117736816406,94.23492431640624,94.28282165527344,3421493,97.29816309611003,3647744.6,19.260649043756093,44.704143778609954,True,True
2012-03-27 20:00:00,92.83615112304688,93.45889282226562,90.7475814819336,90.87212371826172,6229976,97.00595423380534,3736242.7333333334,19.79249331225963,36.686047140021486,True,False
2012-03-28 20:00:00,90.05777740478516,90.57512664794922,87.99794006347656,90.46974182128906,7084723,96.70799713134765,3877301.8666666667,21.087637861061317,35.86867708509689,True,False
2012-03-29 20:00:00,90.93919372558594,91.72480010986328,90.230224609375,91.23619079589844,3622628,96.41738510131836,3890373.4,21.655082024770227,38.6715863028748,True,True
2012-04-01 20:00:00,91.0445785522461,94.11995697021484,90.54638671875,93.39183044433594,4848019,96.2117212931315,3948814.3333333335,21.017255576933227,45.84104996719163,True,False
2012-04-02 20:00:00,93.40140533447266,93.40140533447266,91.33199310302734,92.42418670654295,3442786,95.958154296875,3947356.533333333,20.42498816108459,43.38900388827041,True,True
2012-04-03 20:00:00,91.33199310302734,91.5715103149414,89.8182601928711,90.4601593017578,3076629,95.67584559122722,3929518.4,20.40350865782708,38.8469925925529,True,True
2012-04-04 20:00:00,89.97154998779297,91.1595458984375,89.36796569824219,89.37754821777344,3999535,95.31242090861002,3954683.8,20.534416163308567,36.57423365470844,True,False
2012-04-08 20:00:00,87.18358612060547,88.22787475585938,86.95365142822266,87.54765319824219,4515786,94.91386744181315,3976053.3666666667,21.391660690755778,33.054096013792986,True,False
2012-04-09 20:00:00,87.49974822998047,87.60513305664062,85.65068817138672,85.85188293457031,5776770,94.43866882324218,4059708.433333333,22.53210691378311,30.157394471691397,True,False
2012-04-10 20:00:00,86.99197387695312,87.23149108886719,84.96088409423828,85.08543395996094,4771928,93.90694478352864,4093944.2333333334,23.766290988429827,28.923630220150407,True,False
2012-04-11 20:00:00,85.70817565917969,87.3656234741211,85.51656341552734,87.29855346679688,4237411,93.4838010152181,4062669.2666666666,24.8311014663232,36.94525660117371,True,False
2012-04-12 20:00:00,86.82910919189453,87.0494613647461,84.692626953125,84.85549926757812,5100299,92.96325429280598,4105081.3,26.043490972078132,32.57475512836947,True,False
2012-04-15 20:00:00,85.5069808959961,85.9381103515625,83.49505615234375,83.6004409790039,6351263,92.41715927124024,4219078.866666666,27.476882942722256,30.573799429424458,True,False
2012-04-16 20:00:00,84.67346954345703,85.23872375488281,83.99324798583984,85.0087890625,4575281,91.94483489990235,4262273.733333333,28.80788977260608,35.37127422226572,True,False
2012-04-17 20:00:00,84.55850219726562,85.07585144042969,83.99324798583984,84.2806625366211,3434018,91.5277587890625,4203178.7,30.043824686069637,34.06080815449469,True,True
2012-04-18 20:00:00,84.46269226074219,85.63153076171875,84.05072784423828,84.52017974853516,3506143,91.15507303873697,4167241.566666667,30.762314525141328,34.915029356263666,True,True
2012-04-19 20:00:00,84.87466430664062,85.34410858154297,83.95492553710938,84.8938217163086,4524031,90.7638646443685,4227220.3,31.46190127348143,36.301340222957116,True,False
2012-04-22 20:00:00,83.47589111328125,84.32856750488281,82.84357452392578,84.23275756835938,3388405,90.35573043823243,4250232.066666666,32.4786805686909,34.885552453643264,True,True
2012-04-23 20:00:00,84.5297622680664,84.61598205566406,83.52379608154297,84.52017974853516,3405732,90.02935078938802,4229624.5,33.1780890724836,36.05331592128434,True,True
2012-04-24 20:00:00,85.36327362060547,86.47462463378906,84.45311737060547,86.33091735839844,4497415,89.7141487121582,4255130.866666666,32.39740532404044,42.98995124428935,True,False
2012-04-25 20:00:00,85.96685028076172,88.2087173461914,85.08543395996094,88.04584503173828,5863298,89.48996225992839,4357848.7,30.590729678110893,48.669116931190494,True,False
2012-04-26 20:00:00,88.5727767944336,88.87935638427734,87.63388061523438,87.8925552368164,4483220,89.26130498250326,4407295.766666667,28.537746482612935,48.20684876415213,True,False
2012-04-29 20:00:00,87.74884796142578,87.8733901977539,86.90575408935547,87.39436340332031,3754457,88.9623898824056,4365009.0,27.01177749306629,46.655838869874096,True,True
2012-04-30 20:00:00,87.6434555053711,89.84700012207031,87.38478088378906,88.99432373046875,3856433,88.6874262491862,4401530.666666667,25.616558056023457,51.99739642007726,False,True
2012-05-01 20:00:00,88.01710510253906,88.69732666015625,87.37519836425781,88.5057144165039,3743706,88.50922673543295,4377917.033333333,24.315512864050927,50.33961184234212,True,True
2012-05-02 20:00:00,88.79312896728516,88.8218765258789,85.8039779663086,86.0530776977539,4845096,88.25661799112956,4426817.833333333,22.909307190178733,42.93918947756474,True,False
2012-05-03 20:00:00,85.0279541015625,85.41117858886719,83.2842788696289,84.1944351196289,5850982,88.0052864074707,4483341.7,22.707764567917554,38.33938732384934,True,False
2012-05-06 20:00:00,84.0794677734375,84.5968246459961,83.2842788696289,84.02198791503906,3378176,87.6884874979655,4446767.833333333,22.520617847246456,37.933363402082605,True,True
2012-05-07 20:00:00,83.19805145263672,83.47589111328125,80.87954711914062,83.2842788696289,5857662,87.29759852091472,4514776.7,23.215144473394933,36.16873445339277,True,False
2012-05-08 20:00:00,81.67473602294922,81.88551330566406,80.04603576660156,80.74541473388672,7969322,86.84635162353516,4666371.0,24.120108394351412,30.849812557549722,True,False
2012-05-09 20:00:00,81.98131561279297,82.46992492675781,81.2340316772461,81.45438385009766,3970518,86.53242696126303,4591055.733333333,24.581995290797927,33.77842785609493,True,True
2012-05-10 20:00:00,80.6208724975586,81.87593078613281,80.07477569580078,80.24722290039062,3900167,86.19167633056641,4484903.866666666,25.39210257669393,31.344265162412665,True,True
2012-05-13 20:00:00,78.84845733642578,79.20293426513672,78.02452087402344,78.23529815673828,5426479,85.7583132425944,4545032.233333333,26.72897787169365,27.754435766035947,True,False
2012-05-14 20:00:00,78.35026550292969,78.9729995727539,76.2425308227539,76.54911041259766,7194528,85.19688924153645,4623249.2,28.396710916634664,25.15424135491576,True,False
2012-05-15 20:00:00,77.31555938720703,78.25445556640625,75.83055877685547,75.9072036743164,5599954,84.64632314046224,4695154.8,30.037676693767374,24.223846679295473,True,False
2012-05-16 20:00:00,75.55272674560547,76.8365249633789,75.14075469970703,75.37068939208984,6196993,84.14334081013997,4799166.933333334,31.716415973551133,23.443352363948026,True,False
2012-05-17 20:00:00,75.9263687133789,77.91913604736328,75.80181884765625,76.3095932006836,9599906,83.7077423095703,4985845.966666667,32.50617500243174,27.82595578234251,True,False
2012-05-20 20:00:00,76.6257553100586,77.6317138671875,76.43414306640625,77.47842407226562,5157498,83.37210133870443,5007236.366666666,33.23952267210659,32.97031955078172,True,False
2012-05-21 20:00:00,77.5167465209961,79.04006958007812,76.81736755371094,77.4496841430664,4044208,83.0920280456543,4949484.3,32.944771766792385,32.908207829571,True,True
2012-05-22 20:00:00,76.70240020751953,77.7658462524414,74.81501770019531,77.70835876464844,5440570,82.84612553914388,4971772.366666666,33.3180454362241,34.111341511633576,True,False
2012-05-23 20:00:00,78.38858795166016,78.38858795166016,76.97065734863281,77.967041015625,4139818,82.53507512410482,4968519.266666667,33.25962652704138,35.359717002435524,True,True
2012-05-24 20:00:00,78.0820083618164,78.42691040039062,77.40177917480469,77.62213897705078,3107108,82.29396311442058,4902079.566666666,33.17970964384231,34.423233681828805,True,True
2012-05-28 20:00:00,78.59935760498047,80.23764038085938,78.59935760498047,79.41371154785156,3988158,82.15440546671549,4823309.4,31.96079214081003,42.88506357745089,True,True
2012-05-29 20:00:00,78.0820083618164,78.13948822021484,76.27127075195312,76.9227523803711,4844470,81.88487091064454,4832282.366666666,31.690446085075475,35.94089750517428,True,False
2012-05-30 20:00:00,76.76946258544922,77.0377197265625,74.85334014892578,75.94552612304688,7035353,81.60703303019206,4952326.866666666,31.881535029605207,33.63957371751224,True,False
2012-05-31 20:00:00,74.60424041748047,75.75391387939453,73.37792205810547,75.27488708496094,8482755,81.29885660807291,5118213.933333334,32.47184505798766,32.11959584183951,True,False
2012-06-03 20:00:00,75.84972381591797,77.16226959228516,74.93956756591797,76.79820251464844,7414243,81.02900263468425,5214554.333333333,32.1889779809364,38.875560468158874,True,False
2012-06-04 20:00:00,76.99939727783203,78.1299057006836,76.64491271972656,77.77542877197266,5701409,80.81375834147136,5291654.466666667,31.39510706130167,42.80805208935247,True,False
2012-06-05 20:00:00,78.55145263671875,81.08073425292969,78.49397277832031,81.02325439453125,6340199,80.69719416300455,5389470.033333333,29.276833153957345,53.51264211910709,False,False
2012-06-06 20:00:00,82.11544036865234,84.48185729980469,81.05199432373047,81.37773895263672,7739587,80.53208821614584,5497542.433333334,28.26362316336207,54.51335244568472,False,False
2012-06-07 20:00:00,80.73583221435547,81.962158203125,79.97896575927734,81.48312377929688,4399614,80.31333084106446,5448752.966666667,26.88529707930368,54.824696121010284,False,True
2012-06-10 20:00:00,82.16334533691406,82.5753173828125,79.50951385498047,79.6723861694336,4925154,80.03932520548503,5463484.1,25.81161500956721,48.661528437071894,True,True
2012-06-11 20:00:00,80.50589752197266,81.0328369140625,79.38497161865234,80.07477569580078,5010743,79.7953389485677,5505360.3,24.759588094353145,50.006512124706326,False,True
2012-06-12 20:00:00,79.55741882324219,80.64961242675781,79.27958679199219,79.77777099609375,3803096,79.48812052408854,5503582.4,23.733209217346708,48.986393018784916,False,True
2012-06-13 20:00:00,80.06519317626953,80.8316421508789,79.23168182373047,79.97896575927734,4890396,79.20389556884766,5541805.4,22.853564334596033,49.734446792707914,False,True
2012-06-14 20:00:00,80.67835235595703,81.67473602294922,80.00770568847656,81.66515350341797,5284004,79.05763142903646,5556435.666666667,22.37917657638789,55.609487554820845,False,True
2012-06-17 20:00:00,80.85079956054688,80.90828704833984,79.5861587524414,80.29512786865234,6340721,78.92765452067057,5572760.3,21.703627795035533,50.4499734078158,False,False
2012-06-18 20:00:00,80.95619201660156,81.43521881103516,80.00770568847656,80.48674011230469,4450445,78.8098129272461,5608502.6,21.30471287748562,51.132871626155804,False,True
2012-06-19 20:00:00,80.75499725341797,81.54060363769531,79.77777099609375,80.86996459960938,6777540,78.72933578491211,5639165.2,20.793604394259265,52.54163968441399,False,False
2012-06-20 20:00:00,80.92744445800781,81.17654418945312,75.78266143798828,75.94552612304688,10923517,78.56933949788412,5737638.366666666,20.26205012684946,37.55809960198407,True,False
2012-06-21 20:00:00,76.424560546875,77.19100952148438,75.33236694335938,76.15630340576172,11743923,78.39273681640626,5996751.866666666,19.944313887464112,38.3682526342678,True,False
2012-06-24 20:00:00,75.75391387939453,75.77307891845703,73.70366668701172,74.0868911743164,8271599,78.18739242553711,6142466.266666667,20.248466588478767,33.73974823471559,True,False
2012-06-25 20:00:00,74.01982879638672,76.14672088623047,73.86653900146484,75.71559143066406,6449795,78.10340220133463,6176576.8,20.317740219330908,39.88616405522253,True,False
2012-06-26 20:00:00,76.08924102783203,77.62213897705078,75.84972381591797,76.9227523803711,6528600,78.11585693359375,6154379.2,19.579416674693924,44.030269246464286,True,False
2012-06-27 20:00:00,76.28085327148438,77.67961883544922,75.68685150146484,77.54549407958984,4972228,78.17046661376953,6133455.0,18.963919154717065,46.094768348599274,True,True
2012-06-28 20:00:00,80.09393310546875,82.23041534423828,79.77777099609375,82.17292785644531,8313350,78.39720789591472,6204000.233333333,18.783898103293744,58.379937858771655,False,False
2012-07-01 20:00:00,82.32621765136719,82.5753173828125,80.74541473388672,82.33580017089844,5327842,78.59808146158854,6061598.1,18.73467203537361,58.736396483609,False,True
2012-07-02 20:00:00,83.11183166503906,84.99920654296875,82.77650451660156,84.34772491455078,4248997,78.82705815633138,6031314.733333333,19.450080493509763,62.956887855788125,False,True
2012-07-04 20:00:00,83.72499084472656,84.1944351196289,82.63279724121094,82.84357452392578,3379011,79.00685450236003,6009141.5,20.0386271132969,58.16688386203266,False,True
2012-07-05 20:00:00,81.24360656738281,82.27831268310547,80.80290222167969,81.67473602294922,3222654,79.13906707763672,5935210.966666667,19.659363698619195,54.68504152690093,False,True
2012-07-08 20:00:00,81.47354125976562,81.87593078613281,80.65918731689453,81.61724853515625,3444873,79.2607406616211,5912046.133333334,19.23743664001712,54.51220697279571,False,True
2012-07-09 20:00:00,81.84718322753906,82.3741226196289,79.41371154785156,79.74903106689453,3448735,79.33163706461589,5923433.7,18.247682700609797,49.08305053996529,False,True
2012-07-10 20:00:00,80.05561065673828,81.962158203125,80.05561065673828,81.02325439453125,3802679,79.38528849283854,5917251.066666666,17.32862547116014,52.5539457178294,False,True
2012-07-11 20:00:00,80.07477569580078,80.95619201660156,79.42329406738281,80.419677734375,4956050,79.50185267130534,5920970.4,16.162590873113476,50.78786461195877,False,True
2012-07-12 20:00:00,80.7166748046875,82.08670043945312,80.46758270263672,81.75138092041016,3054606,79.69538116455078,5788278.833333333,15.603434316304936,54.426801401897364,False,True
2012-07-15 20:00:00,81.58850860595703,82.27831268310547,80.95619201660156,81.89508819580078,2373126,79.9160545349121,5584624.533333333,15.171531591300162,54.81508741635028,False,True
2012-07-16 20:00:00,82.43160247802734,82.99686431884766,80.5154800415039,82.92021942138672,4137417,80.12012176513672,5475397.0,15.10061469583628,57.590879262741076,False,True
2012-07-17 20:00:00,82.872314453125,83.8016357421875,82.17292785644531,83.29386138916016,2923195,80.30406951904297,5382789.866666666,15.390668753004137,58.589419656170286,False,True
2012-07-18 20:00:00,83.6866683959961,84.17527770996094,82.76692962646484,83.51421356201172,3957366,80.38710149129231,5303362.1,15.82289621259312,59.19954317356757,False,True
2012-07-19 20:00:00,82.60405731201172,83.59085845947266,82.21125030517578,83.54295349121094,3995777,80.45927530924479,5178568.433333334,15.849269038086272,59.28380418785936,False,True
2012-07-22 20:00:00,81.5310287475586,81.93341064453125,80.64961242675781,81.39689636230469,4071451,80.45640106201172,5167629.666666667,14.913559695499188,50.84051163150758,False,True
2012-07-23 20:00:00,81.35857391357422,81.63641357421875,78.92510223388672,80.22806549072266,3558331,80.47492370605468,5122068.9,14.539587359296053,46.92094874471199,True,True
2012-07-24 20:00:00,80.75499725341797,81.1957015991211,79.27958679199219,80.01728820800781,4765978,80.47300745646159,5113910.066666666,14.192327332821714,46.22880358010602,True,True
2012-07-25 20:00:00,81.90467071533203,83.83995819091797,80.67835235595703,83.65792083740234,5443805,80.6023457845052,5168600.366666666,13.874031811353642,57.80632298251318,False,False
2012-07-26 20:00:00,83.9836654663086,85.57404327392578,82.6711196899414,84.90340423583984,4861692,80.76649373372396,5167643.566666666,14.294910154262242,60.907357596199454,False,True
2012-07-29 20:00:00,85.03752899169922,85.92852783203125,84.5968246459961,85.48782348632812,3257307,80.89391606648763,5100087.0,14.8225734079361,62.30723029601898,False,True
2012-07-30 20:00:00,85.1908187866211,85.79440307617188,83.14057159423828,83.38008880615234,3630769,80.99674809773764,5009755.266666667,14.482088281874415,54.69953263912544,False,True
2012-07-31 20:00:00,83.97408294677734,84.62556457519531,82.39328002929688,84.13695526123047,3404062,81.11842193603516,4974875.833333333,13.771652849794334,56.74206336301375,False,True
2012-08-01 20:00:00,83.03518676757812,83.03518676757812,80.68793487548828,82.0579605102539,4638220,81.1580217997233,4903565.166666667,13.283323756620591,50.06454613029223,False,True
2012-08-02 20:00:00,83.81121063232422,85.5261459350586,83.74414825439453,84.85549926757812,3347280,81.45502090454102,4651023.933333334,12.963533804179475,57.33968594282683,False,True
2012-08-05 20:00:00,85.29621124267578,85.86146545410156,84.53933715820312,84.55850219726562,3331102,81.73509419759115,4370596.566666666,12.802687920589209,56.400235242643085,False,True
2012-08-06 20:00:00,85.27704620361328,87.78717041015625,85.27704620361328,86.93449401855469,3977302,82.16334762573243,4227453.333333333,13.383173949428963,61.793300404122256,False,True
2012-08-07 20:00:00,86.56085205078125,87.71052551269531,86.3692398071289,87.31771850585938,3459277,82.5500851949056,4127769.4,13.922196690494449,62.59692246975628,False,True
2012-08-08 20:00:00,86.89617156982422,87.6626205444336,86.47462463378906,86.71414184570312,2760679,82.87646484375,4002172.033333333,14.422717807198115,60.44064191474593,False,True
2012-08-09 20:00:00,86.09140014648438,87.6626205444336,85.59320831298828,87.56681060791016,2478025,83.21050872802735,3919031.933333333,14.357101820734245,62.41057108308231,False,True
2012-08-12 20:00:00,87.08778381347656,87.26981353759766,85.78482055664062,86.27342987060547,3069845,83.34719212849934,3744248.433333333,14.296172690446367,57.71567610679406,False,True
2012-08-13 20:00:00,86.89617156982422,87.01113891601562,85.7560806274414,86.1201400756836,2884053,83.47333679199218,3662788.8,14.22081381853442,57.16678895915066,False,True
2012-08-14 20:00:00,86.02433776855469,86.1393051147461,84.81717681884766,85.29621124267578,5120340,83.50495300292968,3691833.566666667,13.541268861654945,54.184006827567956,False,False
2012-08-15 20:00:00,85.65068817138672,85.77523803710938,85.0279541015625,85.51656341552734,3454058,83.59405263264973,3694335.1333333333,12.910262830266863,54.8623185169161,False,True
2012-08-16 20:00:00,85.70817565917969,85.96685028076172,84.85549926757812,84.98963165283203,3255637,83.70454915364583,3695434.566666667,12.443609864260338,52.847399742623445,False,True
2012-08-19 20:00:00,84.79801940917969,85.24830627441406,84.61598205566406,84.90340423583984,2288580,83.81408767700195,3656891.466666667,11.835170771201664,52.507554760184924,False,True
2012-08-20 20:00:00,85.16207885742188,85.7369155883789,84.08905029296875,84.43395233154297,2691059,83.9702517191569,3631635.6,11.093754420031244,50.59974113733111,False,True
2012-08-21 20:00:00,84.0794677734375,85.22914123535156,83.76331329345703,85.10459899902344,3399469,84.10629653930664,3618195.2666666666,10.639832863308024,53.2149626569071,False,True
2012-08-22 20:00:00,84.61598205566406,84.76927185058594,83.57170104980469,83.6004409790039,4121552,84.21232198079427,3590378.6666666665,10.358991588266443,47.18188493962557,True,False
2012-08-23 20:00:00,83.1884765625,84.46269226074219,82.5753173828125,84.2136001586914,2817773,84.29439595540364,3582484.2333333334,10.789575541058804,49.68602294605375,True,True
2012-08-26 20:00:00,84.2136001586914,84.73094940185547,83.31301879882812,83.83037567138672,2122515,84.35890553792318,3574130.533333333,10.946627259741277,48.14952470778407,True,True
2012-08-27 20:00:00,83.73456573486328,84.23275756835938,83.25553894042969,83.782470703125,2040579,84.38764724731445,3504235.933333333,11.13406269479688,47.94990767550403,True,True
2012-08-28 20:00:00,84.04114532470703,84.04114532470703,82.5369873046875,82.61363220214844,2465500,84.36497294108072,3488979.433333333,11.818438170430571,43.23963308643943,True,True
2012-08-29 20:00:00,82.21125030517578,82.30706024169922,80.697509765625,80.74541473388672,3971562,84.27267964680989,3489452.6333333333,13.505013648257435,36.98574106849664,True,False
2012-08-30 20:00:00,81.59809112548828,81.87593078613281,80.90828704833984,81.4448013305664,3658012,84.20274124145507,3478193.8,15.071119449096667,40.45765441397624,True,False
2012-09-03 20:00:00,81.6268310546875,81.98131561279297,79.14545440673828,79.62448120117188,5501109,84.14366073608399,3525849.066666667,17.31406186585805,35.045421461188226,True,False
2012-09-04 20:00:00,78.93467712402344,79.70113372802734,78.80055236816406,79.18377685546875,5070552,84.10885111490886,3576256.433333333,19.52976604171659,33.86428011221391,True,False
2012-09-05 20:00:00,79.56700134277344,81.55018615722656,79.34664916992188,80.76457977294922,4743328,84.13376083374024,3575501.433333333,19.815497718463185,41.48277822332123,True,False
2012-09-06 20:00:00,81.17654418945312,83.53337860107422,81.1286392211914,83.49505615234375,4835702,84.12833201090494,3555231.3333333335,18.65247940024342,51.80906163585637,True,False
2012-09-09 20:00:00,83.20763397216797,83.63876342773438,82.68070220947266,82.69985961914062,2472597,84.05488052368165,3475594.8333333335,17.50465529930168,49.09204556297603,True,True
2012-09-10 20:00:00,83.26512145996094,83.92617797851562,82.74776458740234,82.81482696533203,3079552,83.96578063964844,3469669.6666666665,16.262176018799423,49.504356734516165,True,True
2012-09-11 20:00:00,83.30343627929688,83.54295349121094,82.31663513183594,83.21721649169922,3055441,83.9603515625,3450492.066666667,15.38363559942261,51.000215097702984,True,True
2012-09-12 20:00:00,83.45673370361328,86.78120422363281,83.3705062866211,86.6662368774414,5128899,84.04466094970704,3507986.6333333333,15.840335549772876,61.521874672634304,False,False
2012-09-13 20:00:00,87.01113891601562,89.67454528808594,86.81952667236328,88.09375,6314522,84.24585393269857,3563863.3666666667,17.339410040249973,64.88294211782181,False,False
2012-09-16 20:00:00,87.80632781982422,88.06500244140625,86.15846252441406,86.28301239013672,6745183,84.29343770345052,3677126.8,18.289645524826813,57.96624743888369,False,False
2012-09-17 20:00:00,86.28301239013672,86.51294708251953,85.21956634521484,85.5069808959961,4037633,84.32505366007487,3700677.8333333335,18.56857746544029,55.24797523126024,False,False
2012-09-18 20:00:00,85.11417388916016,85.37285614013672,83.6866683959961,83.8016357421875,4811904,84.22062505086264,3728497.9,17.9365256073984,49.72915250189491,True,False
2012-09-19 20:00:00,83.12140655517578,84.16569519042969,82.5369873046875,83.92617797851562,6884423,84.10757369995117,3842669.433333333,16.752615636680837,50.12101771654941,True,False
2012-09-20 20:00:00,84.54891967773438,84.64472961425781,83.26512145996094,83.72499084472656,7872773,84.00793533325195,4013072.566666667,15.886141369681596,49.45042510673271,True,False
2012-09-23 20:00:00,82.74776458740234,83.61959838867188,82.39328002929688,83.1693115234375,2991666,83.8613520304362,4030193.933333333,14.875936546511635,47.55778006355861,True,True
2012-09-24 20:00:00,83.61959838867188,83.75373077392578,81.56935119628906,81.75138092041016,4347425,83.71061706542969,4072779.933333333,14.347123442569657,43.03188069607258,True,False
2012-09-25 20:00:00,81.43521881103516,82.01963806152344,81.02325439453125,81.4448013305664,3370556,83.55477244059244,4088996.7,14.120162720397403,42.0989959252505,True,True
2012-09-26 20:00:00,82.11544036865234,82.72860717773438,80.97534942626953,82.64237976074219,3895575,83.46631139119467,4048171.2,13.489281732930367,46.93810939539843,True,True
2012-09-27 20:00:00,82.15377044677734,82.9681167602539,81.71305847167969,82.45076751708984,3959454,83.36411819458007,4065017.7333333334,12.761434578514912,46.2717634851263,True,True
2012-09-30 20:00:00,83.00643920898438,83.72499084472656,82.46992492675781,82.7573471069336,3814160,83.28970870971679,4083635.1666666665,12.0598153828873,47.55464295812046,True,True
2012-10-01 20:00:00,82.76692962646484,83.11183166503906,80.97534942626953,81.57893371582031,6293333,83.17889302571615,4217126.933333334,11.825282641751159,43.27722409986946,True,False
2012-10-02 20:00:00,81.66515350341797,81.70347595214844,79.71070861816406,80.17057800292969,5062932,83.0367805480957,4296189.366666666,12.21975121116611,38.78694067338552,True,False
2012-10-03 20:00:00,80.76457977294922,81.93341064453125,80.32386779785156,81.80886840820312,4888100,82.92692286173502,4345810.4,12.4346175354143,45.82820712290797,True,False
2012-10-04 20:00:00,82.39328002929688,82.49867248535156,80.8987045288086,81.4448013305664,4132199,82.85506820678711,4346165.3,12.258452443224117,44.600426132548556,True,True
2012-10-07 20:00:00,80.84122467041016,81.2340316772461,80.50589752197266,80.66876983642578,2452244,82.73690719604492,4333981.0,12.307286559252267,42.01644149099445,True,True
2012-10-08 20:00:00,80.86996459960938,81.38732147216797,79.84484100341797,79.91190338134766,4401388,82.60629145304362,4409943.433333334,12.70386432535315,39.6063144002166,True,True
2012-10-09 20:00:00,79.71070861816406,79.95022583007812,78.5802001953125,78.77181243896484,4896555,82.43926951090495,4505142.633333334,13.683691021275475,36.23461215564493,True,False
2012-10-10 20:00:00,79.65322875976562,80.27596282958984,79.15503692626953,79.15503692626953,3576389,82.32398300170898,4542172.266666667,14.339772709226484,38.140892943403095,True,True
2012-10-11 20:00:00,79.04006958007812,79.74903106689453,78.36942291259766,78.49397277832031,3638806,82.24893493652344,4531080.4,15.323757016713008,36.134136868241356,True,True
2012-10-14 20:00:00,78.50355529785156,78.72390747070312,77.22933197021484,78.27362060546875,5927804,82.14322891235352,4606740.133333334,16.730861114557037,35.46432347688205,True,False
2012-10-15 20:00:00,78.86761474609375,80.06519317626953,78.5802001953125,79.68196868896484,6204300,82.14514516194662,4630179.833333333,16.990696594398216,42.76667105972753,True,False
2012-10-16 20:00:00,80.1993179321289,81.22444915771484,79.9214859008789,81.05199432373047,5282751,82.20741907755534,4637253.133333334,16.443113165301998,48.832125942803124,True,False
2012-10-17 20:00:00,80.92744445800781,82.46992492675781,80.77415466308594,81.93341064453125,4440008,82.24638010660807,4627142.466666667,15.351990805883231,52.33219491220703,True,True
2012-10-18 20:00:00,82.01963806152344,82.02922058105469,80.27596282958984,80.81248474121094,3851423,82.1569610595703,4594333.166666667,14.458916244064351,47.849519330444615,True,True
2012-10-21 20:00:00,80.48674011230469,80.64002990722656,78.8580322265625,79.33706665039062,4560355,82.04486796061198,4663925.1,14.382437954240382,42.66867654129063,True,True
2012-10-22 20:00:00,78.27362060546875,78.59935760498047,77.26765441894531,77.87123107910156,4266950,81.88008143107096,4703505.033333333,15.028168553285857,38.23888864845991,True,True
2012-10-23 20:00:00,78.1490707397461,78.57061767578125,76.95149230957031,77.29639434814453,5082451,81.68272069295247,4771072.033333333,15.760161611764554,36.63273516694672,True,False
2012-10-24 20:00:00,79.86399841308594,80.38135528564453,76.44371795654297,79.0592269897461,11529115,81.42915369669596,4984412.566666666,15.277578460936155,44.35210391056982,True,False
2012-10-25 20:00:00,78.07242584228516,79.16461181640625,76.80778503417969,77.06645965576172,7579577,81.06157735188802,5026581.066666666,14.829465535166928,38.62407602128617,True,False
2012-10-30 20:00:00,78.23529815673828,78.23529815673828,74.80543518066406,75.64852905273438,9047437,80.70709457397462,5103322.866666666,15.341487917829093,35.145921324473846,True,False
2012-10-31 20:00:00,75.97427368164062,76.88442993164062,75.44733428955078,75.74433898925781,6799251,80.38167317708333,5195376.8,15.816937273158246,35.56813447556486,True,False
2012-11-01 20:00:00,76.38623809814453,77.0185546875,74.65214538574219,75.04495239257812,6011097,80.08978373209635,5235349.9,16.602244522880007,33.8364426901242,True,False
2012-11-05 20:00:00,74.86292266845703,75.20782470703125,74.41262817382812,74.56591796875,5924881,79.77777506510417,5203365.166666667,17.4340496634338,32.663422989354665,True,False
2012-11-06 20:00:00,75.0162124633789,76.38623809814453,74.5850830078125,76.2425308227539,6872628,79.5283597310384,5170027.0,17.343659629597305,40.44534814361134,True,False
2012-11-07 20:00:00,74.98746490478516,75.28446960449219,73.64617919921875,74.20185852050781,7157892,79.22944463094076,5308901.2,17.707455029765352,35.12460148244217,True,False
2012-11-08 20:00:00,74.55634307861328,74.9012451171875,73.16715240478516,73.20547485351562,5112616,78.9445810953776,5334407.566666666,18.263891302404556,32.852095216773044,True,True
2012-11-09 20:00:00,73.07134246826172,74.41262817382812,72.95637512207031,73.43540954589844,5666964,78.677601369222,5410954.5,18.878265301545042,33.914674400479115,True,False
2012-11-12 20:00:00,73.66534423828125,73.93360137939453,73.10008239746094,73.32044219970703,3077464,78.3668701171875,5383684.133333334,19.448755443604067,33.62813371788386,True,True
2012-11-13 20:00:00,72.74560546875,72.91805267333984,71.64382934570312,71.72047424316406,7283458,78.0091936747233,5494484.266666667,20.648321852160997,29.848554866629286,True,False
2012-11-14 20:00:00,71.94083404541016,72.09412384033203,70.60912322998047,70.86780548095703,6511378,77.6128756205241,5584391.533333333,22.169102170425028,28.03984070937006,True,False
2012-11-15 20:00:00,71.22228240966797,71.80670166015625,70.39835357666016,70.81990051269531,5621247,77.25424118041992,5561988.666666667,23.660978253462197,27.937412942794253,True,False
2012-11-16 20:00:00,70.78157806396484,70.81031799316406,69.39238739013672,70.71451568603516,8968423,76.9390391031901,5692171.7,25.412048103293035,27.697712806543105,True,False
2012-11-19 20:00:00,71.73963928222656,72.51567077636719,71.53844451904297,72.29531860351562,5689197,76.62192077636719,5718874.933333334,25.54553062464092,36.49901410126126,True,True
2012-11-20 20:00:00,71.92166900634766,72.19950866699219,71.21270751953125,71.73005676269531,6323499,76.29809595743815,5791918.266666667,25.81590123774232,34.864693240888975,True,False
2012-11-21 20:00:00,71.72047424316406,72.19950866699219,71.14563751220703,71.95999145507812,3363981,76.00780334472657,5822309.5,26.098316289136697,36.117764624742264,True,True
2012-11-23 20:00:00,72.74560546875,72.98512268066406,72.21867370605469,72.97554016113281,2140468,75.77659123738607,5746945.5,25.68700250710021,41.473203208642786,True,True
2012-11-26 20:00:00,72.28573608398438,72.76476287841797,71.5001220703125,72.08454132080078,4100050,75.55368220011393,5720395.333333333,25.685128246964545,38.42925038931917,True,True
2012-11-27 20:00:00,71.80670166015625,72.66896057128906,71.13606262207031,72.3144760131836,6239475,75.32566350301107,5809164.866666666,25.87010416339572,39.66004994337204,True,False
2012-11-28 20:00:00,71.67257690429688,73.09050750732422,71.55760955810547,73.00428009033203,4845931,75.14267374674479,5849402.366666666,25.656986514782137,43.32058195965928,True,True
2012-11-29 20:00:00,73.36834716796875,73.7707290649414,72.74560546875,73.061767578125,4589998,74.9689453125,5804808.833333333,24.861946291962823,43.627511526557136,True,True
2012-11-30 20:00:00,73.07134246826172,73.08092498779297,71.76837921142578,72.05580139160156,6729840,74.71473973592123,5822326.833333333,24.70509550823015,39.58763883308656,True,False
2012-12-03 20:00:00,72.6114730834961,72.73602294921875,70.32170867919922,70.49415588378906,7154447,74.36281178792318,5884716.7,25.28754389208141,34.28073604396478,True,False
2012-12-04 20:00:00,70.25464630126953,70.7049331665039,69.64148712158203,70.59954833984375,5931039,73.98501637776693,5934417.733333333,26.12844927299293,34.914861400417884,True,True
2012-12-05 20:00:00,70.4558334350586,71.85460662841797,70.1780014038086,71.36599731445312,5601937,73.67013346354166,5992768.2,25.90835958579356,39.487686504456406,True,True
2012-12-06 20:00:00,71.03067779541016,71.43305969238281,70.34086608886719,71.39473724365234,4506809,73.40538914998372,5990983.333333333,25.703990590536996,39.65888628700445,True,True
2012-12-07 20:00:00,71.84502410888672,72.38153839111328,71.64382934570312,72.20909118652344,5213862,73.21665115356446,6022547.066666666,24.731052862582327,44.45425942281842,True,True
2012-12-10 20:00:00,72.16118621826172,72.38153839111328,71.73005676269531,72.18992614746094,3772409,73.046435546875,5978879.0,23.827610686624418,44.36490217148767,True,True
2012-12-11 20:00:00,72.71686553955078,73.29170227050781,72.4486083984375,72.82225036621094,5315004,72.83853632609049,5771741.966666667,22.26639796750334,48.0735838745265,True,True
2012-12-12 20:00:00,73.10966491699219,73.68450164794922,72.6114730834961,73.21505737304688,5267616,72.71015625,5694676.6,20.82830549497296,50.290426365448624,False,True
2012-12-13 20:00:00,73.27253723144531,73.31085968017578,71.88334655761719,72.26657104492188,4934026,72.59742431640625,5557562.9,19.73070966125712,45.265285044935375,True,True
2012-12-14 20:00:00,72.07495880126953,73.11924743652344,72.05580139160156,72.97554016113281,3528166,72.50513102213542,5448526.733333333,18.711513529949553,49.34010281555942,False,True
2012-12-17 20:00:00,73.18630981445312,73.57911682128906,72.87015533447266,73.31085968017578,3994838,72.447327931722,5381318.1,17.375986464063185,51.19091437565493,False,True
2012-12-18 20:00:00,73.4545669555664,75.33236694335938,73.27253723144531,75.1790771484375,5231189,72.46776657104492,5358195.033333333,17.383863440411538,59.966477284269395,False,True
2012-12-19 20:00:00,75.4952392578125,75.73475646972656,74.93956756591797,74.95872497558594,5289536,72.42497304280599,5305425.3,17.635512030699992,58.62756911429059,False,True
2012-12-20 20:00:00,75.15991973876953,75.80181884765625,74.9012451171875,75.70601654052734,4402223,72.47511164347331,5213569.666666667,17.91091049793012,61.74693234952713,False,True
2012-12-21 20:00:00,74.5850830078125,75.10243225097656,74.1731185913086,74.86292266845703,7241081,72.53035990397136,5284518.5,17.47681061223202,56.56520222659438,False,False
2012-12-24 20:00:00,74.57550048828125,74.92998504638672,74.09647369384766,74.2689208984375,1617850,72.55814361572266,5149548.033333333,17.002377908954216,53.17912337273138,False,True
2012-12-26 20:00:00,74.67131042480469,74.75753021240234,73.4737319946289,73.66534423828125,2731766,72.5696403503418,5138024.766666667,15.988021780276771,49.90976428150936,False,True
2012-12-27 20:00:00,73.971923828125,73.971923828125,72.85099029541016,73.71324920654297,2971104,72.63606618245443,4994279.633333334,15.177582827231154,50.171601381801366,False,True
2012-12-28 20:00:00,73.12882995605469,73.37792205810547,72.14202880859375,72.21867370605469,3433496,72.68109512329102,4891683.566666666,14.980370844165959,42.676333001822876,True,True
2012-12-31 20:00:00,72.0174789428711,73.46414947509766,71.6821517944336,73.39708709716797,4639264,72.76700134277344,4858950.8,15.13435341448845,49.1293262158438,False,True
2013-01-02 20:00:00,75.04495239257812,75.20782470703125,74.03898620605469,74.882080078125,4022915,72.9059201558431,4694100.533333333,14.338272673824758,55.8709328206825,False,True
2013-01-03 20:00:00,74.74795532226562,75.9934310913086,74.5850830078125,75.1790771484375,3379637,73.00204544067383,4617115.2,14.150874900536119,57.095578390905864,False,True
2013-01-04 20:00:00,75.21739959716797,76.52994537353516,75.1790771484375,76.49162292480469,3940875,73.16076431274413,4537694.4,14.329199107883282,62.101200893432626,False,True
2013-01-07 20:00:00,76.2233657836914,76.80778503417969,75.93595123291016,76.52994537353516,3753308,73.31309611002604,4550671.966666667,14.674697776721548,62.23972160272786,False,True
2013-01-08 20:00:00,76.91316986083984,78.56103515625,76.56826782226562,78.29277801513672,8759668,73.49033737182617,4771311.966666667,15.979197487037245,68.0285887173628,False,False
2013-01-09 20:00:00,78.18739318847656,78.9921646118164,78.17781066894531,78.66641998291016,5656735,73.70973332722981,4823201.466666667,17.39730541112369,69.1095541826593,False,False
2013-01-10 20:00:00,79.49993896484375,79.68196868896484,78.78138732910156,79.52867889404297,5375543,73.9502067565918,4794403.733333333,19.031442864011847,71.50397774429821,False,False
2013-01-11 20:00:00,79.45203399658203,79.68196868896484,79.12628936767578,79.59574127197266,3622732,74.16992212931315,4753630.433333334,20.54885621312228,71.68779086135302,False,True
2013-01-14 20:00:00,79.61490631103516,79.99813079833984,78.7622299194336,79.20293426513672,3212425,74.37462768554687,4707711.333333333,21.550540323452708,68.88493061189725,False,True
2013-01-15 20:00:00,78.877197265625,79.34664916992188,78.75264739990234,79.03048706054688,2707760,74.60711720784505,4573642.0,22.46961119545093,67.6347076238669,False,True
2013-01-16 20:00:00,78.93467712402344,79.09754943847656,78.62809753417969,78.83887481689453,3206057,74.88527450561523,4442029.0,23.170792553035533,66.1970558322522,False,True
2013-01-17 20:00:00,79.26042175292969,79.50951385498047,78.92510223388672,78.93467712402344,3540483,75.16311213175456,4362343.8,24.08046904637024,66.57955780549425,False,True
2013-01-18 20:00:00,78.98258209228516,79.11671447753906,78.18739318847656,79.11671447753906,4991329,75.4214693705241,4341990.2,24.017867086922596,67.3359012722852,False,False
2013-01-22 20:00:00,78.93467712402344,80.15142059326172,78.72390747070312,80.09393310546875,5225448,75.71144256591796,4365944.833333333,24.638338506108948,71.11505316722682,False,False
2013-01-23 20:00:00,80.09393310546875,80.20890045166016,79.23168182373047,79.44245147705078,4325401,75.9525545756022,4336329.466666667,25.249804291881613,65.66091983804613,False,True
2013-01-24 20:00:00,79.56700134277344,80.31428527832031,79.56700134277344,79.9023208618164,3456981,76.20963439941406,4325815.2,25.88581748149706,67.55265520396932,False,True
2013-01-25 20:00:00,80.103515625,80.61128997802734,79.73944854736328,80.5346450805664,3522634,76.4667142232259,4266069.533333333,26.672015457748763,69.99993655210737,False,True
2013-01-28 20:00:00,80.98493194580078,81.0328369140625,79.53826141357422,80.32386779785156,3502594,76.7036745707194,4207235.466666667,27.671490101757172,68.15462898319612,False,True
2013-01-29 20:00:00,80.50589752197266,81.67473602294922,80.29512786865234,81.54060363769531,4385314,77.01280899047852,4188945.066666667,28.97791265411985,72.63863386747296,False,False
2013-01-30 20:00:00,81.58850860595703,82.71902465820312,81.47354125976562,81.7417984008789,6275172,77.30501759847006,4280511.933333334,30.71305765427647,73.30791309992001,False,False
2013-01-31 20:00:00,82.4411849975586,84.87466430664062,82.0579605102539,84.56808471679688,14498862,77.6802584330241,4630646.066666666,33.09583003772097,80.51735511142884,False,False
2013-02-01 20:00:00,84.79801940917969,84.79801940917969,83.50463104248047,84.00282287597656,7576028,77.97438329060873,4708807.366666666,35.308404393776584,76.09076538653588,False,False
2013-02-04 20:00:00,84.05072784423828,84.8075942993164,83.83037567138672,84.2998275756836,7106851,78.28575337727865,4769384.533333333,37.365989985667504,76.8121044359737,False,False
2013-02-05 20:00:00,84.8075942993164,85.01837158203125,84.12737274169922,84.70220947265625,4980787,78.58562647501627,4788670.0,39.34689680179416,77.78976202766877,False,False
2013-02-06 20:00:00,84.16569519042969,84.99920654296875,83.83995819091797,84.96088409423828,4278327,78.92222518920899,4689911.533333333,40.729797516648226,78.41967914619494,False,True
2013-02-07 20:00:00,84.90340423583984,85.01837158203125,84.06989288330078,84.47227478027344,4328846,79.26233698527018,4780278.066666666,42.02209597733433,74.14219656464574,False,True
2013-02-08 20:00:00,84.46269226074219,84.88423919677734,84.40521240234375,84.65430450439453,3312001,79.62863566080729,4799619.233333333,43.222087405114294,74.69595255186829,False,True
2013-02-11 20:00:00,84.53933715820312,84.54891967773438,83.43756866455078,83.55253601074219,3563237,79.95661188761393,4819357.0,42.7520319998726,65.54624258710133,False,True
2013-02-12 20:00:00,83.64834594726562,83.83037567138672,82.86273193359375,83.2842788696289,3674712,80.32546539306641,4827397.533333333,41.51504413667441,63.50650592112949,False,True
2013-02-13 20:00:00,83.44715118408203,83.71540832519531,82.93937683105469,83.29386138916016,2492742,80.65535786946614,4755846.8,40.36641254941895,63.55014094919754,False,True
2013-02-14 20:00:00,83.10224914550781,83.64834594726562,82.82440948486328,83.26512145996094,4328741,80.934792582194,4766041.0,39.132557514961654,63.30565551673537,False,True
2013-02-15 20:00:00,83.54295349121094,83.59085845947266,81.07115936279297,81.15738677978516,9818786,81.1340695699056,4980679.3,36.75110453654941,48.553071188784855,False,False
2013-02-19 20:00:00,81.5310287475586,82.68070220947266,81.5310287475586,82.20166778564453,6043245,81.32440439860027,5050758.3,34.539755342309476,54.2425621867364,False,False
2013-02-20 20:00:00,82.16334533691406,82.54656982421875,80.87954711914062,80.96577453613281,6062764,81.47226537068686,5127740.166666667,33.104354968117896,47.54161552989346,True,False
2013-02-21 20:00:00,80.47715759277344,80.74541473388672,79.6053237915039,79.93106079101562,4370597,81.52687479654948,4981437.8,32.76202825996497,42.776976619538296,True,True
2013-02-22 20:00:00,80.47715759277344,80.47715759277344,79.86399841308594,80.103515625,3919582,81.57477798461915,4923532.7,32.444153459537254,43.78814575845926,True,True
2013-02-25 20:00:00,81.4639663696289,81.962158203125,78.66641998291016,78.68558502197266,6660533,81.54667485555014,4966365.7,30.501924632887718,37.86378709797566,True,False
2013-02-26 20:00:00,79.04964447021484,79.34664916992188,77.70835876464844,78.35026550292969,5749945,81.50515899658203,5037272.8,29.449636498446473,36.6025838684099,True,False
2013-02-27 20:00:00,78.22571563720703,79.16461181640625,78.05326080322266,78.78138732910156,5301226,81.49110743204753,5106899.5,28.472511802179607,39.39755317425832,True,False
2013-02-28 20:00:00,78.79096984863281,79.08796691894531,78.48439025878906,78.877197265625,5127855,81.48599777221679,5187569.333333333,27.565181727074656,40.03030376548686,True,True
2013-03-01 20:00:00,78.42691040039062,79.38497161865234,77.80416870117188,79.18377685546875,3725022,81.49749450683593,5204868.166666667,27.261800493730114,42.113068886805834,True,True
2013-03-04 20:00:00,78.93467712402344,79.02090454101562,77.5359115600586,78.21613311767578,3962481,81.47354303995768,5218934.766666667,27.180902453010724,37.66654006998237,True,True
2013-03-05 20:00:00,78.72390747070312,79.3562240600586,78.49397277832031,78.9921646118164,3842342,81.46939137776693,5180635.2,26.68205804333885,42.87576551796128,True,True
2013-03-06 20:00:00,79.14545440673828,79.14545440673828,77.95745849609375,78.45565032958984,3900794,81.4147819519043,5136480.066666666,26.64616418340641,40.36425236721011,True,True
2013-03-07 20:00:00,78.58977508544922,78.7622299194336,78.18739318847656,78.2640380859375,4219667,81.37550150553385,5132955.6,26.612834170612,39.47490521789207,True,True
2013-03-08 20:00:00,78.61852264404297,79.0783920288086,78.40774536132812,78.94425964355469,4174367,81.3435661315918,5156868.466666667,26.14262590350035,44.177080050717926,True,True
2013-03-10 20:00:00,78.79096984863281,79.83525848388672,78.50355529785156,79.40412902832031,3116502,81.30588226318359,5143330.733333333,24.74900180723625,47.165552487865504,True,True
2013-03-11 20:00:00,79.62448120117188,80.70709228515625,79.53826141357422,80.0843505859375,3974589,81.29789835611979,5159063.9,23.43388854631384,51.31713268206837,True,True
2013-03-12 20:00:00,80.1226806640625,80.43883514404297,79.71070861816406,79.787353515625,4872339,81.23945668538411,5175298.066666666,22.21271194688589,49.48866025747063,True,True
2013-03-13 20:00:00,80.0843505859375,81.1478042602539,79.93106079101562,80.86038208007812,5555802,81.21007614135742,5151319.066666666,21.76720791522984,55.63865244531894,True,False
2013-03-14 20:00:00,80.49632263183594,80.96577453613281,79.81609344482422,80.16099548339844,7964729,81.0631731669108,4933514.633333334,21.207285325100138,51.25800706139406,True,False
2013-03-17 20:00:00,79.23168182373047,79.787353515625,78.80055236816406,79.04006958007812,4969619,80.89774805704752,4846634.333333333,19.867697301837293,45.12562743211749,True,False
2013-03-18 20:00:00,78.38858795166016,78.50355529785156,75.97427368164062,76.81736755371094,8469499,80.64833272298178,4892055.933333334,20.72217035078823,35.94293771904966,True,False
2013-03-19 20:00:00,77.38262176513672,77.50717163085938,75.20782470703125,75.33236694335938,8044161,80.33600463867188,4994168.4,21.909253706402104,31.352547913229184,True,False
2013-03-20 20:00:00,74.96830749511719,75.73475646972656,74.67131042480469,75.07369232177734,6421509,80.00643157958984,5065607.8,23.26863487811897,30.61898286682485,True,False
2013-03-21 20:00:00,75.30362701416016,75.83055877685547,75.12159729003906,75.36111450195312,4080532,79.70272623697916,5057330.666666667,24.420928797002198,32.50856422913318,True,True
2013-03-24 20:00:00,75.61978912353516,75.9263687133789,74.52759552001953,74.77669525146484,6317340,79.37347259521485,5157508.633333334,25.785219264480048,30.678970618958612,True,False
2013-03-25 20:00:00,74.87249755859375,75.15033721923828,73.971923828125,74.73837280273438,6061929,79.07966715494791,5240798.366666666,27.310677247914942,30.557523164090732,True,False
2013-03-26 20:00:00,74.33598327636719,75.0641098022461,74.2689208984375,74.85334014892578,4106104,78.79863586425782,5255178.1,28.727173946818773,31.434442375865274,True,True
2013-03-27 20:00:00,74.82460021972656,75.43775939941406,74.55634307861328,75.0832748413086,5596405,78.52494964599609,5358633.533333333,29.542072686102923,33.24996049787997,True,False
2013-03-31 20:00:00,75.15991973876953,75.88804626464844,74.64256286621094,75.63894653320312,4376651,78.27074381510417,5360230.533333333,29.716235452999076,37.553271380053275,True,True
2013-04-01 20:00:00,76.26168823242188,78.30236053466797,75.9263687133789,77.29639434814453,8950574,78.14204406738281,5331290.133333334,27.680430893953876,48.2666830547625,True,False
2013-04-02 20:00:00,77.21016693115234,78.25445556640625,76.73114013671875,77.66046142578125,8666772,77.99067052205403,5418741.033333333,25.790040946269045,50.284296299112086,True,False
2013-04-03 20:00:00,77.59339141845703,78.64726257324219,77.1335220336914,78.38858795166016,7673412,77.90476430257162,5472429.3,24.354383019587754,54.13679192072465,False,False
2013-04-04 20:00:00,77.42094421386719,78.56103515625,77.42094421386719,78.41732788085938,5539206,77.85430653889973,5511382.933333334,23.021272087669413,54.287365349441075,False,False
2013-04-07 20:00:00,79.36580657958984,79.73944854736328,76.6257553100586,77.71794128417969,10982490,77.77478739420573,5746813.2,22.700711005597356,49.98652655732468,True,False
2013-04-08 20:00:00,78.15865325927734,78.63768005371094,77.09519958496094,78.1490707397461,6703954,77.75690358479818,5748260.566666666,22.403047143673298,52.48546717756189,False,False
2013-04-09 20:00:00,78.19697570800781,78.36942291259766,77.60297393798828,77.9478759765625,5169293,77.74349060058594,5728905.5,22.12664498617239,51.19979339524,False,True
2013-04-10 20:00:00,80.47715759277344,81.18612670898438,79.99813079833984,80.66876983642578,15316033,77.80640335083008,6062732.4,23.551875852353362,64.03170117431539,False,False
2013-04-11 20:00:00,80.05561065673828,80.23764038085938,79.00174713134766,79.89273834228516,8174215,77.84025472005209,6164277.733333333,23.86870713030143,59.24665804474151,False,False
2013-04-14 20:00:00,79.0783920288086,79.32748413085938,77.29639434814453,77.31555938720703,6382263,77.77798080444336,6252852.433333334,22.749899978560126,46.75162429660821,True,False
2013-04-15 20:00:00,78.40774536132812,78.42691040039062,77.1526870727539,78.17781066894531,4674752,77.77670338948568,6276594.8,21.604095809353993,50.51213033288543,False,True
2013-04-16 20:00:00,77.55506896972656,77.90955352783203,76.13713836669922,77.07604217529297,6184677,77.71283264160157,6354672.633333334,20.30771957347404,46.03810397024344,True,True
2013-04-17 20:00:00,77.21016693115234,77.73710632324219,76.07007598876953,76.55868530273438,4993208,77.64960047403972,6391086.433333334,19.150337165629004,44.06442933119122,True,True
2013-04-18 20:00:00,76.98023223876953,77.2197494506836,75.84014129638672,76.27127075195312,4709823,77.58317489624024,6407424.966666667,18.24165920969593,42.96250706272336,True,True
2013-04-21 20:00:00,76.33833312988281,77.3538818359375,75.68685150146484,77.18142700195312,4169357,77.52441380818685,6407257.966666667,17.51221186901764,47.44451618444743,True,True
2013-04-22 20:00:00,77.48800659179688,79.08796691894531,77.09519958496094,78.2640380859375,5725833,77.4864107767741,6494235.666666667,17.018502770631365,52.25090247837409,False,True
2013-04-23 20:00:00,78.42691040039062,81.013671875,78.42691040039062,80.79331970214844,7712345,77.51004308064779,6618827.533333333,17.651857867119425,61.182641322710076,False,False
2013-04-24 20:00:00,80.0843505859375,84.23275756835938,79.08796691894531,81.962158203125,9961366,77.58253657023111,6788461.766666667,19.48591481214538,64.48848319275368,False,False
2013-04-25 20:00:00,81.81844329833984,83.2842788696289,80.96577453613281,83.02560424804688,5896699,77.65471064249674,6799825.0,21.188967689669482,67.22352503552177,False,True
2013-04-28 20:00:00,83.70582580566406,84.34772491455078,82.39328002929688,84.17527770996094,9771399,77.78852005004883,6860047.333333333,23.10519660539706,69.92068339797262,False,False
2013-04-29 20:00:00,84.692626953125,86.1201400756836,84.48185729980469,85.51656341552734,8174632,78.00440317789713,6966881.1,25.364548231451803,72.73916279522756,False,False
2013-04-30 20:00:00,84.76927185058594,85.1237564086914,83.39924621582031,83.87828063964844,7570078,78.23976694742838,6936900.4,26.596334189318686,64.75756789654147,False,False
2013-05-01 20:00:00,84.3956298828125,84.75011444091797,83.26512145996094,84.3956298828125,5591291,78.54187571207682,6855138.066666666,27.63472817992051,66.02538206566508,False,True
2013-05-02 20:00:00,85.1908187866211,88.13207244873047,85.17166137695312,86.95365142822266,12371858,78.93787434895833,7053483.033333333,29.521278494865587,71.48717299538919,False,False
2013-05-05 20:00:00,86.88658905029297,87.18358612060547,85.36327362060547,85.61236572265625,6523903,79.27958272298177,7134928.733333333,31.273075215886017,65.53776316768726,False,True
2013-05-06 20:00:00,85.78482055664062,86.17762756347656,84.92256164550781,85.5069808959961,5802133,79.63725891113282,7117755.166666667,32.54667176466652,65.07948272013205,False,True
2013-05-07 20:00:00,85.49739837646484,86.15846252441406,85.1237564086914,85.53572082519531,4449923,79.9971705118815,7064021.633333334,33.72929713139127,65.15105118277393,False,True
2013-05-08 20:00:00,85.53572082519531,85.59320831298828,84.20401763916016,84.50101470947266,6160252,80.31875966389974,7132493.233333333,34.05992028093393,60.355138409838574,False,True
2013-05-09 20:00:00,84.2136001586914,85.4399185180664,84.2136001586914,85.43033599853516,5453826,80.66366170247396,7127740.6,34.36692749122354,62.99025307095528,False,True
2013-05-12 20:00:00,85.33453369140625,86.7332992553711,85.1237564086914,86.7332992553711,5828436,81.03347345987956,7176133.433333334,35.11508338680308,66.36580374069003,False,True
2013-05-13 20:00:00,86.70455932617188,87.5955581665039,86.48420715332031,87.21233367919922,6248556,81.36400477091472,7086066.166666667,36.086413877533666,67.53805912515374,False,True
2013-05-14 20:00:00,86.72371673583984,87.26981353759766,86.14888000488281,87.11652374267578,4203384,81.67920684814453,6937286.566666666,36.684946500053066,67.034824895339,False,True
2013-05-15 20:00:00,86.74288177490234,88.0745849609375,86.44588470458984,87.21233367919922,4557641,81.97333170572917,6833427.533333333,37.51343856971547,67.29724111438887,False,True
2013-05-16 20:00:00,87.31771850585938,88.94641876220703,86.867431640625,88.94641876220703,6758231,82.3243014017741,6874061.7,38.557041814286315,71.68984522645503,False,True
2013-05-19 20:00:00,88.94641876220703,89.80867767333984,88.79312896728516,89.76077270507812,3504994,82.72572911580404,6624811.833333333,39.776732476193615,73.49064068841199,False,True
2013-05-20 20:00:00,89.66497039794922,90.4601593017578,89.1188735961914,89.15719604492188,4434580,83.09266662597656,6549166.033333333,41.087651627476916,69.93965013577254,False,True
2013-05-21 20:00:00,88.69732666015625,89.4350357055664,86.50336456298828,87.2793960571289,7986231,83.40371729532878,6643063.966666667,40.09449790983391,60.19474453120075,False,False
2013-05-22 20:00:00,86.22552490234375,86.77162170410156,85.17166137695312,86.7332992553711,4851046,83.60586827596029,6294231.066666666,38.29191767895437,57.677832164494056,False,True
2013-05-23 20:00:00,86.4171371459961,87.39436340332031,85.67943572998047,86.97281646728516,4032936,83.84187088012695,6156188.433333334,36.901079710152544,58.49749567261222,False,True
2013-05-27 20:00:00,88.62068176269531,89.56916046142578,88.37158203125,88.76438903808594,5233067,84.22349853515625,6117881.9,36.47321807294179,64.098463650653,False,True
2013-05-28 20:00:00,88.56319427490234,90.92002868652344,88.28536224365234,90.58470916748048,7267697,84.63706181844076,6204313.4,36.523035295872646,68.71784206649053,False,False
2013-05-29 20:00:00,90.49848175048828,91.5523452758789,89.96196746826172,90.7763214111328,6389256,85.09373779296875,6211132.7,36.76530770590033,69.16755832971407,False,False
2013-05-30 20:00:00,90.7763214111328,91.56192779541016,88.2087173461914,88.2087173461914,10026184,85.48207219441731,6378898.566666666,35.837242816677765,57.28358744556816,False,False
2013-06-02 20:00:00,89.0997085571289,90.3451919555664,88.58235931396484,90.3164520263672,7061551,85.95024490356445,6457289.5,34.97546827668538,62.9162681828925,False,False
2013-06-03 20:00:00,90.00987243652344,91.31283569335938,89.84700012207031,90.30686950683594,6706251,86.38775965372722,6541852.633333334,34.549693578033015,62.8756751519053,False,False
2013-06-04 20:00:00,89.51168060302734,90.45057678222656,88.87935638427734,89.46377563476562,5432220,86.76108423868816,6532065.533333333,33.5188980008893,59.25339004063428,False,True
2013-06-05 20:00:00,89.04222869873047,89.48294067382812,88.00752258300781,88.66858673095703,6056084,87.02359313964844,6476856.833333333,32.023686293035915,55.97776212600274,False,True
2013-06-06 20:00:00,89.10929107666016,89.69371032714844,88.17996978759766,89.21467590332031,6731301,87.26534372965494,6369188.0,30.735578694431748,57.70689691902751,False,False
2013-06-09 20:00:00,89.16677856445312,89.47335815429688,88.22787475585938,88.41948699951172,4485725,87.44513982137045,6322155.533333333,29.539478781442167,54.358654742301106,False,True
2013-06-10 20:00:00,87.55723571777344,88.65900421142578,86.80994415283203,87.42310333251953,5057922,87.55340067545573,6165039.633333334,27.52196548743243,50.411705817913145,True,True
2013-06-11 20:00:00,88.04584503173828,88.41948699951172,86.82910919189453,87.13568878173828,3161280,87.6073715209961,5997927.9,25.648560285851953,49.29970786803196,True,True
2013-06-12 20:00:00,87.19316864013672,89.60748291015625,87.00155639648438,89.1380386352539,4163929,87.78269678751627,5884389.6,24.597481716878757,56.49897055623831,False,True
2013-06-13 20:00:00,89.25299835205078,89.4350357055664,87.49016571044922,88.03626251220703,2508921,87.9040512084961,5781643.933333334,23.621480188546506,52.11396865865472,False,True
2013-06-16 20:00:00,88.77397155761719,89.32964324951172,87.9596176147461,88.72606658935547,2782494,87.96313171386718,5461998.466666667,22.71519305509513,54.49521018460083,False,True
2013-06-17 20:00:00,88.52487182617188,89.33922576904297,88.33325958251953,88.55361938476562,2964424,88.06117350260416,5343349.166666667,21.879893531792472,53.77527675305315,False,True
2013-06-18 20:00:00,88.74523162841797,89.29132080078125,87.91171264648438,87.91171264648438,3198751,88.14133122762044,5256569.766666667,20.751439473167444,51.070658786292256,True,True
2013-06-19 20:00:00,87.01113891601562,87.12610626220703,84.77885437011719,85.2099838256836,5681055,88.13047332763672,5297607.5,20.82445820154997,41.5894989659051,True,False
2013-06-20 20:00:00,85.99559020996094,86.80994415283203,84.84591674804688,86.14888000488281,7738439,88.18540217081706,5350213.733333333,20.892261306476602,45.38412843631938,True,False
2013-06-23 20:00:00,85.11417388916016,85.84230041503906,83.88785552978516,84.9129867553711,5889184,88.16815719604492,5364725.666666667,21.431259682976215,41.557018828286814,True,False
2013-06-24 20:00:00,85.5069808959961,85.5069808959961,84.20401763916016,84.95130920410156,3617096,88.10875752766927,5291014.333333333,21.93175817544014,41.7211288138707,True,True
2013-06-25 20:00:00,86.15846252441406,86.27342987060547,84.58724212646484,85.5069808959961,3608746,88.05191243489584,5203020.666666667,21.72445436614845,44.169211658790594,True,True
2013-06-26 20:00:00,86.1393051147461,87.43268585205078,85.76565551757812,86.52252960205078,3520442,88.03211263020833,5180255.933333334,20.625621452146287,48.43262256823007,True,True
2013-06-27 20:00:00,86.21595001220703,86.48420715332031,85.46865844726562,85.48782348632812,3592254,87.97462895711263,5148076.366666666,19.79641754547701,44.688260602182666,True,True
2013-06-30 20:00:00,86.14888000488281,86.80036163330078,85.9381103515625,86.24468994140625,2959414,87.8845713297526,5021449.133333334,18.779479680074537,47.86344598517135,True,True
2013-07-01 20:00:00,86.29259490966797,87.52848815917969,86.1393051147461,86.77162170410156,3433392,87.78493296305338,5019062.4,17.59084349147863,50.01480535430789,True,True
2013-07-02 20:00:00,86.32133483886719,86.4171371459961,85.29621124267578,85.99559020996094,2541904,87.67954610188802,4955973.2,16.789721199480702,46.94261865764833,True,True
2013-07-04 20:00:00,86.27342987060547,87.26981353759766,85.60279083251953,87.02072143554688,2464665,87.67092361450196,4771921.0,15.767492058818087,51.20641586264817,True,True
2013-07-07 20:00:00,87.71052551269531,88.32368469238281,86.74288177490234,87.0302963256836,3164724,87.6808235168457,4715710.266666667,15.513004897607802,51.245825420076585,True,True
2013-07-08 20:00:00,87.61471557617188,87.83506774902344,85.83272552490234,86.16804504394531,5461341,87.65399780273438,4763323.766666667,14.596376035047141,47.52335971146584,True,False
2013-07-09 20:00:00,86.37881469726562,86.42671966552734,85.38243103027344,85.53572082519531,4772450,87.54637552897135,4747969.866666666,13.679688446054488,44.94499583278095,True,False
2013-07-10 20:00:00,86.65665435791016,86.91532897949219,85.69859313964844,86.62791442871094,4046818,87.41448237101237,4640607.233333333,12.92650013439535,49.99186690294261,True,True
2013-07-11 20:00:00,86.4363021850586,86.59917449951172,85.72733306884766,86.4363021850586,4169148,87.26981506347656,4566603.633333334,12.227110987854724,49.140776418066345,True,True
2013-07-14 20:00:00,86.39797973632812,87.145263671875,85.74649810791016,86.71414184570312,2814433,87.21999588012696,4326211.933333334,11.983971877336673,50.457840718088654,True,True
2013-07-15 20:00:00,86.83868408203125,87.08778381347656,85.01837158203125,85.89978790283203,4326758,87.07277374267578,4235052.166666667,11.153742936823166,46.645021640875335,True,False
2013-07-16 20:00:00,86.0339126586914,86.44588470458984,85.65068817138672,86.16804504394531,3299997,86.9348129272461,4121510.3666666667,10.382816063489196,48.03794314166436,True,True
2013-07-17 20:00:00,86.4171371459961,87.82549285888672,86.35965728759766,87.44226837158203,2962754,86.86742935180663,4039194.8333333335,10.705632100775793,54.159725017462875,False,True
2013-07-18 20:00:00,87.79674530029297,88.53445434570312,87.10694122314453,88.22787475585938,4195973,86.85273895263671,3977191.1333333333,11.45963255552263,57.48535701316448,False,False
2013-07-21 20:00:00,88.23745727539062,88.7069091796875,87.76800537109375,88.11290740966797,2606200,86.81601333618164,3839687.7666666666,12.26776341295367,56.83552509614839,False,True
2013-07-22 20:00:00,88.17039489746094,88.78355407714844,87.95003509521484,88.17039489746094,2811406,86.80771026611328,3783877.1333333333,13.068401850924513,57.09669197080294,False,True
2013-07-23 20:00:00,88.29493713378906,88.40032958984375,86.58959197998047,87.18358612060547,3137586,86.79972635904947,3719865.933333333,12.504233503158288,51.3528731372662,False,True
2013-07-24 20:00:00,86.91532897949219,87.40394592285156,86.39797973632812,87.23149108886719,2409449,86.80291976928712,3694804.9,11.815144896650896,51.607380968275265,False,True
2013-07-25 20:00:00,86.52252960205078,87.08778381347656,86.01475524902344,86.94407653808594,2588561,86.7297876993815,3642292.6333333333,11.099422128626726,49.91993136395061,False,True
2013-07-28 20:00:00,86.91532897949219,86.93449401855469,85.67943572998047,86.68539428710938,3974275,86.68475875854492,3691137.7666666666,10.721555606446913,48.38642668158429,False,False
2013-07-29 20:00:00,86.60874938964844,86.7524642944336,82.50824737548828,84.61598205566406,8490687,86.54775594075521,3881410.8666666667,12.348291457127305,38.26064650928207,True,False
2013-07-30 20:00:00,84.8075942993164,86.0339126586914,84.47227478027344,85.31536865234375,5524072,86.43981424967448,3966732.466666667,13.858831889901953,42.630257930955615,True,False
2013-07-31 20:00:00,85.89020538330078,86.32133483886719,85.37285614013672,86.08181762695312,3549564,86.37881774902344,3978426.2333333334,14.975682810021635,47.05282248018983,True,True
2013-08-01 20:00:00,85.9189453125,86.18720245361328,84.75011444091797,85.1908187866211,3720430,86.37817891438802,3913072.066666667,16.34193000280677,42.911460834065956,True,True
2013-08-04 20:00:00,85.1237564086914,85.16207885742188,84.37647247314453,84.45311737060547,3789006,86.32165349324545,3781424.3,17.801324001761877,39.78892224244781,True,False
2013-08-05 20:00:00,84.56808471679688,85.0279541015625,84.12737274169922,84.48185729980469,3400408,86.30728251139323,3698465.1,19.284153150347667,39.972186091113876,True,True
2013-08-06 20:00:00,84.2998275756836,84.60640716552734,83.94534301757812,84.1944351196289,3162636,86.28205337524415,3683316.433333333,20.756577741936063,38.70345549935855,True,True
2013-08-07 20:00:00,84.3956298828125,85.09501647949219,83.49505615234375,84.76927185058594,4169461,86.25746307373046,3702006.933333333,21.532362291042165,42.62572674079658,True,False
2013-08-08 20:00:00,84.52017974853516,85.3057861328125,84.22318267822266,84.5776596069336,3746524,86.19263407389323,3709543.0,22.001149603909006,41.668590264568515,True,False
2013-08-11 20:00:00,84.16569519042969,84.7117919921875,83.84953308105469,84.58724212646484,3171926,86.16261469523111,3695532.066666667,22.686099557405896,41.73904672112233,True,True
2013-08-12 20:00:00,84.61598205566406,84.62556457519531,84.10821533203125,84.18486022949219,4456917,86.09395370483398,3745448.8333333335,23.322124514224438,39.577285448483615,True,False
2013-08-13 20:00:00,84.24234008789062,84.5968246459961,83.75373077392578,84.00282287597656,3363459,86.00166041056315,3743117.7333333334,24.16078241546029,38.603203893539536,True,True
2013-08-14 20:00:00,83.67708587646484,83.83995819091797,83.06392669677734,83.34176635742188,3598725,85.91319961547852,3778345.1,25.385543479160468,35.213788266573474,True,True
2013-08-15 20:00:00,83.23637390136719,83.33218383789062,82.09628295898438,82.88188934326172,4247953,85.77523854573568,3837788.033333333,27.054567714567934,33.04041291585557,True,False
2013-08-18 20:00:00,82.77650451660156,83.85911560058594,82.41244506835938,82.49867248535156,2994693,85.6241844177246,3832120.3333333335,27.868764928963326,31.3064364065762,True,True
2013-08-19 20:00:00,82.48908996582031,83.11183166503906,82.18251037597656,82.34538269042969,2926222,85.49676233927408,3747616.3666666667,28.763327728205446,30.61432539604188,True,True
2013-08-20 20:00:00,81.99089813232422,82.46992492675781,81.34899139404297,81.79928588867188,4529668,85.37221450805664,3739523.6333333333,30.060360220919886,28.220726446323734,True,False
2013-08-21 20:00:00,81.92383575439453,83.15972900390625,81.7609634399414,82.50824737548828,2567789,85.23489227294922,3690222.6666666665,30.331372825225458,35.29383093145786,True,True
2013-08-22 20:00:00,82.69985961914062,84.692626953125,82.52741241455078,84.47227478027344,4027508,85.16942469278972,3685501.3333333335,28.905117449503994,49.994533250687795,True,False
2013-08-25 20:00:00,84.62556457519531,85.23872375488281,84.15611267089844,84.23275756835938,3064835,85.08671188354492,3693848.066666667,27.08345310641219,48.54602835240524,True,True
2013-08-26 20:00:00,83.6675033569336,84.30940246582031,83.45673370361328,83.6866683959961,3154913,85.01294123331705,3654786.566666667,25.94416819942191,45.321867031363574,True,True
2013-08-27 20:00:00,83.70582580566406,85.0279541015625,83.70582580566406,84.47227478027344,2871841,84.95641555786133,3640514.7,24.240460840816365,50.423029599769286,True,True
2013-08-28 20:00:00,84.31898498535156,85.33453369140625,84.26150512695312,84.5105972290039,3843491,84.85869318644205,3669872.6,22.622322960122148,50.66482336934588,True,False
2013-08-29 20:00:00,86.00517272949219,86.10098266601562,84.26150512695312,84.5105972290039,3144370,84.73478393554687,3634819.1666666665,21.741424437310094,50.66482336934589,True,True
2013-09-02 20:00:00,85.2099838256836,85.25788879394531,84.03157043457031,84.75969696044922,2571651,84.62301025390624,3633667.533333333,20.704618842303933,52.41438864118838,False,True
2013-09-03 20:00:00,84.62556457519531,86.46504211425781,84.5297622680664,86.00517272949219,3670850,84.55083618164062,3662315.6666666665,20.641336192484026,60.04399641729521,False,False
2013-09-04 20:00:00,85.94769287109375,86.60874938964844,85.84230041503906,85.97643280029297,2095377,84.5105977376302,3627575.3666666667,20.680531927567646,59.805707258434516,False,True
2013-09-05 20:00:00,85.78482055664062,86.00517272949219,84.90340423583984,85.26746368408203,2597850,84.4451301574707,3633855.4,19.78709010511074,54.10179691792985,False,True
2013-09-08 20:00:00,85.25788879394531,86.08181762695312,85.24830627441406,85.9381103515625,2805770,84.41159795125326,3641095.7,19.01882510092128,58.16630014651844,False,True
2013-09-09 20:00:00,85.97643280029297,86.21595001220703,85.04711151123047,85.89978790283203,2877373,84.38541107177734,3604532.3,18.104784724296668,57.851041406608395,False,True
2013-09-10 20:00:00,85.89978790283203,87.01113891601562,85.78482055664062,87.01113891601562,2481991,84.46524963378906,3404242.433333333,17.918002560993177,63.9527386148208,False,True
2013-09-11 20:00:00,86.7524642944336,87.78717041015625,86.5321044921875,87.19316864013672,3939831,84.5278429667155,3351434.4,18.312532591502467,64.85029397591066,False,False
2013-09-12 20:00:00,87.46142578125,88.97516632080078,85.54530334472656,85.7369155883789,9711799,84.51634623209635,3556842.2333333334,19.41323391508335,53.395813461855305,False,False
2013-09-15 20:00:00,86.45545959472656,86.65665435791016,85.70817565917969,85.9189453125,4381869,84.54061711629232,3578890.2,20.435313715551313,54.47817721067416,False,False
2013-09-16 20:00:00,86.04349517822266,87.56681060791016,85.9189453125,87.1644287109375,2872363,84.63099416097005,3548335.433333333,21.889042269999145,61.13003258754864,False,True
2013-09-17 20:00:00,87.2602310180664,88.95600128173828,86.99197387695312,88.43865203857422,3944110,84.76288731892903,3566458.8333333335,23.869529396242974,66.52015774533831,False,False
2013-09-18 20:00:00,88.56319427490234,88.99432373046875,87.95003509521484,88.24703979492188,3115354,84.89797414143881,3564882.7666666666,25.724423584402025,65.05914036749729,False,True
2013-09-19 20:00:00,88.35242462158203,88.51529693603516,87.72010040283203,87.72010040283203,4974211,84.99633509318033,3591707.7666666666,27.15030741509904,61.08572525768333,False,False
2013-09-22 20:00:00,87.30813598632812,87.79674530029297,87.10694122314453,87.53807067871094,4695419,85.09501546223959,3623337.6,27.707414539135858,59.728647821871796,False,False
2013-09-23 20:00:00,87.58597564697266,89.55958557128906,87.55723571777344,88.90809631347656,4045357,85.23904393513997,3652451.966666667,29.08799221993902,65.87369508731693,False,False
2013-09-24 20:00:00,89.29132080078125,89.38713073730469,88.51529693603516,89.01348876953125,4001309,85.39999821980794,3637265.033333333,30.36995720925624,66.29971326183336,False,False
2013-09-25 20:00:00,89.8182601928711,90.44099426269533,89.15719604492188,89.65538787841797,5344125,85.58841705322266,3703287.2333333334,31.992069293572087,68.85027048123939,False,False
2013-09-26 20:00:00,89.94280242919922,90.53680419921876,89.38713073730469,90.49848175048828,4420072,85.82697423299153,3730665.466666667,33.53534687486132,71.86245467823198,False,False
2013-09-29 20:00:00,89.46377563476562,89.72245025634766,88.89852142333984,89.6170654296875,4175620,86.05148010253906,3728254.3666666667,34.34071532979169,64.80679494823116,False,False
2013-09-30 20:00:00,89.52125549316406,90.50806427001952,89.44461059570312,90.4314193725586,2487941,86.3159049987793,3711362.6333333333,35.44387412468659,67.93886372000013,False,True
2013-10-01 20:00:00,90.230224609375,90.98709106445312,89.22425842285156,90.83380126953124,3526705,86.59885228474936,3731378.7333333334,36.6686627550842,69.3885253198091,False,True
2013-10-02 20:00:00,90.76673889160156,91.01583862304688,89.78951263427734,90.44099426269533,3778046,86.88690923055013,3706324.6666666665,37.81815199653054,66.23981774159918,False,False
2013-10-03 20:00:00,90.46974182128906,91.61941528320312,90.19190216064452,91.40863800048828,2650039,87.18358891805013,3709066.3333333335,39.13941161032674,69.86728784890542,False,True
2013-10-06 20:00:00,90.6421890258789,91.90682983398438,90.46974182128906,91.28409576416016,2906285,87.41064961751302,3671692.2333333334,40.482218775204956,68.84201725750385,False,True
2013-10-07 20:00:00,91.06373596191406,91.23619079589844,89.58832550048828,89.63622283935547,3396964,87.59076512654623,3682763.2,40.496206892049386,56.9365259597582,False,True
2013-10-08 20:00:00,89.88532257080078,90.35477447509766,89.02306365966797,90.01944732666016,3181529,87.80185775756836,3683650.4,39.80398543737654,58.724259643496445,False,True
2013-10-09 20:00:00,90.99667358398438,91.8589324951172,90.40267944335938,91.11164093017578,3429947,88.0231699625651,3702253.933333333,39.98878757046463,63.389085140536864,False,True
2013-10-10 20:00:00,90.69967651367188,91.79186248779295,90.28770446777344,91.48528289794922,2816730,88.25565948486329,3668028.566666667,40.02210678331294,64.85252657410568,False,True
2013-10-13 20:00:00,91.00625610351562,91.91641235351562,90.6421890258789,91.69606018066406,2479382,88.49517491658528,3645862.3,40.11945376482854,65.68580739135793,False,True
2013-10-14 20:00:00,91.5427703857422,92.26131439208984,91.0445785522461,91.23619079589844,3195411,88.7110580444336,3666654.3,40.39612298455499,62.219862147043045,False,True
2013-10-15 20:00:00,91.96431732177734,93.16189575195312,91.67689514160156,92.90321350097656,4152761,88.94099273681641,3682718.0,41.09787446515162,68.67287333900714,False,False
2013-10-16 20:00:00,92.74034118652344,93.96666717529295,92.61579895019533,93.96666717529295,3708635,89.20733388264973,3736493.2666666666,42.09321401143243,71.96286134005534,False,True
2013-10-17 20:00:00,94.4073715209961,94.56066131591795,92.17508697509766,94.16785430908205,7148185,89.50401357014974,3888171.1,43.246644261860084,72.55018763107448,False,False
2013-10-20 20:00:00,94.0912094116211,94.0912094116211,92.7020263671875,92.9798583984375,3748403,89.73873850504557,3919592.2,44.31768663725719,64.02169382818136,False,True
2013-10-21 20:00:00,93.30560302734376,93.88043975830078,92.74992370605467,93.71756744384766,3773871,89.99933115641277,3949475.466666667,45.312225985840215,66.64388363450803,False,True
2013-10-22 20:00:00,93.17147064208984,93.2002182006836,91.40863800048828,91.64815521240234,3791824,90.15389836629232,3993136.566666667,44.34218595918325,54.61825430780773,False,True
2013-10-23 20:00:00,91.93557739257812,93.2289581298828,91.48528289794922,92.96070098876952,2336593,90.34614944458008,3939695.3,43.460212438005875,59.59795249163561,False,True
2013-10-24 20:00:00,92.83615112304688,93.00860595703124,92.06011962890624,92.8169937133789,2380849,90.58215204874675,3695330.3,42.64123702548403,58.836716642241726,False,True
2013-10-27 20:00:00,92.8169937133789,93.68882751464844,91.50444793701172,93.44931030273438,3535577,90.83316421508789,3667120.566666667,42.3451333272867,61.18590510969235,False,True
2013-10-28 20:00:00,93.77505493164062,93.89002227783205,91.97389221191406,92.43376922607422,5349970,91.00880889892578,3749707.466666667,42.200003056672344,55.68892359119816,False,False
2013-10-29 20:00:00,92.80741119384766,93.86127471923828,91.14996337890624,92.03137969970705,4069885,91.12856648763021,3753899.966666667,40.90965943096382,53.63285471599759,False,False
2013-10-30 20:00:00,92.16551208496094,93.16189575195312,91.38948059082033,92.05054473876952,3732537,91.25534998575846,3774472.7333333334,39.711483207091625,53.72049529974889,False,True
2013-10-31 20:00:00,92.02179718017578,92.23257446289062,90.62303161621094,91.6385726928711,3238206,91.38596572875977,3716605.9,37.61795378865778,51.46844208273067,False,True
2013-11-04 20:00:00,92.19425201416016,93.71756744384766,91.90682983398438,93.63134002685548,4413600,91.58907470703124,3707211.933333333,36.87420893382883,60.1671303332871,False,False
2013-11-05 20:00:00,93.28643798828124,93.28643798828124,92.19425201416016,92.63495635986328,3862278,91.71330337524414,3701109.3,36.18358871148767,54.871351064968785,False,False
2013-11-06 20:00:00,92.98944091796876,93.40140533447266,92.0026397705078,92.94153594970705,3684837,91.84423828125,3690560.2333333334,35.29425601031722,56.150257997763894,False,True
2013-11-07 20:00:00,92.65412139892578,92.82656860351562,91.41822052001952,91.83018493652344,4033979,91.91673151652019,3646888.7,33.741174122266756,50.55704931447653,True,False
2013-11-08 20:00:00,91.69606018066406,92.42418670654295,91.5523452758789,92.29005432128906,5004481,91.97645060221355,3666369.0,32.29902665479133,52.65850004635567,False,False
2013-11-11 20:00:00,92.41460418701172,93.00860595703124,92.1367645263672,92.94153594970705,2381058,92.08726628621419,3606550.2666666666,31.49785488073643,55.54135886761797,False,True
2013-11-12 20:00:00,92.61579895019533,92.7690887451172,91.3415756225586,91.62899780273438,3182051,92.12718556722005,3629687.2666666666,29.774805199214274,49.05950853806421,True,True
2013-11-13 20:00:00,91.29367065429688,92.97028350830078,91.11164093017578,92.93196105957033,3392162,92.19712422688802,3625202.5,27.913660380998298,54.710040640011705,False,True
2013-11-14 20:00:00,92.95111846923828,93.55469512939452,92.43376922607422,93.39183044433594,3454163,92.29548543294271,3614406.4,26.77180596037271,56.54227173108887,False,True
2013-11-15 20:00:00,93.4780502319336,93.66008758544922,92.74034118652344,93.44931030273438,3490382,92.36350784301757,3642417.8333333335,25.813983053435035,56.777642563335895,False,True
2013-11-18 20:00:00,93.50679779052734,93.66008758544922,92.60621643066406,93.00860595703124,2830716,92.42099151611328,3639898.8666666667,24.747759243256436,54.34723341827053,False,True
2013-11-19 20:00:00,92.83615112304688,93.24811553955078,91.98347473144533,92.83615112304688,2933841,92.52765579223633,3624461.433333333,22.982106401814317,53.3842301934658,False,True
2013-11-20 20:00:00,93.05650329589844,93.69841003417967,92.73076629638672,93.10440826416016,2940626,92.63048782348633,3616431.3333333335,21.84717611402589,54.7280471958199,False,True
2013-11-21 20:00:00,93.4109878540039,94.57982635498048,93.05650329589844,94.51275634765624,2752642,92.74385833740234,3593854.5,21.659316181603106,61.07266345082027,False,True
2013-11-22 20:00:00,94.62772369384766,95.2504653930664,93.85169982910156,95.20256042480467,3148337,92.86776758829753,3604908.066666667,22.042271028282805,63.75219156769496,False,True
2013-11-25 20:00:00,95.14508056640624,95.14508056640624,93.21937561035156,93.38224792480467,3982104,92.92397384643554,3654998.8,21.587436553491504,53.32154497670501,False,False
2013-11-26 20:00:00,93.40140533447266,93.97624206542967,92.9798583984375,93.53553771972656,2620918,93.00061874389648,3635849.033333333,20.87460759002679,54.00402186094651,False,True
2013-11-27 20:00:00,93.40140533447266,93.50679779052734,90.81464385986328,91.20744323730467,4711285,92.94409306844075,3654466.5,20.587204108253072,43.58202534423429,True,False
2013-11-29 20:00:00,91.21702575683594,91.92599487304688,90.55596160888672,90.97750854492188,2350997,92.84445444742839,3609211.9,20.508990389174524,42.70543525555423,True,True
2013-12-02 20:00:00,91.140380859375,91.38948059082033,90.13441467285156,90.78589630126952,3213990,92.73172251383464,3478072.066666667,20.74000899124165,41.948242664242294,True,True
2013-12-03 20:00:00,90.75715637207033,91.5906753540039,90.1152572631836,90.3451919555664,5076501,92.64390029907227,3522342.0,20.72097815212456,40.18350646301611,True,False
2013-12-04 20:00:00,90.3451919555664,91.07331848144533,89.8182601928711,90.62303161621094,4173532,92.5407491048177,3535664.033333333,20.932296690921884,41.84457609710512,True,False
2013-12-05 20:00:00,90.44099426269533,90.47932434082033,89.44461059570312,89.51168060302734,4770153,92.4695332845052,3568275.0,21.410845724539417,37.37386511283338,True,False
2013-12-06 20:00:00,90.00028991699219,90.57512664794922,88.65900421142578,88.76438903808594,4405667,92.32965621948242,3637244.1333333333,22.397742681142404,34.68997389443659,True,False
2013-12-09 20:00:00,88.687744140625,89.84700012207031,88.49613189697266,89.23384094238281,5280768,92.21021779378255,3733908.1,23.420081109515554,37.71590982694076,True,False
2013-12-10 20:00:00,89.24342346191406,89.29132080078125,88.5727767944336,88.61109924316406,4249414,92.04894409179687,3757702.6666666665,24.369395364433476,35.374528973476885,True,False
2013-12-11 20:00:00,88.4865493774414,88.89852142333984,87.49974822998047,87.70094299316406,4825160,91.89118321736653,3740209.0,25.924019925385824,32.22574324618355,True,False
2013-12-12 20:00:00,87.60513305664062,88.2566146850586,87.1644287109375,87.41352081298828,4452429,91.73725458780925,3752960.466666667,27.551199150859667,31.27886860605173,True,False
2013-12-13 20:00:00,87.41352081298828,87.65303802490234,86.82910919189453,87.28897857666016,3455415,91.57853571573894,3743723.066666667,29.241235640845954,30.855803250271492,True,True
2013-12-16 20:00:00,87.49016571044922,87.9787826538086,86.92491149902344,87.13568878173828,3801113,91.42843958536784,3762486.6333333333,30.285132248395673,30.31235601078506,True,False
2013-12-17 20:00:00,87.13568878173828,87.145263671875,86.3500747680664,86.42671966552734,4778712,91.18828557332357,3774657.033333333,31.593839367863165,27.867686252936885,True,False
2013-12-18 20:00:00,86.94407653808594,88.46739196777344,86.59917449951172,88.3907470703125,5058235,91.04681193033854,3814522.2666666666,30.96964555251559,41.857167278243274,True,False
2013-12-19 20:00:00,88.01710510253906,89.22425842285156,87.6626205444336,89.03264617919922,4418088,90.91651560465495,3838963.966666667,29.54303587119417,45.572470588128446,True,False
2013-12-20 20:00:00,88.90809631347656,89.597900390625,88.65900421142578,88.90809631347656,5187559,90.81911265055338,3877416.6333333333,27.831344832467003,44.97198673227171,True,False
2013-12-23 20:00:00,89.49251556396484,89.94280242919922,89.26258087158203,89.320068359375,2335341,90.72011311848958,3788445.3,25.892933262321254,47.43900035045711,True,True
2013-12-24 20:00:00,89.32964324951172,89.6170654296875,88.77397155761719,89.55958557128906,996491,90.60738143920898,3742293.066666667,24.560744310500546,48.87410091329146,True,True
2013-12-26 20:00:00,89.55000305175781,90.16316223144533,89.22425842285156,90.08651733398438,2137546,90.55596542358398,3707476.2333333334,22.85239601475001,51.98037528608433,True,True
2013-12-27 20:00:00,90.2110595703125,90.96793365478516,89.94280242919922,90.87212371826172,2089323,90.4873041788737,3664048.2666666666,22.0077505047945,56.248410556821035,False,True
2013-12-30 20:00:00,90.67093658447266,91.32241821289062,90.39309692382812,90.58470916748048,2327826,90.39373346964518,3626503.7,21.523611006288892,54.34531845636551,False,True
2013-12-31 20:00:00,90.96793365478516,91.32241821289062,90.27812957763672,91.11164093017578,2807336,90.31581115722656,3603735.5,20.94047414265381,57.20410651815742,False,True
2014-01-02 20:00:00,90.54638671875,90.86254119873048,89.49251556396484,89.9140625,2873093,90.21265970865885,3605148.066666667,19.53511070144355,49.60205843357367,True,True
2014-01-03 20:00:00,89.97154998779297,90.29728698730467,88.9847412109375,89.597900390625,2972670,90.10471801757812,3606442.3666666667,18.549385399928553,47.796185526675615,True,True
2014-01-06 20:00:00,89.92364501953125,90.16316223144533,89.29132080078125,89.86615753173828,3315863,89.9967763264974,3618950.2666666666,17.63406904852177,49.47693628499251,True,True
2014-01-07 20:00:00,90.60386657714844,91.67689514160156,90.1439971923828,91.5427703857422,3852571,89.8977767944336,3655614.566666667,17.421732950201832,58.475474062799435,False,False
2014-01-08 20:00:00,91.00625610351562,91.39906311035156,90.2493896484375,90.81464385986328,3674503,89.75151290893555,3673153.433333333,17.2245637160476,53.979059706065826,False,False
2014-01-09 20:00:00,90.86254119873048,91.13079833984376,90.12483978271484,90.86254119873048,3266910,89.66752268473307,3649313.6333333333,16.893443119924473,54.228391672979285,False,True
2014-01-10 20:00:00,91.06373596191406,91.0924835205078,89.49251556396484,89.9140625,3555513,89.54680684407552,3680466.8,15.862711261748288,48.6118903569016,False,True
2014-01-13 20:00:00,89.44461059570312,90.15357971191406,87.61471557617188,87.70094299316406,5376273,89.42992350260417,3702633.066666667,16.18855366742413,38.57302173770296,True,False
2014-01-14 20:00:00,88.0745849609375,88.4865493774414,87.63388061523438,88.43865203857422,4575072,89.34529495239258,3776768.9,16.491121615551698,42.81246260574535,True,False
2014-01-15 20:00:00,88.8697738647461,88.97516632080078,86.93449401855469,87.62429809570312,5104474,89.23990834554037,3839785.033333333,17.2722493718025,39.56617995767825,True,False
2014-01-16 20:00:00,87.49974822998047,88.08416748046875,87.24107360839844,87.92129516601562,3942336,89.15911178588867,3801979.533333333,17.997582288321098,41.313912305230836,True,False
2014-01-17 20:00:00,87.8925552368164,88.10332489013672,86.7524642944336,86.77162170410156,4104017,89.03073145548503,3799662.3666666667,19.016105389021384,36.868999421919554,True,False
2014-01-21 20:00:00,87.39436340332031,87.68177795410156,85.63153076171875,86.19678497314453,5196848,88.92023493448893,3813885.533333333,20.645156561902347,34.85005182710637,True,False
2014-01-22 20:00:00,86.72371673583984,87.45184326171875,85.89020538330078,87.145263671875,4096501,88.86626408894857,3803580.0,22.157846936720382,40.62726634825222,True,False
2014-01-23 20:00:00,86.85784912109375,86.85784912109375,85.43033599853516,85.66985321044922,4565365,88.74746449788411,3779733.2333333334,23.824107199228163,35.3726398454774,True,False
2014-01-24 20:00:00,85.03752899169922,85.10459899902344,83.9166030883789,84.30940246582031,4941332,88.604074605306,3802797.1666666665,26.08180966021362,31.34667170542822,True,False
2014-01-27 20:00:00,84.26150512695312,84.44353485107422,83.15972900390625,83.43756866455078,3742558,88.46196212768555,3766710.433333333,28.463028740858196,29.063754596974007,True,True
2014-01-28 20:00:00,83.61959838867188,84.83634185791016,83.52379608154297,84.60640716552734,3093539,88.36839167277019,3721414.1,30.131936639686568,35.81294452492062,True,True
2014-01-29 20:00:00,83.62918090820312,84.68305206298828,83.3513412475586,84.13695526123047,4273943,88.26332422892253,3748698.3666666667,31.757398193488083,34.39737866778745,True,False
2014-01-30 20:00:00,85.01837158203125,85.48782348632812,82.872314453125,84.5968246459961,5764766,88.17869542439779,3814153.466666667,32.178755100533984,37.02339469289574,True,False
2014-01-31 20:00:00,84.0986328125,85.0087890625,83.1693115234375,83.8974380493164,6052326,88.09438603719076,3856607.2666666666,32.57001508564803,34.745457705258374,True,False
2014-02-03 20:00:00,84.11779022216797,84.64472961425781,83.51421356201172,83.5812759399414,6500940,87.93407033284505,3904697.433333333,32.93332792896821,33.734988156401336,True,False
2014-02-04 20:00:00,83.75373077392578,84.34772491455078,82.94895935058594,83.4854736328125,6458459,87.74916458129883,3972709.8,33.62860712073466,33.417845636413915,True,False
2014-02-05 20:00:00,83.74414825439453,84.0986328125,82.29747772216797,83.62918090820312,5835325,87.57320073445638,3994302.0,34.645705922482755,34.41387773834006,True,False
2014-02-06 20:00:00,83.93576049804688,85.22914123535156,83.93576049804688,84.76927185058594,5611331,87.42150751749675,4103501.6666666665,34.05921405286927,41.84641975877105,True,False
2014-02-07 20:00:00,85.07585144042969,87.09736633300781,84.64472961425781,86.79078674316406,5158229,87.32921422322592,4242226.266666667,31.662686166715577,52.1918682883375,True,False
2014-02-10 20:00:00,86.65665435791016,87.29855346679688,86.37881469726562,86.88658905029297,4535722,87.22254994710286,4322165.466666667,29.531557914371508,52.62203124682081,True,False
2014-02-11 20:00:00,86.99197387695312,88.23745727539062,86.92491149902344,87.7584228515625,3937117,87.11875991821289,4383758.6,28.28573049666071,56.461304870032706,False,True
2014-02-12 20:00:00,88.21829223632812,88.81229400634766,87.99794006347656,88.32368469238281,3496331,87.04339243570963,4422708.766666667,27.5337979263644,58.792860312129,False,True
2014-02-13 20:00:00,87.5763931274414,88.63026428222656,87.32730102539062,88.40032958984375,3870420,86.9530153910319,4458144.9,26.205188758285523,59.11258652138136,False,True
2014-02-14 20:00:00,90.69009399414062,92.03137969970705,90.3164520263672,91.74396514892578,9163817,87.01401214599609,4667835.7,26.860698850751444,70.03540196995424,False,False
2014-02-18 20:00:00,92.0697021484375,92.4816665649414,91.31283569335938,92.24215698242188,6052535,87.10215403238932,4770497.866666666,27.652915793121817,71.26705247638118,False,False
2014-02-19 20:00:00,92.02179718017578,92.4529266357422,90.89128875732422,90.9583511352539,5606217,87.13856048583985,4846843.0,28.008748832291822,63.97007022794511,False,False
2014-02-20 20:00:00,91.01583862304688,91.58109283447266,90.7763214111328,91.39906311035156,3995151,87.13377024332682,4851595.666666667,28.233116479538687,65.28415218928754,False,True
2014-02-21 20:00:00,91.32241821289062,91.94515228271484,90.92961120605467,91.38948059082033,3857895,87.15293146769206,4857708.733333333,28.62228600900746,65.22844572257938,False,True
2014-02-24 20:00:00,92.1367645263672,92.52957153320312,91.69606018066406,92.04096221923828,4829022,87.19221216837565,4909779.133333334,29.266776403790033,67.27305556657774,False,True
2014-02-25 20:00:00,91.84934997558594,92.02179718017578,91.12122344970705,91.80144500732422,3021623,87.25512491861979,4891982.8,29.279849148807706,65.74249071797496,False,True
2014-02-26 20:00:00,91.97389221191406,91.97389221191406,90.6613540649414,91.20744323730467,3914572,87.37200826009115,4843259.433333334,28.84082871228643,61.9765484168215,False,True
2014-02-27 20:00:00,91.10205841064452,91.5427703857422,90.7092514038086,91.52360534667967,2966303,87.47484003702799,4789633.8,28.433166878373818,63.18534980766199,False,True
2014-02-28 20:00:00,91.73438262939452,93.0948257446289,91.73438262939452,92.47209167480467,4173323,87.63643315633138,4758595.433333334,28.93506679994864,66.61436201702791,False,True
2014-03-03 20:00:00,91.772705078125,92.80741119384766,91.47570037841795,92.02179718017578,3550086,87.77311655680339,4745520.433333334,29.1304124286068,63.586317385258305,False,True
2014-03-04 20:00:00,92.5008316040039,93.57386016845705,92.36669921875,93.14273071289062,3452180,87.98548685709635,4723792.533333333,29.711806557599925,67.54169656007032,False,True
2014-03-05 20:00:00,93.37266540527344,93.65050506591795,92.71160125732422,92.78824615478516,3197290,88.20520222981771,4657140.6,30.290873257782557,65.13222621153598,False,True
2014-03-06 20:00:00,92.02179718017578,92.5008316040039,91.79186248779295,92.23257446289062,3116606,88.3747792561849,4624477.433333334,29.828638826444976,61.43262969663983,False,True
2014-03-07 20:00:00,93.2002182006836,93.32476043701172,92.29963684082033,93.05650329589844,3097401,88.62100092569987,4575545.3,29.885065349517934,64.63984903138387,False,True
2014-03-09 20:00:00,93.06608581542967,93.28643798828124,92.5678939819336,93.14273071289062,2502762,88.9154452006022,4494259.633333334,29.937461406657103,64.96817988425545,False,True
2014-03-10 20:00:00,93.315185546875,93.38224792480467,92.05054473876952,92.36669921875,2600251,89.21308288574218,4456182.733333333,29.416742091393576,59.60413245852617,False,True
2014-03-11 20:00:00,91.83976745605467,92.43376922607422,91.5427703857422,92.34754180908205,3178084,89.471120707194,4459000.9,28.40236433111148,59.473588080763804,False,True
2014-03-12 20:00:00,92.65412139892578,92.85531616210938,91.52360534667967,91.79186248779295,2736672,89.72628428141276,4407758.533333333,27.771670589131524,55.66522864168555,False,True
2014-03-13 20:00:00,91.39906311035156,92.51998901367188,91.29367065429688,92.47209167480467,3080596,89.98879318237304,4318286.2,26.935749225325928,59.11648872823838,False,True
2014-03-16 20:00:00,92.5870590209961,92.93196105957033,92.33795928955078,92.78824615478516,2553594,90.28515345255533,4201661.8,26.480366135913616,60.649727255867525,False,True
2014-03-17 20:00:00,93.03734588623048,93.73673248291016,92.51998901367188,93.1810531616211,3019744,90.60514602661132,4085621.933333333,26.631687016640967,62.52995443481157,False,True
2014-03-18 20:00:00,93.17147064208984,93.2960205078125,90.56554412841795,91.14996337890624,4797709,90.86062901814779,4030263.6,24.849945658620186,49.38898849103362,False,False
2014-03-19 20:00:00,90.76673889160156,90.7763214111328,87.37519836425781,89.03264617919922,11349899,91.04074452718099,4214082.733333333,24.907834928634404,39.961035676191194,True,False
2014-03-20 20:00:00,89.45419311523438,91.0541534423828,88.8218765258789,90.12483978271484,11467532,91.21926345825196,4409289.433333334,24.740770611036975,45.71737631361605,True,False
2014-03-23 20:00:00,90.4314193725586,90.6421890258789,89.35839080810547,89.9332275390625,4577995,91.3240114847819,4389948.3,24.58563945898222,44.90397219893501,True,False
2014-03-24 20:00:00,90.58470916748048,91.140380859375,90.20148468017578,90.68051147460938,4532069,91.45047556559244,4389826.533333333,24.015469365995482,48.73481777199413,True,False
2014-03-25 20:00:00,90.8433837890625,90.96793365478516,89.46377563476562,89.6170654296875,5498917,91.51243031819662,4441886.533333333,23.915077177863513,44.04178325003323,True,False
2014-03-26 20:00:00,89.6170654296875,90.85296630859376,89.14761352539062,90.67093658447266,4563382,91.59067204793294,4477454.9,23.99970520896499,49.25672690224603,True,False
2014-03-27 20:00:00,91.06373596191406,91.58109283447266,90.3451919555664,91.5427703857422,4450550,91.69542007446289,4496792.566666666,23.417953146107976,53.14678443617017,True,True
2014-03-30 20:00:00,91.99305725097656,92.02179718017578,91.0445785522461,91.29367065429688,4050784,91.68041025797525,4326358.133333334,22.497462773151813,51.92201779478276,True,True
2014-03-31 20:00:00,91.38948059082033,91.39906311035156,90.6421890258789,90.92002868652344,4604089,91.63633931477865,4278076.6,21.919010933242625,50.05855080847324,True,False
2014-04-01 20:00:00,90.6421890258789,92.26131439208984,90.42183685302734,91.99305725097656,6867723,91.67082951863607,4320126.8,20.640591965531094,55.04807106246239,False,False
2014-04-02 20:00:00,92.40502166748048,92.60621643066406,92.0026397705078,92.46250915527344,3724396,91.70627772013346,4311101.633333334,19.17405259198591,57.06892052572429,False,True
2014-04-03 20:00:00,92.8840560913086,92.9127960205078,90.39309692382812,90.58470916748048,5862255,91.67945200602213,4377913.633333334,18.94647649674419,47.81023346446438,True,False
2014-04-06 20:00:00,90.7475814819336,90.83380126953124,89.63622283935547,89.66497039794922,4641769,91.60025227864584,4371671.866666666,19.182240177886648,44.041369933137446,True,False
2014-04-07 20:00:00,89.88532257080078,91.0254135131836,89.35839080810547,90.96793365478516,3443725,91.57246856689453,4385741.933333334,19.56005536959886,50.04878899241289,True,True
2014-04-08 20:00:00,91.39906311035156,92.0026397705078,90.8433837890625,91.94515228271484,3247600,91.5970588684082,4363509.533333333,19.041586672154857,54.03442642769839,False,True
2014-04-09 20:00:00,91.772705078125,92.34754180908205,90.39309692382812,90.47932434082033,4330307,91.56224950154622,4408976.333333333,18.85001448415136,47.864987619195034,True,True
2014-04-10 20:00:00,90.1439971923828,91.0924835205078,89.4158706665039,89.4158706665039,5336088,91.4603754679362,4447735.166666667,19.255181064040578,43.944832998234425,True,False
2014-04-13 20:00:00,90.07693481445312,90.80506134033205,89.39671325683594,90.36434936523438,3071202,91.40512720743816,4431772.366666666,19.642492390147932,48.03280760330206,True,True
2014-04-14 20:00:00,90.39309692382812,91.17870330810548,89.80867767333984,90.92002868652344,4191485,91.33103713989257,4456415.866666666,19.633453845977122,50.31875557277318,True,True
2014-04-15 20:00:00,91.6385726928711,91.94515228271484,91.140380859375,91.79186248779295,3976885,91.29782435099284,4482402.366666666,18.90974264198987,53.75582477119059,False,True
2014-04-16 20:00:00,91.40863800048828,92.72118377685548,91.39906311035156,92.54873657226562,4810965,91.30836308797201,4538881.0,17.582932053211522,56.56519090663824,False,False
2014-04-20 20:00:00,92.67327880859376,93.4109878540039,92.54873657226562,93.3630828857422,2848252,91.31858240763346,4530576.033333333,16.834845888398554,59.421575419848416,False,True
2014-04-21 20:00:00,93.13314819335938,93.58344268798828,92.72118377685548,92.8648910522461,3436627,91.30932108561198,4561704.866666666,16.27013667638738,56.95397439874882,False,True
2014-04-22 20:00:00,92.61579895019533,93.42057037353516,92.54873657226562,92.71160125732422,3117337,91.32081782023111,4578941.066666666,15.585060551763842,56.18090087335455,False,True
2014-04-23 20:00:00,92.9990234375,93.2960205078125,92.21340942382812,93.06608581542967,2057906,91.34476928710937,4541601.8,14.633004502611355,57.61371827364494,False,True
2014-04-24 20:00:00,93.06608581542967,93.10440826416016,92.24215698242188,92.32837677001952,2560379,91.36265309651692,4535725.366666666,13.748952456969759,53.67992297583216,False,True
2014-04-27 20:00:00,92.72118377685548,93.15231323242188,92.11760711669922,92.62538146972656,4409947,91.36776275634766,4580037.066666666,12.799891929965495,55.01175007581048,False,True
2014-04-28 20:00:00,93.17147064208984,94.0912094116211,92.74992370605467,92.80741119384766,3415439,91.36840159098307,4608765.233333333,12.805082600107255,55.849620174062366,False,True
2014-04-29 20:00:00,92.67327880859376,92.67327880859376,91.46612548828124,91.73438262939452,2934154,91.32017923990885,4605912.233333333,12.221569822936832,49.94461943233191,False,True
2014-04-30 20:00:00,91.72480010986328,91.78228759765624,90.94876861572266,91.00625610351562,3276199,91.31538899739583,4555195.233333333,12.1093723083863,46.36244816269846,True,True
2014-05-01 20:00:00,90.90087127685548,91.17870330810548,90.44099426269533,90.47932434082033,3680557,91.36361160278321,4299550.5,12.404069290315606,43.908108983585706,True,True
2014-05-04 20:00:00,90.85296630859376,91.37989807128906,89.86615753173828,90.7284164428711,5898682,91.38373082478842,4113922.1666666665,13.101340498340875,45.3801139396357,True,False
2014-05-05 20:00:00,90.82422637939452,92.11760711669922,90.54638671875,91.81102752685548,4859709,91.44632415771484,4123312.6333333333,12.9710390874577,51.35518337091614,False,False
2014-05-06 20:00:00,92.17508697509766,92.34754180908205,91.38948059082033,92.19425201416016,3534533,91.49678217569986,4090061.433333333,12.619153787310188,53.30256323517643,False,True
2014-05-07 20:00:00,92.33795928955078,92.4529266357422,91.07331848144533,91.19786834716795,2787086,91.54947560628256,3999667.066666667,12.563283730567363,47.93002192523768,True,True
2014-05-08 20:00:00,91.80144500732422,92.30921936035156,91.3607406616211,92.07928466796876,3852258,91.59642054239909,3975962.933333333,12.511404392163316,52.49185044315777,False,True
2014-05-11 20:00:00,92.4529266357422,92.67327880859376,92.10802459716795,92.37628173828124,3709679,91.62420425415038,3951267.2333333334,12.046232269081269,53.95565671943044,False,True
2014-05-12 20:00:00,92.69244384765624,94.00498962402344,92.42418670654295,93.4301528930664,3720012,91.69542032877604,3940241.5,12.048675771356127,58.805970161853935,False,True
2014-05-13 20:00:00,92.95111846923828,93.43972778320312,92.78824615478516,93.2960205078125,2650770,91.77462005615234,3875130.8666666667,12.050944737754207,57.96898068264732,False,True
2014-05-14 20:00:00,92.9990234375,93.19063568115234,92.07928466796876,92.98944091796876,3673460,91.80783284505209,3768655.433333333,11.290299677385141,56.00682349256736,False,True
2014-05-15 20:00:00,93.03734588623048,93.03734588623048,91.32241821289062,91.67689514160156,4115081,91.78164571126302,3781678.2666666666,11.09876719462538,48.44625809822099,True,False
2014-05-18 20:00:00,91.69606018066406,92.30921936035156,91.66732025146484,91.91641235351562,2764854,91.82603581746419,3678431.566666667,10.920915603491313,49.778580315347085,False,True
2014-05-19 20:00:00,91.78228759765624,92.23257446289062,91.37989807128906,91.45654296875,3237997,91.88575490315755,3631639.1666666665,11.027776629267237,47.25355344803745,True,True
2014-05-20 20:00:00,91.60983276367188,93.73673248291016,91.49486541748048,93.4972152709961,4194303,91.97006429036459,3656658.433333333,10.88022352806133,57.544988076123396,False,False
2014-05-21 20:00:00,93.50679779052734,93.91876220703124,92.93196105957033,93.15231323242188,2858272,92.01030298868815,3643680.8333333335,10.900481733869482,55.571467087083825,False,True
2014-05-22 20:00:00,93.4109878540039,93.593017578125,92.84573364257812,92.90321350097656,2693877,92.09109929402669,3589133.1666666665,10.822519957313357,54.127638920420274,False,True
2014-05-26 20:00:00,92.9990234375,93.4780502319336,92.36669921875,93.3630828857422,3450614,92.22267303466796,3526284.033333333,10.217075934348127,56.38077545678327,False,True
2014-05-27 20:00:00,93.52595520019533,95.09717559814452,93.26728057861328,94.89598083496094,5959952,92.37372741699218,3622575.7,11.03819113652619,62.91889058535052,False,False
2014-05-28 20:00:00,94.99179077148438,95.69117736816406,94.76185607910156,95.64327239990234,5137771,92.53116887410482,3654118.566666667,12.20696242697773,65.62403839042074,False,False
2014-05-29 20:00:00,95.23130798339844,95.5666275024414,94.86724090576172,95.50914001464844,4501173,92.655078125,3671594.8333333335,13.292250053825589,64.71150651945182,False,False
2014-06-01 20:00:00,95.60494995117188,96.25643157958984,95.23130798339844,95.57621002197266,3365755,92.7559939066569,3623421.1666666665,14.762243629209811,64.9737820199735,False,True
2014-06-02 20:00:00,95.60494995117188,96.31391143798828,95.32711029052734,96.03607940673828,3140613,92.8450937906901,3633166.533333333,16.16471968908558,66.79602192264599,False,True
2014-06-03 20:00:00,95.64327239990234,96.12229919433594,95.38459777832033,95.95943450927734,3224010,92.94824523925782,3626079.3,17.467018887541652,66.1780627415128,False,True
2014-06-04 20:00:00,96.4767837524414,96.73545837402344,95.47081756591795,96.66839599609376,4854699,93.0801383972168,3683991.3666666667,19.095205076164113,69.03201207476768,False,False
2014-06-05 20:00:00,96.34265899658205,96.63965606689452,95.82530212402344,96.17020416259766,3995568,93.18360900878906,3748580.1,20.607092251313542,64.88845023264585,False,False
2014-06-08 20:00:00,95.97859191894533,96.62049102783205,95.75823974609376,95.98817443847656,2524682,93.3056022644043,3747390.2,21.898653373031546,63.391239516242,False,True
2014-06-09 20:00:00,95.80614471435548,96.0648193359375,95.49956512451172,95.78697967529295,2855976,93.4109888712565,3695591.1666666665,22.657097272705123,61.696757704170146,False,True
2014-06-10 20:00:00,95.49956512451172,95.9306869506836,95.48998260498048,95.70075225830078,3165872,93.50743357340495,3687272.2666666666,23.34459120276113,60.94486105962738,False,True
2014-06-11 20:00:00,96.1797866821289,97.3869400024414,96.08397674560548,97.00371551513672,5237764,93.68307800292969,3764059.2666666666,25.070508909068113,67.40843220125744,False,False
2014-06-12 20:00:00,97.37736511230467,98.91984558105467,97.18575286865234,98.9006805419922,4535200,93.94622548421223,3806025.966666667,27.43469540360479,74.12302513001138,False,False
2014-06-15 20:00:00,99.0156478881836,99.44677734375,98.70906829833984,99.0156478881836,4445226,94.23076960245768,3831514.933333333,29.838958326216805,74.46636711376783,False,False
2014-06-16 20:00:00,98.41207122802734,98.57494354248048,97.7701644897461,98.43122863769533,3498106,94.48753000895182,3751495.7333333334,30.71009021626295,69.42374812519918,False,True
2014-06-17 20:00:00,98.3354263305664,99.03480529785156,97.7031021118164,98.91984558105467,2908164,94.72449061075847,3686444.2333333334,31.762203423210682,71.180883962779,False,True
2014-06-18 20:00:00,99.00606536865234,99.29348754882812,98.66116333007812,99.0156478881836,3295822,94.95187047322591,3678487.2,32.87307808539409,71.52639008629251,False,True
2014-06-19 20:00:00,99.2455825805664,99.77251434326172,98.89109802246094,99.63838958740234,7623520,95.23322118123373,3839701.6666666665,34.14594410630058,73.7310165812224,False,False
2014-06-22 20:00:00,99.78209686279295,101.20960998535156,99.77251434326172,100.77848052978516,5215010,95.5231943766276,3885126.7333333334,35.93236498463541,77.2100047895985,False,False
2014-06-23 20:00:00,100.95093536376952,100.96051025390624,96.88874816894533,97.19532775878906,5784702,95.68382924397787,3954294.1666666665,34.51546783114621,53.31262558509944,False,False
2014-06-24 20:00:00,97.20491027832033,98.45996856689452,97.07078552246094,98.3162612915039,4941437,95.84669952392578,3995008.3333333335,33.19977761719195,57.72120359887948,False,False
2014-06-25 20:00:00,98.52703857421876,98.52703857421876,97.0420379638672,98.3354263305664,2658180,96.01467971801758,3995255.3333333335,32.021485016272386,57.794584289139785,False,True
2014-06-26 20:00:00,98.00968170166016,98.27793884277344,96.71630096435548,97.92345428466795,4403789,96.17914683024088,4019599.6333333333,30.623016136426124,55.562138839414274,False,False
2014-06-29 20:00:00,97.61687469482422,98.82403564453124,97.61687469482422,98.32584381103516,4274778,96.40077845255534,4024922.8666666667,29.711187699317172,57.29719569567286,False,False
2014-06-30 20:00:00,99.41803741455078,99.6767120361328,98.41207122802734,98.48871612548828,3459382,96.61985524495442,4048073.8,29.417131669582954,58.011812094811,False,True
2014-07-01 20:00:00,98.43122863769533,98.6132583618164,97.03246307373048,97.95220184326172,5580331,96.83637720743815,4126151.6,27.879330526239066,54.760895505631055,False,False
2014-07-02 20:00:00,98.03842163085938,98.44081115722656,97.5019073486328,97.8851318359375,2520402,96.98264109293619,4070354.9,26.451372321705453,54.35085428340771,False,True
2014-07-06 20:00:00,97.98094177246094,98.02884674072266,97.0420379638672,97.32946014404295,3006592,97.12187932332357,4075298.9,24.72711350560191,50.94715254661787,False,True
2014-07-07 20:00:00,97.2240753173828,98.09590911865234,97.07078552246094,97.6072998046875,2660581,97.27868220011393,4074189.033333333,23.182197810756776,52.54732386563008,False,True
2014-07-08 20:00:00,97.7893295288086,98.00010681152344,97.19532775878906,97.6743621826172,2356634,97.42239151000976,4037723.033333333,21.747633236972007,52.94631686449732,False,True
2014-07-09 20:00:00,96.86959075927734,97.2911376953125,95.70075225830078,96.19894409179688,5036212,97.46582361857097,4006931.7,21.24147249229741,44.15075582448934,True,False
2014-07-10 20:00:00,96.33307647705078,96.4959487915039,95.5474624633789,96.2660140991211,3252505,97.48658167521158,3944089.5,20.885280074669748,44.601287568569454,True,True
2014-07-13 20:00:00,96.71630096435548,97.13784790039062,96.53427124023438,96.9749755859375,2726130,97.53544286092122,3884921.4,19.909634485323277,49.26070380062568,True,True
2014-07-14 20:00:00,97.05162048339844,97.27197265625,95.10675811767578,95.34627532958984,3968743,97.52777837117513,3905021.0,20.042923759229648,40.775951861729496,True,False
2014-07-15 20:00:00,95.64327239990234,97.63603973388672,95.64327239990234,97.46358489990234,3237162,97.57536188761394,3908239.3,19.807501790686864,52.282479506660216,True,True
2014-07-16 20:00:00,97.6072998046875,97.8851318359375,95.64327239990234,95.75823974609376,2903676,97.56865539550782,3897561.5,19.342657007231132,44.74236789481892,True,True
2014-07-17 20:00:00,95.83488464355467,96.7737808227539,95.32711029052734,96.69713592529295,3536934,97.56961339314779,3853636.0,19.15127529603151,49.09518505777168,True,True
2014-07-20 20:00:00,96.91749572753906,96.91749572753906,95.83488464355467,96.36181640625,2720389,97.5760004679362,3811130.033333333,18.81825320444324,47.651473492756125,True,True
2014-07-21 20:00:00,96.72588348388672,97.73184204101562,96.51510620117188,97.02288055419922,2682083,97.61049067179361,3816376.7333333334,17.673913442546294,50.72767008174425,True,True
2014-07-22 20:00:00,97.00371551513672,97.46358489990234,96.50552368164062,97.33904266357422,1767528,97.66222610473633,3780095.1333333333,16.620285458787567,52.17515515441041,True,True
2014-07-23 20:00:00,97.27197265625,97.32946014404295,96.14146423339844,96.64923858642578,2455584,97.69384231567383,3756418.8666666667,15.990162511947256,48.80626255061597,True,True
2014-07-24 20:00:00,96.17020416259766,96.69713592529295,95.80614471435548,95.89236450195312,2703376,97.65679728190104,3671939.2666666666,15.717559760610929,45.34647440747016,True,True
2014-07-27 20:00:00,95.9977569580078,96.3809814453125,95.32711029052734,95.6336898803711,2443789,97.54789759318034,3602225.566666667,15.891247642605586,44.19342870368021,True,True
2014-07-28 20:00:00,95.37501525878906,95.7486572265625,95.09717559814452,95.16423797607422,2355173,97.4195172627767,3532557.1333333333,16.251163041316477,42.101152822641566,True,True
2014-07-29 20:00:00,95.57621002197266,96.10314178466795,93.96666717529295,93.9954071044922,4434476,97.27165654500325,3563769.466666667,17.44646947663637,37.35874612640441,True,False
2014-07-30 20:00:00,94.68521118164062,94.9343032836914,93.39183044433594,93.6121826171875,5682621,97.09473444620768,3656251.3666666667,18.92524036261863,35.92970502348381,True,False
2014-07-31 20:00:00,93.5451202392578,94.78101348876952,92.75950622558594,93.78462982177734,5414684,96.92036717732748,3726880.1,20.66792458588949,37.09576240396245,True,False
2014-08-03 20:00:00,94.61814880371094,96.98455810546876,94.48401641845705,96.52468872070312,5348300,96.8165771484375,3651039.433333333,19.84027256189311,52.0336265658125,True,False
2014-08-04 20:00:00,96.03607940673828,96.05523681640624,94.28282165527344,94.9534683227539,4921501,96.62241007486979,3641255.8,19.220800433597507,45.37897690404489,True,False
2014-08-05 20:00:00,94.7714385986328,96.33307647705078,94.57982635498048,95.24088287353516,3035087,96.557261912028,3549601.966666667,18.383471828304273,46.72128186167681,True,True
2014-08-06 20:00:00,95.37501525878906,95.5666275024414,93.66966247558594,94.16785430908205,3405836,96.4189816792806,3498415.2666666666,18.295108330761728,42.52008789896759,True,True
2014-08-07 20:00:00,94.51275634765624,95.66242980957033,94.23492431640624,95.61453247070312,3137377,96.32828521728516,3514388.5,18.11528043699958,49.15792480410745,True,True
2014-08-10 20:00:00,95.9977569580078,96.81210327148438,95.34627532958984,95.58578491210938,2579793,96.25036290486653,3453588.6333333333,16.863294593939006,49.0367406589306,True,True
2014-08-11 20:00:00,95.23130798339844,96.17020416259766,94.89598083496094,95.62410736083984,3111283,96.16030502319336,3414805.466666667,16.073095440328412,49.216467168538436,True,True
2014-08-12 20:00:00,95.79656219482422,96.72588348388672,95.03011322021484,95.79656219482422,2561527,96.0705665588379,3384876.966666667,15.003033593546297,50.06981274855541,True,True
2014-08-13 20:00:00,96.08397674560548,96.5917510986328,95.55704498291016,95.77739715576172,3613338,95.99807306925456,3319310.533333333,14.009404735820047,49.96932236283112,True,False
2014-08-14 20:00:00,95.83488464355467,96.39055633544922,95.16423797607422,96.2468490600586,4465371,95.94346364339192,3384142.8333333335,13.296833887727638,52.48494702368003,False,False
2014-08-17 20:00:00,96.55342864990234,96.677978515625,95.3175277709961,96.3809814453125,3099697,95.91184768676757,3387246.3333333335,12.349673453553768,53.20888289728612,False,True
2014-08-18 20:00:00,96.84085083007812,97.82765197753906,96.42887878417967,97.53065490722656,3300310,95.90929285685222,3408570.6333333333,12.47955752958023,58.97802210829566,False,True
2014-08-19 20:00:00,97.1091079711914,97.62645721435548,96.68756103515624,97.4731674194336,2003107,95.9025863647461,3396786.4,12.600164171604801,58.58902410128297,False,True
2014-08-20 20:00:00,97.4923324584961,98.2012939453125,97.28155517578124,97.98094177246094,2782494,95.9619862874349,3321662.466666667,13.178566133175078,61.03373795523228,False,True
2014-08-21 20:00:00,97.95220184326172,98.50787353515624,97.6743621826172,98.14381408691406,3195202,96.02457962036132,3319752.3666666667,13.95279873700748,61.812482794015786,False,True
2014-08-24 20:00:00,98.57494354248048,99.20726013183594,98.36416625976562,98.9485855102539,3327970,96.09036661783854,3339813.7,15.177881992148954,65.48316940542955,False,True
2014-08-25 20:00:00,99.2264175415039,99.35096740722656,98.77613067626952,98.82403564453124,2387425,96.20629196166992,3287103.1,16.414962986524422,64.45062574833148,False,True
2014-08-26 20:00:00,99.07312774658205,99.3318099975586,98.6324234008789,99.0443878173828,2331375,96.2589853922526,3256910.2,17.36199286903712,65.48747176595799,False,True
2014-08-27 20:00:00,98.91026306152344,100.09825897216795,98.7665557861328,99.64796447753906,2932589,96.38864288330078,3257873.966666667,18.789193498102357,68.22157237584976,False,True
2014-08-28 20:00:00,98.6994857788086,99.70545196533205,98.6994857788086,99.37970733642578,2594614,96.47806193033854,3226463.3,20.014655961247396,65.72927369359421,False,True
2014-09-01 20:00:00,99.09229278564452,99.34139251708984,97.79891204833984,98.06716918945312,2832386,96.53490702311198,3230196.533333333,19.907370322851957,55.11903212586755,False,True
2014-09-02 20:00:00,98.84320068359376,99.2264175415039,98.09590911865234,98.15339660644533,3109300,96.57259089152018,3244437.1,19.80774794434191,55.62580695104272,False,True
2014-09-03 20:00:00,98.34500122070312,99.130615234375,97.63603973388672,98.07675170898438,3952356,96.59718119303385,3317264.7,19.117740249853323,55.03099086456527,False,False
2014-09-04 20:00:00,98.04800415039062,98.27793884277344,96.5438461303711,97.06120300292967,4972541,96.61091334025065,3401163.2666666666,18.23051111263356,47.7457590419502,False,False
2014-09-07 20:00:00,96.045654296875,96.11272430419922,93.9954071044922,94.41695404052734,5188603,96.56173299153646,3484004.1666666665,19.256705528801458,34.82010802047534,True,False
2014-09-08 20:00:00,94.38821411132812,95.10675811767578,93.68882751464844,94.225341796875,4337509,96.51478805541993,3547128.1666666665,20.376737284647856,34.09970773216772,True,False
2014-09-09 20:00:00,94.33072662353516,94.46485900878906,93.4972152709961,94.4073715209961,3700911,96.48955917358398,3591986.1,21.52287802735691,35.46566878195176,True,False
2014-09-10 20:00:00,93.75588989257812,94.30198669433594,93.25769805908205,94.225341796875,3282671,96.49722366333008,3553592.6,22.722570976318632,34.69128535529583,True,True
2014-09-11 20:00:00,93.89002227783205,94.01456451416016,92.9798583984375,93.315185546875,3019744,96.48732376098633,3464830.033333333,23.994802423213944,31.04163836914942,True,True
2014-09-14 20:00:00,93.02776336669922,94.41695404052734,92.29963684082033,94.16785430908205,4571732,96.50009791056316,3436731.6333333333,25.54357483096833,37.65856532946968,True,False
2014-09-15 20:00:00,93.34392547607422,95.0492706298828,93.315185546875,94.4265365600586,3973336,96.43015950520834,3390899.5,26.15247899992957,39.5535731298181,True,False
2014-09-16 20:00:00,94.3211441040039,95.01094818115234,93.76547241210938,94.05288696289062,3845996,96.40014012654622,3355049.3333333335,26.71789001396501,37.76775216395181,True,False
2014-09-17 20:00:00,94.36904907226562,94.55107879638672,93.4972152709961,93.76547241210938,2459028,96.35095977783203,3335847.3666666667,27.420605573354482,36.40613297768292,True,True
2014-09-18 20:00:00,94.225341796875,94.50318145751952,93.593017578125,93.6121826171875,4121239,96.3324373881022,3359694.1333333333,28.073127164216135,35.667553857455324,True,False
2014-09-21 20:00:00,93.45889282226562,93.52595520019533,92.12718963623048,92.84573364257812,3595803,96.24014409383138,3374975.0,29.553525953135022,32.15498042587568,True,False
2014-09-22 20:00:00,92.72118377685548,93.0948257446289,92.15592956542967,92.41460418701172,3865932,96.13443806966146,3417846.3,30.928181971416844,30.344707038785835,True,False
2014-09-23 20:00:00,93.4301528930664,94.99179077148438,92.26131439208984,94.28282165527344,5890228,96.08972854614258,3510477.8,29.81769899250983,44.83729349390525,True,False
2014-09-24 20:00:00,93.75588989257812,94.23492431640624,92.32837677001952,92.71160125732422,5587742,95.98689651489258,3611351.6333333333,28.786536226381884,37.727676577099885,True,False
2014-09-25 20:00:00,92.5870590209961,94.38821411132812,92.53915405273438,94.225341796875,4649493,95.93516133626302,3645890.1333333333,27.659142037396613,46.525105456370966,True,False
2014-09-28 20:00:00,92.93196105957033,93.37266540527344,91.98347473144533,93.15231323242188,5387337,95.83201014200846,3676622.3333333335,27.0750913919759,41.995993284094354,True,False
2014-09-29 20:00:00,93.34392547607422,93.39183044433594,91.6864776611328,92.11760711669922,5304670,95.68989766438803,3750121.433333333,26.769174757128535,38.14031811969337,True,False
2014-09-30 20:00:00,91.98347473144533,92.97028350830078,90.22064208984376,90.33560943603516,6383516,95.4500628153483,3852894.966666667,27.473987853429264,32.59072215149341,True,False
2014-10-01 20:00:00,89.89490509033203,91.80144500732422,89.32964324951172,91.2266082763672,5847016,95.2418441772461,3981025.2666666666,28.60389890550301,37.488422402198054,True,False
2014-10-02 20:00:00,92.12718963623048,92.24215698242188,90.68051147460938,91.93557739257812,5421469,95.04033203125,4068991.1,29.110727603838946,41.15226764558925,True,False
2014-10-05 20:00:00,92.24215698242188,93.06608581542967,91.73438262939452,93.00860595703124,5206138,94.86915842692058,4136022.3,28.646923953649807,46.28383798862467,True,False
2014-10-06 20:00:00,91.49486541748048,92.46250915527344,90.89128875732422,90.89128875732422,5592335,94.60058186848958,4211501.133333334,28.747054216724585,39.04814281076381,True,False
2014-10-07 20:00:00,90.65177154541016,91.64815521240234,88.93684387207031,91.5523452758789,5650055,94.3581921895345,4320255.466666667,29.806276610759834,42.09201692213834,True,False
2014-10-08 20:00:00,91.07331848144533,91.14996337890624,88.13207244873047,88.64942169189453,5716439,94.01169331868489,4433090.933333334,31.10815480340013,34.05039586377423,True,False
2014-10-09 20:00:00,88.687744140625,89.24342346191406,86.80994415283203,87.72010040283203,6272458,93.614097849528,4544419.9,32.772141529205435,31.94623692255789,True,False
2014-10-12 20:00:00,87.49974822998047,88.38116455078125,84.02198791503906,84.2136001586914,6819709,93.10856094360352,4685256.4,35.026565507528325,25.534491612392333,True,False
2014-10-13 20:00:00,84.75969696044922,85.33453369140625,82.48908996582031,82.92021942138672,6905403,92.60366261800131,4821023.633333334,37.41095561173797,23.649072658416223,True,False
2014-10-14 20:00:00,81.11905670166016,82.3741226196289,78.84845733642578,81.67473602294922,9691759,92.05437393188477,5040438.933333334,40.135237759014714,21.966989604824903,True,False
2014-10-15 20:00:00,80.04603576660156,83.49505615234375,79.787353515625,82.81482696533203,9163191,91.54564310709635,5214133.433333334,41.79042163200341,27.07988492210049,True,False
2014-10-16 20:00:00,83.67708587646484,86.79078674316406,83.67708587646484,84.65430450439453,9220808,91.13207982381185,5355742.333333333,41.217434769325685,34.53319767360964,True,False
2014-10-19 20:00:00,84.44353485107422,85.15249633789062,83.94534301757812,85.01837158203125,3957679,90.81879374186198,5314711.533333333,40.68537553969637,35.92903518601512,True,True
2014-10-20 20:00:00,86.76203918457031,87.54765319824219,85.84230041503906,87.25065612792969,4246074,90.5863042195638,5311663.7,38.92732530880703,43.83623604071681,True,True
2014-10-21 20:00:00,86.54168701171875,87.85423278808594,85.83272552490234,85.9381103515625,4441886,90.30399551391602,5336362.866666666,37.14637041348207,40.658875759589726,True,True
2014-10-22 20:00:00,86.44588470458984,87.7584228515625,85.46865844726562,87.19316864013672,4498146,90.06958974202475,5376878.7,35.63017465492484,44.780424057613644,True,True
2014-10-23 20:00:00,87.13568878173828,87.18358612060547,85.61236572265625,85.76565551757812,4920666,89.81793874104818,5440242.766666667,34.22227859340742,41.26940097197408,True,True
2014-10-26 20:00:00,84.3956298828125,84.54891967773438,81.97173309326172,82.84357452392578,10274915,89.44046274820964,5630348.866666666,34.152970024690894,35.18760299128732,True,False
2014-10-27 20:00:00,83.25553894042969,84.50101470947266,83.14057159423828,84.44353485107422,6061198,89.10769602457682,5699944.266666667,34.088612068025554,40.36933694602595,True,False
2014-10-28 20:00:00,85.27704620361328,86.22552490234375,84.60640716552734,85.1237564086914,4867955,88.81005833943685,5734009.566666666,33.06062846405576,42.475049761324954,True,True
2014-10-29 20:00:00,84.7117919921875,85.07585144042969,83.14057159423828,84.24234008789062,4672352,88.49262059529623,5807787.033333333,32.59469240951173,40.480299202504796,True,True
2014-10-30 20:00:00,84.83634185791016,85.24830627441406,83.59085845947266,85.20040130615234,5554237,88.21222788492838,5855553.633333334,32.06552787045307,43.581792445282055,True,True
2014-11-03 20:00:00,85.25788879394531,85.63153076171875,83.25553894042969,83.4854736328125,5602459,87.9002192179362,5922442.166666667,31.351361976684565,39.60363156112136,True,True
2014-11-04 20:00:00,82.17292785644531,82.49867248535156,80.95619201660156,81.7417984008789,6075289,87.54445902506511,5996087.4,31.460142682640594,36.00494606941158,True,False
2014-11-05 20:00:00,82.54656982421875,83.27469635009766,81.5118637084961,82.84357452392578,4434684,87.16315078735352,5947569.266666667,31.10574474462192,39.731534703985,True,True
2014-11-06 20:00:00,81.35857391357422,82.99686431884766,81.34899139404297,82.77650451660156,8053450,86.8319808959961,6029759.533333333,30.83298944384335,39.5804344191579,True,False
2014-11-07 20:00:00,82.8531494140625,84.74053192138672,82.62321472167969,84.34772491455078,5673853,86.50272699991862,6063904.866666666,29.5788674309863,44.8699040580214,True,True
2014-11-10 20:00:00,84.85549926757812,85.44950103759766,83.77288818359375,84.24234008789062,4780800,86.2057278951009,6043686.966666667,28.04225722651518,44.58795042159587,True,True
2014-11-11 20:00:00,84.10821533203125,85.56446838378906,83.40882873535156,85.37285614013672,5478250,85.98090286254883,6049472.966666667,26.778254182546807,48.33832280347524,True,True
2014-11-12 20:00:00,84.5776596069336,85.39201354980469,84.25192260742188,84.87466430664062,5766123,85.79887135823567,6028893.2,25.60453707029046,46.83401696566102,True,True
2014-11-13 20:00:00,84.00282287597656,84.54891967773438,81.5118637084961,82.6711196899414,8276087,85.51368840535481,6109862.233333333,25.65421294929143,40.7877873369256,True,False
2014-11-14 20:00:00,83.1693115234375,83.84953308105469,82.64237976074219,83.02560424804688,5705062,85.21668930053711,6119315.333333333,25.700340551220904,42.083141081085074,True,True
2014-11-17 20:00:00,82.872314453125,82.872314453125,82.1250228881836,82.29747772216797,7427499,84.85965169270834,6193360.7,25.940612156201787,40.140664178364254,True,False
2014-11-18 20:00:00,82.5369873046875,83.39924621582031,82.09628295898438,83.02560424804688,5187037,84.59746220906575,6179850.766666667,25.79946168070244,42.97528841556739,True,True
2014-11-19 20:00:00,82.80525207519531,83.08308410644531,81.80886840820312,82.43160247802734,4545324,84.29343744913737,6143026.4,25.791589317429814,41.25878145300773,True,True
2014-11-20 20:00:00,82.43160247802734,83.33218383789062,82.39328002929688,83.22679901123047,3911858,84.1126833597819,6082873.7,25.598144059743216,44.457135001444975,True,True
2014-11-21 20:00:00,84.34772491455078,84.61598205566406,83.2842788696289,83.92617797851562,7073972,83.98621927897135,6109590.833333333,24.511248895062927,47.181064930157774,True,False
2014-11-24 20:00:00,84.83634185791016,85.04711151123047,84.04114532470703,84.55850219726562,5882191,83.99771601359049,6078340.233333333,23.21831810378571,49.588259937917464,False,True
2014-11-25 20:00:00,84.5297622680664,84.66388702392578,82.52741241455078,82.7381820678711,7133781,83.99164810180665,6085952.833333333,22.81827124965682,43.44927204615281,True,False
2014-11-26 20:00:00,82.9872817993164,83.15972900390625,82.10586547851562,82.51782989501953,5888245,84.01975123087566,5959169.033333333,22.650804749090586,42.75918859581694,True,True
2014-11-28 20:00:00,78.80055236816406,78.95384216308594,75.21739959716797,76.424560546875,9151501,83.80674235026042,5958779.366666666,24.647726670378397,29.029163066353302,True,False
2014-12-01 20:00:00,77.2085189819336,79.9139175415039,76.23018646240234,79.31493377685547,16735150,83.62876332600912,6209257.433333334,25.923103642494915,39.03019727135851,True,False
2014-12-02 20:00:00,78.83575439453125,81.29157257080078,78.6660385131836,80.55282592773438,12108084,83.47991180419922,6480937.6,26.32590979517641,42.75107893666893,True,False
2014-12-03 20:00:00,81.20172119140625,83.04857635498047,80.5328598022461,82.95873260498047,9088551,83.33684768676758,6642353.5,25.80354716877147,49.23550828011775,True,False
2014-12-04 20:00:00,82.01034545898438,82.82894897460938,81.72084045410156,82.3996810913086,6859361,83.21890004475911,6722936.0,25.318496158538313,47.87843853580735,True,False
2014-12-05 20:00:00,81.91051483154297,82.33978271484375,81.06195831298828,81.34148406982422,7176801,83.02384389241537,6812224.5,25.0985199381553,45.331473579036306,True,False
2014-12-08 20:00:00,79.16519165039062,79.36485290527344,75.6611557006836,75.9806137084961,9385856,82.69767583211264,6961064.166666667,26.339232197180696,35.13451949999118,True,False
2014-12-09 20:00:00,75.81090545654297,77.83744812011719,75.671142578125,77.3183364868164,7600321,82.51350123087565,6871911.033333333,27.491322151989994,38.83203625333315,True,False
2014-12-10 20:00:00,75.52139282226562,76.11038970947266,74.23358917236328,75.01226043701172,7780627,82.19912541707357,6929225.333333333,28.86660565869879,35.115893253051524,True,False
2014-12-11 20:00:00,74.55304718017578,76.60954284667969,74.5330810546875,74.95236206054688,6044576,81.86007893880209,6968446.033333333,29.860165650922852,35.02214329481561,True,True
2014-12-12 20:00:00,73.83426666259766,75.58129119873047,73.22530364990234,74.09382629394531,7172493,81.52179514567057,7051784.066666666,31.07255410460655,33.636025739960935,True,False
2014-12-15 20:00:00,74.9423828125,75.671142578125,72.77606964111328,73.03562927246094,6574577,81.11630274454753,7085795.4,32.29540238164356,31.957151262107665,True,True
2014-12-16 20:00:00,72.3468017578125,76.37993621826172,72.19705963134766,74.28350067138672,8898828,80.8095703125,7195674.366666666,32.990355111425195,36.01310125706746,True,False
2014-12-17 20:00:00,74.64289093017578,78.14692687988281,74.59297943115234,77.66773986816406,8778223,80.6737683614095,7285772.166666667,32.61606877402597,45.50108373808223,True,False
2014-12-18 20:00:00,79.48464965820312,79.85401916503906,76.94896697998047,79.03540802001953,8075829,80.54682947794596,7407143.666666667,31.404658925092686,48.80489776726953,True,False
2014-12-19 20:00:00,78.80580139160156,81.38141632080078,78.21680450439453,81.38141632080078,10516979,80.50032653808594,7489261.3,29.58919306911676,53.9606325523383,False,False
2014-12-22 20:00:00,81.0519790649414,81.34148406982422,79.0753402709961,80.65265655517578,7224181,80.37715759277344,7540938.9,27.90340334571054,52.20194627056623,False,True
2014-12-23 20:00:00,81.13184356689453,83.10847473144531,80.81238555908203,82.75907135009766,7775719,80.32771530151368,7640769.533333333,26.2460465994967,56.60445921083854,False,False
2014-12-24 20:00:00,82.03031158447266,82.35974884033203,80.88226318359375,82.10018920898438,3099970,80.2186264038086,7561493.533333333,24.707072478012417,54.90104767771498,False,True
2014-12-26 20:00:00,82.33978271484375,82.52946472167969,81.3514633178711,81.91051483154297,2674046,80.11982142130533,7458424.3,23.353643999817717,54.39358716613426,False,True
2014-12-29 20:00:00,82.42963409423828,82.95873260498047,81.09191131591797,81.57109069824219,4200040,80.0831537882487,7322556.066666666,22.294596444786215,53.441624308010994,False,True
2014-12-30 20:00:00,81.53115844726562,81.5511245727539,80.27330017089844,81.2616195678711,4142242,80.0243542989095,7270462.066666666,20.870214923043257,52.5387768734347,False,True
2014-12-31 20:00:00,80.49292755126953,81.18175506591797,79.67432403564453,80.47296142578125,3561855,79.96353708902994,7141607.266666667,19.52505322816839,50.210766539843064,False,True
2015-01-02 20:00:00,79.87398529052734,80.96212768554688,79.14522552490234,80.51289367675781,3640789,79.87978006998698,7090065.666666667,18.55035371167847,50.33077504139285,False,True
2015-01-05 20:00:00,79.24505615234375,79.24505615234375,76.77925109863281,77.5279769897461,6115096,79.71632588704428,7142391.4,18.71313906903084,42.15200629559779,True,True
2015-01-06 20:00:00,76.93898010253906,78.09700775146484,75.93069458007812,76.86910247802734,6048382,79.50440266927083,7213608.866666666,19.191179232731848,40.584290113220796,True,True
2015-01-07 20:00:00,77.80750274658203,78.14692687988281,75.87079620361328,76.87908172607422,5484624,79.26949946085612,7160630.6,19.658383959214547,40.62031203639207,True,True
2015-01-08 20:00:00,77.67772674560547,78.62610626220703,77.34828186035156,77.55792999267578,6746168,79.03614705403646,7189429.833333333,19.766014108366676,43.14547950322345,True,True
2015-01-09 20:00:00,78.01714324951172,78.06706237792969,75.94068145751953,77.4081802368164,5212662,78.85848032633463,7125392.533333333,20.446303822693697,42.713960221491064,True,True
2015-01-12 20:00:00,76.19025421142578,76.37993621826172,74.49314880371094,74.82258605957031,7139938,78.60197219848632,7167115.633333334,21.595423615764304,36.01604237578812,True,True
2015-01-13 20:00:00,74.86251831054688,75.94068145751953,74.12377166748047,74.8425521850586,7096564,78.54923858642579,7098617.733333333,22.78659281969478,36.099370811775074,True,True
2015-01-14 20:00:00,73.69450378417969,75.65117645263672,73.02564239501953,75.3516845703125,7121907,78.41713027954101,6778176.3,24.24805588070338,38.30579060288518,True,False
2015-01-15 20:00:00,76.46977996826172,76.73931884765625,74.8125991821289,75.8608169555664,7283883,78.26072998046875,6617369.6,24.794774644937295,40.5176416279924,True,False
2015-01-16 20:00:00,76.34000396728516,78.12696075439453,76.2701187133789,77.92729949951172,6575278,78.09301554361979,6533593.833333333,24.378218033103252,48.576263860786476,True,False
2015-01-20 20:00:00,77.61782836914062,77.87738037109375,75.79093933105469,77.87738037109375,5620355,77.9422721862793,6492293.633333334,24.195144659427864,48.40566006039955,True,True
2015-01-21 20:00:00,78.29666900634766,79.41476440429688,78.00716400146484,79.10529327392578,4499349,77.86773249308268,6403045.233333333,23.081742045609634,52.797207113454114,False,True
2015-01-22 20:00:00,79.86399841308594,79.86399841308594,77.58787536621094,78.72593688964844,5230492,77.95924326578776,6264533.1,21.791914560823443,51.34321172411953,False,True
2015-01-23 20:00:00,78.56620788574219,79.74420166015625,78.02713012695312,78.71595764160156,4878393,78.00583063761393,6173802.166666667,20.594217610664835,51.30318670706019,False,True
2015-01-26 20:00:00,78.74590301513672,80.2134017944336,78.1668930053711,80.18345642089844,3877993,78.17820383707682,6043714.366666666,19.193782407473385,56.65446432695356,False,True
2015-01-27 20:00:00,79.78413391113281,80.35316467285156,78.88566589355469,79.2750015258789,4475609,78.32229181925456,5991415.466666667,17.840060166678665,52.787266261083666,False,True
2015-01-28 20:00:00,78.9555435180664,79.2750015258789,76.15032196044922,76.36994934082031,6185315,78.39816258748372,5958509.533333333,18.010914267556373,42.74029713634286,True,False
2015-01-29 20:00:00,78.15690612792969,78.27670288085938,75.42156219482422,78.17687225341797,6308324,78.56953735351563,5949634.433333334,18.48497286651185,49.214892638334184,True,False
2015-01-30 20:00:00,77.68770599365234,81.22168731689453,77.18855285644531,79.86399841308594,9233797,78.7555539449056,5960800.066666666,17.196660571645236,54.399606137301284,False,False
2015-02-02 20:00:00,81.64097595214844,82.04029083251953,78.42644500732422,80.02372741699219,7977662,78.83408686319987,5934114.7,16.330354938462314,54.86937116294003,False,False
2015-02-03 20:00:00,81.15180969238281,82.15010833740234,80.46298217773438,82.01034545898438,7148953,78.9332514444987,5903218.833333333,15.579309774386639,60.34158117769929,False,False
2015-02-04 20:00:00,80.83235168457031,81.53115844726562,79.66433715820312,80.71255493164062,6883001,78.91095606486003,5782086.233333333,14.49004126551509,55.59881398465458,False,False
2015-02-05 20:00:00,81.72084045410156,82.75907135009766,81.31153869628906,81.98039245605469,5255935,78.95521392822266,5716478.033333333,14.060160360106565,58.98997809403941,False,True
2015-02-06 20:00:00,82.84891510009766,83.10847473144531,81.50121307373047,81.61102294921875,4689572,78.91694564819336,5613606.466666667,13.83213132507042,57.609497068850736,False,True
2015-02-09 20:00:00,82.10018920898438,83.07852935791016,80.92219543457031,81.12185668945312,6593709,78.88433456420898,5730064.433333334,13.266933274151132,55.74883236136655,False,False
2015-02-10 20:00:00,81.08192443847656,81.37142944335938,79.32492065429688,81.1717758178711,5640389,78.85970993041992,5828942.533333333,12.782218831384222,55.90534706686318,False,True
2015-02-11 20:00:00,79.77415466308594,80.59275817871094,78.92559814453125,79.84403228759766,4836021,78.80214131673178,5850141.9,12.53624416162254,50.76248183351246,False,True
2015-02-12 20:00:00,80.79241943359375,82.0902099609375,80.42304992675781,81.9005355834961,6020735,78.8234385172526,5912758.333333333,11.831647375728819,57.31262960493566,False,False
2015-02-13 20:00:00,83.01863098144531,83.59764099121094,82.40966796875,82.96871185302734,4530702,78.90663019816081,5945053.233333333,11.917159562758597,60.269150759829294,False,True
2015-02-17 20:00:00,82.37971496582031,82.93876647949219,81.91051483154297,82.38970184326172,4498447,78.9691904703776,5973641.833333333,11.701402144600516,57.927126425810286,False,True
2015-02-18 20:00:00,82.38970184326172,82.38970184326172,81.11187744140625,81.23167419433594,5200040,79.09264704386393,5943139.966666667,11.04010524373461,53.453211946663146,False,True
2015-02-19 20:00:00,78.93557739257812,81.23167419433594,78.87568664550781,80.47296142578125,4529200,79.21277567545573,5892500.566666666,11.186352569128104,50.69086307925817,False,True
2015-02-20 20:00:00,80.68260955810547,80.97211456298828,79.61442565917969,79.96382904052734,3789542,79.3156005859375,5835997.833333333,11.32215365699349,48.86592206803761,False,True
2015-02-23 20:00:00,79.23506927490234,80.42304992675781,78.96553039550781,79.66433715820312,3167685,79.38581415812175,5716715.066666666,11.749616747526874,47.77631279487051,False,True
2015-02-24 20:00:00,80.34318542480469,80.43302917480469,79.19513702392578,79.61442565917969,2715516,79.45935567220052,5633476.866666666,12.139815627334176,47.585879433185255,False,True
2015-02-25 20:00:00,79.77415466308594,80.38311767578125,79.44471740722656,80.07364654541016,2897325,79.63439102172852,5492056.433333334,12.502143158583815,49.57729654166902,False,True
2015-02-26 20:00:00,79.20512390136719,79.47466278076172,77.7176513671875,78.18685913085938,4704397,79.74586791992188,5412317.533333333,13.65967717343106,42.442228325480066,True,True
2015-02-27 20:00:00,78.49633026123047,78.70597076416016,77.54794311523438,77.74760437011719,5132525,79.8257319132487,5346004.8,14.808271482248832,40.96415007315509,True,True
2015-03-02 20:00:00,77.7276382446289,77.7276382446289,76.51969146728516,77.60784149169922,4463688,79.88396606445312,5251998.3,16.30808067490292,40.48107862642465,True,True
2015-03-03 20:00:00,77.66773986816406,78.6660385131836,77.33830261230469,77.87738037109375,4282580,79.88230209350586,5175575.033333333,16.942078027337377,41.9039584694126,True,True
2015-03-04 20:00:00,77.74760437011719,78.24675750732422,77.09870910644531,78.19683837890625,3222278,79.89295069376628,5095639.133333334,17.6432937949851,43.62417504783515,True,True
2015-03-05 20:00:00,77.99717712402344,78.06706237792969,77.04879760742188,77.35826873779297,3620755,79.83471654256185,5066352.666666667,18.31901456751836,40.254693009389534,True,True
2015-03-06 20:00:00,76.26013946533203,76.72933959960938,74.38333129882812,74.64289093017578,5094060,79.69861501057943,5061804.933333334,20.054570841860308,31.712920989088577,True,False
2015-03-08 20:00:00,74.66285705566406,75.65117645263672,74.46319580078125,74.67283630371094,3405690,79.5638442993164,5012714.833333333,21.666158810892114,31.88457780942621,True,True
2015-03-09 20:00:00,73.74442291259766,74.39331817626953,73.42496490478516,73.69450378417969,4206551,79.34754587809245,5023666.766666667,23.522119486647398,29.293747881269027,True,True
2015-03-10 20:00:00,73.49484252929688,74.54306030273438,73.43495178222656,74.13375854492188,3463688,79.17617111206054,4989936.066666666,25.103772942234286,31.96671932584931,True,True
2015-03-11 20:00:00,74.58299255371094,74.92241668701172,74.10380554199219,74.45321655273438,4276069,79.11228001912436,4926294.533333333,26.20444016434311,33.923164678325456,True,True
2015-03-12 20:00:00,73.6745376586914,73.83426666259766,72.27691650390625,72.71617126464844,6210257,78.93025665283203,4923025.633333334,27.885102430341163,29.033994598344258,True,False
2015-03-15 20:00:00,72.25695037841797,73.04560852050781,71.97743225097656,72.98571014404297,5451868,78.70098037719727,4796961.333333333,29.541350585630816,30.70296411161277,True,False
2015-03-16 20:00:00,72.86591339111328,73.11549377441406,72.05729675292969,72.23698425292969,3948212,78.44142227172851,4662646.333333333,31.007546204779032,28.68488896878657,True,True
2015-03-17 20:00:00,71.9375,74.47318267822266,71.62802124023438,73.88418579101562,4188621,78.17055028279623,4563968.6,31.059973597866353,38.29418728304995,True,True
2015-03-18 20:00:00,72.68622589111328,73.00567626953125,71.57810974121094,71.74781799316406,5475709,77.87172571818034,4517058.866666666,31.132115283841067,32.22868622494262,True,False
2015-03-19 20:00:00,72.3368148803711,73.76438903808594,72.1571273803711,72.59637451171875,13430332,77.55892512003581,4789538.766666667,30.510304595757486,36.5289856787249,True,False
2015-03-22 20:00:00,72.98571014404297,73.64459228515625,72.71617126464844,72.73613739013672,3773916,77.26309560139974,4759016.9,29.932908956822732,37.2354061286222,True,True
2015-03-23 20:00:00,72.77606964111328,73.11549377441406,72.28690338134766,72.32683563232422,2866774,76.96992823282878,4634785.733333333,29.650091627934575,35.972713964297306,True,True
2015-03-24 20:00:00,72.8559341430664,74.1137924194336,72.58639526367188,73.59467315673828,4791546,76.71735814412435,4606490.966666667,28.462994679122495,42.47952950438895,True,False
2015-03-25 20:00:00,74.48316192626953,74.57301330566406,72.99569702148438,73.60466003417969,4960934,76.50937906901042,4610654.733333333,26.969668499184337,42.529074796418,True,False
2015-03-26 20:00:00,72.91583251953125,73.50482940673828,72.42666625976562,72.59637451171875,3605129,76.19924036661784,4530134.533333333,25.983858102553388,38.88719908093911,True,True
2015-03-29 20:00:00,73.31515502929688,74.19365692138672,73.22530364990234,73.85423278808594,3913653,75.89542439778646,4509566.233333333,24.475658139318465,45.19258104041615,True,True
2015-03-30 20:00:00,72.87590026855469,73.59467315673828,72.5664291381836,72.87590026855469,4901232,75.57829767862955,4522992.4,23.552449764865546,41.59767358172149,True,False
2015-03-31 20:00:00,74.09382629394531,74.45321655273438,73.34510040283203,74.1137924194336,4435641,75.34103495279948,4497512.433333334,21.980312959831995,47.30901223877947,True,True
2015-04-01 20:00:00,73.51480865478516,74.64289093017578,73.22530364990234,74.42326354980469,5286587,75.13937835693359,4522758.666666667,20.451696584098872,48.660710135093446,True,False
2015-04-05 20:00:00,74.82258605957031,76.87908172607422,74.37335205078125,76.37993621826172,7009416,75.01991526285808,4630087.8,20.52149683993218,56.29482787311749,False,False
2015-04-06 20:00:00,76.45980072021484,76.98889923095703,75.89076232910156,76.6794204711914,4489733,74.92041803995768,4674156.066666666,20.64787250204454,57.340428845214944,False,True
2015-04-07 20:00:00,76.88906860351562,77.07874298095703,76.34998321533203,76.46977996826172,5098367,74.81559651692709,4753584.433333334,20.818351409261812,56.32460780448167,False,False
2015-04-08 20:00:00,76.50971221923828,77.91731262207031,76.46977996826172,77.69768524169922,4107883,74.73639780680338,4793936.366666666,21.459161349426388,60.714582303924836,False,True
2015-04-09 20:00:00,77.98719787597656,78.38651275634766,77.47806549072266,78.31663513183594,3343885,74.7407236735026,4748585.966666667,22.306101467722243,62.74721647246791,False,True
2015-04-12 20:00:00,78.71595764160156,78.90563201904297,77.55792999267578,77.60784149169922,2659521,74.73606491088867,4666152.5,23.361513940881576,58.983577459226325,False,True
2015-04-13 20:00:00,78.21680450439453,79.44471740722656,78.09700775146484,79.16519165039062,4581188,74.78797658284505,4670069.166666667,24.60849407638128,64.08139308389462,False,True
2015-04-14 20:00:00,80.05368041992188,81.92050170898438,79.60443878173828,81.37142944335938,6778023,74.90444488525391,4753250.6,26.72629010463542,69.80657684676902,False,False
2015-04-15 20:00:00,81.03201293945312,81.60104370117188,80.2134017944336,81.23167419433594,5520184,75.00560607910157,4829847.466666667,28.69281498801427,69.0556978495775,False,False
2015-04-16 20:00:00,80.70257568359375,80.98209381103516,79.57449340820312,80.39309692382812,6590504,75.10676701863606,4928839.1,29.817700584200946,64.56773929526891,False,False
2015-04-19 20:00:00,80.48294830322266,81.30155181884766,80.1235580444336,80.23336791992188,3887709,75.29311625162761,4888627.4,30.99371697415089,63.71828739239977,False,True
2015-04-20 20:00:00,80.23336791992188,80.33319854736328,79.09530639648438,79.31493377685547,2987379,75.44785283406576,4874683.7,31.009382339693833,58.91848145969985,False,True
2015-04-21 20:00:00,79.54454040527344,79.8041000366211,78.61612701416016,79.45469665527344,3472103,75.63985926310221,4850202.1,30.56321405259274,59.419444938560375,False,True
2015-04-22 20:00:00,79.7142562866211,80.61272430419922,79.5046157836914,79.9039306640625,3431233,75.83219833374024,4849120.266666667,30.58963082198115,61.06301191134308,False,True
2015-04-23 20:00:00,79.55452728271484,79.86399841308594,79.06536102294922,79.63439178466797,3437844,76.0049041748047,4821179.433333334,30.18602602854209,59.50574940714155,False,True
2015-04-26 20:00:00,80.0037612915039,80.30325317382812,79.2750015258789,79.29496765136719,4679054,76.22419738769531,4770139.333333333,30.06315101046709,57.51653187340246,False,True
2015-04-27 20:00:00,79.0853271484375,79.6843032836914,78.676025390625,79.56450653076172,2752279,76.44349060058593,4680153.033333333,29.356802238787548,58.69730146750166,False,True
2015-04-28 20:00:00,79.37483215332031,80.14352416992188,79.16519165039062,79.97381591796875,3936392,76.70138498942057,4679759.033333333,28.989383099247597,60.49300313493854,False,True
2015-04-29 20:00:00,80.26332092285156,80.50291442871094,79.26502227783203,79.96382904052734,3861765,76.9040397644043,4668863.833333333,28.86959755731252,60.423974744433764,False,True
2015-04-30 20:00:00,79.82406616210938,80.46298217773438,79.51459503173828,80.36315155029297,3357408,77.19121754964193,4598253.8,28.758368125515666,62.277513491104564,False,True
2015-05-03 20:00:00,80.45299530029297,80.55282592773438,79.2750015258789,79.89395141601562,2783131,77.4344701131185,4243347.1,28.37634929443831,58.7932121960884,False,True
2015-05-04 20:00:00,80.48294830322266,80.9421615600586,78.3565673828125,78.48634338378906,4884904,77.62614364624024,4280380.033333333,27.031505993173944,49.792854777623944,False,False
2015-05-05 20:00:00,81.85061645507812,81.88056945800781,78.84573364257812,79.28498840332031,6812581,77.8580820719401,4411906.933333334,26.49339411831601,54.08743625430107,False,False
2015-05-06 20:00:00,78.47636413574219,78.82576751708984,77.03881072998047,77.47806549072266,6714715,77.98752848307292,4476012.566666666,24.7936103461229,44.75904681874634,True,False
2015-05-07 20:00:00,78.20682525634766,78.24675750732422,76.5895767211914,77.76757049560547,6223680,78.12629216512045,4518104.1,23.544488318946353,46.355430112115734,True,False
2015-05-10 20:00:00,77.9372787475586,78.0470962524414,76.4797592163086,76.54964447021484,4994090,78.25806783040365,4564402.8,22.46614384429276,40.98891943284112,True,False
2015-05-11 20:00:00,76.5895767211914,76.83914947509766,75.88078308105469,76.54964447021484,4107883,78.34791488647461,4570877.133333334,21.906039774893916,40.988919432841115,True,True
2015-05-12 20:00:00,76.92900085449219,77.19853973388672,75.56132507324219,76.04051208496094,3530802,78.45340194702149,4525196.133333334,21.043909620215427,38.810603074596585,True,True
2015-05-13 20:00:00,76.15032196044922,77.04879760742188,76.06047821044922,76.16030883789062,2461685,78.52161916097005,4459397.6,20.24336019087112,39.62365874387777,True,True
2015-05-14 20:00:00,75.97062683105469,76.97891235351562,75.47148132324219,76.7093734741211,2729340,78.59782282511394,4374156.033333333,19.973749429416408,43.33974466036841,True,True
2015-05-17 20:00:00,76.29008483886719,77.22848510742188,76.12037658691406,77.10868835449219,3214565,78.62211456298829,4247661.0,19.45321064680764,45.94546495596323,True,True
2015-05-18 20:00:00,76.37993621826172,76.65945434570312,75.68112182617188,75.71107482910156,5179605,78.58983637491862,4270656.733333333,19.331509626989035,39.15775419196434,True,False
2015-05-19 20:00:00,76.10041046142578,76.9090347290039,75.68112182617188,76.48974609375,3633777,78.5905019124349,4221837.066666666,18.93029242764788,44.111721605203044,True,True
2015-05-20 20:00:00,76.7992172241211,77.29837036132812,76.37993621826172,76.81918334960938,3464890,78.5612185160319,4200403.966666667,18.11559835208805,46.1109023829127,True,True
2015-05-21 20:00:00,76.19025421142578,77.15860748291016,75.72105407714844,76.87908172607422,3747270,78.51330006917318,4213850.133333334,17.95524612732045,46.485726899121964,True,True
2015-05-25 20:00:00,76.20024108886719,76.86910247802734,75.89076232910156,76.5895767211914,5209456,78.47935791015625,4298847.966666667,17.80634763289339,44.86157262292832,True,False
2015-05-26 20:00:00,76.49972534179688,77.32831573486328,75.9806137084961,76.68940734863281,4097265,78.39683176676432,4282717.2,17.105356978228397,45.5678183009252,True,True
2015-05-27 20:00:00,76.53965759277344,77.90733337402344,76.1802749633789,77.59786224365234,4795953,78.27104619344075,4216648.2,15.964626384830993,51.63835072385156,True,False
2015-05-28 20:00:00,77.82746887207031,78.20682525634766,76.88906860351562,78.05707550048828,6059401,78.16522623697917,4234622.1,15.222899599537552,54.406381012949865,True,False
2015-05-31 20:00:00,78.75588989257812,79.21510314941406,77.77754974365234,78.75588989257812,5075128,78.11065266927083,4184109.566666667,15.479492843947734,58.316302835950125,False,False
2015-06-01 20:00:00,78.97550964355469,79.75418853759766,77.88736724853516,79.3049545288086,5447661,78.07970555623372,4236107.966666667,16.150824194697506,61.13633509733945,False,False
2015-06-02 20:00:00,78.52627563476562,78.87568664550781,78.18685913085938,78.23677062988281,4178103,78.04376678466797,4275798.766666667,16.77420330610801,53.54659442022379,False,True
2015-06-03 20:00:00,77.70767211914062,78.14692687988281,77.10868835449219,77.16858673095703,4757287,77.96756312052409,4318638.233333333,16.036059016140324,47.23196031531661,True,False
2015-06-04 20:00:00,76.78923797607422,79.42475128173828,76.76927185058594,78.9555435180664,5378744,77.93595021565756,4383555.266666667,16.41032039798292,56.47838866358168,False,False
2015-06-07 20:00:00,77.87738037109375,78.02713012695312,76.95894622802734,77.09870910644531,4823700,77.8514274597168,4429750.466666667,16.757848823979618,47.219332817669105,True,False
2015-06-08 20:00:00,77.69768524169922,78.0470962524414,77.26841735839844,77.34828186035156,4073826,77.7865379333496,4409576.2,17.09666545398199,48.44277271100029,True,True
2015-06-09 20:00:00,78.42644500732422,78.79582214355469,78.0470962524414,78.69599151611328,4651508,77.75758743286133,4472883.833333333,17.992789812495037,54.567145745080246,False,False
2015-06-10 20:00:00,78.65605926513672,79.26502227783203,78.40647888183594,78.75588989257812,3361314,77.71698989868165,4453714.566666666,19.153639307281228,54.82399793416845,False,True
2015-06-11 20:00:00,78.41646575927734,78.47636413574219,77.218505859375,77.64777374267578,3677552,77.63978805541993,4447574.133333334,18.780173701811936,49.27407851228735,False,True
2015-06-14 20:00:00,77.10868835449219,77.96723175048828,76.97891235351562,77.3183364868164,3042272,77.53829421997071,4437069.6,18.17437575456091,47.72720746676651,True,True
2015-06-15 20:00:00,77.03881072998047,78.62610626220703,77.03881072998047,78.37653350830078,3753681,77.48771362304687,4469421.266666667,18.163777698014602,52.84775583745045,False,True
2015-06-16 20:00:00,79.0853271484375,79.37483215332031,77.7276382446289,78.6660385131836,4170891,77.49370346069335,4445620.833333333,18.71232928504961,54.17045341016274,False,True
2015-06-17 20:00:00,78.91561126708984,79.22509002685547,78.36654663085938,78.96553039550781,4342482,77.48305486043294,4363284.2,19.221698615867833,55.559295243470466,False,True
2015-06-18 20:00:00,78.58617401123047,79.34488677978516,77.80750274658203,77.83744812011719,5631774,77.49503428141276,4327186.166666667,19.008997162948237,49.477205864635074,False,False
2015-06-21 20:00:00,77.97721099853516,78.8656997680664,77.70767211914062,78.65605926513672,3594811,77.52465057373047,4239557.2,18.69144391110237,53.45878496213904,False,True
2015-06-22 20:00:00,78.8656997680664,79.29496765136719,78.39649963378906,79.26502227783203,4648502,77.6151631673177,4228037.6,18.779506258731466,56.22264143215728,False,False
2015-06-23 20:00:00,79.0853271484375,79.61442565917969,78.62610626220703,79.1851577758789,3866273,77.70301361083985,4219983.933333334,19.13514567171703,55.755004097268944,False,True
2015-06-24 20:00:00,78.8656997680664,79.19513702392578,78.21680450439453,78.39649963378906,4251628,77.78154652913412,4244011.466666667,18.91755393974608,51.2240320903568,False,False
2015-06-25 20:00:00,78.1668930053711,79.13523864746094,77.26841735839844,79.0753402709961,5971752,77.87871424357097,4361013.7,17.60494979821984,54.64095480297452,False,False
2015-06-28 20:00:00,77.88736724853516,77.97721099853516,76.96893310546875,77.23847198486328,4901933,77.8963508605957,4433433.466666667,16.621644100283305,45.37764693762384,True,False
2015-06-29 20:00:00,78.0470962524414,78.14692687988281,77.25843811035156,77.6377944946289,4082140,77.91398773193359,4462352.633333334,15.51649700555049,47.462833529381015,True,True
2015-06-30 20:00:00,77.39820098876953,77.6278076171875,75.4415283203125,75.82088470458984,4249925,77.91764806111654,4431363.3,16.113695559679318,39.983693207317856,True,True
2015-07-01 20:00:00,76.28010559082031,76.75928497314453,75.58129119873047,75.60125732421875,3012521,77.88803176879883,4410654.766666667,16.668237074227516,39.179981950966365,True,True
2015-07-05 20:00:00,74.39331817626953,74.56302642822266,73.57470703125,73.77436828613281,4224582,77.7865379333496,4435977.833333333,18.420134805460513,33.201566507708286,True,True
2015-07-06 20:00:00,73.51480865478516,74.42326354980469,72.55644226074219,74.07386016845703,4825604,77.6930305480957,4471922.3,20.51136442848542,34.9538368580593,True,False
2015-07-07 20:00:00,73.56472778320312,74.01396179199219,72.00737762451172,72.41667938232422,3452469,77.55393397013346,4413356.066666666,22.678635416765694,30.2286112648533,True,True
2015-07-08 20:00:00,73.59467315673828,74.12377166748047,72.96574401855469,72.99569702148438,3560553,77.43081029256184,4395465.666666667,24.55286936836643,33.605867275355685,True,True
2015-07-09 20:00:00,73.54476165771484,74.05389404296875,72.98571014404297,73.18537139892578,3377341,77.28372726440429,4348178.6,26.2932294662814,34.720583787392314,True,True
2015-07-12 20:00:00,73.34510040283203,73.42496490478516,72.666259765625,73.32513427734375,3112992,77.12599589029948,4249964.966666667,28.060652423783687,35.57886763381364,True,True
2015-07-13 20:00:00,73.12547302246094,74.25355529785156,73.0655746459961,74.15372467041016,3370931,76.97259038289388,4193158.4,28.581442932537104,40.567817041882954,True,True
2015-07-14 20:00:00,73.75440216064453,74.10380554199219,72.31684875488281,72.96574401855469,4163278,76.76128336588542,4150345.6333333333,29.48887045300379,36.235064003345954,True,False
2015-07-15 20:00:00,73.09552764892578,73.31515502929688,72.28690338134766,72.37674713134766,4427427,76.56594924926758,4158656.433333333,30.347996211591575,34.2802110316066,True,False
2015-07-16 20:00:00,72.06727600097656,72.1571273803711,71.58809661865234,71.79773712158203,4112191,76.38692092895508,4137153.2333333334,31.52192383186434,32.428110865349055,True,True
2015-07-19 20:00:00,71.57810974121094,71.79773712158203,69.71128845214844,70.14055633544922,5410698,76.09308802286783,4138218.3666666667,33.39745519182679,27.798807414999978,True,False
2015-07-20 20:00:00,70.2603530883789,70.96914672851562,69.88099670410156,70.10062408447266,4015827,75.85981852213541,4111289.2666666666,35.13902002607765,27.696206113659,True,True
2015-07-21 20:00:00,69.89098358154297,70.28031921386719,69.2121353149414,69.35189819335938,4968847,75.59327239990235,4141123.3,36.993482941005205,25.775266916859096,True,False
2015-07-22 20:00:00,69.32195281982422,69.67135620117188,68.78286743164062,69.57152557373047,3714314,75.28912353515625,4109883.5,38.85879402423192,27.366660712337517,True,True
2015-07-23 20:00:00,69.3419189453125,69.52161407470703,67.74463653564453,68.3036880493164,4844035,74.94071680704752,4159307.533333333,40.902960331706346,24.148021007769085,True,False
2015-07-26 20:00:00,67.71469116210938,68.17390441894531,67.18559265136719,67.64480590820312,6075929,74.60728454589844,4239253.433333334,42.95040354957582,22.65668423547668,True,False
2015-07-27 20:00:00,67.83448791503906,69.73125457763672,67.39523315429688,69.50164794921875,5116598,74.34672826131185,4308397.633333334,42.893928712571196,34.86511251962199,True,False
2015-07-28 20:00:00,69.38185119628906,70.83937072753906,69.09234619140625,70.73954010009766,5601222,74.09216181437175,4369982.333333333,41.72243989534338,41.495223888822,True,False
2015-07-29 20:00:00,70.60975646972656,71.57810974121094,69.52161407470703,71.27861785888672,4952018,73.84591445922851,4396019.9,39.97216958817175,44.16085005498393,True,False
2015-07-30 20:00:00,71.12887573242188,71.24867248535156,69.80113220214844,70.08065795898438,4925473,73.54975204467773,4415452.933333334,38.34691858865524,39.81900902107062,True,False
2015-08-02 20:00:00,69.35189819335938,69.88099670410156,68.57322692871094,69.28202056884766,4005710,73.26457112630209,4361250.8,37.56999653571301,37.19360125059385,True,True
2015-08-03 20:00:00,69.59149169921875,70.43006134033203,68.55326080322266,68.91265106201172,3655915,72.93979085286459,4363287.6,36.33616048891397,36.011001975987895,True,True
2015-08-04 20:00:00,69.64141082763672,70.27033996582031,68.36358642578125,68.54328155517578,3945307,72.58239949544271,4339847.766666667,35.30720585325762,34.81875216110165,True,True
2015-08-05 20:00:00,68.25376892089844,69.52161407470703,67.68473815917969,69.30198669433594,5523490,72.25296045939128,4395088.333333333,34.76022686429467,39.266661082353764,True,False
2015-08-06 20:00:00,69.22212219238281,69.9408950805664,68.3935317993164,68.66307067871094,3212161,71.92851282755534,4360439.433333334,33.82870868824907,36.978245238686334,True,True
2015-08-09 20:00:00,68.97254943847656,71.23868560791016,68.7129898071289,71.15882110595703,4485726,71.66462885538736,4310905.233333333,31.797839998492243,49.38669971139364,True,False
2015-08-10 20:00:00,69.18218994140625,71.44833374023438,69.09234619140625,71.35848236083984,5113092,71.46862920125325,4317943.866666666,29.740408366086395,50.23093596747865,True,False
2015-08-11 20:00:00,71.1987533569336,74.12377166748047,71.08894348144531,73.60466003417969,7950115,71.33419138590494,4446876.366666666,29.15729223828731,58.59772055626784,False,False
2015-08-12 20:00:00,72.82598876953125,73.31515502929688,72.17709350585938,72.80602264404297,7370229,71.23369598388672,4550886.5,28.61582726247388,55.05385632215209,False,False
2015-08-13 20:00:00,72.91583251953125,73.68452453613281,72.79603576660156,73.27522277832031,3210157,71.15616149902344,4557474.366666666,28.319137563400187,56.71029055176279,False,True
2015-08-16 20:00:00,73.01566314697266,73.72445678710938,72.67623901367188,73.61463928222656,4892117,71.15083719889323,4579725.533333333,27.930844355145574,57.918473650149046,False,False
2015-08-17 20:00:00,73.05559539794922,73.74442291259766,73.03562927246094,73.66455841064453,3791345,71.13719380696615,4545250.233333333,27.582801939102502,58.103674400828766,False,True
2015-08-18 20:00:00,73.40499877929688,73.77436828613281,71.63800811767578,72.0373306274414,5710508,71.12454884847006,4620518.2,25.974242791349692,50.32817206850764,False,False
2015-08-19 20:00:00,71.7178726196289,72.06727600097656,70.34021759033203,70.35020446777344,4272864,71.03636576334635,4644261.9,24.714704583724885,43.78571087212413,True,True
2015-08-20 20:00:00,69.83108520507812,70.71957397460938,69.14225769042969,69.14225769042969,6101873,70.90159530639649,4735079.633333334,24.282001366319527,39.79672702143232,True,False
2015-08-23 20:00:00,66.27713775634766,68.53329467773438,64.71978759765625,65.61825561523438,10508965,70.64469935099284,4981612.066666666,25.67633075661451,30.94079330990287,True,False
2015-08-24 20:00:00,67.68473815917969,68.77288818359375,65.57832336425781,65.63822174072266,8439848,70.36084925333658,5150575.966666667,26.789089166651575,31.034433359287224,True,False
2015-08-25 20:00:00,67.1656265258789,67.65479278564453,65.63822174072266,67.03584289550781,8003806,70.16318588256836,5278593.566666666,27.822364833114563,37.43010057973264,True,False
2015-08-26 20:00:00,68.28372192382812,70.49994659423828,67.91435241699219,70.44004821777344,8189522,70.09862925211588,5403996.733333333,26.80289080670671,49.67257542520704,False,False
2015-08-27 20:00:00,70.31027221679688,72.98571014404297,70.11061096191406,71.7178726196289,6665031,70.09596710205078,5489091.4,25.184144675613805,53.36141086731482,False,False
2015-08-30 20:00:00,71.28860473632812,73.14543914794922,69.45172882080078,72.88587951660156,7350997,70.18747787475586,5553768.033333333,23.40624970072368,56.49998839840347,False,False
2015-08-31 20:00:00,70.84934997558594,71.5182113647461,69.29199981689453,69.89098358154297,7106581,70.18048985799153,5656793.166666667,21.83364273834288,47.64606932630163,True,False
2015-09-01 20:00:00,70.95916748046875,71.27861785888672,69.10232543945312,70.95916748046875,5675949,70.23406550089518,5680363.233333333,20.47101711503032,50.61842709899334,False,True
2015-09-02 20:00:00,71.18877410888672,72.40670013427734,70.40011596679688,70.73954010009766,4748573,70.27299931844075,5714838.533333333,19.4104865960166,49.98999262746761,False,True
2015-09-03 20:00:00,69.51162719726562,70.03074645996094,69.0224609375,69.5315933227539,4587799,70.31392949422201,5706297.333333333,18.35318264707372,46.56575420347453,True,True
2015-09-07 20:00:00,69.3419189453125,69.60147857666016,67.77458953857422,69.38185119628906,5330862,70.37183100382487,5681461.766666667,17.959668609157895,46.14379052390068,True,True
2015-09-08 20:00:00,69.59149169921875,70.44004821777344,67.38524627685547,67.52500915527344,4232996,70.30594304402669,5652008.366666666,17.12026549885325,41.16266422685337,True,True
2015-09-09 20:00:00,67.63482666015625,68.21383666992188,66.5566635131836,67.62483978271484,4481719,70.20211970011393,5614691.6,16.735353857905817,41.5281200339403,True,True
2015-09-10 20:00:00,66.69642639160156,67.08576202392578,65.7081069946289,66.78627014160156,5647000,70.05237477620443,5637857.666666667,16.762461376248705,39.318879421097925,True,False
2015-09-13 20:00:00,66.47679901123047,67.09574127197266,65.93771362304688,66.07747650146484,3885105,69.9189353942871,5603178.733333333,16.781176133982253,37.502820087412495,True,True
2015-09-14 20:00:00,66.50674438476562,67.1556396484375,66.19727325439453,66.63652801513672,4769208,69.83075230916342,5628628.666666667,16.75705842729923,39.86217521793874,True,True
2015-09-15 20:00:00,67.21553802490234,68.41349792480469,66.91604614257812,68.27373504638672,5143644,69.80945510864258,5678219.633333334,15.895138365744003,46.26045644737194,True,True
2015-09-16 20:00:00,68.28372192382812,69.661376953125,67.76460266113281,68.22382354736328,5811680,69.79880650838216,5740432.066666666,15.152661542687648,46.09943160741905,True,False
2015-09-17 20:00:00,67.02586364746094,67.70470428466797,66.22721862792969,66.72637176513672,6148953,69.71295267740885,5761280.833333333,14.539355056059808,41.43897099371046,True,False
2015-09-20 20:00:00,67.14566040039062,67.23550415039062,66.30708312988281,66.68643951416016,3430732,69.64706497192383,5768566.533333333,13.969856175619674,41.319010343627475,True,True
2015-09-21 20:00:00,65.7979507446289,66.53669738769531,64.99931335449219,65.64820861816406,6204548,69.4633778889974,5825860.6,14.117742211998683,38.22097446234239,True,False
2015-09-22 20:00:00,65.88780212402344,66.17730712890625,64.56005859375,64.70980834960938,3915657,69.24175542195638,5785946.1,14.467240112450524,35.62126547959283,True,True
2015-09-23 20:00:00,64.08087921142578,65.45853424072266,64.03096008300781,64.9693603515625,4376740,68.95391209920247,5666833.6,15.04561856413451,36.89969093282849,True,True
2015-09-24 20:00:00,65.48847961425781,66.08746337890625,64.6898422241211,66.00759887695312,5663127,68.72729797363282,5609930.2,15.117076064040777,41.872186458164116,True,False
2015-09-27 20:00:00,65.02925872802734,65.48847961425781,63.49187850952149,63.53181076049805,4819393,68.40251757303874,5663571.4,15.773296855646961,34.824739600846975,True,True
2015-09-28 20:00:00,63.97106552124024,64.61995697021484,63.58172607421875,64.36039733886719,4065411,68.09404284159342,5636014.533333333,16.382644733566988,38.552269384059976,True,True
2015-09-29 20:00:00,65.08915710449219,66.1473617553711,64.82960510253906,66.03754425048828,5177402,67.83980903625488,5682216.433333334,15.821006578029385,45.36368866322512,True,True
2015-09-30 20:00:00,66.91604614257812,67.85445404052734,65.25887298583984,65.85784912109375,5170289,67.63382631937662,5664209.133333334,15.110030485422806,44.79079968789782,True,True
2015-10-01 20:00:00,65.3886489868164,68.7030029296875,65.13907623291016,68.67305755615234,4848042,67.57792142232259,5683381.733333333,14.895395313340243,54.488010864360625,False,True
2015-10-04 20:00:00,69.36188507080078,71.17878723144531,69.30198669433594,70.52989196777344,4636883,67.62417589823404,5634548.733333333,15.778030363854032,59.5363420887274,False,True
2015-10-05 20:00:00,70.71957397460938,72.58639526367188,69.92092895507812,71.46829986572266,6602925,67.81917737325033,5504347.4,17.093580475898225,61.8400778604484,False,False
2015-10-06 20:00:00,72.58639526367188,73.46489715576172,70.9891128540039,71.76778411865234,7662025,68.02349611918132,5478419.966666667,18.59851339628463,62.5724402927072,False,False
2015-10-07 20:00:00,71.72785186767578,74.13375854492188,71.45831298828125,73.94408416748047,6145848,68.25377082824707,5416488.033333333,20.203990905866874,67.45974086142589,False,False
2015-10-08 20:00:00,74.13375854492188,74.51311492919922,73.23529052734375,73.4748764038086,5825503,68.35493176778158,5337687.4,21.812490201203826,65.47464363987788,False,False
2015-10-11 20:00:00,73.68452453613281,73.77436828613281,72.42666625976562,72.91583251953125,3298908,68.39486376444499,5225483.3,22.69115858609445,63.0924349937639,False,True
2015-10-12 20:00:00,72.31684875488281,73.45491027832031,71.9275131225586,72.58639526367188,3060002,68.384880956014,5082450.133333334,23.13774053234415,61.66852765883749,False,True
2015-10-13 20:00:00,72.49654388427734,74.04391479492188,72.17709350585938,73.77436828613281,4271161,68.51432711283366,4987936.133333334,23.78947182625164,64.75734094574578,False,True
2015-10-14 20:00:00,73.5846939086914,74.67283630371094,73.01566314697266,74.59297943115234,5451868,68.63545417785645,4980466.766666667,24.64125879733799,66.74589403491332,False,False
2015-10-15 20:00:00,75.36166381835938,75.37165069580078,73.39501953125,74.10380554199219,5200441,68.74759635925292,4995529.033333333,25.696156919327127,64.40720087976882,False,False
2015-10-18 20:00:00,73.2652359008789,73.40499877929688,72.04730987548828,72.58639526367188,4929280,68.84942309061687,5006911.733333333,25.613653728938807,57.65827341454368,False,True
2015-10-19 20:00:00,72.3368148803711,73.15542602539062,71.94747924804688,72.45661163330078,4472303,68.95191510518391,4978293.1,25.461995878971315,57.107095273124706,False,True
2015-10-20 20:00:00,72.36676788330078,72.8559341430664,71.81770324707031,71.88758087158203,3647501,69.0973341623942,4958776.6,25.218209354802266,54.64078456042451,False,True
2015-10-21 20:00:00,72.47657775878906,74.3134536743164,72.46659851074219,74.213623046875,4268957,69.31696027119955,4951684.533333333,25.68066802449435,61.886805621928346,False,True
2015-10-22 20:00:00,73.81430053710938,74.38333129882812,73.24526977539062,73.5846939086914,4033357,69.5435743967692,4897896.433333334,26.141061153051044,59.136030781181944,False,True
2015-10-25 20:00:00,73.27522277832031,73.4748764038086,71.5281982421875,71.53817749023438,3864670,69.72559776306153,4897215.266666667,25.21140710219402,51.166370825404385,False,True
2015-10-26 20:00:00,70.55984497070312,70.6696548461914,69.48168182373047,70.08065795898438,4492537,69.84040209452311,4887992.9,23.732104944362682,46.373043833799734,False,True
2015-10-27 20:00:00,70.64968872070312,74.38333129882812,70.1605224609375,73.68452453613281,7546128,70.02076174418131,4968075.7,23.45780983366985,57.07970670752327,False,False
2015-10-28 20:00:00,73.32513427734375,74.75270080566406,72.87590026855469,74.00398254394531,4835320,70.21343371073405,4935530.366666666,23.34268341525426,57.882426699465086,False,True
2015-10-29 20:00:00,74.303466796875,75.43154907226562,73.45491027832031,74.41328430175781,4692077,70.46966412862142,4886967.833333333,23.492882447421273,58.9419588466566,False,True
2015-11-02 20:00:00,73.86421966552734,76.05049133300781,73.75440216064453,75.4515151977539,4642592,70.76183331807455,4927363.166666667,23.862752995979456,61.582056172212205,False,True
2015-11-03 20:00:00,76.22020721435547,77.22848510742188,75.73104095458984,76.46977996826172,5252129,71.1225523630778,4895615.866666666,24.621208356388397,64.02531862445366,False,False
2015-11-04 20:00:00,76.36994934082031,76.36994934082031,74.98231506347656,75.63121032714844,4422719,71.48659909566244,4912517.933333334,24.818206053643447,60.60693033420566,False,True
2015-11-05 20:00:00,75.14204406738281,77.13864135742188,75.02224731445312,75.58129119873047,3960032,71.84033012390137,4898627.666666667,25.287298748793337,60.40019224095019,False,True
2015-11-06 20:00:00,74.92241668701172,75.52139282226562,74.22360229492188,74.97232818603516,3658720,72.1391544342041,4831814.1,25.177280041224584,57.80955588538023,False,True
2015-11-09 20:00:00,74.8125991821289,75.51141357421875,74.47318267822266,75.08214569091797,4103276,72.52416559855143,4807943.533333333,25.075119812767888,58.15808974758675,False,True
2015-11-10 20:00:00,74.80261993408203,76.60954284667969,74.59297943115234,76.13035583496094,4070820,72.91649754842122,4808123.833333333,25.44237323619407,61.433061210415374,False,True
2015-11-11 20:00:00,76.25015258789062,77.23847198486328,75.36166381835938,75.49144744873047,5110788,73.2316276550293,4805903.366666666,26.03126610582761,58.431034805443375,False,False
2015-11-12 20:00:00,74.4032974243164,74.82258605957031,72.83596801757812,73.01566314697266,3873685,73.47022145589193,4762683.233333333,24.887930086978255,48.5337683300247,True,True
2015-11-13 20:00:00,72.81600189208984,73.82428741455078,72.23698425292969,73.3850326538086,3697185,73.62728729248047,4724321.333333333,23.486364028696674,49.897301542416265,True,True
2015-11-16 20:00:00,73.52479553222656,74.89246368408203,72.88587951660156,74.8425521850586,4430532,73.77104263305664,4717442.966666667,22.703856787234734,54.967316121366316,False,True
2015-11-17 20:00:00,74.90245056152344,75.0322265625,73.85423278808594,74.12377166748047,3354603,73.8595583597819,4609165.566666666,22.04403663691065,52.1639173010425,False,True
2015-11-18 20:00:00,74.48316192626953,75.7709732055664,74.19365692138672,75.64118957519531,3608434,73.988671875,4474045.866666666,21.78591473275854,57.13423884196166,False,True
2015-11-19 20:00:00,75.19195556640625,76.25015258789062,74.68282318115234,75.17198944091797,3761795,74.02960205078125,4394577.433333334,21.770705081045467,55.2235464400655,False,True
2015-11-20 20:00:00,75.12207794189453,75.4515151977539,73.83426666259766,73.96405029296875,3246419,74.04590784708658,4308607.966666667,21.162218477043307,50.53776552800983,True,True
2015-11-23 20:00:00,73.86421966552734,74.58299255371094,73.4748764038086,73.97402954101562,2496344,74.08118108113607,4281855.833333333,20.352300204688436,50.57507689256152,True,True
2015-11-24 20:00:00,74.42326354980469,76.0804443359375,73.84425354003906,75.7709732055664,4281879,74.18733367919921,4322585.066666666,20.37057213828527,56.88237754923669,False,True
2015-11-25 20:00:00,74.97232818603516,75.91072845458984,74.6229248046875,75.2518539428711,2954423,74.2365832010905,4278693.8,20.38753893376804,54.71025831057429,False,True
2015-11-27 20:00:00,74.42326354980469,75.1320571899414,74.37335205078125,75.06217956542969,1417710,74.25222320556641,4144221.8666666667,20.20864456773853,53.900372308138245,False,True
2015-11-30 20:00:00,75.1320571899414,76.2701187133789,74.68282318115234,75.46149444580078,5475508,74.29747950236002,4153390.7666666666,20.62834936302456,55.3973232273061,False,False
2015-12-01 20:00:00,75.55134582519531,76.61952209472656,74.88248443603516,76.55962371826172,4668637,74.42992045084635,4144702.6666666665,21.186848563129224,59.31038235019569,False,False
2015-12-02 20:00:00,75.87079620361328,77.03881072998047,74.87249755859375,75.18197631835938,6633677,74.52076594034831,4216748.466666667,21.908215903472062,53.02533958808432,False,False
2015-12-03 20:00:00,75.58129119873047,75.70108795166016,71.8077163696289,72.30686950683594,6973956,74.5347422281901,4327630.3,20.3464472620993,42.82574272274145,True,False
2015-12-04 20:00:00,71.28860473632812,72.48656463623047,69.52161407470703,71.59807586669922,8924772,74.44755732218424,4482824.133333334,20.036851402021988,40.74497265964109,True,False
2015-12-07 20:00:00,69.82109832763672,70.51991271972656,68.16392517089844,69.20215606689453,7652509,74.30147272745768,4603462.533333333,20.307814152399168,34.62144690094363,True,False
2015-12-08 20:00:00,66.48677825927734,67.80453491210938,65.81791687011719,67.18559265136719,7682160,74.15638656616211,4730712.2,21.36272452191329,30.47063280645086,True,False
2015-12-09 20:00:00,67.29540252685547,69.10232543945312,67.1656265258789,67.83448791503906,4981869,74.08151423136393,4747023.266666667,21.5622319282015,33.24411284363437,True,False
2015-12-10 20:00:00,67.54497528076172,69.20215606689453,67.23550415039062,68.3036880493164,5012321,73.90215301513672,4662563.033333333,21.68848830778479,35.25519539927157,True,False
2015-12-11 20:00:00,67.19557189941406,67.34532165527344,65.52841186523438,65.9177474975586,6369128,73.63261184692382,4713689.966666667,22.403449693524056,30.2625371746991,True,False
2015-12-14 20:00:00,65.3886489868164,66.656494140625,64.7796859741211,66.53669738769531,6626665,73.37005894978842,4778176.233333333,23.30652354578617,32.9165596319879,True,False
2015-12-15 20:00:00,67.32535552978516,68.7030029296875,67.19557189941406,68.32365417480469,5339677,73.13246358235678,4801412.4,22.92860314792727,40.01443614751918,True,False
2015-12-16 20:00:00,68.32365417480469,69.50164794921875,67.40521240234375,68.75292205810547,5573174,72.87523498535157,4812113.9,22.153388970893698,41.612635730042626,True,False
2015-12-17 20:00:00,68.11400604248047,68.48338317871094,65.53839874267578,66.30708312988281,5757989,72.5644307454427,4856622.9,22.139789547461277,35.7656211269748,True,False
2015-12-18 20:00:00,66.30708312988281,66.90606689453125,65.71808624267578,65.84786987304688,7039367,72.23998336791992,4959267.4,22.127161511416887,34.77756996290767,True,False
2015-12-21 20:00:00,66.22721862792969,66.82620239257812,65.10912322998047,66.0275650024414,4542122,71.94182459513347,4988714.133333334,22.342898138271842,35.528138652142346,True,True
2015-12-22 20:00:00,66.19727325439453,68.03414154052734,65.62824249267578,66.86613464355469,5765101,71.66795756022135,5044108.3,21.82646752078453,39.05293306215805,True,False
2015-12-23 20:00:00,68.16392517089844,69.22212219238281,67.77458953857422,69.09234619140625,5657518,71.43335723876953,5096998.233333333,20.70331305871409,47.291574543505554,True,False
2015-12-24 20:00:00,69.09234619140625,69.51162719726562,68.53329467773438,69.08235931396484,2210157,71.21972096761068,5000310.533333333,19.507829398183645,47.26071062852051,True,True
2015-12-28 20:00:00,67.71469116210938,68.35359954833984,67.35530090332031,67.87442016601562,3526295,71.04834620157878,4988730.866666666,18.9537481470803,43.55787884867667,True,True
2015-12-29 20:00:00,69.16222381591797,69.38185119628906,67.53499603271484,68.0740737915039,3509366,70.87131423950196,4982470.233333333,17.874098049702887,44.334195766533426,True,True
2015-12-30 20:00:00,67.14566040039062,68.3935317993164,66.76630401611328,66.90606689453125,3142442,70.60676472981771,4939533.9,17.241968091421352,40.79881523958891,True,True
2015-12-31 20:00:00,66.30708312988281,67.8843994140625,66.30708312988281,67.49506378173828,4625864,70.38580780029297,4981909.266666667,16.87288191843244,43.25617213436501,True,True
2016-01-04 20:00:00,66.97594451904297,67.76460266113281,66.25717163085938,67.29540252685547,4785736,70.10761489868165,5021152.666666667,16.554711285090683,42.610488423490885,True,True
2016-01-05 20:00:00,67.0657958984375,68.59319305419922,66.66647338867188,68.41349792480469,4475609,69.88233184814453,5044946.466666667,15.734702212463764,47.35006287047671,True,True
2016-01-06 20:00:00,66.63652801513672,66.99591064453125,64.64990997314453,65.32875061035156,6751978,69.59448852539063,5161798.433333334,15.964470012107366,38.0206937581371,True,False
2016-01-07 20:00:00,63.961082458496094,65.56834411621094,63.58172607421875,64.1507568359375,6573775,69.26704610188803,5297712.8,16.623440078326755,35.17084020470385,True,False
2016-01-08 20:00:00,64.64990997314453,64.83958435058594,62.83300018310547,63.0626106262207,6213563,68.84343401590984,5362102.266666667,17.5287721872528,32.730323703218346,True,False
2016-01-11 20:00:00,62.85296630859375,63.31218719482422,59.86804962158203,61.11592483520508,9141741,68.37223637898764,5568346.2,19.32768628304301,28.8706636044546,True,False
2016-01-12 20:00:00,61.31558609008789,61.77480316162109,58.72000503540039,60.86635208129883,8010518,67.8990421295166,5788106.466666667,21.29812910009972,28.4081466507085,True,False
2016-01-13 20:00:00,61.64502334594727,62.693241119384766,59.92794799804688,60.29732131958008,7849745,67.39356969197591,5867247.7,22.50432326658837,27.332967266606587,True,False
2016-01-14 20:00:00,60.64672470092773,64.69982147216797,60.087677001953125,63.89120101928711,9598618,66.97128893534342,6031580.4,22.413762016862375,42.20964250355977,True,False
2016-01-15 20:00:00,61.21575546264648,62.942813873291016,60.85636901855469,62.68325805664063,7427026,66.55466499328614,6058025.366666666,22.3296694278311,39.29757284686027,True,False
2016-01-19 20:00:00,63.392051696777344,63.54179382324219,60.237422943115234,61.35551834106445,7865371,66.18961995442709,6087739.2,22.48805637231814,36.33059819842062,True,False
2016-01-20 20:00:00,60.15755844116211,60.76652145385742,58.1409912109375,59.518646240234375,9801863,65.78697230021159,6116975.566666666,23.351595432928654,32.6571262472528,True,False
2016-01-21 20:00:00,59.00951385498047,61.066009521484375,58.66010665893555,60.74655532836914,7213763,65.50511894226074,6102350.7,23.960796908996603,37.226459001567214,True,False
2016-01-22 20:00:00,63.422000885009766,64.2805404663086,61.33555221557617,63.6915397644043,7603025,65.3886505126953,6099712.866666666,22.754659862205994,46.58715837674906,True,False
2016-01-25 20:00:00,62.90288162231445,64.19068908691406,61.62505722045898,61.68495559692383,5632275,65.18366610209146,6121393.066666666,21.634675461614712,41.99241192566158,True,True
2016-01-26 20:00:00,62.98274612426758,63.501861572265625,62.03436279296875,63.12250900268555,5590404,65.01096013387044,6140662.5,20.594689946779955,46.09427809322411,True,True
2016-01-27 20:00:00,62.693241119384766,65.75801849365234,62.17412567138672,64.0509262084961,6222979,64.94873275756837,6135790.866666666,19.700851236153767,48.621159463529594,True,False
2016-01-28 20:00:00,66.03754425048828,66.63652801513672,63.97106552124024,65.75801849365234,7611439,64.92277679443359,6168616.666666667,19.238724490225973,52.98514764965522,False,False
2016-01-29 20:00:00,65.87781524658203,68.7129898071289,65.76800537109375,68.7129898071289,10032355,64.9357546488444,6325039.266666667,19.583194885058834,59.411738731867004,False,False
2016-02-01 20:00:00,67.42517852783203,67.6647720336914,65.71808624267578,66.44684600830078,6064309,64.85888544718425,6341410.433333334,19.87451666721045,53.3849831425938,False,True
2016-02-02 20:00:00,64.23062133789062,66.18728637695312,63.92115020751953,65.36868286132812,5772914,64.82760543823242,6341907.933333334,19.16451037810174,50.74739621021387,False,True
2016-02-03 20:00:00,66.47679901123047,68.0740737915039,64.63992309570312,68.01417541503906,6430532,64.89981562296549,6321613.433333334,19.222683222802463,56.43503243302004,False,False
2016-02-04 20:00:00,68.78286743164062,70.37017059326172,66.66647338867188,66.86613464355469,9283081,64.92776794433594,6479645.4,20.0055765404774,53.54528868556555,False,False
2016-02-05 20:00:00,66.28711700439453,66.53669738769531,64.63992309570312,65.35870361328125,6403686,64.87752024332683,6500931.566666666,19.72730848060316,49.930046883029995,False,True
2016-02-08 20:00:00,63.57174301147461,66.58660888671875,63.13249206542969,66.07747650146484,6607232,64.77702458699544,6532588.7,18.80794959481289,51.60780865296929,False,False
2016-02-09 20:00:00,65.01927947998047,66.05751037597656,63.94111633300781,65.10912322998047,4978964,64.64458338419597,6624882.266666667,17.95425920086478,49.215160518291526,False,True
2016-02-10 20:00:00,65.01927947998047,66.88610076904297,64.18070983886719,65.54837799072266,7309426,64.56704864501953,6750986.633333334,17.48321918123572,50.33986556578114,False,False
2016-02-11 20:00:00,64.2805404663086,66.40691375732422,64.01099395751953,66.08746337890625,6049584,64.50082829793294,6835660.566666666,16.961888830697784,51.75210614657152,False,True
2016-02-12 20:00:00,66.88610076904297,67.6647720336914,66.3270492553711,66.94599914550781,5033457,64.5021593729655,6898694.4,16.976159239345773,53.99589948852914,False,True
2016-02-16 20:00:00,68.13397216796875,68.203857421875,67.03584289550781,67.8943862915039,6307322,64.51547012329101,6954743.0,17.194214264695294,56.407620255611945,False,True
2016-02-17 20:00:00,69.22212219238281,71.17878723144531,68.59319305419922,70.50992584228516,6550937,64.622620900472,7013583.033333333,18.37124296059645,62.280565693466485,False,True
2016-02-18 20:00:00,71.208740234375,71.33851623535156,69.69132232666016,70.1705093383789,4886607,64.68118794759114,7027282.966666667,19.510478049179245,61.12962364335556,False,True
2016-02-19 20:00:00,69.72127532958984,70.25037384033203,68.81282043457031,70.14055633544922,5556446,64.84158147176107,6987431.9,20.04358310031994,61.02245131771142,False,True
2016-02-22 20:00:00,71.77777099609375,72.06727600097656,70.97913360595703,71.55814361572266,4673044,65.08849436442057,6924074.2,21.105035586558976,64.21965009689923,False,True
2016-02-23 20:00:00,71.24867248535156,71.64798736572266,68.46341705322266,68.88269805908203,4221877,65.28249727884928,6857684.666666667,20.74781940143857,55.04292696016695,False,True
2016-02-24 20:00:00,67.59489440917969,69.49166107177734,67.2854232788086,69.35189819335938,3453271,65.5570297241211,6668069.0,19.871589430125162,56.224332927711565,False,True
2016-02-25 20:00:00,69.55000305175781,69.93000030517578,68.47000122070312,69.6500015258789,2522900,65.84981803894043,6485148.4,19.22554181511155,56.99752601101527,False,True
2016-02-26 20:00:00,71.2300033569336,71.2300033569336,69.75,69.80000305175781,3347800,66.16657409667968,6335083.566666666,19.107720107827184,57.405211434274214,False,True
2016-02-29 20:00:00,70.30999755859375,70.52999877929688,68.5199966430664,68.81999969482422,4651000,66.33086738586425,6170162.966666667,18.397020182399253,53.81552981068197,False,True
2016-03-01 20:00:00,69.25,70.5999984741211,68.56999969482422,70.44999694824219,4472100,66.58975868225097,6071665.433333334,17.76543291129653,58.467497633065335,False,True
2016-03-02 20:00:00,70.08000183105469,71.66000366210938,69.56999969482422,71.61000061035156,4522400,66.93157475789388,5960233.066666666,17.608627590803707,61.443895953257986,False,True
2016-03-03 20:00:00,71.58999633789062,71.62000274658203,69.37999725341797,70.48999786376953,6663200,67.29728647867839,5855610.966666667,17.358384640765834,57.18287792240374,False,False
2016-03-04 20:00:00,70.69999694824219,71.0,69.1500015258789,69.72000122070312,5744800,67.59640134175619,5806645.533333333,16.993528078267833,54.39026814475474,False,True
2016-03-07 20:00:00,70.06999969482422,70.73999786376953,68.31999969482422,70.3499984741211,6939600,67.81834996541342,5784531.366666666,16.178303296894477,56.271919538419034,False,False
2016-03-08 20:00:00,69.12000274658203,69.18000030517578,66.19999694824219,66.4000015258789,7144900,67.97551816304525,5834952.2,15.683581948690096,44.0118251489526,True,False
2016-03-09 20:00:00,67.2300033569336,69.25,66.30000305175781,68.43000030517578,5721100,68.15243453979492,5839308.733333333,15.18540816797204,50.03656219810967,False,True
2016-03-10 20:00:00,68.2699966430664,68.7300033569336,67.52999877929688,68.44000244140625,4637700,68.29873708089193,5786466.1,14.722818228733846,50.06507421025563,False,True
2016-03-11 20:00:00,69.66999816894531,70.20999908447266,69.11000061035156,69.94999694824219,3925300,68.43846969604492,5663594.8,13.89270831852171,54.304582505537915,False,True
2016-03-13 20:00:00,69.12999725341797,69.66999816894531,68.6500015258789,69.05000305175781,2938200,68.44970347086588,5427122.966666667,12.93725896060135,51.49816846574691,False,True
2016-03-14 20:00:00,68.05999755859375,68.36000061035156,67.4800033569336,68.33000183105469,4180000,68.51247533162434,5364312.666666667,12.673143658804113,49.303004316779706,True,True
2016-03-15 20:00:00,68.73999786376953,69.73999786376953,68.06999969482422,69.41999816894531,3601500,68.64751917521158,5291932.2,11.889920696213087,52.59724474413699,False,True
2016-03-16 20:00:00,70.33000183105469,71.16999816894531,69.44999694824219,70.66000366210938,4337100,68.73571345011393,5222151.133333334,11.868850773724558,56.0926202840331,False,True
2016-03-17 20:00:00,71.23999786376953,71.56999969482422,70.0999984741211,71.30000305175781,5978200,68.88350906372071,5111988.433333334,12.034997090011396,57.821336499336006,False,False
2016-03-20 20:00:00,70.88999938964844,71.36000061035156,70.06999969482422,70.66999816894531,2327000,69.06055221557617,4976098.9,12.169947049360697,55.50466369729947,False,True
2016-03-21 20:00:00,70.02999877929688,70.56999969482422,69.37000274658203,69.61000061035156,3321000,69.17830301920573,4866557.833333333,11.837926794667618,51.747891461076215,False,True
2016-03-22 20:00:00,68.88999938964844,69.4000015258789,68.02999877929688,68.29000091552734,4478900,69.28433227539062,4849889.033333333,11.252532934580454,47.44164594253258,True,True
2016-03-23 20:00:00,67.2699966430664,68.73999786376953,67.25,68.51000213623047,5142200,69.38305308024088,4777648.166666667,11.129555400059123,48.21511876136789,True,False
2016-03-27 20:00:00,68.66000366210938,68.72000122070312,67.76000213623047,68.02999877929688,2499600,69.4478042602539,4659315.366666666,11.015361975146462,46.60363131890648,True,True
2016-03-28 20:00:00,66.94999694824219,68.04000091552734,66.9000015258789,67.93000030517578,3324700,69.48060429890951,4602356.8,11.377690196152823,46.2567724580488,True,True
2016-03-29 20:00:00,68.91000366210938,69.30999755859375,68.22000122070312,68.5999984741211,3037600,69.50412470499674,4493366.066666666,10.85713713889645,48.995844905257236,True,True
2016-03-30 20:00:00,68.23999786376953,69.41999816894531,68.1500015258789,68.43000030517578,3304700,69.43479385375977,4385158.166666667,10.302773817395856,48.322886908636335,True,True
2016-03-31 20:00:00,67.2300033569336,68.41999816894531,66.9800033569336,68.19999694824219,2629500,69.36911010742188,4309921.266666667,10.470414741703534,47.374794518751955,True,True
2016-04-03 20:00:00,68.68000030517578,69.12000274658203,67.7699966430664,68.19000244140625,3233700,69.30409164428711,4232496.4,10.145479213136467,47.33133764853216,True,True
2016-04-04 20:00:00,67.4800033569336,68.08000183105469,66.94000244140625,67.41999816894531,4191400,69.16615346272786,4216441.6,10.319948668720544,43.98383701497679,True,True
2016-04-05 20:00:00,67.94000244140625,70.23999786376953,67.4000015258789,70.12000274658203,4120800,69.2073969523112,4213072.366666666,10.016182576215087,55.79085133974713,False,True
2016-04-06 20:00:00,69.55000305175781,70.4000015258789,69.0,69.37999725341797,2558800,69.20833358764648,4183256.6666666665,9.821644109052993,52.52321893720361,False,True
2016-04-07 20:00:00,70.70999908447266,71.13999938964844,70.22000122070312,70.5999984741211,3212700,69.2400001525879,4206250.0,10.04501819701964,56.99517376141884,False,True
2016-04-10 20:00:00,70.80999755859375,71.58000183105469,70.7699966430664,70.79000091552734,3170900,69.2730000813802,4200353.333333333,10.486226503998866,57.6639943317163,False,True
2016-04-11 20:00:00,71.27999877929688,72.91999816894531,70.33000183105469,72.44999694824219,4211000,69.39399998982748,4185686.6666666665,11.552840838112855,63.06813034321179,False,False
2016-04-12 20:00:00,72.6500015258789,72.87999725341797,71.6500015258789,72.23999786376953,3753200,69.45366668701172,4161723.3333333335,12.543268434075845,61.9900932253881,False,True
2016-04-13 20:00:00,72.66000366210938,74.47000122070312,72.30000305175781,74.31999969482422,6062700,69.54399998982747,4213066.666666667,14.162108101594452,67.85165535412321,False,False
2016-04-14 20:00:00,73.80000305175781,74.0,72.0999984741211,72.1500015258789,4782300,69.59933344523112,4150370.0,15.496615328934046,57.83175753785582,False,False
2016-04-17 20:00:00,72.1500015258789,73.66000366210938,70.69999694824219,73.30000305175781,3763100,69.7186668395996,4084313.3333333335,15.631686369985498,61.109467125985915,False,True
2016-04-18 20:00:00,73.70999908447266,74.98999786376953,72.98999786376953,74.86000061035156,4027200,69.86900024414062,3987233.3333333335,16.38483912454044,65.07524614330575,False,False
2016-04-19 20:00:00,74.62999725341797,76.12000274658203,74.0,75.06999969482422,4187200,70.15800018310547,3888643.3333333335,17.551932470838445,65.58401784867614,False,False
2016-04-20 20:00:00,75.20999908447266,75.7300033569336,74.37999725341797,74.62000274658203,3228800,70.36433359781901,3805566.6666666665,18.63566200668659,63.45095044526712,False,True
2016-04-21 20:00:00,74.91999816894531,76.0,74.83000183105469,75.8499984741211,2851900,70.61133346557617,3746040.0,19.757264994328786,66.64435956527906,False,True
2016-04-24 20:00:00,75.26000213623047,75.93000030517578,74.62999725341797,75.0999984741211,3065200,70.78300018310547,3717370.0,20.618560713717688,63.02813593034124,False,True
2016-04-25 20:00:00,75.75,76.5999984741211,75.23999786376953,76.4800033569336,3223500,71.03066685994466,3726880.0,21.727346897145907,66.61747963547279,False,True
2016-04-26 20:00:00,76.76000213623047,78.08999633789062,76.6500015258789,77.5199966430664,3678600,71.33700002034506,3710166.6666666665,23.35861768169261,69.05562716361644,False,True
2016-04-27 20:00:00,77.70999908447266,77.70999908447266,75.83000183105469,76.2300033569336,3683300,71.56400019327799,3712893.3333333335,24.124621735002645,62.917267794034174,False,True
2016-04-28 20:00:00,76.5,77.2300033569336,75.77999877929688,76.6500015258789,4495300,71.76366678873698,3718166.6666666665,24.79052240097125,64.03809973637247,False,False
2016-05-01 20:00:00,76.22000122070312,76.5,75.38999938964844,76.33000183105469,3354900,71.93133341471354,3630723.3333333335,25.04394920503105,62.48837398752237,False,True
2016-05-02 20:00:00,75.43000030517578,75.87999725341797,74.70999908447266,75.56999969482422,4191900,72.0946667989095,3692886.6666666665,24.664501390866473,58.84600981984246,False,False
2016-05-03 20:00:00,75.18000030517578,75.77999877929688,73.8499984741211,73.95999908447266,6165400,72.23966674804687,3787700.0,23.596374539683044,51.939230738391004,False,False
2016-05-04 20:00:00,75.66000366210938,76.88999938964844,75.08000183105469,76.13999938964844,6338800,72.50133336385092,3849696.6666666665,23.276625393869782,58.96271153421959,False,False
2016-05-05 20:00:00,75.30999755859375,76.63999938964844,75.0999984741211,76.05999755859375,5258000,72.75299987792968,3853556.6666666665,22.97971547275747,58.62412776790173,False,False
2016-05-08 20:00:00,75.25,75.83000183105469,74.25,75.54000091552734,3936400,73.0033332824707,3901450.0,21.983248343161346,56.35877658417312,False,False
2016-05-09 20:00:00,75.66000366210938,76.58000183105469,75.5199966430664,76.41000366210938,4696300,73.28600006103515,3947170.0,21.542037161958838,59.19950271933262,False,False
2016-05-10 20:00:00,75.9000015258789,77.0199966430664,75.68000030517578,76.30999755859375,4523400,73.54300003051758,3996696.6666666665,21.402669062740042,58.726290894838485,False,False
2016-05-11 20:00:00,76.9800033569336,77.19999694824219,76.16000366210938,76.4800033569336,3639500,73.81133346557617,4007856.6666666665,21.384790628844517,59.3215740318902,False,True
2016-05-12 20:00:00,76.36000061035156,76.37999725341797,75.16999816894531,75.33999633789062,3689900,74.04933344523111,4043203.3333333335,20.475495454704454,53.72578508145506,False,True
2016-05-15 20:00:00,76.1500015258789,76.8499984741211,75.83999633789062,76.52999877929688,4468400,74.3273333231608,4084360.0,19.958024933867154,58.162295622265546,False,False
2016-05-16 20:00:00,76.33000183105469,77.08000183105469,75.76000213623047,76.33999633789062,5319300,74.62466659545899,4121956.6666666665,19.636943848152384,57.2190194118551,False,False
2016-05-17 20:00:00,75.37999725341797,75.88999938964844,74.30999755859375,74.80999755859375,6095500,74.78099975585937,4187780.0,18.355994438995612,50.16388785121312,False,False
2016-05-18 20:00:00,74.5,75.0,73.81999969482422,74.83999633789062,3963800,74.9629997253418,4234613.333333333,17.526933068618945,50.29330052633236,True,True
2016-05-19 20:00:00,75.30999755859375,75.43000030517578,74.5999984741211,74.95999908447266,3411300,75.10833307902018,4241233.333333333,16.404322762091425,50.843206569471945,True,True
2016-05-22 20:00:00,74.4800033569336,75.37000274658203,74.30999755859375,74.87000274658203,3334500,75.24433314005533,4246686.666666667,15.58990777345896,50.39294833040763,True,True
2016-05-23 20:00:00,75.54000091552734,76.38999938964844,74.9800033569336,76.12000274658203,3619900,75.36666666666666,4226983.333333333,14.94133166856022,56.1954800104517,False,True
2016-05-24 20:00:00,76.87000274658203,77.3499984741211,75.87999725341797,76.16999816894531,3399500,75.49766667683919,4215193.333333333,15.006957507443602,56.41507142424324,False,True
2016-05-25 20:00:00,76.69999694824219,77.18000030517578,76.05000305175781,76.11000061035156,2286800,75.55733337402344,4089330.0,15.06789578640674,56.05193064152848,False,True
2016-05-26 20:00:00,75.97000122070312,76.22000122070312,75.58000183105469,76.1500015258789,2203100,75.69066670735677,4003356.6666666665,14.679775350259783,56.25411063099299,False,True
2016-05-30 20:00:00,76.22000122070312,76.51000213623047,75.08000183105469,75.44000244140625,4584800,75.76200002034506,4030746.6666666665,13.865232383567204,51.70714695930464,True,False
2016-05-31 20:00:00,74.9000015258789,75.55000305175781,74.33000183105469,75.44000244140625,3041900,75.78133341471354,3997903.3333333335,13.272725558193015,51.70714695930463,True,True
2016-06-01 20:00:00,74.81999969482422,75.25,74.36000061035156,75.20999908447266,2244600,75.78600006103515,3933150.0,12.722540648916981,50.18319498132988,True,True
2016-06-02 20:00:00,75.4800033569336,75.72000122070312,74.37000274658203,74.83000183105469,2562000,75.79300003051758,3910923.3333333335,11.857851047810454,47.6827737186534,True,True
2016-06-05 20:00:00,75.55999755859375,76.18000030517578,75.22000122070312,75.41000366210938,3296100,75.77833353678385,3925730.0,11.467912669647543,51.64323443980585,True,True
2016-06-06 20:00:00,76.0,77.16999816894531,75.56999969482422,76.87000274658203,4531800,75.83733367919922,3974616.6666666665,11.900217740655211,59.87705981545639,False,False
2016-06-07 20:00:00,76.5999984741211,76.97000122070312,75.30999755859375,75.44000244140625,4143400,75.80266698201497,4005280.0,12.028722587135576,50.76036576254261,True,False
2016-06-08 20:00:00,74.55999755859375,75.66000366210938,74.5199966430664,75.5999984741211,3846600,75.73866704305013,4010880.0,11.3671204904512,51.647428340430594,True,True
2016-06-09 20:00:00,75.0,75.45999908447266,74.80000305175781,75.44999694824219,4066300,75.71266682942708,4023646.6666666665,10.752775686387137,50.72479136412722,True,False
2016-06-12 20:00:00,74.83999633789062,75.69000244140625,74.62999725341797,75.25,5074600,75.66600011189779,4042956.6666666665,10.40072108954617,49.45621844731846,True,False
2016-06-13 20:00:00,75.08999633789062,75.26000213623047,74.80000305175781,75.12000274658203,3880300,75.62566680908203,4060470.0,10.073813249622416,48.60532629157881,True,True
2016-06-14 20:00:00,75.08999633789062,75.33999633789062,74.58999633789062,74.8499984741211,3104700,75.60166676839192,4024230.0,9.526655245785799,46.80413842722048,True,True
2016-06-15 20:00:00,74.36000061035156,74.62999725341797,73.81999969482422,74.44999694824219,3378000,75.61800003051758,3931316.6666666665,9.499573413270243,44.19144162461442,True,True
2016-06-16 20:00:00,74.8499984741211,75.05000305175781,74.45999908447266,74.94999694824219,4062600,75.57833328247071,3855443.3333333335,8.98959039514668,48.09204437807882,True,False
2016-06-19 20:00:00,75.9800033569336,76.66000366210938,75.69999694824219,76.0999984741211,3698000,75.57966664632161,3803443.3333333335,9.672490817559597,55.75217149615678,False,True
2016-06-20 20:00:00,76.30999755859375,77.27999877929688,75.80999755859375,77.16000366210938,3164000,75.63366673787435,3777696.6666666665,10.760990434779488,61.405698772546856,False,True
2016-06-21 20:00:00,77.27999877929688,77.68000030517578,76.76000213623047,77.0999984741211,3564000,75.6566665649414,3739953.3333333335,12.047803705113243,60.931094111096776,False,True
2016-06-22 20:00:00,77.81999969482422,78.30999755859375,77.29000091552734,78.30999755859375,4104000,75.72333323160807,3725973.3333333335,13.65118207210381,66.54610868318503,False,False
2016-06-23 20:00:00,75.68000030517578,76.44999694824219,74.83999633789062,75.2699966430664,5601400,75.68299967447916,3791370.0,12.722501182768719,47.91420343065303,True,False
2016-06-26 20:00:00,74.36000061035156,74.73999786376953,72.5,73.12000274658203,5173100,75.60899988810222,3840810.0,13.24557563618367,39.49254025915675,True,False
2016-06-27 20:00:00,74.30999755859375,74.30999755859375,73.16999816894531,73.97000122070312,4449100,75.52366663614909,3840166.6666666665,13.731287628640407,43.70530013752795,True,False
2016-06-28 20:00:00,73.9800033569336,75.33999633789062,73.87999725341797,75.08999633789062,4330800,75.48199996948242,3807216.6666666665,13.36775682643365,48.76693475771074,True,False
2016-06-29 20:00:00,75.22000122070312,75.66000366210938,74.83999633789062,75.55999755859375,3779300,75.50699996948242,3730010.0,12.791143175115531,50.76745570939578,False,False
2016-06-30 20:00:00,75.43000030517578,76.25,75.13999938964844,75.66999816894531,3944600,75.53466669718425,3729370.0,11.932765427880325,51.24726925327443,False,False
2016-07-04 20:00:00,74.9000015258789,75.72000122070312,74.52999877929688,75.22000122070312,3599000,75.5433334350586,3735626.6666666665,11.459241909364838,49.137511749622426,True,True
2016-07-05 20:00:00,75.22000122070312,75.55999755859375,74.68000030517578,75.44999694824219,3358300,75.56266657511394,3736420.0,11.019541499314744,50.26450962980101,True,True
2016-07-06 20:00:00,75.66999816894531,75.98999786376953,75.0,75.44999694824219,4564200,75.5403330485026,3767896.6666666665,10.257834250404214,50.26450962980101,True,False
2016-07-07 20:00:00,76.5,76.5,75.36000061035156,76.12999725341797,3804200,75.5389996846517,3781386.6666666665,9.905572879101683,53.77645274806656,False,False
2016-07-10 20:00:00,76.33000183105469,76.81999969482422,75.93000030517578,76.19999694824219,3204200,75.54199956258138,3811966.6666666665,9.82764817082648,54.13548182847799,False,True
2016-07-11 20:00:00,77.41000366210938,77.5,76.66000366210938,77.37000274658203,4347500,75.58266626993814,3883446.6666666665,10.261796499523287,59.761313145910876,False,False
2016-07-12 20:00:00,77.48999786376953,77.58000183105469,76.22000122070312,76.83000183105469,3659400,75.62899958292643,3852600.0,10.239358429965105,56.327165719687,False,True
2016-07-13 20:00:00,77.55000305175781,77.66000366210938,76.93000030517578,77.20999908447266,4158200,75.68799947102865,3889810.0,10.282621462112502,58.149669108247416,False,False
2016-07-14 20:00:00,77.33999633789062,77.56999969482422,76.88999938964844,77.31999969482422,3886400,75.75833282470703,3944536.6666666665,10.280537251451905,58.687123629706605,False,True
2016-07-17 20:00:00,77.01000213623047,77.12999725341797,76.52999877929688,76.7699966430664,2779400,75.82299931844075,3951783.3333333335,9.891264696819468,54.8913408434601,False,True
2016-07-18 20:00:00,76.33000183105469,76.87999725341797,76.12999725341797,76.37000274658203,2262500,75.85499928792318,3917330.0,9.255885642442774,52.2448235112096,False,True
2016-07-19 20:00:00,76.13999938964844,76.87000274658203,75.87000274658203,76.3499984741211,1825800,75.83766581217448,3827130.0,8.930721473119629,52.109509748641216,False,True
2016-07-20 20:00:00,75.91999816894531,76.51000213623047,75.58999633789062,75.7300033569336,1980400,75.84733250935872,3755030.0,8.912128160031932,47.96324127346306,True,True
2016-07-21 20:00:00,75.66999816894531,76.01000213623047,75.12999725341797,75.37999725341797,2411400,75.83999913533529,3707190.0,9.342332411458745,45.75012248360197,True,True
2016-07-24 20:00:00,74.9000015258789,75.26000213623047,74.0999984741211,74.51000213623047,4181800,75.8086659749349,3711040.0,10.604172639620193,40.72050211152447,True,False
2016-07-25 20:00:00,74.20999908447266,74.88999938964844,73.97000122070312,74.69000244140625,2734400,75.78999938964844,3633033.3333333335,11.874554533224764,42.13785688299293,True,True
2016-07-26 20:00:00,74.56999969482422,74.8499984741211,73.81999969482422,74.16000366210938,2975100,75.75799942016602,3602860.0,13.171725599872056,39.168278144247935,True,True
2016-07-27 20:00:00,73.77999877929688,74.31999969482422,73.43000030517578,73.91000366210938,3570000,75.72666625976562,3618370.0,14.678327240267622,37.814550894969614,True,True
2016-07-28 20:00:00,73.41999816894531,74.88999938964844,73.25,74.7300033569336,3210700,75.735999806722,3612793.3333333335,15.244143866697994,44.5803463437161,True,True
2016-07-31 20:00:00,74.4000015258789,74.48999786376953,73.30000305175781,73.58999633789062,4132400,75.69066645304362,3615120.0,15.769545019811913,38.33564860831664,True,False
2016-08-01 20:00:00,73.95999908447266,74.08000183105469,72.11000061035156,73.12000274658203,5563900,75.59133326212564,3677316.6666666665,17.21824952715439,36.09106019015545,True,False
2016-08-02 20:00:00,73.52999877929688,74.41000366210938,72.33000183105469,74.37999725341797,4697100,75.49866638183593,3728420.0,18.083978042818455,45.332224704902934,True,False
2016-08-03 20:00:00,74.01000213623047,74.8499984741211,73.91999816894531,74.25,3745600,75.40366643269857,3734473.3333333335,18.27664720110506,44.61542091708481,True,False
2016-08-04 20:00:00,74.19999694824219,74.19999694824219,73.05999755859375,73.68000030517578,3842600,75.24933319091797,3725760.0,19.147242683012358,41.515645806867276,True,False
2016-08-07 20:00:00,74.19000244140625,74.69000244140625,73.8499984741211,74.36000061035156,3378000,75.21899998982748,3651646.6666666665,19.3054439586542,46.30825360597156,True,True
2016-08-08 20:00:00,74.68000030517578,74.7699966430664,73.31999969482422,73.68000030517578,3353200,75.23766657511393,3590983.3333333335,19.874541338916924,42.55293813127485,True,True
2016-08-09 20:00:00,74.0,74.31999969482422,73.12999725341797,73.2699966430664,2659800,75.2143330891927,3531340.0,20.54948454889373,40.424337220924315,True,True
2016-08-10 20:00:00,73.83999633789062,74.58000183105469,73.30999755859375,74.25,2729400,75.18633321126302,3477960.0,20.80764329563096,47.22037109430981,True,True
2016-08-11 20:00:00,74.45999908447266,74.5999984741211,73.8499984741211,74.45999908447266,2151400,75.14966659545898,3423696.6666666665,21.01814932046363,48.57413453955452,True,True
2016-08-14 20:00:00,74.9000015258789,75.2300033569336,74.72000122070312,75.05000305175781,4851600,75.12900009155274,3453930.0,20.32502849902355,52.27770004646749,True,False
2016-08-15 20:00:00,74.7699966430664,76.26000213623047,74.5,76.01000213623047,4289400,75.15533345540365,3476943.3333333335,19.260695000882617,57.625154775961704,False,False
2016-08-16 20:00:00,75.87000274658203,76.62000274658203,75.44999694824219,76.61000061035156,3983000,75.19400024414062,3497766.6666666665,18.63426536210339,60.59695458298353,False,False
2016-08-17 20:00:00,76.91999816894531,77.51000213623047,76.7300033569336,77.4800033569336,4390500,75.26166712443033,3491976.6666666665,18.850616574629374,64.486186943158,False,False
2016-08-18 20:00:00,76.91000366210938,77.1500015258789,76.33000183105469,76.54000091552734,2992200,75.27533391316732,3464910.0,18.556412414063782,57.84297971995317,False,True
2016-08-21 20:00:00,76.02999877929688,76.52999877929688,75.66999816894531,76.36000061035156,2521900,75.28066736857096,3442166.6666666665,17.529853221600057,56.63971521396316,False,True
2016-08-22 20:00:00,76.37000274658203,77.06999969482422,76.37000274658203,76.88999938964844,2432900,75.26466725667318,3378346.6666666665,17.089442052975308,59.32287774701437,False,True
2016-08-23 20:00:00,76.87999725341797,77.94000244140625,76.56999969482422,77.72000122070312,5358000,75.2943339029948,3434966.6666666665,17.40888976312936,63.16686873045296,False,False
2016-08-24 20:00:00,77.66000366210938,77.69999694824219,77.0,77.36000061035156,3228100,75.29933395385743,3403963.3333333335,17.705519779700982,60.49649985170872,False,True
2016-08-25 20:00:00,77.54000091552734,77.94000244140625,76.8499984741211,77.16999816894531,3517400,75.2943339029948,3391663.3333333335,18.179873458281868,59.07698206654041,False,False
2016-08-28 20:00:00,77.0999984741211,78.0199966430664,76.5999984741211,77.94999694824219,3335300,75.33366724650065,3410193.3333333335,18.28016514387595,62.92318692588981,False,True
2016-08-29 20:00:00,78.4800033569336,78.4800033569336,77.58999633789062,77.83999633789062,2309600,75.3826670328776,3411763.3333333335,18.77848110991221,62.03765145486303,False,True
2016-08-30 20:00:00,77.58000183105469,77.58000183105469,76.48999786376953,76.8499984741211,3376600,75.39933369954427,3463456.6666666665,17.865783411515096,54.59131503601419,False,True
2016-08-31 20:00:00,76.55000305175781,76.8499984741211,76.01000213623047,76.83999633789062,3261000,75.43633346557617,3506143.3333333335,16.67116309927244,54.520113846327966,False,True
2016-09-01 20:00:00,77.56999969482422,77.77999877929688,76.55999755859375,77.51000213623047,3458300,75.50733362833658,3541040.0,16.28929552059835,58.43123521446903,False,True
2016-09-05 20:00:00,77.5999984741211,78.16999816894531,77.36000061035156,78.0,3978800,75.62366689046225,3534273.3333333335,16.268681280629316,61.068099839329605,False,False
2016-09-06 20:00:00,77.4000015258789,77.76000213623047,76.94999694824219,77.12999725341797,3881700,75.70500005086264,3572516.6666666665,15.782769460087865,54.4622674074086,False,False
2016-09-07 20:00:00,77.56999969482422,77.9000015258789,76.79000091552734,77.75,5019200,75.82466659545898,3640653.3333333335,15.150737637113606,57.952920240743175,False,False
2016-09-08 20:00:00,77.30000305175781,77.30000305175781,76.0,76.11000061035156,4496700,75.89799982706705,3671543.3333333335,14.409676974593234,47.56639561269858,False,False
2016-09-11 20:00:00,75.0999984741211,76.1500015258789,74.79000091552734,75.8499984741211,4638200,75.93533299763997,3719126.6666666665,14.762175683977732,46.154107824598626,True,False
2016-09-12 20:00:00,75.0199966430664,75.1500015258789,73.3499984741211,73.51000213623047,5846500,75.9326665242513,3776263.3333333335,16.03395424665062,35.84032754528512,True,False
2016-09-13 20:00:00,73.30999755859375,73.69000244140625,71.43000030517578,71.80000305175781,5624200,75.88866653442383,3778273.3333333335,18.132669334910467,30.480036394648348,True,False
2016-09-14 20:00:00,71.87000274658203,72.7699966430664,71.83000183105469,72.2699966430664,5324800,75.81833318074544,3799196.6666666665,20.081476202580326,33.427133256097164,True,False
2016-09-15 20:00:00,71.5999984741211,71.80000305175781,70.93000030517578,71.02999877929688,5411300,75.710999806722,3854720.0,22.257044938709612,29.833728847239648,True,False
2016-09-18 20:00:00,71.52999877929688,71.80999755859375,70.80999755859375,70.81999969482422,4220500,75.61566645304362,3867316.6666666665,24.32419969791263,29.26005733466449,True,False
2016-09-19 20:00:00,70.86000061035156,71.30999755859375,70.48999786376953,70.5,4337600,75.4869997660319,3899303.3333333335,26.371933449466166,28.36499096093567,True,False
2016-09-20 20:00:00,71.12000274658203,71.88999938964844,70.70999908447266,71.80000305175781,4294500,75.42433319091796,3930680.0,27.541294281811656,36.82043108042074,True,False
2016-09-21 20:00:00,72.58000183105469,72.80000305175781,71.30000305175781,71.41000366210938,5204000,75.36233342488607,4015486.6666666665,27.590351543455167,35.467889924060174,True,False
2016-09-22 20:00:00,71.38999938964844,71.38999938964844,69.1500015258789,69.5999984741211,5802100,75.20733337402343,4117910.0,28.68964760421403,29.966223975561963,True,False
2016-09-25 20:00:00,69.80000305175781,70.19999694824219,69.22000122070312,69.31999969482422,4688300,75.03600006103515,4202473.333333333,29.710422517775832,29.21135501186935,True,False
2016-09-26 20:00:00,68.75,68.97000122070312,67.83000183105469,68.6500015258789,4862200,74.82266667683919,4202826.666666667,31.202159323231424,27.430704567039683,True,False
2016-09-27 20:00:00,69.06999969482422,72.18000030517578,68.6500015258789,71.9000015258789,8044800,74.68566665649413,4328006.666666667,29.905577985246286,44.95802134231495,True,False
2016-09-28 20:00:00,71.81999969482422,73.12999725341797,71.29000091552734,72.13999938964844,6467700,74.53666661580404,4410830.0,28.107211193281444,45.99531720859598,True,False
2016-09-29 20:00:00,72.55999755859375,73.37000274658203,71.9800033569336,72.91999816894531,5110500,74.3846664428711,4434830.0,26.29042562963045,49.33703985022846,True,False
2016-10-02 20:00:00,72.91999816894531,73.18000030517578,72.43000030517578,72.81999969482422,3002200,74.26066640218099,4435163.333333333,24.603410463383103,48.919111649666014,True,True
2016-10-03 20:00:00,72.83999633789062,73.2300033569336,72.08999633789062,72.6500015258789,4532700,74.1369997660319,4502190.0,23.254146302933833,48.172045209775874,True,False
2016-10-04 20:00:00,73.27999877929688,73.52999877929688,72.47000122070312,72.54000091552734,4196900,73.99199981689453,4560990.0,21.78350656896135,47.664804598724785,True,True
2016-10-05 20:00:00,72.73999786376953,74.0,72.5999984741211,73.54000091552734,5269400,73.85266647338867,4558036.666666667,20.377414446843325,52.555742763823346,True,False
2016-10-06 20:00:00,73.80999755859375,73.98999786376953,73.22000122070312,73.54000091552734,3117600,73.72533315022787,4554353.333333333,19.071757476305162,52.555742763823346,True,True
2016-10-09 20:00:00,74.11000061035156,74.87000274658203,74.02999877929688,74.7699966430664,3766400,73.64533309936523,4562653.333333333,18.49942564786789,58.136655290023754,False,True
2016-10-10 20:00:00,74.52999877929688,74.81999969482422,73.27999877929688,73.69000244140625,3694800,73.5033332824707,4574636.666666667,17.353201010528615,52.31736610774639,False,True
2016-10-11 20:00:00,73.77999877929688,74.44999694824219,73.37000274658203,74.0,4128900,73.37533340454101,4635280.0,16.288849561570714,53.74845840058562,False,True
2016-10-12 20:00:00,73.36000061035156,74.16000366210938,72.83999633789062,73.9000015258789,4574000,73.27700017293294,4675193.333333333,15.387244421769052,53.193847257847736,False,True
2016-10-13 20:00:00,74.5999984741211,74.5999984741211,72.76000213623047,73.22000122070312,4494200,73.1563336690267,4716300.0,14.401594334448287,49.45663663672553,False,True
2016-10-16 20:00:00,73.22000122070312,73.22000122070312,71.86000061035156,72.47000122070312,5608500,72.98833363850912,4787973.333333333,13.988291076178186,45.647391055251646,True,False
2016-10-17 20:00:00,73.27999877929688,73.30999755859375,71.7699966430664,72.56999969482422,3814000,72.8073336283366,4782480.0,13.674361915352147,46.24192261778286,True,True
2016-10-18 20:00:00,73.41999816894531,75.5999984741211,72.97000122070312,74.51000213623047,5840000,72.72000045776367,4847756.666666667,13.787304841164595,56.24204142525382,False,False
2016-10-19 20:00:00,73.94999694824219,74.70999908447266,73.37999725341797,74.0999984741211,4088600,72.59833374023438,4816736.666666667,13.892180415133295,53.957578947583585,False,True
2016-10-20 20:00:00,73.47000122070312,74.66000366210938,72.79000091552734,74.61000061035156,4983800,72.54833374023437,4832973.333333333,13.467204960800185,56.33354292749011,False,False
2016-10-23 20:00:00,74.72000122070312,75.4000015258789,73.9000015258789,75.02999877929688,6117200,72.52100041707357,4882273.333333333,13.59164942137197,58.244519113897795,False,False
2016-10-24 20:00:00,74.83000183105469,75.5,74.3499984741211,74.43000030517578,4943800,72.55166702270508,4852183.333333333,13.775990473661498,54.57041065064744,False,False
2016-10-25 20:00:00,73.69999694824219,74.58000183105469,73.29000091552734,74.38999938964844,3678000,72.6380002339681,4787310.0,12.994797103340971,54.32437608545807,False,True
2016-10-26 20:00:00,74.7300033569336,74.88999938964844,73.72000122070312,73.79000091552734,4124700,72.68866704305013,4747306.666666667,12.511511166567228,50.63656996604475,False,True
2016-10-27 20:00:00,73.88999938964844,74.76000213623047,73.55000305175781,73.62999725341797,5823000,72.77533365885417,4761030.0,11.909575340688608,49.66825488718976,False,False
2016-10-30 20:00:00,73.63999938964844,73.69000244140625,72.55000305175781,72.91000366210938,4722100,72.84500045776367,4777750.0,11.610086132826567,45.4558901062016,False,True
2016-10-31 20:00:00,72.44999694824219,72.83999633789062,67.66000366210938,69.0,13046300,72.79500045776368,5068040.0,13.796326842932123,30.384985473360658,True,False
2016-11-01 20:00:00,68.72000122070312,68.87000274658203,67.0999984741211,67.79000091552734,5810300,72.66133371988933,5118566.666666667,16.00832122074977,27.361664670968306,True,False
2016-11-02 20:00:00,68.0,68.0,66.83000183105469,67.44999694824219,7863000,72.52933349609376,5207200.0,18.15058603940484,26.561889725602665,True,False
2016-11-03 20:00:00,67.41000366210938,68.2699966430664,66.55999755859375,66.58999633789062,7713900,72.42900009155274,5270926.666666667,20.23058128710131,24.602988238371097,True,False
2016-11-07 20:00:00,67.47000122070312,67.81999969482422,66.80000305175781,67.25,5855500,72.36000010172526,5309833.333333333,22.162005445676606,28.934549013332685,True,False
2016-11-08 20:00:00,67.08999633789062,67.43000030517578,66.45999908447266,66.88999938964844,4283000,72.30133336385092,5290526.666666667,24.08058712634973,27.989978427300095,True,True
2016-11-09 20:00:00,66.75,67.66000366210938,66.12000274658203,66.9000015258789,8582900,72.13466669718424,5308463.333333333,25.987890088815597,28.060246955016833,True,False
2016-11-10 20:00:00,66.79000091552734,66.9800033569336,65.5999984741211,65.72000122070312,9215400,71.9206667582194,5400053.333333333,27.948181056480802,24.965138126757612,True,False
2016-11-11 20:00:00,65.37000274658203,65.37000274658203,64.4000015258789,64.94999694824219,7290200,71.65500005086263,5472710.0,30.160899009916196,23.169200760345635,True,False
2016-11-14 20:00:00,64.56999969482422,66.05999755859375,64.37000274658203,65.7699966430664,8700300,71.41999994913736,5662646.666666667,31.442677996783544,29.024771747887158,True,False
2016-11-15 20:00:00,66.30000305175781,68.83999633789062,66.19000244140625,68.48999786376953,7442800,71.2813331604004,5759650.0,30.22040047980772,44.21299678733188,True,False
2016-11-16 20:00:00,68.27999877929688,69.87999725341797,68.16000366210938,68.93000030517578,7106400,71.160999806722,5856633.333333333,28.398265923761475,46.21796782856657,True,False
2016-11-17 20:00:00,69.55000305175781,70.29000091552734,67.69999694824219,67.80999755859375,6668000,70.96999969482422,5903253.333333333,26.96857834000755,42.07294723711005,True,False
2016-11-18 20:00:00,68.02999877929688,68.8499984741211,67.93000030517578,68.22000122070312,5490200,70.79266637166342,5982340.0,25.641011297950335,44.051103974020265,True,True
2016-11-21 20:00:00,69.30000305175781,70.25,69.11000061035156,69.2300033569336,4330900,70.60799992879232,6001156.666666667,24.137689795283176,48.69868533329968,True,True
2016-11-22 20:00:00,69.83000183105469,70.1500015258789,68.72000122070312,69.29000091552734,5663100,70.46133321126302,6066766.666666667,22.48269206169794,48.9698656483341,True,True
2016-11-23 20:00:00,68.7699966430664,70.12999725341797,68.7699966430664,69.8499984741211,3954500,70.32299982706705,6060953.333333333,20.94590845194022,51.54446861496679,True,True
2016-11-25 20:00:00,69.47000122070312,69.95999908447266,69.2699966430664,69.75,1319200,70.18466644287109,5952460.0,19.518895100022338,51.049173333955785,True,True
2016-11-28 20:00:00,70.18000030517578,70.18000030517578,68.27999877929688,68.38999938964844,3836700,70.02366638183594,5930543.333333333,18.76988819730523,44.75099144914305,True,True
2016-11-29 20:00:00,67.37999725341797,68.0,66.8499984741211,67.56999969482422,3975300,69.86033299763997,5876103.333333333,18.94184305960363,41.4318901866385,True,True
2016-11-30 20:00:00,69.45999908447266,72.05000305175781,68.97000122070312,71.36000061035156,9434900,69.81999969482422,6063466.666666667,18.580788116476903,57.22368567108841,False,False
2016-12-01 20:00:00,72.9000015258789,72.95999908447266,71.0999984741211,71.2699966430664,5690800,69.71199951171874,6058493.333333333,18.64801945109732,56.83179161927716,False,True
2016-12-02 20:00:00,71.0999984741211,71.54000091552734,70.66000366210938,70.8499984741211,4153300,69.60366617838541,6060650.0,18.429139785419718,54.94093196762212,False,True
2016-12-05 20:00:00,71.29000091552734,72.12999725341797,70.94000244140625,70.9800033569336,4933400,69.48266626993815,6058970.0,18.49977398849174,55.4351936257092,False,True
2016-12-06 20:00:00,70.4800033569336,71.26000213623047,70.0999984741211,70.41000366210938,4643800,69.32866643269857,6009856.666666667,18.009994609545377,52.70540204589344,False,True
2016-12-07 20:00:00,69.5199966430664,69.75,67.80999755859375,68.63999938964844,8381800,69.13566640218099,6124456.666666667,17.171650815942808,45.253303575464486,True,False
2016-12-08 20:00:00,68.95999908447266,69.37000274658203,68.12000274658203,69.31999969482422,6258100,68.96666641235352,6210460.0,16.39318872188328,48.27889792850524,False,False
2016-12-09 20:00:00,69.4800033569336,70.79000091552734,69.30999755859375,70.58000183105469,4563500,68.85966644287109,6225086.666666667,15.559569489294446,53.41619414146802,False,True
2016-12-12 20:00:00,72.25,72.47000122070312,71.27999877929688,71.38999938964844,5439500,68.78499984741211,6212303.333333333,15.578155586609673,56.41340238433818,False,True
2016-12-13 20:00:00,72.0,72.88999938964844,71.44999694824219,72.3499984741211,4355500,68.7663330078125,6200083.333333333,15.778232820326709,59.72113902720746,False,True
2016-12-14 20:00:00,71.72000122070312,72.30000305175781,70.80999755859375,70.95999908447266,3741200,68.83166631062825,5889913.333333333,15.562175128481341,53.40192139725327,False,True
2016-12-15 20:00:00,70.31999969482422,71.63999938964844,69.80000305175781,71.30000305175781,4855300,68.94866638183593,5858080.0,14.759679102524895,54.66554488236399,False,True
2016-12-16 20:00:00,72.23999786376953,73.51000213623047,71.69000244140625,73.44000244140625,9264700,69.14833323160808,5904803.333333333,14.900735133385053,61.70454895649494,False,False
2016-12-19 20:00:00,73.20999908447266,73.26000213623047,72.22000122070312,72.47000122070312,3490900,69.34433339436849,5764036.666666667,15.031715733469486,57.357297035822995,False,True
2016-12-20 20:00:00,72.56999969482422,72.87000274658203,71.98999786376953,72.37999725341797,2953100,69.51533330281576,5667290.0,15.001894391245486,56.956325407459595,False,True
2016-12-21 20:00:00,72.70999908447266,72.70999908447266,72.05000305175781,72.16000366210938,2450400,69.6910001118978,5606203.333333333,14.974203144894627,55.92717020809273,False,True
2016-12-22 20:00:00,72.08000183105469,72.62000274658203,71.7300033569336,72.36000061035156,3700600,69.87300008138021,5443460.0,14.715392380648114,56.69328209975907,False,True
2016-12-23 20:00:00,72.22000122070312,72.51000213623047,71.5999984741211,72.11000061035156,2344200,70.08600006103515,5214420.0,14.377206863768128,55.39697283796367,False,True
2016-12-27 20:00:00,72.0999984741211,72.54000091552734,71.80999755859375,72.3499984741211,2200500,70.33266677856446,5044763.333333333,14.082777410149928,56.42699504072426,False,True
2016-12-28 20:00:00,72.33000183105469,72.52999877929688,71.62999725341797,71.87000274658203,2373400,70.5360003153483,4833866.666666667,13.657253097133426,53.75335752384305,False,True
2016-12-29 20:00:00,71.80999755859375,71.94999694824219,71.19999694824219,71.5999984741211,1939700,70.63966700236003,4650430.0,12.896488112236915,52.25350358895757,False,True
2016-12-30 20:00:00,71.51000213623047,71.8499984741211,71.0199966430664,71.2300033569336,2641600,70.71633377075196,4501603.333333333,12.0363177982232,50.18696123408377,False,True
2017-01-03 20:00:00,72.2699966430664,72.95999908447266,71.18000030517578,72.2699966430664,4393600,70.86500040690105,4425790.0,12.100588370229655,55.51274720907693,False,True
2017-01-04 20:00:00,71.93000030517578,72.19999694824219,71.06999969482422,71.4800033569336,4151400,70.97366714477539,4381163.333333333,12.056703004576164,51.04799925375739,False,True
2017-01-05 20:00:00,71.31999969482422,71.4800033569336,70.54000091552734,70.62000274658203,4769900,71.02000045776367,4395796.666666667,11.518606187519376,46.64943761982882,True,False
2017-01-06 20:00:00,70.62000274658203,71.38999938964844,70.33999633789062,71.08000183105469,3935600,71.07966715494791,4338213.333333333,10.834139193863072,49.172198970801915,False,True
2017-01-09 20:00:00,70.5199966430664,70.80999755859375,69.9000015258789,70.4800033569336,5543700,71.10066731770833,4391186.666666667,10.32532243174946,46.10949253149282,True,False
2017-01-10 20:00:00,70.48999786376953,70.76000213623047,69.29000091552734,69.3499984741211,3993200,71.08733393351237,4480320.0,10.378236391370388,40.93788033409668,True,True
2017-01-11 20:00:00,69.4000015258789,69.94000244140625,68.87999725341797,69.3499984741211,6423200,71.1193339029948,4566536.666666667,10.760212170999282,40.937880334096675,True,False
2017-01-12 20:00:00,69.52999877929688,69.63999938964844,68.47000122070312,69.02999877929688,5343000,71.16800053914388,4612126.666666667,11.436419511372739,39.4834616627641,True,False
2017-01-13 20:00:00,68.94000244140625,69.37999725341797,68.66000366210938,69.08000183105469,3739700,71.09200057983398,4422286.666666667,12.064326327433804,39.8431125010745,True,True
2017-01-17 20:00:00,69.73999786376953,70.16000366210938,69.08999633789062,69.7300033569336,3776400,71.04066747029623,4358473.333333333,11.74203531482357,44.46359482278776,True,True
2017-01-18 20:00:00,69.29000091552734,69.87999725341797,69.05999755859375,69.31999969482422,3659300,70.98966751098632,4342006.666666667,11.471473359249629,42.25875668025261,True,True
2017-01-19 20:00:00,69.58000183105469,69.75,68.37999725341797,68.7300033569336,3901100,70.91466751098633,4307596.666666667,11.85104896228898,39.243101195368915,True,True
2017-01-20 20:00:00,69.3499984741211,69.4000015258789,68.2699966430664,68.58999633789062,4239100,70.85400060017903,4294106.666666667,12.301228115468046,38.540247892455945,True,True
2017-01-23 20:00:00,68.29000091552734,68.58000183105469,67.6500015258789,67.98999786376953,3129400,70.83233388264973,4119026.6666666665,13.249691793552882,35.59779519302511,True,True
2017-01-24 20:00:00,68.44000244140625,68.5,67.61000061035156,67.87000274658203,4946800,70.78400065104167,4075316.6666666665,14.163709655269889,35.02191389606056,True,False
2017-01-25 20:00:00,68.0999984741211,69.25,67.91000366210938,68.12999725341797,6147400,70.70233383178712,4128113.3333333335,14.001446048443745,37.38549289067109,True,False
2017-01-26 20:00:00,68.27999877929688,68.56999969482422,67.8499984741211,68.55000305175781,3698700,70.60766728719075,4070086.6666666665,13.911079417244283,41.11203110292816,True,True
2017-01-27 20:00:00,68.37000274658203,68.95999908447266,68.13999938964844,68.94999694824219,3836500,70.4943339029948,4052786.6666666665,13.321016025051957,44.49975696335543,True,True
2017-01-30 20:00:00,68.52999877929688,68.8499984741211,67.31999969482422,67.87999725341797,4551000,70.39166717529297,4079780.0,13.612758640592322,38.1733524326532,True,False
2017-01-31 20:00:00,68.0,68.08999633789062,67.33000183105469,67.7699966430664,5538400,70.27400029500326,4102550.0,13.883662497879808,37.58182711907627,True,False
2017-02-01 20:00:00,67.93000030517578,68.0999984741211,67.0199966430664,67.61000061035156,3975700,70.07966690063476,3926250.0,14.440805775114413,36.691244375068905,True,False
2017-02-02 20:00:00,67.5999984741211,69.0999984741211,67.26000213623047,68.5,4889000,69.94733352661133,3972853.3333333335,13.632668378150383,44.561249214585416,True,False
2017-02-03 20:00:00,68.4000015258789,69.83000183105469,68.11000061035156,69.18000030517578,4069400,69.84066696166992,4010063.3333333335,13.224143165471487,49.705646864273696,True,False
2017-02-06 20:00:00,68.94999694824219,69.27999877929688,67.98999786376953,68.19000244140625,3799300,69.70833358764648,4055026.6666666665,12.701431315095805,43.39250370155351,True,True
2017-02-07 20:00:00,67.91000366210938,67.94999694824219,66.3499984741211,66.81999969482422,4857200,69.52366689046224,4093580.0,12.998058448395247,36.486270417726615,True,False
2017-02-08 20:00:00,66.5999984741211,67.19999694824219,65.62999725341797,66.7699966430664,5676700,69.3456667582194,4204663.333333333,13.821291983838405,36.25943683835531,True,False
2017-02-09 20:00:00,66.7699966430664,68.33000183105469,66.16000366210938,68.19000244140625,6777800,69.20700022379557,4357240.0,13.386111873156887,46.44246104229913,True,False
2017-02-10 20:00:00,68.56999969482422,69.9000015258789,68.16000366210938,68.47000122070312,7394500,69.0936668395996,4524610.0,13.169997116067751,48.19975101392689,True,False
2017-02-13 20:00:00,67.38999938964844,67.70999908447266,66.87999725341797,67.38999938964844,6124000,68.95333353678386,4664086.666666667,12.502099124666657,42.41839062426614,True,False
2017-02-14 20:00:00,67.5,67.75,65.70999908447266,67.16000366210938,8697000,68.8176668802897,4865933.333333333,12.653263325431322,41.28276804902223,True,False
2017-02-15 20:00:00,66.87000274658203,67.66000366210938,66.75,67.20999908447266,4673900,68.64900029500326,4875276.666666667,12.793630083284226,41.64846996433865,True,True
2017-02-16 20:00:00,67.37999725341797,67.37999725341797,66.36000061035156,66.44000244140625,4905200,68.48100026448567,4900403.333333333,13.1776741069298,37.74896088511201,True,False
2017-02-17 20:00:00,66.16000366210938,66.27999877929688,65.38999938964844,66.2699966430664,5259200,68.33600006103515,4916713.333333333,14.120270959169366,36.92688271285277,True,False
2017-02-21 20:00:00,67.0,67.25,66.58999633789062,66.9800033569336,4796100,68.19933344523112,4945396.666666667,14.115927876240026,42.55359107590919,True,True
2017-02-22 20:00:00,66.58000183105469,66.95999908447266,65.87999725341797,65.91000366210938,5177700,68.04700012207032,4933196.666666667,14.54978124443062,37.17177023826336,True,False
2017-02-23 20:00:00,66.51000213623047,66.61000061035156,65.08000183105469,65.25,6441500,67.91033350626627,5014806.666666667,15.406777861099632,34.29092703736767,True,False
2017-02-24 20:00:00,65.02999877929688,65.12999725341797,64.19000244140625,64.88999938964844,5286600,67.76166687011718,4976920.0,16.659677604095773,32.797813463475464,True,False
2017-02-27 20:00:00,64.93000030517578,65.69999694824219,64.66000366210938,65.47000122070312,5015700,67.64300028483073,4966010.0,17.284780079435308,37.518204019455965,True,False
2017-02-28 20:00:00,65.2300033569336,65.68000030517578,65.04000091552734,65.55000305175781,5309400,67.52533365885417,5018333.333333333,17.86523237796488,38.16340547562016,True,False
2017-03-01 20:00:00,66.20999908447266,66.79000091552734,65.94999694824219,66.23999786376953,5277000,67.40900014241537,5068353.333333333,17.38754559533354,43.57521302556262,True,False
2017-03-02 20:00:00,65.83999633789062,66.13999938964844,65.37000274658203,65.5,5647000,67.28166681925455,5134610.0,17.32484217449171,39.574967307810574,True,False
2017-03-03 20:00:00,65.37999725341797,65.4800033569336,64.63999938964844,64.86000061035156,5070100,67.15266672770183,5173576.666666667,17.71535690888993,36.457725462665756,True,True
2017-03-06 20:00:00,64.81999969482422,65.04000091552734,64.48999786376953,64.7300033569336,5100800,67.02400029500326,5202300.0,18.168301851797164,35.84019330766551,True,True
2017-03-07 20:00:00,64.86000061035156,64.97000122070312,64.5,64.69999694824219,5391600,66.91433359781901,5277706.666666667,18.588893584496734,35.68992059898443,True,False
2017-03-08 20:00:00,63.72999954223633,63.959999084472656,62.0099983215332,62.060001373291016,7226000,66.72066688537598,5353680.0,20.279839419773925,25.54264424793753,True,False
2017-03-09 20:00:00,61.869998931884766,62.59000015258789,61.0099983215332,62.5,8182500,66.53300031026204,5421516.666666667,22.237428615003676,29.157813770890673,True,False
2017-03-10 20:00:00,63.0,63.04999923706055,62.18999862670898,62.59999847412109,6070000,66.33466682434081,5500560.0,23.586102497336753,29.989786698599552,True,False
2017-03-12 20:00:00,62.5099983215332,63.290000915527344,62.5,62.880001068115234,6118100,66.13233362833658,5576613.333333333,24.592732029553638,32.3843047867818,True,False
2017-03-13 20:00:00,62.36000061035156,63.25,61.79999923706055,63.040000915527344,5747000,65.97100041707357,5616480.0,25.844052906968184,33.77810498754896,True,False
2017-03-14 20:00:00,64.30000305175781,65.20999908447266,63.68999862670898,65.05999755859375,7500300,65.88066711425782,5681876.666666667,25.213507697067193,48.27485068672771,True,False
2017-03-15 20:00:00,65.0199966430664,65.06999969482422,63.720001220703125,63.81999969482422,5789500,65.7543337504069,5742336.666666667,24.628001430730556,42.17181166002907,True,False
2017-03-16 20:00:00,63.9900016784668,64.33999633789062,63.81999969482422,64.08999633789062,7553800,65.60733362833659,5831163.333333333,24.084317040560823,43.8367551966563,True,False
2017-03-19 20:00:00,63.7599983215332,64.05999755859375,63.43999862670898,63.65999984741211,4655600,65.4233336130778,5850703.333333333,23.822529866794216,41.77395688600869,True,True
2017-03-20 20:00:00,63.970001220703125,64.06999969482422,63.27000045776367,63.36000061035156,6446600,65.26233355204265,5938946.666666667,23.689565689544946,40.347448384488374,True,False
2017-03-21 20:00:00,63.27999877929688,63.70000076293945,62.77999877929688,63.5099983215332,4984500,65.15200017293294,5943190.0,23.882298688446536,41.42449367655283,True,True
2017-03-22 20:00:00,63.25,63.720001220703125,62.970001220703125,63.040000915527344,3975500,65.02766698201498,5886483.333333333,24.038810682221083,39.04561279063152,True,True
2017-03-23 20:00:00,63.15999984741211,63.41999816894531,62.43000030517578,62.83000183105469,4228900,64.84900029500325,5801520.0,24.540274727198966,37.99569215405254,True,True
2017-03-26 20:00:00,62.150001525878906,62.9900016784668,62.09999847412109,62.869998931884766,3350300,64.66233355204264,5666713.333333333,25.215201595416122,38.335797254259276,True,True
2017-03-27 20:00:00,62.869998931884766,63.619998931884766,62.560001373291016,63.400001525878906,4961400,64.52933362325032,5627960.0,25.072872355589165,42.81219696718796,True,True
2017-03-28 20:00:00,63.209999084472656,63.93999862670898,63.040000915527344,63.77999877929688,4351400,64.41666679382324,5483106.666666667,24.57012505474882,45.84749562739855,True,True
2017-03-29 20:00:00,64.05000305175781,64.5,63.52000045776367,64.2699966430664,8501400,64.31866671244303,5610690.0,23.48346593524534,49.56481638009624,True,False
2017-03-30 20:00:00,64.01000213623047,64.31999969482422,63.09999847412109,63.36000061035156,6520800,64.21599998474122,5664543.333333333,22.83732692926298,43.58147950332725,True,False
2017-04-02 20:00:00,63.380001068115234,63.880001068115234,62.709999084472656,63.7400016784668,4324400,64.13166681925456,5633383.333333333,22.561717727360794,46.48658953124351,True,True
2017-04-03 20:00:00,63.720001220703125,64.0199966430664,62.90999984741211,64.01000213623047,3050400,64.03266677856445,5575193.333333333,22.134930810234913,48.51513540667368,True,True
2017-04-04 20:00:00,64.37000274658203,64.87000274658203,63.31999969482422,63.43000030517578,4740800,63.95,5560630.0,20.771058425979906,44.60364638718413,True,True
2017-04-05 20:00:00,63.63999938964844,63.77999877929688,63.16999816894531,63.27999877929688,4285400,63.88433329264323,5488760.0,19.654227637967868,43.62406175622955,True,True
2017-04-06 20:00:00,63.400001525878906,63.54999923706055,62.91999816894531,62.9900016784668,3871700,63.82100003560384,5441596.666666667,18.870110534992524,41.71656922551324,True,True
2017-04-09 20:00:00,63.290000915527344,64.44000244140625,63.2400016784668,64.13999938964844,4063100,63.77666664123535,5409843.333333333,17.874333719417397,50.88756007850777,False,True
2017-04-10 20:00:00,64.26000213623047,65.05000305175781,63.900001525878906,64.9800033569336,4828800,63.75766665140788,5393823.333333333,17.524125667218744,56.29699052688469,False,True
2017-04-11 20:00:00,64.94000244140625,65.7300033569336,64.76000213623047,65.05999755859375,6533900,63.71833330790202,5435720.0,17.77201780960973,56.78514241279778,False,False
2017-04-12 20:00:00,64.97000122070312,65.0999984741211,63.91999816894531,64.08999633789062,4693000,63.671333185831706,5403920.0,17.058058296266008,49.556703832119496,False,True
2017-04-16 20:00:00,64.13999938964844,64.1500015258789,63.630001068115234,64.02999877929688,4065000,63.643666458129886,5370416.666666667,16.09462418349228,49.140034806743316,False,True
2017-04-17 20:00:00,63.81999969482422,64.13999938964844,62.68999862670898,62.70000076293945,4404100,63.57599970499675,5347193.333333333,15.577084447765245,40.925469718100416,True,True
2017-04-18 20:00:00,62.84000015258789,63.119998931884766,61.709999084472656,61.959999084472656,5447500,63.484666442871095,5349056.666666667,15.869042123210301,37.199396344895945,True,False
2017-04-19 20:00:00,62.119998931884766,62.33000183105469,61.79999923706055,61.93000030517578,4094000,63.48033307393392,5244656.666666667,16.140145678980712,37.05212224412684,True,True
2017-04-20 20:00:00,61.77999877929688,62.290000915527344,61.47999954223633,61.86000061035156,4400200,63.45899976094564,5118580.0,16.638639788205257,36.68713179992736,True,True
2017-04-23 20:00:00,62.34000015258789,62.5099983215332,61.709999084472656,62.06999969482422,2945200,63.44133313496908,5014420.0,16.830180037773104,38.6399423086221,True,True
2017-04-24 20:00:00,62.38999938964844,62.59000015258789,62.06999969482422,62.5,3384600,63.42866643269857,4923303.333333333,16.90628176814234,42.54756481578242,True,True
2017-04-25 20:00:00,62.09999847412109,62.91999816894531,61.95000076293945,62.43000030517578,3559000,63.40833307902018,4850370.0,16.552815797773327,42.07778775325691,True,True
2017-04-26 20:00:00,62.15999984741211,62.25,61.02999877929688,61.52000045776367,6506500,63.29033317565918,4817243.333333333,17.05063581431525,36.444308829522484,True,False
2017-04-27 20:00:00,61.95000076293945,62.040000915527344,61.34999847412109,61.540000915527344,3724100,63.21433321634928,4748396.666666667,17.512897258247033,36.64507358107944,True,True
2017-04-30 20:00:00,61.540000915527344,61.59999847412109,60.5,60.81999969482422,4614500,63.10533332824707,4650420.0,18.616130572760976,32.646971322760336,True,True
2017-05-01 20:00:00,60.900001525878906,61.09000015258789,59.38999938964844,60.040000915527344,5447700,62.984666697184245,4676823.333333333,20.34861491081536,28.960659110648283,True,False
2017-05-02 20:00:00,60.119998931884766,60.310001373291016,59.65999984741211,60.16999816894531,6641200,62.878333282470706,4683310.0,21.957350367580144,30.371764796936162,True,False
2017-05-03 20:00:00,59.5,59.63999938964844,57.20000076293945,58.02000045776367,11589300,62.695333353678386,4903470.0,24.574918756302914,22.434572244142107,True,False
2017-05-04 20:00:00,58.2400016784668,60.41999816894531,58.130001068115234,60.400001525878906,7710400,62.60733337402344,5027966.666666667,26.03179605012439,40.85949754984001,True,False
2017-05-07 20:00:00,60.2599983215332,60.66999816894531,60.04999923706055,60.59999847412109,5637100,62.532999928792314,5074906.666666667,27.086252333218788,42.10405960752694,True,False
2017-05-08 20:00:00,60.58000183105469,60.619998931884766,59.79999923706055,59.880001068115234,4491300,62.43333333333333,5112940.0,28.192662813962446,38.928018660469085,True,True
2017-05-09 20:00:00,60.2400016784668,61.47999954223633,60.2400016784668,61.33000183105469,5880700,62.36433334350586,5143583.333333333,28.19850736534989,47.51463953121883,True,False
2017-05-10 20:00:00,61.4900016784668,61.650001525878906,60.77999877929688,61.06999969482422,3924800,62.274000040690105,5129363.333333333,28.012371508480573,46.25870467334129,True,True
2017-05-11 20:00:00,60.86000061035156,61.38999938964844,60.77000045776367,60.869998931884766,3675900,62.16066678365072,4968513.333333333,27.846559695139984,45.267494943131126,True,True
2017-05-14 20:00:00,62.06999969482422,62.119998931884766,61.060001373291016,61.310001373291016,5426800,62.092333475748696,4932046.666666667,26.846969606816604,47.91184636067399,True,False
2017-05-15 20:00:00,61.470001220703125,61.470001220703125,60.2400016784668,60.52999877929688,3524400,61.9853333791097,4905380.0,26.548183210240666,43.865845314473404,True,True
2017-05-16 20:00:00,60.52999877929688,60.869998931884766,60.02999877929688,60.27000045776367,4053500,61.86066665649414,4938816.666666667,26.422297886710847,42.57522292579362,True,True
2017-05-17 20:00:00,60.04999923706055,60.650001525878906,59.52000045776367,60.290000915527344,3506400,61.75600001017253,4897670.0,26.665097859939454,42.71484973812694,True,True
2017-05-18 20:00:00,60.75,61.2400016784668,60.5099983215332,60.63999938964844,4442800,61.668000030517575,4902916.666666667,26.176628178335204,45.22479591310258,True,True
2017-05-21 20:00:00,60.84000015258789,61.040000915527344,60.22999954223633,60.59000015258789,3008800,61.587999979654946,4874153.333333333,25.93985227559261,44.921990764116025,True,True
2017-05-22 20:00:00,60.59999847412109,61.61000061035156,60.54999923706055,61.560001373291016,3826700,61.50200004577637,4866273.333333333,25.047434976330134,51.681206502757284,False,True
2017-05-23 20:00:00,61.52000045776367,61.790000915527344,60.84999847412109,61.15999984741211,4686600,61.37466659545898,4861533.333333333,24.012931638215743,49.010178689418005,True,True
2017-05-24 20:00:00,60.86000061035156,61.36000061035156,60.2400016784668,60.709999084472656,4688300,61.22966664632161,4800013.333333333,23.594281932521692,46.12221199969772,True,True
2017-05-25 20:00:00,60.84999847412109,61.52999877929688,60.709999084472656,61.0,4675400,61.12666676839193,4799426.666666667,22.995989666342883,48.23900931471981,True,True
2017-05-29 20:00:00,60.59999847412109,60.75,60.0,60.119998931884766,3381500,60.99633344014486,4776643.333333333,23.048793408841856,42.75022195154945,True,True
2017-05-30 20:00:00,59.619998931884766,59.9900016784668,58.90999984741211,58.93000030517578,7475500,60.8706667582194,4879023.333333333,23.873722931070596,36.67339238834343,True,False
2017-05-31 20:00:00,59.09000015258789,60.79999923706055,58.790000915527344,60.5099983215332,7530900,60.822333399454756,4948470.0,23.655988191946168,47.370424796051616,True,False
2017-06-01 20:00:00,60.16999816894531,60.70000076293945,59.66999816894531,60.70000076293945,6778400,60.781333414713544,5037950.0,23.453805934187773,48.49709329357386,True,False
2017-06-04 20:00:00,60.2599983215332,60.33000183105469,59.470001220703125,60.060001373291016,5404000,60.72133344014485,5071410.0,23.42705383996968,45.00241525199044,True,False
2017-06-05 20:00:00,60.0,61.86000061035156,59.88999938964844,61.650001525878906,7535600,60.70733350118001,5224423.333333333,21.77528931313791,53.891803702159734,False,False
2017-06-06 20:00:00,60.7599983215332,61.45000076293945,59.66999816894531,60.130001068115234,9861700,60.628333536783856,5440326.666666667,20.40305373983531,46.20344159746945,True,False
2017-06-07 20:00:00,60.130001068115234,60.130001068115234,58.06999969482422,58.61000061035156,10782800,60.501000213623044,5681120.0,20.40166512924694,40.05024279524437,True,False
2017-06-08 20:00:00,58.68000030517578,61.20000076293945,58.66999816894531,61.0099983215332,6237000,60.48400014241536,5672136.666666667,19.39961348125112,51.11940800800711,False,False
2017-06-11 20:00:00,61.5,62.15999984741211,60.72999954223633,60.84999847412109,5823400,60.46100006103516,5742113.333333333,18.326759857995874,50.45062167803908,False,False
2017-06-12 20:00:00,60.86000061035156,61.40999984741211,60.459999084472656,61.0,4041100,60.467000071207686,5723000.0,17.10904998314948,51.096575739731676,False,True
2017-06-13 20:00:00,60.83000183105469,60.880001068115234,59.52999877929688,60.119998931884766,4894200,60.46966667175293,5704550.0,16.513685635494898,47.208325352369336,True,True
2017-06-14 20:00:00,59.79999923706055,60.209999084472656,58.90999984741211,59.400001525878906,3982800,60.44400011698405,5615936.666666667,16.394312975536934,44.241930797788704,True,True
2017-06-15 20:00:00,59.7400016784668,61.90999984741211,59.52999877929688,61.83000183105469,6438500,60.57100016276042,5444243.333333333,15.509886335835793,54.608692060938935,False,False
2017-06-18 20:00:00,61.68000030517578,62.119998931884766,61.31999969482422,62.02999877929688,6818300,60.62533340454102,5414506.666666667,14.835179921203167,55.34457931338645,False,False
2017-06-19 20:00:00,60.880001068115234,61.0,59.66999816894531,60.77000045776367,4150100,60.6310001373291,5364940.0,14.50271467076421,49.86024100028606,False,True
2017-06-20 20:00:00,60.380001068115234,61.27000045776367,59.630001068115234,59.880001068115234,4976100,60.6310001373291,5381100.0,13.987164535578307,46.365249129207484,True,True
2017-06-21 20:00:00,60.0099983215332,61.02999877929688,59.66999816894531,60.209999084472656,3700500,60.59366671244303,5308426.666666667,13.508439410048538,47.82559460267703,True,True
2017-06-22 20:00:00,60.22999954223633,60.59000015258789,59.709999084472656,60.119998931884766,4844000,60.56200002034505,5339066.666666667,13.063908936342328,47.44616860149896,True,True
2017-06-25 20:00:00,60.11000061035156,60.43999862670898,59.38999938964844,60.0099983215332,3687300,60.53333333333333,5339446.666666667,12.899116741075362,46.95583370896828,True,True
2017-06-26 20:00:00,60.11000061035156,60.34000015258789,59.59000015258789,59.630001068115234,2975500,60.477333323160806,5257736.666666667,12.746095416898894,45.217364731052086,True,True
2017-06-27 20:00:00,59.900001525878906,60.08000183105469,59.31999969482422,59.56999969482422,4533400,60.445333353678386,5291370.0,12.829328250332821,44.93447157265058,True,True
2017-06-28 20:00:00,59.68999862670898,60.70000076293945,59.68999862670898,59.79999923706055,3959700,60.429666646321614,5288243.333333333,12.252557525381906,46.32082354678475,True,True
2017-06-29 20:00:00,60.16999816894531,60.369998931884766,59.290000915527344,59.869998931884766,4707800,60.415666580200195,5328290.0,12.076852105082533,46.76014701140957,True,True
2017-07-02 20:00:00,60.16999816894531,61.560001373291016,60.130001068115234,61.2599983215332,2806500,60.43633321126302,5273746.666666667,11.651208223016097,54.690165157202856,False,True
2017-07-04 20:00:00,61.040000915527344,61.08000183105469,59.65999984741211,59.75,4070500,60.408333206176756,5309136.666666667,10.82206979487388,46.57437343778555,True,True
2017-07-05 20:00:00,59.83000183105469,59.93000030517578,58.619998931884766,58.869998931884766,4341000,60.31866645812988,5326280.0,10.91990977252946,42.60623985231993,True,True
2017-07-06 20:00:00,58.72999954223633,58.75,57.84000015258789,58.68000030517578,3257100,60.235999806722006,5278630.0,11.57141764209777,41.77859309113218,True,True
2017-07-09 20:00:00,58.54999923706055,59.15999984741211,58.380001068115234,58.77000045776367,2778300,60.171333185831706,5214963.333333333,11.763410233126951,42.34987377725977,True,True
2017-07-10 20:00:00,58.91999816894531,59.18000030517578,58.470001220703125,58.93999862670898,2757300,60.10266647338867,5151026.666666667,11.921090674913975,43.47803146187365,True,True
2017-07-11 20:00:00,59.560001373291016,59.77000045776367,59.0,59.15999984741211,3355800,60.07066650390625,5150170.0,11.463230572132014,44.9786365745944,True,True
2017-07-12 20:00:00,59.04999923706055,59.52000045776367,58.59999847412109,59.5,3053800,60.08966649373372,5002780.0,11.385048353804777,47.30694867800703,True,True
2017-07-13 20:00:00,59.52999877929688,59.93000030517578,59.41999816894531,59.81999969482422,2575100,60.06666653951009,4837586.666666667,10.889103509270422,49.47405121662986,True,True
2017-07-16 20:00:00,59.7400016784668,60.880001068115234,59.68000030517578,60.040000915527344,3966800,60.04466654459635,4743866.666666667,10.675567643782259,50.96709968114423,True,True
2017-07-17 20:00:00,60.220001220703125,60.41999816894531,59.880001068115234,60.2400016784668,3613700,60.05066655476888,4684190.0,10.477284340114677,52.34574440379372,False,True
2017-07-18 20:00:00,60.13999938964844,60.900001525878906,59.72999954223633,60.88999938964844,4062600,60.025333150227866,4568423.333333333,10.719191219711849,56.61515289629535,False,True
2017-07-19 20:00:00,61.15999984741211,61.25,60.29999923706055,60.52000045776367,3082200,60.038333129882815,4342440.0,11.241550956870023,53.66766489740259,False,True
2017-07-20 20:00:00,60.150001525878906,60.5,59.9900016784668,60.02999877929688,3418900,60.08566640218099,4096976.6666666665,11.354618249779183,49.958226570118896,True,True
2017-07-23 20:00:00,60.130001068115234,60.209999084472656,59.310001373291016,59.40999984741211,2750600,60.03233311971029,3980763.3333333335,10.698932089693624,45.658008523730324,True,True
2017-07-24 20:00:00,60.16999816894531,61.56999969482422,60.09999847412109,61.0099983215332,3941300,60.037666447957356,3918026.6666666665,11.27063826875909,56.148215281535606,False,False
2017-07-25 20:00:00,61.33000183105469,61.97999954223633,60.86000061035156,61.59000015258789,3537800,60.057333119710286,3901250.0,12.10346904577807,59.221311983644384,False,True
2017-07-26 20:00:00,61.47999954223633,62.16999816894531,61.08000183105469,62.13999938964844,4622500,60.12466646830241,3892193.3333333335,13.016058213688032,61.94477014821304,False,False
2017-07-27 20:00:00,61.95000076293945,63.02000045776367,61.95000076293945,62.72999954223633,3984800,60.23566640218099,3892260.0,14.446330714571278,64.67059824126108,False,False
2017-07-30 20:00:00,62.630001068115234,62.709999084472656,61.66999816894531,61.93000030517578,4094300,60.238999684651695,3814120.0,15.421826475313093,58.54694635256853,False,False
2017-07-31 20:00:00,62.09999847412109,62.119998931884766,61.06999969482422,61.52999877929688,2918200,60.22233301798503,3684116.6666666665,15.6059219624593,55.70662659774517,False,True
2017-08-01 20:00:00,60.95000076293945,61.38999938964844,60.40999984741211,61.369998931884766,5934600,60.242332967122394,3743600.0,15.056633975517272,54.56629783442425,False,False
2017-08-02 20:00:00,62.220001220703125,62.22999954223633,60.75,61.54999923706055,5768900,60.29799957275391,3770026.6666666665,15.23618269282073,55.66581077720837,False,False
2017-08-03 20:00:00,61.54999923706055,62.209999084472656,61.54999923706055,62.09000015258789,3313000,60.360666275024414,3757110.0,15.402906501745367,58.88075394677259,False,True
2017-08-06 20:00:00,61.90999984741211,62.09999847412109,61.63999938964844,61.83000183105469,3204400,60.41766637166341,3702456.6666666665,15.557721467175387,56.7470292114319,False,True
2017-08-07 20:00:00,61.61000061035156,62.13999938964844,61.18999862670898,61.34999847412109,3231100,60.46233304341634,3687250.0,15.150981729718698,52.93327903231428,False,True
2017-08-08 20:00:00,61.79999923706055,61.97999954223633,61.27999877929688,61.65999984741211,2483400,60.5299996693929,3670846.6666666665,14.77329483065177,55.03505861384369,False,True
2017-08-09 20:00:00,61.709999084472656,62.0099983215332,61.20000076293945,61.34000015258789,2991000,60.58899968465169,3619433.3333333335,14.317941438735772,52.43224934454973,False,True
2017-08-10 20:00:00,61.27999877929688,61.369998931884766,60.93000030517578,61.130001068115234,2474900,60.63333307902018,3569940.0,13.537182391672959,50.736446049697015,False,True
2017-08-13 20:00:00,61.33000183105469,61.68999862670898,60.900001525878906,61.2400016784668,2464100,60.67899983723958,3495150.0,13.19668023393047,51.61914558133234,False,True
2017-08-14 20:00:00,61.040000915527344,61.08000183105469,60.310001373291016,60.619998931884766,3133300,60.657666524251304,3506043.3333333335,12.401507692444074,46.55573077981118,True,True
2017-08-15 20:00:00,60.720001220703125,60.91999816894531,59.560001373291016,59.70000076293945,3687500,60.65599988301595,3493276.6666666665,12.502567131561255,40.24697177991053,True,False
2017-08-16 20:00:00,59.470001220703125,59.709999084472656,58.91999816894531,58.91999816894531,4145900,60.657666524251304,3486773.3333333335,13.207835714830825,35.81561271252342,True,False
2017-08-17 20:00:00,58.9900016784668,59.33000183105469,58.709999084472656,59.150001525878906,4042900,60.673333231608076,3512966.6666666665,14.050725999342346,37.98396836375896,True,False
2017-08-20 20:00:00,59.130001068115234,59.209999084472656,58.43999862670898,58.84000015258789,2789000,60.67566655476888,3513323.3333333335,15.07361309501328,36.20844996674036,True,True
2017-08-21 20:00:00,59.0099983215332,59.45000076293945,59.0099983215332,59.15999984741211,2563800,60.68299992879232,3506873.3333333335,15.646026516385145,39.3595203140748,True,True
2017-08-22 20:00:00,58.93000030517578,59.84000015258789,58.86000061035156,59.59999847412109,2759800,60.697666549682616,3487006.6666666665,15.586825131322708,43.492714672753564,True,True
2017-08-23 20:00:00,59.560001373291016,59.560001373291016,59.060001373291016,59.130001068115234,2387800,60.685333251953125,3464806.6666666665,15.531852416621875,40.330538620231984,True,True
2017-08-24 20:00:00,59.209999084472656,59.43000030517578,59.02999877929688,59.220001220703125,1925900,60.66533330281575,3443166.6666666665,15.517063543130439,41.21197479335015,True,True
2017-08-27 20:00:00,59.33000183105469,59.47999954223633,58.77999877929688,59.130001068115234,2381100,60.634999974568686,3390310.0,15.810332998528121,40.566629187171024,True,True
2017-08-28 20:00:00,58.81999969482422,59.380001068115234,58.709999084472656,59.08000183105469,2824700,60.59633331298828,3364010.0,16.169203556045435,40.19010499290421,True,True
2017-08-29 20:00:00,58.86000061035156,59.22999954223633,58.68999862670898,59.16999816894531,2855900,60.53899993896484,3323786.6666666665,16.528549093570156,41.24716331321759,True,True
2017-08-30 20:00:00,59.470001220703125,59.900001525878906,59.290000915527344,59.70000076293945,3729600,60.51166661580404,3345366.6666666665,15.626107644542776,47.168952855106966,True,False
2017-08-31 20:00:00,59.68999862670898,59.91999816894531,59.27999877929688,59.75,2635800,60.502333323160805,3319263.3333333335,14.754224183446292,47.70445215993359,True,True
2017-09-04 20:00:00,60.0,60.75,59.970001220703125,60.720001220703125,4619800,60.54600003560384,3381570.0,14.708774828357662,56.84364838697375,False,False
2017-09-05 20:00:00,60.91999816894531,62.040000915527344,60.84999847412109,61.619998931884766,4086300,60.56633338928223,3386403.3333333335,16.022790782087945,63.2593471186588,False,False
2017-09-06 20:00:00,61.59000015258789,62.04999923706055,61.36000061035156,61.86000061035156,4037100,60.57533340454101,3403046.6666666665,17.251749656920197,64.76369127437309,False,False
2017-09-07 20:00:00,60.77999877929688,60.93000030517578,59.77999877929688,60.2400016784668,3502000,60.51200014750163,3365696.6666666665,16.121802705523425,49.90898143683139,True,False
2017-09-10 20:00:00,60.36000061035156,60.66999816894531,60.119998931884766,60.40999984741211,4403000,60.43466682434082,3379636.6666666665,15.072566250654996,51.174570889416735,True,False
2017-09-11 20:00:00,60.34999847412109,60.97999954223633,60.27999877929688,60.77999877929688,4436600,60.39633344014486,3391046.6666666665,14.460924640304947,53.90438757155207,False,False
2017-09-12 20:00:00,61.09999847412109,61.61000061035156,60.900001525878906,61.54999923706055,4139200,60.39700012207031,3431746.6666666665,14.569510044672583,59.03716693947886,False,False
2017-09-13 20:00:00,61.68000030517578,62.43000030517578,61.400001525878906,61.58000183105469,4765000,60.40400021870931,3392760.0,15.416599816667915,59.227673966885334,False,False
2017-09-14 20:00:00,61.58000183105469,61.720001220703125,61.220001220703125,61.34999847412109,5291400,60.39733352661133,3376843.3333333335,15.945301028665364,57.037679990828224,False,False
2017-09-17 20:00:00,61.27999877929688,61.95000076293945,61.09000015258789,61.79999923706055,4192200,60.38766682942708,3406150.0,16.644681419687302,60.142868971848095,False,False
2017-09-18 20:00:00,61.79999923706055,62.150001525878906,61.59000015258789,61.86000061035156,3221300,60.38866678873698,3406713.3333333335,17.475502031478662,60.55227561899308,False,True
2017-09-19 20:00:00,62.09999847412109,62.86000061035156,62.0,62.4900016784668,3519800,60.4266668955485,3416336.6666666665,18.83931196930309,64.65727982219721,False,False
2017-09-20 20:00:00,62.380001068115234,62.95000076293945,62.2400016784668,62.75,2676800,60.463000233968096,3422783.3333333335,20.176107226662797,66.21960116528177,False,True
2017-09-21 20:00:00,62.68999862670898,63.4900016784668,62.56999969482422,62.93999862670898,3412100,60.5163335164388,3436820.0,21.82438358226354,67.35526082056364,False,True
2017-09-24 20:00:00,63.34999847412109,64.97000122070312,63.2599983215332,64.58000183105469,5157900,60.63133354187012,3526253.3333333335,24.214919512613935,75.12798577736223,False,False
2017-09-25 20:00:00,64.25,64.6500015258789,64.0999984741211,64.44000244140625,3424900,60.7380002339681,3558280.0,26.43470287651073,73.51873309878894,False,True
2017-09-26 20:00:00,64.52999877929688,65.19999694824219,64.23999786376953,65.19000244140625,3523400,60.89033368428548,3571283.3333333335,28.76347572437051,76.43131204752198,False,True
2017-09-27 20:00:00,65.16999816894531,65.69999694824219,64.86000061035156,64.97000122070312,3388700,61.066000366210936,3561323.3333333335,31.147705131200468,73.86490464221637,False,True
2017-09-28 20:00:00,64.66000366210938,64.7699966430664,64.13999938964844,64.20999908447266,3559700,61.24233373006185,3541783.3333333335,32.143354973991066,65.66241749106517,False,False
2017-10-01 20:00:00,63.810001373291016,64.1500015258789,63.470001220703125,64.11000061035156,2775100,61.407667032877605,3499523.3333333335,32.07961492316894,64.64521585345122,False,True
2017-10-02 20:00:00,64.0999984741211,64.13999938964844,63.61000061035156,63.97999954223633,1862000,61.579000345865886,3468623.3333333335,32.020427733119824,63.2729245165742,False,True
2017-10-03 20:00:00,64.05999755859375,64.48999786376953,63.56999969482422,64.38999938964844,3355800,61.75333366394043,3495023.3333333335,32.23368359554446,65.7428434644643,False,True
2017-10-04 20:00:00,64.4000015258789,64.55000305175781,64.12999725341797,64.3499984741211,3028600,61.91166699727376,3503983.3333333335,32.47805587046675,65.28157064053829,False,True
2017-10-05 20:00:00,63.90999984741211,64.18000030517578,63.70000076293945,63.90999984741211,2303200,62.071000289916995,3501163.3333333335,32.011820899371436,60.27210058050121,False,True
2017-10-08 20:00:00,64.08000183105469,64.41000366210938,63.790000915527344,64.0,3117400,62.23033358256022,3540880.0,31.788217879131576,60.93248016696305,False,True
2017-10-09 20:00:00,64.37999725341797,64.94999694824219,64.33999633789062,64.5,3435000,62.40933354695638,3576010.0,32.04266325992343,64.46634075558354,False,True
2017-10-10 20:00:00,64.55000305175781,64.70999908447266,64.13999938964844,64.38999938964844,2044600,62.586333465576175,3550006.6666666665,31.940454221723865,63.11374720854111,False,True
2017-10-11 20:00:00,64.16999816894531,64.30999755859375,63.900001525878906,64.22000122070312,3100000,62.75466690063477,3558143.3333333335,31.441709104764318,60.984208610214694,False,True
2017-10-12 20:00:00,64.7300033569336,65.22000122070312,64.66000366210938,64.7300033569336,3377200,62.9223336537679,3546396.6666666665,31.783711602410165,64.81932184965584,False,True
2017-10-15 20:00:00,65.02999877929688,65.12000274658203,64.54000091552734,64.7699966430664,2668800,63.08966687520345,3547496.6666666665,31.898051547333807,65.10895715534734,False,True
2017-10-16 20:00:00,64.83000183105469,64.91999816894531,64.2300033569336,64.63999938964844,3092600,63.22033348083496,3496590.0,31.481042334057094,63.28514199361045,False,True
2017-10-17 20:00:00,64.62999725341797,65.01000213623047,64.43000030517578,64.62999725341797,2894800,63.3206667582194,3456873.3333333335,31.18296964212224,63.138594543948535,False,True
2017-10-18 20:00:00,64.30999755859375,65.0,64.19999694824219,64.83999633789062,3568100,63.41999994913737,3441240.0,30.50251009664462,64.97257232717683,False,False
2017-10-19 20:00:00,65.12000274658203,65.58999633789062,64.87000274658203,65.47000122070312,4523000,63.594333267211915,3475273.3333333335,30.481940007794687,69.8232829660251,False,False
2017-10-22 20:00:00,65.48999786376953,65.63999938964844,64.86000061035156,65.05000305175781,3410600,63.749000040690106,3442193.3333333335,30.512046504060294,63.509045988669556,False,True
2017-10-23 20:00:00,65.30000305175781,66.11000061035156,65.12000274658203,65.81999969482422,6594200,63.91700007120768,3514113.3333333335,30.9883807773791,69.03727370876244,False,False
2017-10-24 20:00:00,65.66999816894531,66.23999786376953,64.91999816894531,65.3499984741211,6910300,64.04366671244303,3606483.3333333335,31.03904680529995,62.78482376252563,False,False
2017-10-25 20:00:00,65.41999816894531,65.66999816894531,64.37999725341797,64.62000274658203,4454200,64.14500007629394,3596123.3333333335,30.10667605721451,54.52504129155826,False,False
2017-10-26 20:00:00,64.0199966430664,65.43000030517578,63.650001525878906,65.05000305175781,5064300,64.26833356221518,3588553.3333333335,28.131631597070186,58.02778936538696,False,False
2017-10-29 20:00:00,65.05000305175781,65.52999877929688,64.81999969482422,64.95999908447266,4370800,64.37366689046225,3594506.6666666665,26.43037488030947,57.03747191871553,False,False
2017-10-30 20:00:00,64.8499984741211,65.0,64.27999877929688,64.56999969482422,5235100,64.464000193278,3661633.3333333335,24.977394486184632,52.83013687445345,False,False
2017-10-31 20:00:00,65.16000366210938,65.79000091552734,65.06999969482422,65.45999908447266,6184200,64.56300010681153,3750446.6666666665,23.787318254080905,60.06895930784212,False,False
2017-11-01 20:00:00,65.97000122070312,68.04000091552734,65.81999969482422,67.9000015258789,7875800,64.73466682434082,3923746.6666666665,24.607731716637282,72.51999248159095,False,False
2017-11-02 20:00:00,67.95999908447266,68.75,67.18000030517578,68.26000213623047,6370500,64.9120002746582,4022360.0,25.789528542434688,73.81719730205697,False,False
2017-11-06 20:00:00,68.5199966430664,68.97000122070312,68.41999816894531,68.81999969482422,3986200,65.05333353678385,3983303.3333333335,27.010579014197734,75.73596463860017,False,False
2017-11-07 20:00:00,68.75,69.12000274658203,68.58000183105469,68.75,3306500,65.1970001220703,3979356.6666666665,28.230681683047123,74.99612144327679,False,True
2017-11-08 20:00:00,68.62000274658203,68.66000366210938,67.79000091552734,68.16999816894531,4635600,65.29633331298828,4016430.0,28.26141582575918,68.9830315060639,False,False
2017-11-09 20:00:00,67.94999694824219,68.87999725341797,67.91999816894531,68.69999694824219,2973900,65.42066650390625,4002603.3333333335,28.448514636653645,71.25136213129845,False,True
2017-11-10 20:00:00,68.45999908447266,68.80999755859375,68.05000305175781,68.16999816894531,3494000,65.55266647338867,4000413.3333333335,28.622249246769933,66.04947349063855,False,True
2017-11-13 20:00:00,68.0,68.41000366210938,67.77999877929688,67.93000030517578,3682400,65.67999979654948,4030656.6666666665,28.387067770775506,63.77876605446918,False,True
2017-11-14 20:00:00,67.80999755859375,67.80999755859375,67.04000091552734,67.31999969482422,4178300,65.79133313496908,4107866.6666666665,27.17270741647143,58.29324794913291,False,False
2017-11-15 20:00:00,66.79000091552734,67.08000183105469,66.44999694824219,66.66999816894531,4881500,65.86733309427898,4158723.3333333335,25.351323167804843,53.05663985910115,False,False
2017-11-16 20:00:00,66.55999755859375,67.45999908447266,66.51000213623047,67.16999816894531,3595900,65.96133308410644,4177633.3333333335,24.060590484788253,56.308062557859664,False,True
2017-11-17 20:00:00,67.91000366210938,68.79000091552734,67.8499984741211,68.4000015258789,5513700,66.110999806722,4284650.0,24.03383964717446,63.08222695617267,False,False
2017-11-20 20:00:00,68.18000030517578,68.29000091552734,67.7699966430664,67.80999755859375,4157600,66.2379997253418,4319323.333333333,23.908888085101175,58.40450807948236,False,True
2017-11-21 20:00:00,68.06999969482422,68.29000091552734,67.72000122070312,67.87999725341797,2972600,66.35066630045573,4303910.0,23.726754219143753,58.79490280573828,False,True
2017-11-22 20:00:00,68.18000030517578,68.41000366210938,68.08000183105469,68.2300033569336,2696100,66.47866643269857,4325626.666666667,23.665415055026898,60.777163760949605,False,True
2017-11-24 20:00:00,68.44999694824219,68.63999938964844,68.4000015258789,68.41999816894531,1596200,66.61866633097331,4275500.0,23.818346105245787,61.850052378296574,False,True
2017-11-27 20:00:00,68.16999816894531,68.41999816894531,67.66000366210938,68.08000183105469,8203500,66.73033294677734,4436376.666666667,22.912486516192477,58.7529029917709,False,False
2017-11-28 20:00:00,68.0199966430664,68.9800033569336,67.86000061035156,68.95999908447266,4807500,66.86999969482422,4507666.666666667,22.622197702903954,63.80490549779737,False,False
2017-11-29 20:00:00,68.73999786376953,69.94999694824219,68.51000213623047,69.9000015258789,5105300,67.04533309936524,4574756.666666667,23.16028146234515,68.27488672236869,False,False
2017-11-30 20:00:00,70.02999877929688,70.61000061035156,69.83000183105469,70.5,6525700,67.24099985758464,4695786.666666667,24.12209385729854,70.75732747741688,False,False
2017-12-01 20:00:00,70.75,71.08999633789062,69.7699966430664,70.23999786376953,4972100,67.42099990844727,4742586.666666667,25.32142430110797,68.26455617761906,False,False
2017-12-04 20:00:00,70.48999786376953,71.13999938964844,69.98999786376953,70.05999755859375,3678200,67.57399978637696,4714426.666666667,26.46687699543819,66.51741740282812,False,True
2017-12-05 20:00:00,70.16999816894531,70.44999694824219,69.83999633789062,70.0,2723800,67.73899968465169,4691533.333333333,27.290660725575286,65.91188016978961,False,True
2017-12-06 20:00:00,69.73999786376953,70.04000091552734,68.9800033569336,69.2699966430664,3304900,67.85399958292643,4581890.0,26.794801112033188,58.887549938665785,False,True
2017-12-07 20:00:00,69.08000183105469,69.58999633789062,69.01000213623047,69.41000366210938,3813100,67.98933308919271,4478650.0,26.334360042315524,59.77300883461524,False,True
2017-12-08 20:00:00,68.68000030517578,69.08999633789062,68.27999877929688,68.87000274658203,3063800,68.13099975585938,4432303.333333333,24.945414549177226,54.86484995134372,False,True
2017-12-11 20:00:00,68.9000015258789,69.83999633789062,68.9000015258789,69.5,2855800,68.27933298746744,4358686.666666667,24.388024315683076,59.08585453183011,False,True
2017-12-12 20:00:00,69.91999816894531,70.1500015258789,69.36000061035156,70.02999877929688,6178700,68.44833297729492,4418950.0,24.146989161658915,62.281619737972036,False,False
2017-12-13 20:00:00,69.88999938964844,70.12000274658203,69.70999908447266,69.97000122070312,3985800,68.62833302815756,4377306.666666667,23.923170804350768,61.69414563603712,False,True
2017-12-14 20:00:00,70.06999969482422,70.87000274658203,69.87000274658203,70.55000305175781,5522600,68.79799982706706,4355253.333333333,24.369278860405576,65.11940298355228,False,False
2017-12-15 20:00:00,70.87000274658203,71.04000091552734,70.44999694824219,70.62000274658203,7554000,68.88866653442383,4344526.666666667,24.920763656136728,65.52012682186601,False,False
2017-12-18 20:00:00,70.91000366210938,71.22000122070312,70.62999725341797,70.97000122070312,3092300,68.97899983723958,4235253.333333333,25.580415826485684,67.52882184279323,False,True
2017-12-19 20:00:00,71.0,71.19999694824219,70.62000274658203,70.9000015258789,4198200,69.04833323160807,4242320.0,26.175550910984395,66.69199285206456,False,True
2017-12-20 20:00:00,71.16999816894531,71.94999694824219,70.94999694824219,71.87999725341797,2844200,69.15266647338868,4226910.0,27.332207135509183,71.93545634188011,False,True
2017-12-21 20:00:00,71.94999694824219,72.66000366210938,71.79000091552734,72.58000183105469,2902400,69.29966659545899,4169136.6666666665,28.88128504925794,74.96687580278328,False,True
2017-12-22 20:00:00,72.5999984741211,73.2699966430664,72.44000244140625,72.98999786376953,5465800,69.44266662597656,4252200.0,30.671006123489295,76.56364303391054,False,False
2017-12-26 20:00:00,72.97000122070312,73.9000015258789,72.97000122070312,73.54000091552734,2214400,69.6216667175293,4209546.666666667,32.65171295297218,78.54108791199918,False,True
2017-12-27 20:00:00,73.54000091552734,73.66000366210938,73.08000183105469,73.31999969482422,2237500,69.80133336385092,4161383.3333333335,34.49094072320629,75.78653567985349,False,True
2017-12-28 20:00:00,73.37000274658203,73.77999877929688,73.22000122070312,73.69999694824219,1682700,70.01399993896484,4078196.6666666665,36.261064652873856,77.2694116473349,False,True
2017-12-29 20:00:00,73.9800033569336,74.05999755859375,73.62999725341797,73.66000366210938,3181600,70.24700012207032,4021533.3333333335,38.050285722054966,76.73676073505008,False,True
2018-01-02 20:00:00,74.01000213623047,74.30000305175781,73.48999786376953,73.9800033569336,2830000,70.47400029500325,3996003.3333333335,39.833694192919054,78.04110634958778,False,True
2018-01-03 20:00:00,74.04000091552734,75.11000061035156,74.0,75.0,3463300,70.69400024414062,3927656.6666666665,41.854924276714165,81.58532437284872,False,True
2018-01-04 20:00:00,74.5999984741211,74.98999786376953,74.11000061035156,74.95999908447266,2706100,70.9323336283366,3879273.3333333335,43.731780783095346,81.03295761132657,False,True
2018-01-05 20:00:00,74.83000183105469,74.97000122070312,74.25,74.55000305175781,3240300,71.15466715494792,3888196.6666666665,45.47457611044929,75.39825265937635,False,True
2018-01-08 20:00:00,74.5999984741211,75.23999786376953,74.41000366210938,75.19000244140625,3174600,71.38666712443033,3904146.6666666665,47.21677824115916,77.97307862533106,False,True
2018-01-09 20:00:00,75.2300033569336,75.44000244140625,74.80999755859375,74.88999938964844,2985100,71.6023338317871,3950443.3333333335,48.924104283486244,74.06018950661003,False,True
2018-01-10 20:00:00,74.9000015258789,74.94999694824219,74.13999938964844,74.25,4094300,71.80800043741861,3813470.0,48.91412141037121,66.40442682538294,False,False
2018-01-11 20:00:00,74.63999938964844,75.98999786376953,74.2699966430664,75.81999969482422,5061100,72.03666712443034,3821923.3333333335,49.56007872669779,73.61103215982672,False,False
2018-01-12 20:00:00,76.0,76.76000213623047,75.7699966430664,76.52999877929688,5781100,72.2576670328776,3844450.0,50.53516908954469,76.10712117198028,False,False
2018-01-16 20:00:00,76.77999877929688,76.79000091552734,75.2699966430664,75.2699966430664,4333100,72.41666692097982,3771363.3333333335,50.503724698262644,64.45528490691751,False,False
2018-01-17 20:00:00,75.56999969482422,76.19000244140625,74.95999908447266,75.86000061035156,3109900,72.60400034586588,3709290.0,49.928548047215315,67.00278767024653,False,True
2018-01-18 20:00:00,75.80999755859375,76.0999984741211,75.37000274658203,75.38999938964844,3012400,72.7816670735677,3687096.6666666665,49.39445544267137,63.1217539036266,False,True
2018-01-19 20:00:00,75.44999694824219,75.62999725341797,75.0999984741211,75.55000305175781,3224800,72.96666717529297,3703796.6666666665,48.40069279545907,63.888610865600306,False,True
2018-01-22 20:00:00,75.73999786376953,77.62999725341797,75.73999786376953,77.62999725341797,4309400,73.24533386230469,3737280.0,48.77160075339065,72.03079781605159,False,False
2018-01-23 20:00:00,77.44999694824219,77.9000015258789,77.22000122070312,77.41999816894531,3314000,73.51233367919922,3720643.3333333335,49.24599610455997,70.30719727916413,False,True
2018-01-24 20:00:00,77.76000213623047,78.08999633789062,77.06999969482422,77.55999755859375,3356100,73.80200017293295,3730386.6666666665,49.77841231735159,70.80869087561177,False,True
2018-01-25 20:00:00,77.58000183105469,77.7699966430664,76.68000030517578,76.73999786376953,2468700,74.0433334350586,3717483.3333333335,49.601592020420426,63.99145365087252,False,True
2018-01-26 20:00:00,76.80000305175781,77.30000305175781,76.48999786376953,77.18000030517578,2345900,74.28166681925455,3589723.3333333335,49.1164604321648,65.88920687506375,False,True
2018-01-29 20:00:00,76.87999725341797,77.19000244140625,76.08000183105469,76.23999786376953,3014800,74.49066670735677,3557356.6666666665,47.99077729570013,58.763903441233786,False,True
2018-01-30 20:00:00,75.4800033569336,76.04000091552734,74.68000030517578,74.76000213623047,4415200,74.63100001017253,3520443.3333333335,45.08078859602999,49.65850618265128,False,False
2018-01-31 20:00:00,74.86000061035156,75.25,74.22000122070312,74.97000122070312,4626100,74.7759999593099,3422846.6666666665,41.882379943177924,50.82288142744186,False,False
2018-02-01 20:00:00,75.0199966430664,76.27999877929688,74.98999786376953,76.0999984741211,3165300,74.94699986775716,3425280.0,39.87455320674193,56.635193777766425,False,True
2018-02-02 20:00:00,75.19999694824219,75.19999694824219,73.3499984741211,73.58000183105469,5505000,75.03633321126303,3468840.0,37.57116865752557,44.11346492607478,True,False
2018-02-05 20:00:00,72.98999786376953,73.87000274658203,70.05000305175781,70.91000366210938,5786800,75.00400009155274,3566926.6666666665,37.34290180575173,35.226669645593425,True,False
2018-02-06 20:00:00,69.7699966430664,71.66000366210938,69.4000015258789,71.22000122070312,5616400,74.95866673787435,3657393.3333333335,37.4022002756602,36.818139470168624,True,False
2018-02-07 20:00:00,71.4800033569336,72.19999694824219,69.8499984741211,69.87000274658203,5630300,74.85466690063477,3662876.6666666665,36.97143787784968,33.01397184360587,True,False
2018-02-08 20:00:00,69.98999786376953,70.16000366210938,68.47000122070312,68.47000122070312,7126300,74.68566691080729,3826606.6666666665,37.15631234571115,29.598523165166696,True,False
2018-02-09 20:00:00,69.04000091552734,69.41000366210938,65.70999908447266,68.18000030517578,5440300,74.514333597819,3933366.6666666665,38.210590277622764,28.9308457885214,True,False
2018-02-12 20:00:00,68.88999938964844,70.52999877929688,68.88999938964844,69.87000274658203,3951700,74.38666712443033,4009000.0,38.29959891511836,37.74433970127031,True,True
2018-02-13 20:00:00,69.20999908447266,70.16999816894531,69.12000274658203,69.72000122070312,4519800,74.2553337097168,4053606.6666666665,38.38224979279284,37.30216486124531,True,False
2018-02-14 20:00:00,66.62000274658203,70.19999694824219,66.5999984741211,69.8499984741211,8007800,74.11766688028972,4226200.0,39.221363046195165,37.98026724141069,True,False
2018-02-15 20:00:00,69.94999694824219,70.05000305175781,67.69000244140625,69.43000030517578,5020800,73.93200022379557,4278116.666666667,40.000539638640184,36.602880522149015,True,False
2018-02-16 20:00:00,69.20999908447266,69.41000366210938,68.06999969482422,68.16000366210938,5793600,73.7053337097168,4381033.333333333,40.724060760196274,32.736775603045714,True,False
2018-02-20 20:00:00,68.87999725341797,68.87999725341797,67.80999755859375,67.98999786376953,5107900,73.48666687011719,4443286.666666667,41.47502656751167,32.24578055721543,True,False
2018-02-21 20:00:00,67.98999786376953,68.69999694824219,67.19000244140625,67.20999908447266,5113600,73.2206667582194,4507920.0,42.360309870728244,30.021028353366564,True,False
2018-02-22 20:00:00,67.81999969482422,68.80999755859375,67.36000061035156,67.91999816894531,3785300,72.98833338419597,4534593.333333333,43.07019220229978,34.45408165536531,True,True
2018-02-23 20:00:00,68.33999633789062,68.8499984741211,67.72000122070312,68.31999969482422,3854700,72.79066670735678,4526606.666666667,43.68606393689337,36.88007935066341,True,True
2018-02-26 20:00:00,68.36000061035156,68.41999816894531,67.1500015258789,67.2699966430664,7385600,72.5056666056315,4604090.0,44.456596648092315,33.38680140650685,True,False
2018-02-27 20:00:00,67.61000061035156,67.9800033569336,66.75,66.75,6623600,72.17966664632162,4632173.333333333,45.3076778878585,31.78131082255623,True,False
2018-02-28 20:00:00,67.25,67.38999938964844,65.58999633789062,65.5999984741211,8149600,71.85733337402344,4759390.0,46.4570066657688,28.51546305210697,True,False
2018-03-01 20:00:00,65.69999694824219,66.38999938964844,65.08000183105469,65.62999725341797,5519300,71.51633326212566,4839703.333333333,47.66686831825587,28.721229320741042,True,False
2018-03-02 20:00:00,65.12000274658203,65.8499984741211,64.23999786376953,65.63999938964844,3752500,71.19133326212565,4864373.333333333,49.01005310399148,28.794824184025202,True,True
2018-03-05 20:00:00,65.16999816894531,66.37999725341797,65.01000213623047,65.91999816894531,4746900,70.87033309936524,4915110.0,49.61494465222588,30.94431116758949,True,True
2018-03-06 20:00:00,66.44999694824219,66.51000213623047,65.55999755859375,65.66000366210938,4435300,70.47133331298828,4919306.666666667,50.018370042140646,30.03757519606231,True,True
2018-03-07 20:00:00,65.12000274658203,65.70999908447266,64.19999694824219,65.19000244140625,4694200,70.06366678873698,4965313.333333333,50.83018226870468,28.416546090282957,True,True
2018-03-08 20:00:00,64.38999938964844,64.55000305175781,62.470001220703125,62.959999084472656,9402600,69.57700017293294,5166863.333333333,52.01938828927315,22.274366426389815,True,False
2018-03-09 20:00:00,63.38999938964844,63.7599983215332,63.09999847412109,63.66999816894531,12059700,69.1413335164388,5486563.333333333,53.12365102265817,27.637306047667547,True,False
2018-03-11 20:00:00,63.75,64.54000091552734,63.5,63.88999938964844,7821500,68.69833348592122,5669083.333333333,53.23694941505191,29.265924325669435,True,False
2018-03-12 20:00:00,64.18000030517578,64.93000030517578,63.91999816894531,64.19999694824219,4840300,68.29700012207032,5729933.333333333,52.90636877181806,31.601890462073584,True,True
2018-03-13 20:00:00,64.54000091552734,64.80999755859375,63.93000030517578,64.04000091552734,3466700,67.93966674804688,5698316.666666667,52.59940103167234,31.032268135996198,True,True
2018-03-14 20:00:00,64.33999633789062,64.66000366210938,63.209999084472656,63.90999984741211,3226100,67.57100003560384,5651650.0,52.60017086493408,30.550416361164444,True,True
2018-03-15 20:00:00,64.0,64.47000122070312,63.630001068115234,64.44999694824219,6189300,67.18266665140787,5752450.0,52.600885710105686,35.061019336885266,True,False
2018-03-18 20:00:00,64.06999969482422,64.20999908447266,63.130001068115234,63.650001525878906,4686200,66.85166664123535,5725156.666666667,52.80129083417741,31.76909011311378,True,True
2018-03-19 20:00:00,63.900001525878906,64.7300033569336,63.61000061035156,63.90999984741211,4877700,66.61833318074544,5694853.333333333,52.29923600560441,33.9399537799343,True,True
2018-03-20 20:00:00,64.23999786376953,66.51000213623047,64.20999908447266,66.04000091552734,4784800,66.44566650390625,5667133.333333333,49.896176693921426,48.418873760318235,True,True
2018-03-21 20:00:00,65.30999755859375,65.9800033569336,64.98999786376953,65.18000030517578,6320700,66.28933308919271,5690146.666666667,47.664764475930085,44.20596731869319,True,False
2018-03-22 20:00:00,66.0,67.37999725341797,65.36000061035156,65.48999786376953,6253700,66.18999964396158,5661060.0,44.36325120303467,46.02890798794008,True,False
2018-03-25 20:00:00,66.22000122070312,67.27999877929688,65.93000030517578,67.19999694824219,3938800,66.15733286539714,5611010.0,41.29756030677464,54.80155344474913,False,True
2018-03-26 20:00:00,67.31999969482422,67.62000274658203,65.44000244140625,65.81999969482422,5378600,66.02233276367187,5658573.333333333,38.842324886938236,48.01822970175382,True,True
2018-03-27 20:00:00,65.95999908447266,65.98999786376953,62.97999954223633,63.150001525878906,10391800,65.8033327738444,5854306.666666667,38.09927509179492,38.17304434573041,True,False
2018-03-28 20:00:00,63.58000183105469,65.45999908447266,63.45000076293945,64.95999908447266,7823500,65.64033279418945,5848163.333333333,37.40930028201899,46.222557360178676,True,False
2018-04-01 20:00:00,64.86000061035156,65.16000366210938,63.43999862670898,64.66999816894531,6816400,65.4816660563151,5908016.666666667,36.77417496350546,45.2070022018242,True,False
2018-04-02 20:00:00,64.87999725341797,66.68000030517578,64.45999908447266,66.62999725341797,7486000,65.43066584269205,5964430.0,34.79600921721154,52.76121850352769,False,False
2018-04-03 20:00:00,65.75,66.69000244140625,65.5,66.62000274658203,6631900,65.3849993387858,6015230.0,32.95079905928283,52.72130308620868,False,False
2018-04-04 20:00:00,66.88999938964844,68.02999877929688,66.70999908447266,67.7699966430664,7941200,65.40366592407227,6109483.333333333,30.998346690799284,56.77353615281901,False,False
2018-04-05 20:00:00,67.43000030517578,68.11000061035156,66.66999816894531,67.52999877929688,6898800,65.39066594441732,6213266.666666667,29.24285857265787,55.70057228003198,False,False
2018-04-08 20:00:00,68.08000183105469,69.69999694824219,67.5999984741211,68.93000030517578,7918700,65.4109992980957,6348733.333333333,28.644646044842364,60.401888315612396,False,False
2018-04-09 20:00:00,69.9000015258789,70.83999633789062,69.54000091552734,70.51000213623047,7965100,65.51899948120118,6368050.0,28.69115811865353,64.92588074692863,False,False
2018-04-10 20:00:00,70.52999877929688,71.94999694824219,70.48999786376953,71.68000030517578,4999400,65.68333282470704,6313910.0,29.24169969369353,67.8546047014367,False,True
2018-04-11 20:00:00,71.7699966430664,72.25,71.36000061035156,71.77999877929688,4736800,65.88933283487955,6200150.0,29.881979415828116,68.09978084310156,False,True
2018-04-12 20:00:00,72.4800033569336,73.81999969482422,72.30999755859375,73.62999725341797,6321800,66.15599950154622,6226900.0,31.085700552220267,72.30781570564255,False,False
2018-04-15 20:00:00,74.44999694824219,74.9800033569336,73.77999877929688,74.91000366210938,5205600,66.46499964396159,6275336.666666667,32.57991689122947,74.7861001098668,False,True
2018-04-16 20:00:00,74.94999694824219,75.48999786376953,74.55000305175781,75.22000122070312,4187700,66.77499974568686,6256696.666666667,34.12082702342265,75.36120130843683,False,True
2018-04-17 20:00:00,76.13999938964844,76.66000366210938,75.70999908447266,75.91999816894531,4276300,67.11699956258138,6251396.666666667,35.877711330352234,76.65599951332389,False,True
2018-04-18 20:00:00,76.20999908447266,76.52999877929688,75.56999969482422,75.98999786376953,5457600,67.4769994099935,6276843.333333333,37.36550002375698,76.78736812999266,False,True
2018-04-19 20:00:00,75.80000305175781,76.87999725341797,75.45999908447266,76.47000122070312,5027900,67.92733281453451,6131020.0,38.849000003455906,77.71353725321377,False,True
2018-04-22 20:00:00,76.2699966430664,77.26000213623047,75.66999816894531,77.23999786376953,3220800,68.37966613769531,5836390.0,40.33756441324111,79.15064019701937,False,True
2018-04-23 20:00:00,77.44999694824219,78.0199966430664,76.9000015258789,77.33999633789062,4876800,68.82799936930338,5738233.333333333,41.933008570009754,79.33699025850471,False,True
2018-04-24 20:00:00,77.25,77.4000015258789,76.36000061035156,77.36000061035156,5583100,69.26666615804037,5762993.333333333,42.79143847994054,79.37670109394209,False,True
2018-04-25 20:00:00,77.69999694824219,77.77999877929688,77.1500015258789,77.5999984741211,3672100,69.71866607666016,5769840.0,43.71699187889794,79.87637981308664,False,True
2018-04-26 20:00:00,77.0999984741211,77.66000366210938,76.76000213623047,77.04000091552734,2901700,70.15633277893066,5759026.666666667,44.11615307615746,75.29235420671506,False,True
2018-04-29 20:00:00,76.9800033569336,78.11000061035156,76.9800033569336,77.26000213623047,3742400,70.58333295186361,5677463.333333333,44.66386188211454,75.87804027009811,False,True
2018-04-30 20:00:00,76.95999908447266,77.08000183105469,75.97000122070312,76.58000183105469,3895000,71.01433296203614,5651090.0,44.02650481785573,70.3287774781973,False,True
2018-05-01 20:00:00,76.36000061035156,77.16000366210938,76.36000061035156,76.83000183105469,3978300,71.44499969482422,5621110.0,43.47568763760108,71.16375255825204,False,True
2018-05-02 20:00:00,76.62999725341797,77.7699966430664,76.2300033569336,77.29000091552734,4773200,71.81999969482422,5620723.333333333,43.27516895099644,72.68679624265964,False,True
2018-05-03 20:00:00,76.87999725341797,78.12000274658203,76.69000244140625,77.70999908447266,2975000,72.23766632080078,5509200.0,43.26072970009094,74.03524060577867,False,True
2018-05-06 20:00:00,78.20999908447266,79.30999755859375,77.2699966430664,77.27999877929688,5105400,72.63066635131835,5470923.333333333,43.772745872206066,70.2132842323415,False,True
2018-05-07 20:00:00,77.0199966430664,78.41999816894531,76.54000091552734,78.19999694824219,7160000,72.99733301798503,5578296.666666667,43.403090892769875,73.37966821430264,False,False
2018-05-08 20:00:00,80.91000366210938,83.81999969482422,80.70999908447266,82.4000015258789,11030000,73.54999974568685,5766676.666666667,44.749307081849324,82.51679280959374,False,False
2018-05-09 20:00:00,82.94999694824219,84.27999877929688,82.55999755859375,83.86000061035156,5741200,74.2403330485026,5611656.666666667,46.09139838786627,84.50749068129163,False,False
2018-05-10 20:00:00,83.9000015258789,85.79000091552734,83.2300033569336,84.97000122070312,6621300,74.90733311971029,5571583.333333333,47.61803691397678,85.82863774847527,False,False
2018-05-13 20:00:00,85.2300033569336,86.13999938964844,84.44000244140625,84.88999938964844,6459600,75.58133316040039,5559690.0,49.09645401978264,85.26427557368066,False,False
2018-05-14 20:00:00,84.63999938964844,85.02999877929688,83.87999725341797,84.2699966430664,4637300,76.16933314005534,5464733.333333333,49.95047534955082,80.8285096558587,False,True
2018-05-15 20:00:00,84.3499984741211,84.69999694824219,83.54000091552734,84.26000213623047,5235700,76.75733311971028,5418193.333333333,50.42783350630069,80.75557625366194,False,True
2018-05-16 20:00:00,84.66999816894531,86.23999786376953,84.25,86.16000366210938,4935500,77.37033335367839,5318003.333333333,51.23676065533125,83.7562889802139,False,True
2018-05-17 20:00:00,85.98999786376953,86.0999984741211,84.98999786376953,85.41999816894531,3498600,77.96666666666667,5204663.333333333,51.98790729371677,78.61479343450867,False,True
2018-05-20 20:00:00,85.9800033569336,86.31999969482422,85.22000122070312,85.79000091552734,5806100,78.52866668701172,5134243.333333333,52.73780780647684,79.29904699263709,False,False
2018-05-21 20:00:00,85.72000122070312,86.37999725341797,84.8499984741211,84.94999694824219,3827400,79.0099998474121,4996320.0,53.04443510535606,73.54568272932534,False,True
2018-05-22 20:00:00,84.31999969482422,85.54000091552734,83.62999725341797,85.33000183105469,3507300,79.46499989827474,4946583.333333333,52.13427210011637,74.44882727686209,False,True
2018-05-23 20:00:00,84.43000030517578,84.68000030517578,83.69999694824219,83.86000061035156,3319200,79.86766662597657,4899330.0,51.28912073810808,65.17881389091734,False,True
2018-05-24 20:00:00,82.41000366210938,83.11000061035156,80.72000122070312,82.4000015258789,4152100,80.16000010172526,4827006.666666667,48.18110148439215,57.51845240702265,False,True
2018-05-28 20:00:00,82.48999786376953,82.7699966430664,81.02999877929688,81.83000183105469,4130300,80.39066670735677,4791163.333333333,45.295083605941635,54.81007055437341,False,True
2018-05-29 20:00:00,82.37999725341797,84.55999755859375,82.36000061035156,84.06999969482422,3781000,80.68566665649413,4777606.666666667,43.531130539255386,62.31906867261762,False,True
2018-05-30 20:00:00,83.58000183105469,84.77999877929688,83.4000015258789,84.19999694824219,4861100,80.96166661580403,4797100.0,41.99566292738846,62.70636758195198,False,False
2018-05-31 20:00:00,84.6500015258789,86.11000061035156,84.08999633789062,85.0999984741211,4940200,81.26533330281576,4779853.333333333,41.15609378489578,65.36088276536289,False,False
2018-06-03 20:00:00,85.73999786376953,86.05999755859375,84.4800033569336,85.36000061035156,4312000,81.56166661580404,4755990.0,40.37649386686686,66.11133548565965,False,True
2018-06-04 20:00:00,85.6500015258789,87.16999816894531,85.29000091552734,85.51000213623047,6391000,81.83733342488607,4861663.333333333,40.11332246198938,66.56143403043758,False,False
2018-06-05 20:00:00,85.91000366210938,87.12000274658203,85.83999633789062,86.45999908447266,6534300,82.1413335164388,4916913.333333333,39.86894901460314,69.33891968026214,False,False
2018-06-06 20:00:00,87.0,87.66999816894531,86.16999816894531,86.4800033569336,7229000,82.44533360799154,4971776.666666667,39.87019159675064,69.39656440871062,False,False
2018-06-07 20:00:00,86.01000213623047,86.27999877929688,84.66000366210938,85.47000122070312,5533200,82.70766703287761,5033813.333333333,38.574252462544045,62.960444253913195,False,False
2018-06-10 20:00:00,85.88999938964844,86.76000213623047,85.29000091552734,86.1500015258789,5813400,83.01133371988932,5130870.0,37.608771111225515,65.2942218063363,False,False
2018-06-11 20:00:00,85.7699966430664,86.13999938964844,84.55000305175781,84.93000030517578,6053600,83.26700032552084,5207910.0,36.12286373607403,58.20803686757879,False,False
2018-06-12 20:00:00,84.62000274658203,84.9800033569336,83.91000366210938,84.33000183105469,4401600,83.52533365885417,5224796.666666667,34.26004492387834,55.044132637597244,False,True
2018-06-13 20:00:00,84.87999725341797,85.22000122070312,84.26000213623047,84.3499984741211,3675600,83.77600021362305,5214706.666666667,32.67708685391778,55.131665666400096,False,True
2018-06-14 20:00:00,84.02999877929688,84.0999984741211,82.83999633789062,83.33000183105469,7476900,83.97733357747396,5304830.0,30.496340971061024,49.8046741059867,True,False
2018-06-17 20:00:00,83.2699966430664,85.16999816894531,83.19000244140625,83.79000091552734,5247200,84.18000030517578,5380570.0,28.84675753142587,52.05461254641719,True,True
2018-06-18 20:00:00,82.69999694824219,83.4000015258789,82.16999816894531,82.58000183105469,5427000,84.3566670735677,5391290.0,26.92931029040931,46.189655468862476,True,False
2018-06-19 20:00:00,82.91999816894531,83.76000213623047,82.70999908447266,83.23999786376953,4452500,84.52466710408528,5301040.0,25.097434833512843,49.529917962831085,True,True
2018-06-20 20:00:00,83.02999877929688,83.11000061035156,81.68000030517578,82.08999633789062,4997400,84.514333597819,5099953.333333333,23.866288501192635,44.36251043118683,True,True
2018-06-21 20:00:00,84.37999725341797,84.4000015258789,82.87000274658203,83.33000183105469,5305100,84.49666697184244,5085416.666666667,22.436380733873502,50.37452047411559,True,False
2018-06-24 20:00:00,83.5,83.51000213623047,80.83000183105469,81.3499984741211,3780300,84.37600021362304,4990716.666666667,21.716328328939845,42.48095150245451,True,True
2018-06-25 20:00:00,81.66999816894531,82.9800033569336,81.44999694824219,82.68000030517578,3925600,84.30233357747396,4906250.0,21.047708238644304,48.337102164297846,True,True
2018-06-26 20:00:00,83.6500015258789,84.69000244140625,83.55000305175781,83.7699966430664,5131800,84.2856669108073,4922733.333333333,19.71875071423511,52.59668209216769,True,False
2018-06-27 20:00:00,84.26000213623047,84.69000244140625,83.08000183105469,83.4000015258789,3507100,84.25700022379557,4865113.333333333,18.410377877367527,51.057798629284065,True,True
2018-06-28 20:00:00,84.02999877929688,84.83999633789062,83.5999984741211,83.68000030517578,3849700,84.17433344523111,4828920.0,17.103246358520806,52.19763265566196,True,True
2018-07-01 20:00:00,83.04000091552734,83.20999908447266,82.27999877929688,82.5199966430664,3091300,84.07766672770182,4815343.333333333,16.65769567434208,47.28443508601758,True,True
2018-07-02 20:00:00,83.62999725341797,84.80999755859375,83.29000091552734,83.86000061035156,2978900,84.01333338419596,4721103.333333333,15.667585869728669,52.81020639098131,True,True
2018-07-04 20:00:00,84.4800033569336,84.4800033569336,83.66000366210938,84.19000244140625,3670100,83.9880002339681,4715860.0,14.748198194016215,54.086610935639634,False,True
2018-07-05 20:00:00,83.76000213623047,84.69000244140625,83.61000061035156,84.25,2801100,83.95200017293294,4692320.0,14.022319016154347,54.3284840537397,False,True
2018-07-08 20:00:00,84.69999694824219,85.56999969482422,84.69000244140625,85.25,3001600,83.99833348592122,4681733.333333333,13.871133038261094,58.27401915516408,False,True
2018-07-09 20:00:00,85.62000274658203,86.5999984741211,85.52999877929688,85.69999694824219,4601500,84.10833333333333,4696713.333333333,14.285576023922546,59.95069726941205,False,True
2018-07-10 20:00:00,84.9000015258789,85.2300033569336,83.45999908447266,83.93000030517578,5109400,84.1783332824707,4729350.0,13.300556008245652,51.2306203907307,True,False
2018-07-11 20:00:00,84.70999908447266,85.08000183105469,83.0999984741211,84.55999755859375,4694100,84.19466654459636,4759786.666666667,12.524307829216118,53.8061195812364,False,True
2018-07-12 20:00:00,84.13999938964844,84.54000091552734,83.44000244140625,83.63999938964844,4723700,84.17599995930989,4755206.666666667,11.803505948688695,49.68011444199515,True,True
2018-07-15 20:00:00,82.80000305175781,83.38999938964844,81.33999633789062,82.52999877929688,3661700,84.09033330281575,4712590.0,12.281811510660528,45.178664556999585,True,True
2018-07-16 20:00:00,82.33000183105469,82.86000061035156,81.61000061035156,82.69000244140625,3476100,84.00133336385092,4684726.666666667,12.725952389634372,45.93906916436249,True,True
2018-07-17 20:00:00,82.13999938964844,83.2300033569336,81.29000091552734,82.95999908447266,3827000,83.91633326212565,4599260.0,12.8628228874841,47.268239156104876,True,True
2018-07-18 20:00:00,82.75,83.54000091552734,82.55000305175781,82.9800033569336,3495500,83.80033340454102,4497966.666666667,12.756255892749214,47.371483724925554,True,True
2018-07-19 20:00:00,83.0999984741211,83.33999633789062,82.4800033569336,83.08000183105469,2934400,83.68700002034505,4354813.333333333,12.70092606719266,47.92041472014706,True,True
2018-07-22 20:00:00,83.2699966430664,83.56999969482422,82.33999633789062,82.44999694824219,3328200,83.58633321126302,4281313.333333333,12.45914791080169,44.753346836523164,True,True
2018-07-23 20:00:00,82.80999755859375,84.58999633789062,82.63999938964844,83.45999908447266,7053100,83.49666646321614,4322636.666666667,11.700840464940466,50.41157176332576,True,False
2018-07-24 20:00:00,83.66999816894531,84.93000030517578,83.36000061035156,84.33000183105469,4610200,83.47666651407877,4274523.333333333,11.244537417963011,54.71406853969467,False,False
2018-07-25 20:00:00,84.19999694824219,84.6500015258789,83.87000274658203,84.16000366210938,4169200,83.47099990844727,4266776.666666667,10.82082744576966,53.733021622867724,False,True
2018-07-26 20:00:00,83.87999725341797,84.23999786376953,83.19000244140625,83.47000122070312,2787300,83.44166666666666,4237166.666666667,10.23847225262432,49.827734445253256,False,True
2018-07-29 20:00:00,84.08999633789062,84.2300033569336,83.05000305175781,83.30999755859375,3198900,83.44099985758463,4094566.6666666665,9.812592947052272,48.93948471715442,True,True
2018-07-30 20:00:00,83.61000061035156,84.55000305175781,83.08000183105469,83.93000030517578,5069900,83.44566650390625,4088656.6666666665,9.126019674344471,52.4748615125263,False,False
2018-07-31 20:00:00,83.08999633789062,83.26000213623047,82.38999938964844,82.63999938964844,3417600,83.44766642252604,4021676.6666666665,9.08163495060556,45.427164403075324,True,True
2018-08-01 20:00:00,82.01000213623047,82.55999755859375,81.83999633789062,82.23999786376953,3355700,83.41433308919271,3985116.6666666665,9.476103358005702,43.47725531937224,True,True
2018-08-02 20:00:00,82.0999984741211,82.52999877929688,81.88999938964844,82.29000091552734,3281600,83.42099990844727,3927923.3333333335,9.842395450591548,43.80199783942455,True,True
2018-08-05 20:00:00,82.44999694824219,82.68000030517578,81.75,82.30000305175781,3224200,83.38666661580403,3858560.0,10.013476096826059,43.87146516154958,True,True
2018-08-06 20:00:00,82.98999786376953,83.12999725341797,81.81999969482422,81.94000244140625,3933400,83.40633341471354,3863663.3333333335,9.670922841258555,41.86555407192503,True,False
2018-08-07 20:00:00,81.61000061035156,81.76000213623047,80.33000183105469,81.19999694824219,4532100,83.35699996948242,3883880.0,10.587397005692951,38.01759398354866,True,False
2018-08-08 20:00:00,79.47000122070312,79.66000366210938,76.0999984741211,77.79000091552734,14625200,83.15766677856445,4200326.666666667,13.419875199511287,26.108866695942922,True,False
2018-08-09 20:00:00,77.43000030517578,78.88999938964844,77.30000305175781,78.77999877929688,8380600,83.00366668701172,4362776.666666667,16.0500335223426,32.700010475197985,True,False
2018-08-12 20:00:00,78.88999938964844,79.41999816894531,78.0,78.13999938964844,6056000,82.81899998982747,4436320.0,17.96172351235711,30.788042884532103,True,False
2018-08-13 20:00:00,78.69000244140625,79.91000366210938,78.51000213623047,79.66000366210938,5701600,82.72366689046224,4523330.0,19.258249368084478,39.79206041733068,True,False
2018-08-14 20:00:00,79.1500015258789,79.23999786376953,76.83999633789062,76.93000030517578,6489500,82.49266688028972,4640350.0,21.13255438636863,31.792252537297294,True,False
2018-08-15 20:00:00,77.41999816894531,78.87000274658203,77.37999725341797,78.0199966430664,5470600,82.28700002034505,4700366.666666667,22.87298047477534,37.2192103437525,True,False
2018-08-16 20:00:00,78.5199966430664,78.97000122070312,78.20999908447266,78.55000305175781,4795100,82.09700012207031,4766833.333333333,24.384133873148926,39.73030174220186,True,False
2018-08-19 20:00:00,78.5199966430664,79.37999725341797,78.4000015258789,79.01000213623047,3119000,81.889000193278,4770746.666666667,25.34818465083119,41.90227947839343,True,True
2018-08-20 20:00:00,79.33999633789062,79.56999969482422,78.7300033569336,78.88999938964844,3282400,81.6620002746582,4726776.666666667,26.03793301624716,41.48229041455146,True,True
2018-08-21 20:00:00,79.44999694824219,79.80000305175781,79.20999908447266,79.33000183105469,2948900,81.5086669921875,4654760.0,26.423119685437445,43.71010653849447,True,True
2018-08-22 20:00:00,78.9800033569336,79.18000030517578,78.58999633789062,78.9800033569336,2313600,81.32266718546549,4575410.0,27.130343527147527,42.329620106544695,True,True
2018-08-23 20:00:00,79.47000122070312,80.44999694824219,79.20999908447266,79.33999633789062,2580800,81.1793337504069,4503980.0,26.46255902524876,44.27893608667433,True,True
2018-08-26 20:00:00,79.45999908447266,80.31999969482422,79.45999908447266,80.20999908447266,2242100,81.1020004272461,4456660.0,25.842473416342756,48.78443293670035,True,True
2018-08-27 20:00:00,80.54000091552734,81.06999969482422,79.81999969482422,80.11000061035156,3173100,81.01600036621093,4446560.0,24.549716265068515,48.300999328265135,True,True
2018-08-28 20:00:00,80.41000366210938,80.9000015258789,80.06999969482422,80.2300033569336,3149800,80.9250005086263,4423986.666666667,23.349298910313866,48.954722150103976,True,True
2018-08-29 20:00:00,80.0199966430664,80.33000183105469,79.55000305175781,80.12999725341797,3216600,80.83000030517579,4414690.0,22.657234961759805,48.40540224620101,True,True
2018-08-30 20:00:00,80.0,80.19999694824219,79.58000183105469,79.87000274658203,3227800,80.72300033569336,4424470.0,22.01460415238818,46.931010141143666,True,True
2018-09-03 20:00:00,80.04000091552734,80.05999755859375,77.77999877929688,79.2699966430664,5131600,80.61700032552083,4484583.333333333,22.680577605502428,43.62834826096711,True,False
2018-09-04 20:00:00,78.75,79.30999755859375,77.70999908447266,79.13999938964844,3851000,80.47300033569336,4377846.666666667,23.340678574199874,42.92355285341257,True,True
2018-09-05 20:00:00,79.0,79.05000305175781,77.1500015258789,77.56999969482422,4084200,80.24766693115234,4360313.333333333,24.285502491259713,35.47081938342596,True,True
2018-09-06 20:00:00,76.23999786376953,77.19000244140625,75.8499984741211,76.6500015258789,3317500,79.99733352661133,4331923.333333333,25.823225404102807,31.968074663160493,True,True
2018-09-09 20:00:00,77.0,77.77999877929688,76.83999633789062,76.87999725341797,2732100,79.77766672770183,4330083.333333333,26.55849397850808,33.72993765926125,True,True
2018-09-10 20:00:00,76.62999725341797,77.73999786376953,76.41999816894531,77.12000274658203,4164700,79.57133356730144,4362276.666666667,27.462587729162873,35.60408523692398,True,True
2018-09-11 20:00:00,77.61000061035156,77.87999725341797,75.29000091552734,75.73999786376953,5535700,79.29833348592122,4377803.333333333,28.837129110651542,30.298309087787118,True,False
2018-09-12 20:00:00,75.45999908447266,76.97000122070312,74.69000244140625,76.63999938964844,7684700,79.09833348592123,4520040.0,30.36406885575011,36.90234761592362,True,False
2018-09-13 20:00:00,76.7300033569336,78.04000091552734,76.7300033569336,77.58000183105469,4672700,78.94300028483073,4563940.0,30.57774218267343,42.979090280358726,True,False
2018-09-16 20:00:00,77.79000091552734,78.06999969482422,77.4000015258789,77.5999984741211,3000600,78.78666687011719,4554573.333333333,30.743984429849316,43.104620255018474,True,True
2018-09-17 20:00:00,78.88999938964844,79.9800033569336,78.54000091552734,78.87999725341797,3789700,78.6726666768392,4573423.333333333,29.11341224732564,50.60125511501853,False,True
2018-09-18 20:00:00,78.9000015258789,79.9000015258789,78.22000122070312,79.37999725341797,3785000,78.58733317057292,4568476.666666667,27.815122454383378,53.19556299913894,False,True
2018-09-19 20:00:00,79.63999938964844,79.8499984741211,78.70999908447266,79.2300033569336,3752900,78.5216667175293,4542503.333333333,26.609567646651275,52.30807476733174,False,True
2018-09-20 20:00:00,79.62999725341797,79.76000213623047,78.30999755859375,79.5999984741211,8385900,78.58199996948242,4334526.666666667,25.778984668343234,54.332052701541045,False,False
2018-09-23 20:00:00,80.33999633789062,81.80000305175781,80.06999969482422,80.75,4700600,78.6476666768392,4211860.0,24.50689783835324,60.012382545752516,False,False
2018-09-24 20:00:00,81.23999786376953,81.58999633789062,80.7699966430664,81.30999755859375,5316300,78.7533332824707,4187203.3333333335,23.32567435336253,62.46098000637586,False,False
2018-09-25 20:00:00,80.86000061035156,82.12999725341797,80.81999969482422,81.01000213623047,4221400,78.79833323160807,4137863.3333333335,22.608386882453676,60.32972038892631,False,False
2018-09-26 20:00:00,81.44000244140625,81.58000183105469,80.45999908447266,81.16999816894531,5241400,78.93966649373372,4096260.0,21.620247013944873,61.092226296676536,False,False
2018-09-27 20:00:00,80.75,83.08000183105469,80.62000274658203,82.16999816894531,6414600,79.07799987792968,4127726.6666666665,21.690161600999392,65.54931504543706,False,False
2018-09-30 20:00:00,82.31999969482422,83.30000305175781,82.05000305175781,83.12999725341797,4169600,79.23066635131836,4106876.6666666665,21.884323362258048,69.19734619154036,False,False
2018-10-01 20:00:00,83.2699966430664,83.3499984741211,82.48999786376953,82.87000274658203,3474200,79.35933303833008,4118716.6666666665,22.09533068043387,67.12425599290376,False,True
2018-10-02 20:00:00,82.93000030517578,83.02999877929688,81.79000091552734,82.44999694824219,3871200,79.47799962361654,4138343.3333333335,21.586853883885933,63.79904844410229,False,True
2018-10-03 20:00:00,81.91000366210938,82.62999725341797,81.5,82.18000030517578,3960700,79.5729995727539,4172070.0,20.835099476233655,61.68362683790632,False,True
2018-10-04 20:00:00,82.16999816894531,82.31999969482422,81.02999877929688,81.4000015258789,3254500,79.65366617838542,4203433.333333333,19.692097130489863,55.915495336134214,False,True
2018-10-07 20:00:00,80.9000015258789,81.97000122070312,80.62999725341797,81.75,5287700,79.73399963378907,4293663.333333333,18.30641219187683,57.82145521748253,False,False
2018-10-08 20:00:00,82.18000030517578,82.80999755859375,81.58000183105469,82.2300033569336,3328600,79.80133310953777,4329880.0,17.69116247558368,60.353083904819904,False,True
2018-10-09 20:00:00,82.37999725341797,82.58000183105469,77.86000061035156,77.91999816894531,5059200,79.72833302815755,4392750.0,18.257787591695816,38.18851177342599,True,False
2018-10-10 20:00:00,77.69999694824219,77.83999633789062,76.0,76.52999877929688,5673700,79.60499954223633,4476880.0,19.568868729068157,33.86856688934816,True,False
2018-10-11 20:00:00,77.41000366210938,77.63999938964844,75.72000122070312,76.95999908447266,4274500,79.49933293660482,4512143.333333333,20.892213364351342,36.270307664959894,True,True
2018-10-14 20:00:00,74.97000122070312,75.37000274658203,72.0199966430664,72.23999786376953,9755700,79.24499944051107,4729740.0,23.22537041281338,25.376004259192293,True,False
2018-10-15 20:00:00,73.88999938964844,73.97000122070312,72.1500015258789,73.12000274658203,7987500,79.0399996439616,4824936.666666667,25.39187338638527,29.62046272475267,True,False
2018-10-16 20:00:00,72.80000305175781,73.08000183105469,71.94999694824219,72.91999816894531,5399200,78.83266626993814,4876543.333333333,27.454766815863703,29.213765817957004,True,False
2018-10-17 20:00:00,72.30999755859375,72.69000244140625,71.51000213623047,71.9000015258789,5417200,78.6436663309733,4920976.666666667,29.48539943818115,27.165263574725856,True,False
2018-10-18 20:00:00,71.87000274658203,73.5199966430664,71.87000274658203,72.18000030517578,5693600,78.4946662902832,5000180.0,30.627211000640397,28.644436067600704,True,False
2018-10-21 20:00:00,72.4000015258789,72.51000213623047,71.25,72.29000091552734,4341200,78.34166641235352,5053816.666666667,31.88609332380596,29.2523136826617,True,True
2018-10-22 20:00:00,71.0,71.0999984741211,69.91000366210938,70.63999938964844,5664700,78.12566630045573,5103816.666666667,33.44724188808512,25.71374538953376,True,False
2018-10-23 20:00:00,71.02999877929688,71.5,68.16000366210938,68.2300033569336,7294200,77.87533315022786,5162433.333333333,35.32591656906623,21.603178822319492,True,False
2018-10-24 20:00:00,69.12999725341797,69.66000366210938,68.0199966430664,68.6500015258789,5413800,77.60899988810222,5086736.666666667,37.10220949595903,23.886738833874386,True,False
2018-10-25 20:00:00,67.94000244140625,68.69000244140625,66.83999633789062,67.91000366210938,6326500,77.28666661580404,5141863.333333333,39.011090660986895,22.635686714890575,True,False
2018-10-28 20:00:00,68.27999877929688,68.55999755859375,65.6500015258789,66.45999908447266,4507400,76.91533330281575,5192090.0,41.01660921223249,20.382955912301384,True,True
2018-10-29 20:00:00,66.41999816894531,67.70999908447266,66.05999755859375,67.55000305175781,4770700,76.53766682942708,5224790.0,42.878876438389106,26.319220165469154,True,True
2018-10-30 20:00:00,68.20999908447266,69.13999938964844,67.02999877929688,67.06999969482422,4994800,76.12733357747396,5265116.666666667,43.27572100286334,25.420364762835028,True,True
2018-10-31 20:00:00,67.18000030517578,68.6500015258789,66.86000061035156,68.3499984741211,6132700,75.76466674804688,5344443.333333333,43.69612064518503,32.081592399905304,True,False
2018-11-01 20:00:00,68.7300033569336,69.12999725341797,67.56999969482422,68.30999755859375,6663900,75.38833338419596,5287043.333333333,43.64873544521241,31.98544633919064,True,False
2018-11-05 20:00:00,68.93000030517578,70.62000274658203,68.69999694824219,69.94999694824219,7969800,75.0283332824707,5396016.666666667,42.37091614709654,39.93358975054571,True,False
2018-11-06 20:00:00,74.30000305175781,75.11000061035156,71.13999938964844,73.33999633789062,11077000,74.76266657511393,5588040.0,40.03370020129416,52.33348145932616,True,False
2018-11-07 20:00:00,74.94000244140625,75.79000091552734,73.29000091552734,73.72000122070312,5995300,74.51966654459635,5647170.0,38.14677908639772,53.49248194554522,True,False
2018-11-08 20:00:00,73.52999877929688,73.83999633789062,72.2699966430664,72.62999725341797,4441400,74.23499984741211,5620503.333333333,35.85716490880051,49.755389027066016,True,True
2018-11-09 20:00:00,71.70999908447266,74.1500015258789,70.9000015258789,73.55000305175781,6984100,73.94766667683919,5639486.666666667,33.52325866569847,52.755514643387144,True,False
2018-11-12 20:00:00,74.29000091552734,74.29000091552734,71.81999969482422,72.16000366210938,5204400,73.58200022379557,5673980.0,31.28582947065227,48.083984768733714,True,True
2018-11-13 20:00:00,72.12999725341797,72.66999816894531,70.47000122070312,70.77999877929688,5500400,73.17900009155274,5741520.0,29.837250414874358,43.925293895286984,True,True
2018-11-14 20:00:00,72.12000274658203,72.47000122070312,70.29000091552734,70.94999694824219,5873800,72.7956667582194,5808273.333333333,28.573282084716343,44.56138144064381,True,False
2018-11-15 20:00:00,70.51000213623047,72.73999786376953,69.69999694824219,72.58999633789062,4813100,72.4759999593099,5836686.666666667,27.670171160571034,50.40608399788689,False,True
2018-11-16 20:00:00,72.91999816894531,73.61000061035156,72.25,73.37999725341797,4761900,72.2086664835612,5886933.333333333,26.300943746721572,52.97779182100133,False,True
2018-11-19 20:00:00,72.61000061035156,73.63999938964844,72.4800033569336,73.36000061035156,5149600,71.92899983723959,5882330.0,25.011120674707815,52.90301141795551,False,True
2018-11-20 20:00:00,72.5199966430664,72.77999877929688,69.70999908447266,70.30000305175781,4476500,71.5313331604004,5920593.333333333,25.065092554323208,42.91923978133691,True,True
2018-11-21 20:00:00,70.58999633789062,73.04000091552734,70.51000213623047,72.08000183105469,4505500,71.33666661580403,5902136.666666667,24.945074265903763,48.95399067515935,False,True
2018-11-23 20:00:00,70.5,70.5,69.05000305175781,69.83000183105469,3248800,71.11333338419597,5821306.666666667,25.39598506984488,42.794992805257934,True,True
2018-11-26 20:00:00,70.47000122070312,71.31999969482422,70.26000213623047,70.63999938964844,4534300,70.90266672770183,5829966.666666667,25.26605702827531,45.45546703009913,True,True
2018-11-27 20:00:00,70.1500015258789,70.38999938964844,68.81999969482422,69.37999725341797,5545900,70.80733337402344,5689640.0,25.68932281326314,42.16997365496757,True,True
2018-11-28 20:00:00,69.2699966430664,70.70999908447266,67.51000213623047,70.70999908447266,4660100,70.7269999186198,5578726.666666667,26.519461525809636,46.560742067333294,True,True
2018-11-29 20:00:00,70.70999908447266,71.69999694824219,70.51000213623047,70.91000366210938,3615200,70.66000010172526,5519260.0,26.62831338186851,47.209843356941406,False,True
2018-11-30 20:00:00,70.25,71.0,69.12999725341797,70.2699966430664,5947800,70.60566660563151,5536946.666666667,27.20225098546016,45.31311366323089,True,False
2018-12-03 20:00:00,72.04000091552734,72.43000030517578,70.54000091552734,71.31999969482422,5019100,70.57699991861979,5514463.333333333,26.839605201441636,48.937741421417904,False,True
2018-12-04 20:00:00,71.5999984741211,71.80000305175781,68.80000305175781,69.66999816894531,4455900,70.48966649373372,5518286.666666667,27.10772591328807,44.00221765178612,True,True
2018-12-06 20:00:00,68.44999694824219,68.47000122070312,65.88999938964844,67.5199966430664,7532700,70.38566640218099,5580553.333333333,28.168619288546008,38.54692371291294,True,False
2018-12-07 20:00:00,67.69000244140625,68.62999725341797,66.41000366210938,66.54000091552734,5494600,70.32933298746745,5520566.666666667,29.05635003372212,36.33563023034701,True,True
2018-12-10 20:00:00,65.70999908447266,66.06999969482422,62.56999969482422,64.44000244140625,6135500,70.18899968465169,5544623.333333333,30.72448101168377,32.087722844138064,True,False
2018-12-11 20:00:00,65.38999938964844,65.63999938964844,63.810001373291016,64.69999694824219,6031000,70.08199946085612,5534773.333333333,32.27345977693388,33.13004802583221,True,False
2018-12-12 20:00:00,65.72000122070312,66.66999816894531,65.37000274658203,65.41000366210938,6621400,70.04699961344402,5605240.0,33.07755593267275,36.018036574553534,True,False
2018-12-13 20:00:00,65.25,67.0,64.7300033569336,66.68000030517578,6730400,70.01799952189127,5670563.333333333,33.97556246166381,40.932100312009624,True,False
2018-12-14 20:00:00,66.12999725341797,66.56999969482422,64.52999877929688,65.0999984741211,5090200,69.9523328145345,5673743.333333333,34.85783803765256,37.11309632820872,True,True
2018-12-17 20:00:00,64.81999969482422,65.76000213623047,63.58000183105469,64.11000061035156,5665600,69.81099955240886,5658173.333333333,35.90698268097081,34.91493925246816,True,False
2018-12-18 20:00:00,64.05000305175781,64.31999969482422,62.56999969482422,63.13999938964844,5804700,69.63866628011068,5629533.333333333,37.11271928969556,32.861234022421165,True,False
2018-12-19 20:00:00,63.79999923706055,64.36000061035156,61.52000045776367,62.2400016784668,6612100,69.38166643778483,5584276.666666667,38.45861759836692,31.037080093914504,True,False
2018-12-20 20:00:00,61.209999084472656,62.380001068115234,60.02999877929688,60.630001068115234,7295300,68.95799992879232,5458220.0,40.000983245230096,28.03858697270402,True,False
2018-12-21 20:00:00,60.40999984741211,61.54999923706055,59.59999847412109,59.97999954223633,12543000,68.49999987284342,5676476.666666667,41.51334294295928,26.908318088877987,True,False
2018-12-24 20:00:00,59.41999816894531,59.83000183105469,57.11000061035156,57.11000061035156,4131100,67.98266665140788,5666133.333333333,43.33110884281094,22.580146699085983,True,True
2018-12-26 20:00:00,57.619998931884766,60.630001068115234,56.83000183105469,60.59999847412109,7171400,67.55099983215332,5672376.666666667,44.43406627888777,36.05060691383673,True,False
2018-12-27 20:00:00,59.45000076293945,60.77999877929688,58.52000045776367,60.7599983215332,6814700,67.17099965413412,5726053.333333333,45.347019428229636,36.59527360003042,True,False
2018-12-28 20:00:00,61.18999862670898,61.459999084472656,60.18000030517578,60.470001220703125,5029100,66.82733306884765,5710343.333333333,45.68165606591778,35.99683787885649,True,True
2018-12-31 20:00:00,60.77999877929688,61.5,60.5099983215332,61.380001068115234,5126200,66.50833320617676,5685423.333333333,45.961459686055505,39.34854513935386,True,True
2019-01-02 20:00:00,60.52000045776367,62.400001525878906,59.720001220703125,62.0,5355300,66.15533332824707,5703496.666666667,45.522833796640406,41.59276599522551,True,True
2019-01-03 20:00:00,62.18000030517578,62.400001525878906,60.72999954223633,61.2400016784668,5465500,65.75066680908203,5726950.0,45.11553832789781,39.65573423459972,True,True
2019-01-04 20:00:00,62.27999877929688,63.41999816894531,62.02999877929688,63.209999084472656,6367400,65.41233342488607,5767543.333333333,43.94719471035042,46.59818291983557,True,False
2019-01-07 20:00:00,63.54999923706055,65.33000183105469,62.75,64.4800033569336,5771600,65.2183334350586,5810713.333333333,41.59686160034619,50.54806534827142,True,True
2019-01-08 20:00:00,65.30000305175781,66.30999755859375,64.9000015258789,64.98999786376953,5420100,64.98199996948242,5841200.0,38.85399851588031,52.08085374961211,False,True
2019-01-09 20:00:00,65.4800033569336,66.22000122070312,65.25,65.77999877929688,4515800,64.84699986775716,5883433.333333333,36.307054223162,54.4367718281351,False,True
2019-01-10 20:00:00,65.80999755859375,66.27999877929688,65.04000091552734,66.19000244140625,4983200,64.69866663614908,5898396.666666667,34.061353600212364,55.65530569183773,False,True
2019-01-11 20:00:00,65.66000366210938,66.25,65.19000244140625,66.22000122070312,3894600,64.5933334350586,5843353.333333333,31.976060164616268,55.74855617533757,False,True
2019-01-14 20:00:00,65.44999694824219,66.47000122070312,65.4000015258789,65.58000183105469,6604000,64.42233352661133,5908150.0,29.88589175864166,53.17927012127496,False,False
2019-01-15 20:00:00,65.80999755859375,66.52999877929688,65.3499984741211,65.5199966430664,4499700,64.24266662597657,5937633.333333333,27.901036992617815,52.93295058247461,False,True
2019-01-16 20:00:00,65.51000213623047,65.66999816894531,65.08000183105469,65.13999938964844,4484500,64.0716667175293,5888856.666666667,26.255395497118197,51.312065130003944,False,True
2019-01-17 20:00:00,64.6500015258789,66.0999984741211,64.44999694824219,65.83000183105469,4767500,63.88866678873698,5880470.0,25.177488446437696,54.062781246973366,False,True
2019-01-18 20:00:00,66.55999755859375,67.2300033569336,65.86000061035156,67.02999877929688,4596200,63.80066680908203,5885146.666666667,23.482428192460343,58.45841663679233,False,True
2019-01-22 20:00:00,66.3499984741211,66.4000015258789,64.86000061035156,65.12000274658203,4140800,63.72066701253255,5772083.333333333,22.408784872683864,50.221190737789634,False,True
2019-01-23 20:00:00,65.26000213623047,65.70999908447266,63.93999862670898,64.56999969482422,3730600,63.65500030517578,5713283.333333333,21.988243974088395,48.118556016526476,False,True
2019-01-24 20:00:00,64.54000091552734,65.16000366210938,64.01000213623047,64.9800033569336,4035100,63.67300033569336,5643270.0,21.597741711106888,49.8056488879484,False,True
2019-01-25 20:00:00,65.55000305175781,66.69999694824219,65.41999816894531,66.52999877929688,3474700,63.73400039672852,5558060.0,20.091101289215345,55.673961221150655,False,True
2019-01-28 20:00:00,65.63999938964844,66.13999938964844,64.98999786376953,66.08000183105469,3795300,63.756333669026695,5463856.666666667,18.92211946456835,53.710678470051164,False,True
2019-01-29 20:00:00,66.56999969482422,66.81999969482422,66.0,66.4800033569336,3887200,63.74966710408528,5369083.333333333,17.799989103825734,55.222253552263936,False,True
2019-01-30 20:00:00,66.95999908447266,67.45999908447266,66.44000244140625,66.97000122070312,3894100,63.81200052897135,5329213.333333333,17.196933398776142,57.07156960833763,False,True
2019-01-31 20:00:00,67.27999877929688,67.38999938964844,66.20999908447266,66.77999877929688,5914100,63.9010004679362,5337496.666666667,16.449621086835332,56.1039776759057,False,False
2019-02-01 20:00:00,67.26000213623047,68.2300033569336,66.77999877929688,68.04000091552734,5387200,64.06433385213217,5323580.0,16.329898621131058,60.84484841964066,False,False
2019-02-04 20:00:00,67.47000122070312,67.91000366210938,67.12999725341797,67.73999786376953,3250900,64.24766705830892,5211540.0,16.218727760119943,59.20526928806468,False,True
2019-02-05 20:00:00,67.61000061035156,67.63999938964844,67.01000213623047,67.30000305175781,2916300,64.47000045776367,5065573.333333333,16.000076449812234,56.788284674012004,False,True
2019-02-06 20:00:00,66.83999633789062,67.16000366210938,66.4800033569336,66.62999725341797,3205500,64.6916670481364,4754323.333333333,15.289734364494468,53.22504334019824,False,True
2019-02-07 20:00:00,66.0999984741211,66.20999908447266,64.45999908447266,64.91999816894531,4421700,64.95200030008952,4764010.0,15.316882782176629,45.39604032982692,True,True
2019-02-08 20:00:00,64.5999984741211,64.9800033569336,63.380001068115234,64.95999908447266,4651500,65.0973336537679,4680013.333333333,15.97759683456084,45.59762940748194,True,True
2019-02-11 20:00:00,64.4800033569336,65.05999755859375,63.93999862670898,64.83999633789062,5489500,65.23333358764648,4635840.0,16.51686316428438,45.06017494620172,True,False
2019-02-12 20:00:00,65.86000061035156,66.2699966430664,65.58000183105469,65.75,3903100,65.40933354695638,4598306.666666667,15.961682457587232,49.884211730014826,False,True
2019-02-13 20:00:00,66.12999725341797,68.05000305175781,64.87999725341797,65.8499984741211,7206200,65.5583334604899,4667640.0,15.434911049536765,50.399610457900415,False,False
2019-02-14 20:00:00,65.68000030517578,67.36000061035156,65.29000091552734,66.56999969482422,5701600,65.71066678365072,4679183.333333333,14.945766170632762,54.06278788414862,False,False
2019-02-15 20:00:00,67.56999969482422,68.26000213623047,66.5,67.19000244140625,6058100,65.90900014241537,4698936.666666667,15.049634589051081,57.00729559378822,False,False
2019-02-19 20:00:00,65.69000244140625,67.75,65.63999938964844,67.62999725341797,5082900,66.05633341471354,4656120.0,14.473933789493993,59.01505224167655,False,False
2019-02-20 20:00:00,67.5,68.30999755859375,67.3499984741211,68.25,4017600,66.18199996948242,4597653.333333333,14.295779411073985,61.727339605385964,False,True
2019-02-21 20:00:00,68.19000244140625,68.19000244140625,66.41000366210938,66.5999984741211,4122700,66.23566665649415,4554406.666666667,13.423216169062156,51.88632946004872,False,True
2019-02-22 20:00:00,67.18000030517578,67.20999908447266,65.73999786376953,65.93000030517578,5035900,66.24066670735677,4571743.333333333,12.779218071872537,48.50474456382415,True,False
2019-02-25 20:00:00,65.77999877929688,66.37000274658203,65.66999816894531,66.2300033569336,3594600,66.24200007120768,4525456.666666667,12.229694842124426,50.073780070967985,True,True
2019-02-26 20:00:00,66.27999877929688,66.87999725341797,65.95999908447266,66.04000091552734,2764700,66.23600006103516,4487793.333333333,11.388916905753783,49.05434118717526,True,True
2019-02-27 20:00:00,66.30999755859375,67.2699966430664,66.08000183105469,66.6500015258789,2959300,66.2716667175293,4366303.333333333,10.90428099433637,52.40455107495254,False,True
2019-02-28 20:00:00,66.6500015258789,66.66000366210938,65.37000274658203,66.1500015258789,3856300,66.29266688028972,4344856.666666667,10.360518727853414,49.529452253757015,True,True
2019-03-01 20:00:00,66.37000274658203,67.56999969482422,66.37000274658203,67.55000305175781,3866000,66.37300033569336,4324240.0,10.08151171914661,56.693805368963105,False,True
2019-03-04 20:00:00,67.76000213623047,67.9800033569336,66.41000366210938,67.44999694824219,4198600,66.42700017293295,4305276.666666667,10.114949797480364,56.08139790345662,False,True
2019-03-05 20:00:00,67.41999816894531,67.83000183105469,66.80999755859375,67.52999877929688,3699200,66.44366683959962,4275376.666666667,10.14599944164742,56.486335989595226,False,True
2019-03-06 20:00:00,67.13999938964844,67.41000366210938,65.86000061035156,66.19000244140625,4453400,66.47933349609374,4285796.666666667,9.49890040000337,48.431504714439136,True,False
2019-03-07 20:00:00,66.2300033569336,66.30000305175781,65.5,65.73999786376953,3156900,66.5183334350586,4266673.333333333,9.18901591024327,46.056304966906566,True,True
2019-03-08 20:00:00,64.08999633789062,64.08999633789062,62.119998931884766,62.709999084472656,5581500,66.44266662597656,4318220.0,10.892932211438119,33.97442541182609,True,False
2019-03-10 20:00:00,63.27000045776367,63.970001220703125,62.810001373291016,63.880001068115234,3770000,66.35433336893718,4328063.333333333,12.475140205404761,40.46855110759069,True,True
2019-03-11 20:00:00,64.19000244140625,64.5,63.93000030517578,64.19999694824219,3195500,66.29166653951009,4308070.0,13.462020557254627,42.14463071883054,True,True
2019-03-12 20:00:00,64.72000122070312,65.16999816894531,64.30999755859375,65.05999755859375,2561600,66.24433301289876,4263883.333333333,13.795400537111947,46.50385982405999,True,True
2019-03-13 20:00:00,64.97000122070312,65.48999786376953,64.94999694824219,65.20999908447266,2446300,66.18566627502442,4215623.333333333,13.833500395955701,47.25042307141405,True,True
2019-03-14 20:00:00,64.86000061035156,65.5999984741211,64.8499984741211,65.47000122070312,5602900,66.14199968973796,4205250.0,13.772761089223966,48.58966943876736,True,False
2019-03-17 20:00:00,65.76000213623047,67.08999633789062,65.63999938964844,67.01000213623047,3256800,66.10766639709473,4134236.6666666665,13.04418467882128,55.75497460000501,False,True
2019-03-18 20:00:00,67.36000061035156,67.79000091552734,65.94000244140625,66.16999816894531,3695500,66.05533307393392,4149056.6666666665,12.843039020733599,51.53570247313295,False,True
2019-03-19 20:00:00,66.02999877929688,67.73999786376953,65.91000366210938,67.26000213623047,5112800,66.053999710083,4222273.333333333,12.631260432740065,56.170703541577126,False,False
2019-03-20 20:00:00,66.95999908447266,67.30000305175781,66.4800033569336,67.23999786376953,5284600,66.07433306376139,4291576.666666667,12.434608886746068,56.0647301050329,False,False
2019-03-21 20:00:00,66.75,66.8499984741211,65.12999725341797,65.23999786376953,6138600,66.08499972025554,4348806.666666667,11.95660655519148,46.59897188167982,True,False
2019-03-24 20:00:00,65.2699966430664,65.33000183105469,64.51000213623047,65.12999725341797,6588600,66.09066632588704,4413376.666666667,11.95503421514852,46.137579666816876,True,False
2019-03-25 20:00:00,65.87999725341797,67.48999786376953,65.70999908447266,67.08000183105469,5885500,66.16533317565919,4426576.666666667,11.829589235007331,54.70034498502765,False,False
2019-03-26 20:00:00,67.20999908447266,67.20999908447266,65.86000061035156,66.3499984741211,3559800,66.18533312479654,4415133.333333333,11.713104610590515,51.40566620870031,False,True
2019-03-27 20:00:00,65.93000030517578,66.66000366210938,65.80000305175781,66.56999969482422,2522500,66.20933316548665,4259010.0,11.555117879714022,52.337386980388345,False,True
2019-03-28 20:00:00,67.27999877929688,67.4800033569336,66.05000305175781,66.19999694824219,3190400,66.19699974060059,4175303.3333333335,11.959313106156888,50.58087536114518,False,True
2019-03-31 20:00:00,66.88999938964844,67.27999877929688,66.54000091552734,67.18000030517578,2809900,66.19666633605956,4067030.0,12.33463724499669,54.89843097528255,False,True
2019-04-01 20:00:00,67.20999908447266,67.62999725341797,66.19000244140625,66.62999725341797,3312400,66.16333300272623,4008013.3333333335,12.683152516776506,52.14497838572998,False,True
2019-04-02 20:00:00,67.2300033569336,67.2300033569336,65.83999633789062,66.05999755859375,3056700,66.09033292134603,3975983.3333333335,12.642920099434274,49.38077629575762,True,True
2019-04-03 20:00:00,66.11000061035156,66.62000274658203,65.56999969482422,66.44000244140625,2855700,66.08499972025554,3933750.0,12.326503024557955,51.23665679987081,False,True
2019-04-04 20:00:00,66.66000366210938,68.36000061035156,66.6500015258789,68.04000091552734,3808400,66.15533307393392,3892833.3333333335,13.309434775893916,58.18775042111408,False,True
2019-04-07 20:00:00,68.3499984741211,68.83000183105469,67.86000061035156,68.37000274658203,2527700,66.2266663869222,3857270.0,14.505196160520516,59.47098822035115,False,True
2019-04-08 20:00:00,68.02999877929688,68.18000030517578,66.9800033569336,67.27999877929688,3301400,66.26799964904785,3875160.0,14.709338516922548,53.617599230533706,False,True
2019-04-09 20:00:00,67.4800033569336,67.69999694824219,66.98999786376953,67.18000030517578,3645800,66.28566627502441,3898043.3333333335,14.898899276438721,53.10123419866204,False,True
2019-04-10 20:00:00,66.76000213623047,67.56999969482422,66.44000244140625,67.18000030517578,2956400,66.31999956766764,3868046.6666666665,14.521285153122061,53.10123419866203,False,True
2019-04-11 20:00:00,66.04000091552734,66.44999694824219,64.04000091552734,65.33000183105469,10070600,66.24599952697754,4074866.6666666665,14.65184057515035,44.007825099916666,True,False
2019-04-14 20:00:00,65.16000366210938,65.25,62.77000045776367,63.36000061035156,11793400,66.10966631571452,4328026.666666667,15.483633761974746,36.78408822270204,True,False
2019-04-15 20:00:00,63.52000045776367,64.70999908447266,63.18000030517578,63.66999816894531,11094100,65.9809996287028,4574523.333333333,16.25601314974026,38.494966582132164,True,False
2019-04-16 20:00:00,64.0199966430664,64.5999984741211,62.52999877929688,62.650001525878906,6554000,65.86299959818523,4644543.333333333,17.320338282922084,35.12635480394042,True,False
2019-04-17 20:00:00,62.650001525878906,62.79999923706055,61.790000915527344,61.81999969482422,8480700,65.73233299255371,4822003.333333333,18.676422911362284,32.62453333275938,True,False
2019-04-21 20:00:00,62.34999847412109,63.310001373291016,62.04999923706055,63.04999923706055,5873700,65.74366633097331,4831743.333333333,19.42360247523507,39.50123698912824,True,False
2019-04-22 20:00:00,62.93000030517578,62.95000076293945,61.75,62.36000061035156,10307300,65.69299964904785,5049653.333333333,20.280608867494802,37.207035528407836,True,False
2019-04-23 20:00:00,59.810001373291016,62.119998931884766,59.7599983215332,62.0,28235200,65.61966641743977,5884310.0,21.993417189279434,36.03121914490766,True,False
2019-04-24 20:00:00,60.77000045776367,63.41999816894531,60.2599983215332,61.84000015258789,16502800,65.51233317057292,6349016.666666667,22.38471864867417,35.4943424063246,True,False
2019-04-25 20:00:00,61.59999847412109,61.79999923706055,60.0099983215332,61.310001373291016,10170800,65.38233324686686,6606500.0,22.869991187775344,33.70289985880096,True,False
2019-04-28 20:00:00,60.060001373291016,60.59999847412109,59.59000015258789,60.130001068115234,9112800,65.2043332417806,6723496.666666667,23.527196244980264,30.06465511909711,True,False
2019-04-29 20:00:00,58.650001525878906,59.29999923706055,57.540000915527344,58.880001068115234,24103900,64.93333320617675,7418400.0,24.994975509185448,26.76813770227709,True,False
2019-04-30 20:00:00,59.09999847412109,59.27000045776367,57.47999954223633,57.47999954223633,11084200,64.64366658528645,7664690.0,26.380042501565416,23.641501301276712,True,False
2019-05-01 20:00:00,57.40999984741211,57.86000061035156,56.95000076293945,57.34999847412109,18795100,64.3133331298828,8120766.666666667,27.865035419711187,23.368544462612075,True,False
2019-05-02 20:00:00,57.970001220703125,58.59999847412109,57.68999862670898,57.95000076293945,10790000,64.00366655985515,8304280.0,28.508085191104612,27.527486985522287,True,False
2019-05-05 20:00:00,57.33000183105469,59.18000030517578,56.93999862670898,58.77000045776367,25494800,63.78799997965495,8949486.666666666,29.42529430190472,32.88817302487242,True,False
2019-05-06 20:00:00,58.40999984741211,59.77000045776367,58.16999816894531,59.68999862670898,21567200,63.60666669209798,9448773.333333334,29.704284874330217,38.39406353556029,True,False
2019-05-07 20:00:00,59.7599983215332,60.72999954223633,59.400001525878906,60.209999084472656,17378500,63.37766660054525,9831873.333333334,29.102317995031264,41.32420724817416,True,False
2019-05-08 20:00:00,56.84999847412109,57.130001068115234,56.119998931884766,56.33000183105469,36678600,63.043666712443034,10935833.333333334,29.946994877429592,29.897642633148592,True,False
2019-05-09 20:00:00,56.34000015258789,56.58000183105469,54.5,54.970001220703125,17791400,62.657000096638996,11444796.666666666,31.225899252452226,27.071960974333848,True,False
2019-05-12 20:00:00,54.56999969482422,54.75,53.5099983215332,54.16999816894531,12889800,62.2560001373291,11768110.0,32.68020798527402,25.54267107270714,True,False
2019-05-13 20:00:00,54.31999969482422,55.0099983215332,54.150001525878906,54.54999923706055,7195100,61.835000101725264,11914283.333333334,33.81568523605233,27.633813668673486,True,True
2019-05-14 20:00:00,54.11000061035156,54.2599983215332,53.119998931884766,54.25,13684500,61.422333526611325,12260020.0,35.15686090612537,26.989364205276534,True,False
2019-05-15 20:00:00,54.34999847412109,54.619998931884766,53.52999877929688,53.75,10655200,61.012000274658206,12513303.333333334,36.09104628636332,25.90502156257477,True,True
2019-05-16 20:00:00,53.27999877929688,53.40999984741211,52.619998931884766,52.7599983215332,13991500,60.5560001373291,12884496.666666666,37.22515590812652,23.86088008177854,True,False
2019-05-19 20:00:00,52.869998931884766,53.52000045776367,52.7599983215332,53.459999084472656,9405500,60.070000076293944,13071066.666666666,38.17729844024965,28.176477829144414,True,True
2019-05-20 20:00:00,53.290000915527344,53.65999984741211,52.869998931884766,53.5099983215332,12046600,59.574666595458986,13388363.333333334,38.926067040790315,28.488266233983655,True,True
2019-05-21 20:00:00,53.20000076293945,53.59999847412109,52.470001220703125,52.77999877929688,13530500,59.09133326212565,13729333.333333334,39.758085809419605,26.66802868671529,True,True
2019-05-22 20:00:00,51.959999084472656,52.93999862670898,51.290000915527344,52.90999984741211,21382600,58.6156665802002,14320560.0,40.90458109983637,27.555746646096374,True,False
2019-05-23 20:00:00,53.34999847412109,53.97999954223633,53.02999877929688,53.470001220703125,14996800,58.15866661071777,14721906.666666666,40.95260920036714,31.40772391247807,True,False
2019-05-27 20:00:00,53.68000030517578,53.77999877929688,52.27999877929688,52.27999877929688,8680400,57.723666508992515,14675566.666666666,41.273632218283005,28.00058162396454,True,True
2019-05-28 20:00:00,51.90999984741211,52.13999938964844,51.040000915527344,52.0,9055400,57.34499982198079,14584300.0,41.98281655931619,27.25148649670299,True,True
2019-05-29 20:00:00,51.93999862670898,53.16999816894531,51.36000061035156,51.90999984741211,16919000,56.952999877929685,14778463.333333334,41.70999560134716,27.001435514696375,True,False
2019-05-30 20:00:00,51.150001525878906,51.380001068115234,49.68999862670898,49.77000045776367,11162300,56.52366650899251,14932073.333333334,42.03469309993334,21.864223277429875,True,True
2019-06-02 20:00:00,50.29999923706055,50.59999847412109,49.04999923706055,49.31999969482422,11148500,56.10699984232585,15021000.0,42.53291374403925,20.961116003840097,True,True
2019-06-03 20:00:00,49.63999938964844,50.11000061035156,49.31999969482422,49.68999862670898,8835700,55.66166648864746,15119733.333333334,42.995547199280445,23.74991691235641,True,True
2019-06-04 20:00:00,49.61000061035156,49.63999938964844,47.0,47.43000030517578,18563800,55.16399981180827,15394950.0,44.070701619097385,19.276016348443214,True,False
2019-06-05 20:00:00,47.75,49.209999084472656,47.650001525878906,49.040000915527344,11660800,54.73199984232585,14842470.0,45.06905929464168,29.46911389203848,True,True
2019-06-06 20:00:00,48.56999969482422,48.56999969482422,47.63999938964844,47.84000015258789,11714200,54.26533317565918,14682850.0,45.998759085421014,26.757151645781274,True,True
2019-06-09 20:00:00,48.08000183105469,48.59000015258789,47.70000076293945,47.900001525878906,9861500,53.81833318074544,14672540.0,46.84056165962538,27.11831139278179,True,True
2019-06-10 20:00:00,48.66999816894531,49.290000915527344,48.150001525878906,49.04999923706055,12867800,53.44899978637695,14797706.666666666,46.867894800049136,33.85084998800466,True,True
2019-06-11 20:00:00,48.72999954223633,48.900001525878906,47.869998931884766,48.790000915527344,7644900,53.11266644795736,14249073.333333334,46.99892107600375,33.106240538614514,True,True
2019-06-12 20:00:00,49.56999969482422,49.79999923706055,49.13999938964844,49.72999954223633,8013700,52.854333114624026,14146723.333333334,46.18133956688638,38.38337577929456,True,True
2019-06-13 20:00:00,49.7599983215332,49.83000183105469,49.20000076293945,49.310001373291016,7779300,52.58633321126302,13779530.0,45.39151615377652,36.97965622180645,True,True
2019-06-16 20:00:00,49.290000915527344,50.380001068115234,48.959999084472656,49.810001373291016,7424500,52.31499989827474,13667346.666666666,44.090577383259735,39.80210319773797,True,True
2019-06-17 20:00:00,50.04999923706055,50.470001220703125,49.75,50.34999847412109,9473900,52.03433316548665,13133316.666666666,42.789396271736,42.78253861916918,True,True
2019-06-18 20:00:00,50.22999954223633,51.02999877929688,50.0,50.29999923706055,8907700,51.7213331858317,12711333.333333334,41.003000349435425,42.572362782410025,True,True
2019-06-19 20:00:00,51.08000183105469,51.59999847412109,50.56999969482422,51.29999923706055,7389500,51.42433319091797,12378366.666666666,38.790252563942154,48.0674797265466,True,True
2019-06-20 20:00:00,51.43000030517578,51.630001068115234,50.45000076293945,50.61000061035156,10298500,51.2336664835612,11499030.0,36.83008976771386,44.8766108926143,True,True
2019-06-23 20:00:00,50.33000183105469,50.650001525878906,49.68000030517578,49.88999938964844,9648100,51.06433308919271,11227586.666666666,35.5941885794316,41.76130062761293,True,True
2019-06-24 20:00:00,49.619998931884766,49.93999862670898,49.34000015258789,49.380001068115234,4574900,50.90466651916504,10950423.333333334,34.688157883394915,39.661075091580415,True,True
2019-06-25 20:00:00,49.869998931884766,51.25,49.61000061035156,50.41999816894531,7025100,50.76699981689453,10944756.666666666,32.543126966995935,45.662316580134096,True,True
2019-06-26 20:00:00,50.36000061035156,50.650001525878906,49.61000061035156,49.75,5387200,50.616999816894534,10668180.0,30.55131254462546,42.71485189323414,True,True
2019-06-27 20:00:00,49.84999847412109,50.27999877929688,49.540000915527344,50.27999877929688,6752100,50.50133310953776,10538076.666666666,28.76387145318609,45.70072037645323,True,True
2019-06-30 20:00:00,51.0,51.36000061035156,49.68000030517578,49.77999877929688,7251200,50.40199979146322,10313400.0,27.306304516071215,43.402341545155224,True,True
2019-07-01 20:00:00,49.77000045776367,49.77000045776367,47.95000076293945,48.77999877929688,10160700,50.2459997812907,10338573.333333334,26.19066717146905,39.16043801958147,True,True
2019-07-02 20:00:00,48.869998931884766,49.25,48.54999923706055,49.16999816894531,4435200,50.10133310953777,10084860.0,25.154718208624185,41.55933388007823,True,True
2019-07-04 20:00:00,49.130001068115234,49.560001373291016,48.869998931884766,49.27999877929688,5613200,49.9846664428711,9820950.0,23.897419129158582,42.250982897279584,True,True
2019-07-07 20:00:00,49.25,49.5099983215332,49.0099983215332,49.29999923706055,4740300,49.86433308919272,9266206.666666666,22.729927126797662,42.38450078716056,True,True
2019-07-08 20:00:00,49.27000045776367,49.68000030517578,48.70000076293945,49.61000061035156,7461100,49.735666402180996,9015016.666666666,21.91767728772377,44.52540562717836,True,True
2019-07-09 20:00:00,50.08000183105469,50.38999938964844,49.45000076293945,50.2400016784668,7594700,49.66766649881999,8978826.666666666,20.43021518201523,48.69754256942505,False,True
2019-07-10 20:00:00,50.41999816894531,50.540000915527344,50.06999969482422,50.43999862670898,6399400,49.61566645304362,8890293.333333334,19.0411640901658,49.98355165031894,False,True
2019-07-11 20:00:00,50.56999969482422,52.11000061035156,50.400001525878906,51.720001220703125,9102800,49.60933316548665,8629753.333333334,19.081080897778854,57.352009502582476,False,False
2019-07-14 20:00:00,51.81999969482422,51.970001220703125,51.29999923706055,51.630001068115234,10130400,49.671333185831706,8595356.666666666,19.118146504848113,56.71928942605926,False,False
2019-07-15 20:00:00,51.290000915527344,51.43999862670898,50.70000076293945,51.09999847412109,8790200,49.73066647847494,8516746.666666666,18.495433388108165,53.01040316067724,False,False
2019-07-16 20:00:00,51.02999877929688,51.54999923706055,50.90999984741211,51.18000030517578,7615300,49.78033320109049,8476066.666666666,18.012943787687316,53.50463307553582,False,True
2019-07-17 20:00:00,51.0,51.13999938964844,50.619998931884766,51.0099983215332,9688500,49.89966646830241,8180223.333333333,17.23972629489249,52.24707503751489,False,False
2019-07-18 20:00:00,51.040000915527344,52.41999816894531,50.84999847412109,52.33000183105469,7196300,50.00933316548665,8031406.666666667,17.59732478114346,60.090695745588896,False,True
2019-07-21 20:00:00,52.34999847412109,52.70000076293945,51.470001220703125,52.5099983215332,5995900,50.16499977111816,7840796.666666667,18.13384128647897,61.030664128321774,False,True
2019-07-22 20:00:00,52.619998931884766,52.650001525878906,51.59000015258789,51.79999923706055,5822600,50.29499969482422,7706166.666666667,18.632035184290515,55.479895117722535,False,True
2019-07-23 20:00:00,51.84999847412109,52.66999816894531,51.81999969482422,52.04999923706055,6096000,50.39499969482422,7480440.0,19.11090536451247,56.96412972008248,False,True
2019-07-24 20:00:00,52.22999954223633,52.33000183105469,51.02999877929688,51.13999938964844,6627400,50.47333297729492,7446523.333333333,18.5302979900724,50.380105226442176,False,True
2019-07-25 20:00:00,51.2599983215332,51.869998931884766,51.08000183105469,51.59000015258789,5452200,50.535332997639976,7361140.0,17.991162570949474,53.25724456485151,False,True
2019-07-28 20:00:00,51.56999969482422,51.63999938964844,50.29999923706055,50.90999984741211,6412100,50.58866628011068,7315566.666666667,16.840672118854105,48.66521917492318,False,True
2019-07-29 20:00:00,50.68000030517578,52.470001220703125,50.52000045776367,52.470001220703125,7420300,50.677332941691084,7315426.666666667,16.35663846030499,57.680284592624396,False,False
2019-07-30 20:00:00,52.25,52.400001525878906,50.790000915527344,51.36000061035156,12342300,50.71099967956543,7411040.0,15.90717863450938,50.839007872984155,False,False
2019-07-31 20:00:00,51.0,54.04999923706055,50.91999816894531,53.16999816894531,14069700,50.80666631062825,7583106.666666667,16.857078064953523,59.31327179416985,False,False
2019-08-01 20:00:00,53.0,53.15999984741211,50.77000045776367,51.18000030517578,12206900,50.802666346232094,7743686.666666667,17.550750271556343,49.25946871520877,False,False
2019-08-04 20:00:00,50.25,50.459999084472656,49.09999847412109,49.41999816894531,9977700,50.762999598185225,7732993.333333333,16.41735985293653,42.41223813487,True,False
2019-08-05 20:00:00,49.630001068115234,49.630001068115234,46.7599983215332,47.58000183105469,13008000,50.68599967956543,7844990.0,16.786282189032434,36.67293292452176,True,False
2019-08-06 20:00:00,46.68999862670898,46.93999862670898,44.880001068115234,46.0,16687000,50.573332977294925,8248726.666666667,18.054470823589575,32.59412903314691,True,False
2019-08-07 20:00:00,46.56999969482422,47.470001220703125,45.13999938964844,47.130001068115234,23937100,50.463666407267254,8812460.0,18.77296385040694,37.91271064252204,True,False
2019-08-08 20:00:00,46.84999847412109,47.93999862670898,46.79999923706055,47.130001068115234,9879700,50.37633310953776,8962210.0,19.04084993493217,37.91271064252204,True,False
2019-08-11 20:00:00,46.95000076293945,46.97999954223633,44.93000030517578,44.9900016784668,13456400,50.19999987284343,9185686.666666666,20.161276971723144,32.312846589857905,True,False
2019-08-12 20:00:00,44.7400016784668,44.9900016784668,44.0099983215332,44.7599983215332,17633500,50.032666524251304,9531763.333333334,21.560794457295227,31.769707484948057,True,False
2019-08-13 20:00:00,43.790000915527344,44.02999877929688,43.08000183105469,43.70000076293945,16953400,49.863333257039386,9758186.666666666,23.193264881965355,29.323428554837584,True,False
2019-08-14 20:00:00,43.59999847412109,44.47999954223633,43.150001525878906,43.959999084472656,9352900,49.6896666208903,9922110.0,24.30938901116301,30.732308017275027,True,True
2019-08-15 20:00:00,44.130001068115234,44.83000183105469,44.0099983215332,44.56999969482422,8513800,49.53266665140788,10018796.666666666,25.0340561594446,34.053795196838806,True,True
2019-08-18 20:00:00,44.790000915527344,45.959999084472656,44.75,45.58000183105469,9850700,49.40866673787435,10189143.333333334,24.76061545287921,39.248221245577625,True,True
2019-08-19 20:00:00,45.61000061035156,45.900001525878906,45.15999984741211,45.2599983215332,7379100,49.2636666615804,10186410.0,24.506706225354208,38.220993215381746,True,True
2019-08-20 20:00:00,45.09000015258789,45.459999084472656,44.16999816894531,45.060001373291016,8500300,49.09099998474121,10216596.666666666,24.783151141854898,37.55935838727154,True,True
2019-08-21 20:00:00,45.2599983215332,45.7599983215332,44.68999862670898,44.70000076293945,5863400,48.89966672261556,10198730.0,24.77536196380001,36.33990629154687,True,True
2019-08-22 20:00:00,44.04999923706055,44.130001068115234,42.16999816894531,42.369998931884766,12545900,48.587999979654946,10313500.0,25.881500271666674,29.633784876761975,True,False
2019-08-25 20:00:00,42.93999862670898,43.0099983215332,41.83000183105469,42.130001068115234,8304200,48.27133331298828,10252626.666666666,27.03317891562,29.039341932428876,True,True
2019-08-26 20:00:00,42.59000015258789,42.79999923706055,41.83000183105469,42.34999847412109,7322200,47.979666646321604,10203693.333333334,28.102594799290944,30.41724771604818,True,True
2019-08-27 20:00:00,42.58000183105469,43.34000015258789,42.5099983215332,43.11000061035156,7084700,47.71066665649414,10186006.666666666,28.578091064764752,35.1053061162222,True,True
2019-08-28 20:00:00,43.400001525878906,44.11000061035156,43.290000915527344,43.369998931884766,6651300,47.456000010172524,10084766.666666666,28.320240670565898,36.67708949895484,True,True
2019-08-29 20:00:00,43.52000045776367,43.880001068115234,42.790000915527344,43.47999954223633,6881900,47.16099993387858,10074286.666666666,28.339951697387228,37.36826318237107,True,True
2019-09-02 20:00:00,42.86000061035156,42.97999954223633,42.369998931884766,42.68000030517578,6917100,46.833333333333336,10104993.333333334,28.571996637434186,34.42531003933474,True,True
2019-09-03 20:00:00,43.29999923706055,43.84999847412109,43.18999862670898,43.58000183105469,4837900,46.559333419799806,10072170.0,27.983894399784713,40.13715179476504,True,True
2019-09-04 20:00:00,43.93999862670898,45.34000015258789,43.93999862670898,45.09000015258789,9679900,46.32733345031738,10191633.333333334,26.26702187201784,48.27740848520097,True,True
2019-09-05 20:00:00,44.95000076293945,45.810001373291016,44.54999923706055,45.459999084472656,10958800,46.138000106811525,10336013.333333334,24.43717948675158,50.06908235776493,True,False
2019-09-08 20:00:00,45.0,45.130001068115234,44.52999877929688,44.970001220703125,11069800,45.9173334757487,10523266.666666666,22.72349961540048,47.711948549463386,True,False
2019-09-09 20:00:00,45.29999923706055,46.72999954223633,45.220001220703125,46.43000030517578,9770900,45.76800015767415,10635226.666666666,22.187425707398813,54.57411272299984,False,True
2019-09-10 20:00:00,46.5,46.900001525878906,45.66999816894531,46.290000915527344,7662900,45.56200014750163,10643313.333333334,21.790750189683898,53.84439086263985,False,True
2019-09-11 20:00:00,45.7599983215332,46.119998931884766,45.18000030517578,45.400001525878906,7403700,45.363333511352536,10478693.333333334,21.011932106307775,49.32875343810255,False,True
2019-09-12 20:00:00,46.0,46.400001525878906,44.959999084472656,45.09000015258789,11149400,45.094000244140624,10381350.0,20.476063340976925,47.82427629328929,True,False
2019-09-15 20:00:00,47.61000061035156,48.84999847412109,47.380001068115234,47.79999923706055,24116000,44.981333541870114,10778320.0,21.31970165363986,59.4634561971508,False,False
2019-09-16 20:00:00,47.91999816894531,47.95000076293945,45.13999938964844,45.150001525878906,15436200,44.83900032043457,10960270.0,20.43894989565366,48.15177327722688,False,False
2019-09-17 20:00:00,44.84999847412109,45.18000030517578,44.400001525878906,44.619998931884766,9732800,44.740333557128906,10851096.666666666,19.162093344170746,46.25652018999382,True,True
2019-09-18 20:00:00,45.0,46.209999084472656,44.790000915527344,45.790000915527344,10491800,44.733333587646484,10644590.0,18.5416091815112,50.8551284769562,False,True
2019-09-19 20:00:00,45.9900016784668,46.29999923706055,45.2599983215332,45.70000076293945,8589600,44.68566691080729,10133006.666666666,18.013938618445845,50.49718935210398,False,True
2019-09-22 20:00:00,45.36000061035156,45.90999984741211,44.970001220703125,45.5,7298300,44.63133354187012,10046960.0,17.320386188468742,49.66070014030025,False,True
2019-09-23 20:00:00,45.47999954223633,45.93999862670898,45.119998931884766,45.470001220703125,6503800,44.64733352661133,9815206.666666666,16.695028365772483,49.528173842060994,False,True
2019-09-24 20:00:00,45.11000061035156,45.58000183105469,44.70000076293945,45.33000183105469,4324500,44.66633364359538,9371573.333333334,15.795032288547684,48.872688920232406,False,True
2019-09-25 20:00:00,45.04999923706055,45.380001068115234,44.40999984741211,45.34999847412109,4958800,44.721333567301436,8971753.333333334,14.738426758918424,48.97656026626329,False,True
2019-09-26 20:00:00,45.040000915527344,45.7599983215332,44.79999923706055,45.13999938964844,4515900,44.760666910807295,8810520.0,14.041811024482522,47.876515568460405,False,True
2019-09-29 20:00:00,45.0,45.13999938964844,44.130001068115234,44.470001220703125,6520300,44.75733362833659,8744070.0,13.214951510509882,44.44646754954665,True,True
2019-09-30 20:00:00,44.66999816894531,45.41999816894531,43.68000030517578,43.77000045776367,5229400,44.69700024922689,8590026.666666666,12.787349082033325,41.13091711156155,True,True
2019-10-01 20:00:00,43.63999938964844,43.68000030517578,42.7400016784668,42.93999862670898,6041000,44.61966692606608,8545423.333333334,13.046164272102265,37.553767367249066,True,True
2019-10-02 20:00:00,42.75,43.400001525878906,42.2599983215332,43.20000076293945,5679200,44.55766690572103,8451386.666666666,13.594698441171712,39.33368096642776,True,True
2019-10-03 20:00:00,43.09999847412109,43.45000076293945,42.54999923706055,43.06999969482422,5109400,44.503333536783856,8426253.333333334,14.054405381708749,38.73911902452337,True,True
2019-10-06 20:00:00,42.900001525878906,43.040000915527344,42.16999816894531,42.18000030517578,7449000,44.497000249226886,8256356.666666667,14.738327209836578,34.85473811461829,True,True
2019-10-07 20:00:00,41.900001525878906,42.29999923706055,40.81999969482422,40.83000183105469,8741900,44.45366694132487,8270946.666666667,16.17464178137282,29.949210726655373,True,False
2019-10-08 20:00:00,41.36000061035156,41.52000045776367,40.45000076293945,40.84000015258789,7057700,44.40333366394043,8262130.0,17.7017351292322,30.027757469099004,True,True
2019-10-09 20:00:00,40.95000076293945,41.540000915527344,40.54999923706055,41.02999877929688,7686300,44.33400026957194,8282183.333333333,19.096041728126664,31.597382488302113,True,True
2019-10-10 20:00:00,41.5099983215332,41.790000915527344,41.06999969482422,41.119998931884766,7375600,44.25900026957194,8306326.666666667,20.082393753063428,32.37127172727368,True,True
2019-10-13 20:00:00,41.02999877929688,41.06999969482422,39.970001220703125,40.5099983215332,12931400,44.160000228881835,8507976.666666666,21.620041238853762,29.901951957348484,True,False
2019-10-14 20:00:00,40.40999984741211,41.310001373291016,40.27000045776367,40.79999923706055,6216600,44.09733352661133,8484626.666666666,22.74864192979073,32.53669909802382,True,True
2019-10-15 20:00:00,40.70000076293945,41.310001373291016,40.31999969482422,40.34000015258789,5658900,43.98933347066244,8511993.333333334,23.796628285660773,30.573686414480818,True,True
2019-10-16 20:00:00,40.369998931884766,40.7599983215332,40.06999969482422,40.33000183105469,6484300,43.830666859944664,8405473.333333334,24.923988534614274,30.530570326740907,True,True
2019-10-17 20:00:00,40.34999847412109,41.09999847412109,40.34999847412109,40.45000076293945,6972400,43.66366691589356,8272593.333333333,25.491230731235476,31.77415518939504,True,True
2019-10-20 20:00:00,40.56999969482422,40.84999847412109,40.27999877929688,40.81999969482422,6592300,43.52533353169759,8123343.333333333,26.068560330961596,35.602062599663135,True,True
2019-10-21 20:00:00,40.900001525878906,42.709999084472656,40.77000045776367,42.220001220703125,10472400,43.385000228881836,8146726.666666667,24.391740590771374,47.58539355288351,True,False
2019-10-22 20:00:00,42.06999969482422,42.91999816894531,41.84000015258789,42.91999816894531,7655800,43.27266680399577,8146490.0,22.6652419023434,52.358921820801555,True,True
2019-10-23 20:00:00,43.0,43.09999847412109,41.90999984741211,42.290000915527344,7127000,43.16900011698405,8137266.666666667,21.23804970690381,48.11205834711794,True,True
2019-10-24 20:00:00,42.290000915527344,42.959999084472656,42.20000076293945,42.52999877929688,5270700,43.083666737874346,7941310.0,19.912799811138473,49.7830762869268,True,True
2019-10-27 20:00:00,42.66999816894531,42.9900016784668,42.2599983215332,42.27999877929688,4644400,42.89966672261556,7292256.666666667,18.71523270641265,48.047272141071204,True,True
2019-10-28 20:00:00,42.0,42.59999847412109,41.52999877929688,42.33000183105469,6373400,42.80566673278808,6990163.333333333,17.969251363642833,48.43454674323467,True,True
2019-10-29 20:00:00,42.33000183105469,42.380001068115234,41.18000030517578,41.36000061035156,5558500,42.697000122070314,6851020.0,17.63080631171881,41.908200287218456,True,True
2019-10-30 20:00:00,41.22999954223633,41.36000061035156,40.11000061035156,40.5,12515400,42.5206667582194,6918473.333333333,18.25307633321043,37.13110483723831,True,False
2019-10-31 20:00:00,40.75,42.290000915527344,40.7400016784668,42.290000915527344,9024800,42.407000096638996,6932980.0,17.71263899845301,49.925522210773096,True,False
2019-11-04 20:00:00,42.9900016784668,44.619998931884766,42.95000076293945,44.22999954223633,13452300,42.36466674804687,7138113.333333333,17.66508762044148,59.536739814730296,False,False
2019-11-05 20:00:00,42.150001525878906,44.040000915527344,40.7599983215332,41.90999984741211,19344300,42.24600003560384,7566130.0,16.8770844790503,47.736654458955805,True,False
2019-11-06 20:00:00,41.619998931884766,41.709999084472656,39.369998931884766,39.61000061035156,17042700,42.05533332824707,7990070.0,16.955562734120445,39.39954103838005,True,False
2019-11-07 20:00:00,40.09000015258789,40.65999984741211,38.470001220703125,39.02999877929688,15278600,41.84466667175294,8334063.333333333,17.485983160188542,37.61545260074251,True,False
2019-11-08 20:00:00,38.650001525878906,40.20000076293945,38.29999923706055,40.09999847412109,13610500,41.67666664123535,8637216.666666666,18.062981044298436,42.76453023737408,True,False
2019-11-11 20:00:00,39.130001068115234,39.33000183105469,38.459999084472656,38.880001068115234,14584000,41.490333302815756,8906006.666666666,18.598764793829048,38.82928549502952,True,False
2019-11-12 20:00:00,38.900001525878906,39.25,38.060001373291016,38.43999862670898,12823100,41.31266657511393,9159130.0,19.313876239140285,37.489371081842236,True,False
2019-11-13 20:00:00,38.2599983215332,38.36000061035156,37.959999084472656,38.119998931884766,9096500,41.151999918619794,9260980.0,20.033483976481193,36.50281190313841,True,True
2019-11-14 20:00:00,38.11000061035156,38.68000030517578,37.59999847412109,37.7599983215332,8786400,40.97066650390625,9364553.333333334,20.906161562291143,35.3749669870496,True,True
2019-11-15 20:00:00,39.02000045776367,39.34000015258789,38.5099983215332,38.95000076293945,14162200,40.83333320617676,9666313.333333334,21.016439705691596,41.77871389441173,True,False
2019-11-18 20:00:00,39.150001525878906,39.470001220703125,38.540000915527344,39.29999923706055,13130200,40.73733317057292,9855686.666666666,20.983473962191404,43.550441344537774,True,False
2019-11-19 20:00:00,39.13999938964844,39.13999938964844,37.93999862670898,38.13999938964844,12533200,40.647666422526044,9982063.333333334,21.3582083747741,39.28363217592233,True,False
2019-11-20 20:00:00,38.06999969482422,39.25,37.70000076293945,38.47999954223633,10302200,40.568999735514325,10090213.333333334,21.86347178553392,41.10498896863979,True,False
2019-11-21 20:00:00,38.5,39.380001068115234,38.45000076293945,39.119998931884766,9308900,40.50533307393392,10144300.0,22.175632051620504,44.48108907781116,True,True
2019-11-22 20:00:00,39.20000076293945,39.93999862670898,38.97999954223633,39.58000183105469,9467200,40.453999837239586,10214020.0,21.802241363058055,46.83987482962822,True,True
2019-11-25 20:00:00,39.77000045776367,40.56999969482422,39.70000076293945,39.93000030517578,10264400,40.434666570027666,10125120.0,20.77198429144354,48.628264134250294,True,False
2019-11-26 20:00:00,39.79999923706055,39.93000030517578,38.560001373291016,38.56999969482422,13362000,40.36033325195312,10363300.0,20.725173859336035,42.627293955322884,True,False
2019-11-27 20:00:00,38.61000061035156,38.880001068115234,38.310001373291016,38.75,7058500,40.30733324686686,10409953.333333334,20.861203896576324,43.61900300072148,True,True
2019-11-29 20:00:00,38.63999938964844,39.06999969482422,38.5,38.56999969482422,4664000,40.248666508992514,10349276.666666666,20.767655192947405,42.82187276914151,True,True
2019-12-02 20:00:00,38.84000015258789,39.15999984741211,38.40999984741211,38.68000030517578,10829600,40.189666493733725,10477850.0,20.680788539577694,43.50138593683097,True,False
2019-12-03 20:00:00,38.380001068115234,38.43999862670898,37.540000915527344,38.02000045776367,11535400,40.0963331858317,10642620.0,21.276002794020204,40.39915811295437,True,False
2019-12-04 20:00:00,38.34000015258789,38.790000915527344,38.16999816894531,38.45000076293945,10537700,39.97066650390625,10644796.666666666,21.38187741173366,43.23922472216092,True,True
2019-12-05 20:00:00,38.68000030517578,38.79999923706055,37.77999877929688,37.97999954223633,9214900,39.80599988301595,10696766.666666666,21.78355714924471,40.94271806979518,True,True
2019-12-06 20:00:00,38.11000061035156,39.02999877929688,38.09999847412109,39.0099983215332,10411500,39.69666646321615,10806250.0,21.850434043089795,47.52080194408634,True,True
2019-12-09 20:00:00,38.02999877929688,38.08000183105469,37.31999969482422,37.34000015258789,17193200,39.52366650899251,11203666.666666666,22.518162250589715,39.78344984407307,True,False
2019-12-10 20:00:00,37.5099983215332,38.04999923706055,37.25,37.56999969482422,12617600,39.36666653951009,11469440.0,23.189758948347244,41.20334691965125,True,False
2019-12-11 20:00:00,37.540000915527344,37.970001220703125,37.52999877929688,37.540000915527344,7861100,39.20699984232585,11519030.0,23.81338445340781,41.067328182855164,True,True
2019-12-12 20:00:00,37.63999938964844,38.52999877929688,37.59000015258789,38.25,9477300,39.103333155314125,11649656.666666666,23.5565330775903,45.64111260169991,True,True
2019-12-13 20:00:00,38.47999954223633,38.810001373291016,37.65999984741211,37.709999084472656,9886500,39.01033312479655,11562026.666666666,22.926537676850334,42.91319173728465,True,True
2019-12-16 20:00:00,37.9900016784668,38.720001220703125,37.97999954223633,38.31999969482422,9572400,38.877999750773114,11580280.0,22.341541947591796,46.782642356076956,True,True
2019-12-17 20:00:00,38.31999969482422,38.77000045776367,38.13999938964844,38.31999969482422,13579300,38.680999755859375,11584513.333333334,21.72167581133375,46.782642356076956,True,False
2019-12-18 20:00:00,38.33000183105469,39.02999877929688,38.310001373291016,38.66999816894531,9412200,38.57299969991048,11253443.333333334,20.741991051029583,49.07938551012198,False,True
2019-12-19 20:00:00,38.52000045776367,38.959999084472656,38.459999084472656,38.70000076293945,7469200,38.54266637166341,10934326.666666666,19.832283773604285,49.28145615946491,False,True
2019-12-20 20:00:00,38.869998931884766,39.22999954223633,38.52999877929688,39.0099983215332,17274200,38.54199968973795,11000846.666666666,18.5512500616197,51.42629650566659,False,False
2019-12-23 20:00:00,39.0099983215332,39.720001220703125,38.9900016784668,39.709999084472656,10019000,38.528999710083006,10881130.0,17.8150287050285,55.95571719984898,False,True
2019-12-24 20:00:00,39.77999877929688,40.369998931884766,39.720001220703125,39.88999938964844,4696300,38.56266632080078,10551540.0,17.947272325047898,57.064427574289766,False,True
2019-12-26 20:00:00,40.04999923706055,40.58000183105469,39.9900016784668,40.150001525878906,6050000,38.61966641743978,10325770.0,18.308286505641064,58.68233151839566,False,True
2019-12-27 20:00:00,40.34999847412109,40.4900016784668,40.130001068115234,40.15999984741211,7050800,38.687666447957355,10257580.0,18.64351395904901,58.746708253971036,False,True
2019-12-30 20:00:00,40.25,41.119998931884766,40.15999984741211,40.70000076293945,10487100,38.78566652933757,10314270.0,19.64893687573331,62.17461198109277,False,False
2019-12-31 20:00:00,40.4900016784668,41.220001220703125,40.31999969482422,41.209999084472656,10372400,38.860999806722006,10187943.333333334,20.684037830896894,65.12227035833143,False,False
2020-01-02 20:00:00,41.630001068115234,42.68999862670898,41.58000183105469,42.58000183105469,13066400,38.97033322652181,10185816.666666666,22.823892489729115,71.53860871261351,False,False
2020-01-03 20:00:00,43.810001373291016,44.25,43.16999816894531,43.61000061035156,15097400,39.152666600545246,10271290.0,25.595721338220795,75.22833540023679,False,False
2020-01-06 20:00:00,43.97999954223633,45.45000076293945,43.68999862670898,45.04999923706055,16659700,39.37166659037272,10483206.666666666,28.59628934488132,79.2737953406056,False,False
2020-01-07 20:00:00,45.08000183105469,45.27999877929688,44.18000030517578,45.27000045776367,12084800,39.57666664123535,10575736.666666666,31.38253106535181,79.81612694765651,False,False
2020-01-08 20:00:00,45.540000915527344,45.77999877929688,44.27000045776367,44.97999954223633,12250900,39.756666564941405,10668526.666666666,34.13167588867821,76.95751546664096,False,False
2020-01-09 20:00:00,44.84999847412109,45.400001525878906,43.77000045776367,45.369998931884766,14635000,39.93799985249837,10814213.333333334,35.83418449083808,78.09378427630904,False,False
2020-01-10 20:00:00,45.25,46.209999084472656,44.970001220703125,45.900001525878906,10540000,40.18233324686686,10720146.666666666,37.74215303550615,79.56831781961051,False,True
2020-01-13 20:00:00,46.2599983215332,46.61000061035156,45.52000045776367,46.56999969482422,8456100,40.442999903361006,10766733.333333334,39.66034237435982,81.28343481889652,False,True
2020-01-14 20:00:00,46.84999847412109,47.43000030517578,46.709999084472656,47.2400016784668,12183900,40.73199996948242,11017396.666666666,41.7142669316709,82.83516568452794,False,False
2020-01-15 20:00:00,47.150001525878906,47.5099983215332,46.79999923706055,47.2599983215332,7085700,41.017999903361,10892600.0,43.64676123657626,82.88078405915947,False,True
2020-01-16 20:00:00,47.20000076293945,47.58000183105469,46.619998931884766,46.66999816894531,9757600,41.30633316040039,10833340.0,45.12256983372198,76.42683162807491,False,True
2020-01-17 20:00:00,46.75,47.0099983215332,45.650001525878906,45.83000183105469,14379300,41.552333196004234,10961393.333333334,44.93204044372932,68.27519502613193,False,False
2020-01-21 20:00:00,45.369998931884766,45.45000076293945,44.310001373291016,44.31999969482422,10814200,41.76366653442383,11014703.333333334,43.07433692076002,56.590277957254834,False,True
2020-01-22 20:00:00,44.0,44.040000915527344,42.880001068115234,43.290000915527344,12953200,41.90633328755697,11099426.666666666,40.00116237313182,50.27026858483884,False,False
2020-01-23 20:00:00,42.619998931884766,42.7400016784668,42.209999084472656,42.52000045776367,10789800,42.07899996439616,10885980.0,37.679417787758936,46.1232607597562,False,True
2020-01-24 20:00:00,42.470001220703125,42.68999862670898,41.84000015258789,42.220001220703125,8797600,42.234000015258786,10758646.666666666,35.80386034643363,44.58021207170326,True,True
2020-01-27 20:00:00,41.02000045776367,41.40999984741211,40.68999862670898,41.2400016784668,9303900,42.35733337402344,10806740.0,34.84909463832725,39.88592445512687,True,True
2020-01-28 20:00:00,41.630001068115234,41.65999984741211,41.119998931884766,41.20000076293945,7206400,42.45566673278809,10731043.333333334,33.71511184586654,39.70215623839073,True,True
2020-01-29 20:00:00,41.310001373291016,41.52000045776367,40.459999084472656,40.470001220703125,6653900,42.54766680399577,10623290.0,33.09298293442891,36.405629356208905,True,True
2020-01-30 20:00:00,39.93999862670898,40.66999816894531,39.41999816894531,40.59000015258789,9509100,42.62333348592122,10621180.0,33.11610962077974,37.32684971811603,True,True
2020-01-31 20:00:00,40.09999847412109,40.36000061035156,39.4900016784668,39.720001220703125,16035700,42.67000020345052,10703060.0,33.137584400962645,33.53407373455591,True,False
2020-02-03 20:00:00,39.70000076293945,40.41999816894531,39.43999862670898,40.08000183105469,8727900,42.717000325520836,10680250.0,33.08654380116594,36.413271752845844,True,True
2020-02-04 20:00:00,40.93999862670898,41.43999862670898,40.38999938964844,40.5,7859600,42.77700030008952,10693263.333333334,31.9040588255808,39.69537284252593,True,True
2020-02-05 20:00:00,41.27000045776367,42.380001068115234,41.209999084472656,42.119998931884766,8613200,42.880666987101236,10404563.333333334,29.920195734103007,50.342296081235006,True,True
2020-02-06 20:00:00,42.310001373291016,42.45000076293945,41.56999969482422,42.119998931884766,6201500,42.96100031534831,10277313.333333334,28.0150940103729,50.342296081235006,True,True
2020-02-07 20:00:00,41.70000076293945,42.0,41.470001220703125,41.88999938964844,5030100,43.02766698201497,10288440.0,26.334887423487974,48.920154240134686,True,True
2020-02-10 20:00:00,41.4900016784668,41.560001373291016,40.18000030517578,40.5,7915400,43.03933359781901,10350620.0,25.808197056029616,41.322658430796984,True,True
2020-02-11 20:00:00,42.150001525878906,42.36000061035156,41.040000915527344,41.16999816894531,12132300,43.07300020853678,10520003.333333334,24.538390836930944,45.70014676075484,True,False
2020-02-12 20:00:00,42.400001525878906,42.61000061035156,41.77999877929688,42.4900016784668,8214600,43.13266690572103,10444253.333333334,23.127835362158827,53.120486899977784,True,True
2020-02-13 20:00:00,42.09000015258789,42.380001068115234,41.52999877929688,42.040000915527344,8402000,43.16033363342285,10378573.333333334,22.03083134890437,50.582728593728476,True,True
2020-02-14 20:00:00,42.06999969482422,42.2400016784668,41.290000915527344,41.59999847412109,6401500,43.1276668548584,10156410.0,21.218620713284963,48.16001888931363,True,True
2020-02-18 20:00:00,41.59999847412109,41.68999862670898,40.97999954223633,41.560001373291016,9519200,43.05933354695638,9970470.0,20.730969703777852,47.93526234576211,True,True
2020-02-19 20:00:00,41.86000061035156,42.720001220703125,41.52999877929688,42.5099983215332,7536300,42.974666849772134,9666356.666666666,19.28461265373687,53.48756524544081,True,True
2020-02-20 20:00:00,42.70000076293945,43.59999847412109,42.459999084472656,42.970001220703125,7728900,42.898000208536786,9521160.0,18.70109685786247,55.937858738162305,False,True
2020-02-21 20:00:00,42.54999923706055,42.56999969482422,41.83000183105469,42.119998931884766,8921100,42.8026668548584,9410166.666666666,17.555200422786406,50.63020117437996,True,True
2020-02-24 20:00:00,40.5,40.54999923706055,39.47999954223633,39.47999954223633,12503100,42.606333541870114,9339103.333333334,17.8283194889678,38.43279594501435,True,False
2020-02-25 20:00:00,39.540000915527344,39.619998931884766,36.0,36.18999862670898,22058600,42.282666778564455,9723056.666666666,19.608788072981156,29.042673300143658,True,False
2020-02-26 20:00:00,36.27000045776367,36.43999862670898,34.189998626708984,34.220001220703125,22683000,41.87100016276042,10197286.666666666,21.80248660766255,25.089737814521758,True,False
2020-02-27 20:00:00,33.16999816894531,33.56999969482422,31.15999984741211,31.809999465942383,23516900,41.35666675567627,10575053.333333334,24.522292483418646,21.274818265826603,True,False
2020-02-28 20:00:00,31.479999542236328,32.779998779296875,29.63999938964844,32.7400016784668,24168100,40.872666867574054,11144466.666666666,27.31767271376636,25.95371886244659,True,False
2020-03-02 20:00:00,33.58000183105469,33.65999984741211,31.700000762939453,32.95000076293945,17223700,40.415333620707194,11393336.666666666,29.26514171048985,27.00863930806856,True,False
2020-03-03 20:00:00,33.04999923706055,34.630001068115234,32.310001373291016,32.9900016784668,19991600,39.98733361562093,11580413.333333334,30.391564193506355,27.2213345423376,True,False
2020-03-04 20:00:00,33.25,33.25,31.8799991607666,32.93000030517578,14006600,39.607666969299316,11686826.666666666,31.54997198494871,27.093798733149626,True,False
2020-03-05 20:00:00,32.5,32.7599983215332,31.09000015258789,31.479999542236328,19218000,39.21400025685628,11895653.333333334,32.830148710424915,24.149253905299357,True,False
2020-03-06 20:00:00,30.15999984741211,30.209999084472656,26.270000457763672,26.86000061035156,38969100,38.692000261942546,12834963.333333334,34.959245509071046,17.589802037316325,True,False
2020-03-08 20:00:00,15.579999923706056,19.190000534057617,12.039999961853027,12.510000228881836,104930300,37.701666895548506,16039386.666666666,38.14539976476106,9.21621892437862,True,False
2020-03-09 20:00:00,15.399999618530272,15.5,12.579999923706056,14.34000015258789,110525300,36.805000178019206,19413433.333333332,41.10397157361607,14.787288844247923,True,False
2020-03-10 20:00:00,13.119999885559082,13.399999618530272,11.699999809265137,11.800000190734863,70436000,35.82500015894572,21521086.666666668,43.89715402465132,13.544858272522792,True,False
2020-03-11 20:00:00,10.229999542236328,14.84000015258789,9.4399995803833,11.890000343322754,73141800,34.87233346303304,23737350.0,46.60402179298963,13.821156725119799,True,False
2020-03-12 20:00:00,13.3100004196167,14.5600004196167,11.59000015258789,14.260000228881836,64910400,33.994666798909506,25584060.0,49.11754186358949,20.982593460414257,True,False
2020-03-15 20:00:00,11.399999618530272,13.68000030517578,11.199999809265137,12.020000457763672,37309700,33.071333440144855,26293193.333333332,51.47203708440008,19.34622859360588,True,False
2020-03-16 20:00:00,12.380000114440918,12.8100004196167,11.050000190734863,11.34000015258789,34731500,32.11333338419596,27159980.0,53.66666197821329,18.86524609703249,True,False
2020-03-17 20:00:00,10.449999809265137,10.84000015258789,9.0,10.529999732971191,41257200,31.114333375295004,28273233.333333332,55.81541666904878,18.282174837746396,True,False
2020-03-18 20:00:00,10.40999984741211,10.979999542236328,9.399999618530272,10.829999923706056,38092500,30.071333408355713,29255876.666666668,57.727052532540036,19.27729570414634,True,False
2020-03-19 20:00:00,11.149999618530272,11.18000030517578,9.550000190734863,10.229999542236328,50833300,29.008333428700766,30743603.333333332,59.37553181153284,18.784603440090432,True,False
2020-03-22 20:00:00,10.25,10.289999961853027,9.470000267028809,9.6899995803833,36784000,27.93500010172526,31802066.666666668,60.91197240879384,18.33052444714049,True,False
2020-03-23 20:00:00,10.399999618530272,10.770000457763672,9.699999809265137,10.720000267028809,42020600,26.942333443959555,32938906.666666668,62.000087110771425,22.193938710569622,True,False
2020-03-24 20:00:00,11.25,12.640000343322754,10.220000267028809,12.0,55409600,25.970000171661376,34381483.333333336,61.764207832928385,26.82651218865245,True,False
2020-03-25 20:00:00,12.050000190734863,15.289999961853027,12.0,12.829999923706056,70253700,24.981333446502685,36449453.333333336,60.05663117480039,29.74745984312788,True,False
2020-03-26 20:00:00,12.039999961853027,12.380000114440918,11.489999771118164,11.609999656677246,34675600,23.967000071207682,37325240.0,58.58862853012865,27.97948419569318,True,True
2020-03-29 20:00:00,11.31999969482422,11.449999809265137,10.199999809265137,11.010000228881836,44717600,22.94733346303304,38602443.333333336,57.5163542978242,27.125633617117355,True,False
2020-03-30 20:00:00,11.520000457763672,12.079999923706056,11.109999656677246,11.579999923706056,35568400,21.948000081380208,39470750.0,56.1700092295303,29.331979367577283,True,True
2020-03-31 20:00:00,11.039999961853027,11.170000076293944,10.119999885559082,10.739999771118164,39837200,20.889000129699706,40547446.666666664,55.159463181424826,27.987209992013167,True,True
2020-04-01 20:00:00,11.479999542236328,13.90999984741211,11.199999809265137,12.770000457763672,79141600,19.882333437601726,42927870.0,52.799040702029565,35.66372107646522,True,False
2020-04-02 20:00:00,13.829999923706056,14.199999809265137,11.510000228881836,13.0,92062300,18.9116668065389,45699243.333333336,50.4700456615617,36.489784326943145,True,False
2020-04-05 20:00:00,12.600000381469728,13.5,12.43000030517578,13.4399995803833,52068100,18.043666807810464,47018076.666666664,48.307407409698676,38.12649551919047,True,False
2020-04-06 20:00:00,14.18000030517578,15.199999809265137,13.619999885559082,13.84000015258789,54728600,17.298666858673094,48107076.666666664,45.46998025268465,39.649162053660575,True,False
2020-04-07 20:00:00,14.199999809265137,15.68000030517578,14.050000190734863,15.5600004196167,48988600,16.676666831970216,48983930.0,42.61392622869852,45.82315824456387,True,False
2020-04-08 20:00:00,16.700000762939453,18.270000457763672,14.270000457763672,15.359999656677246,110464100,16.12833350499471,51882170.0,40.24986113062431,45.24355923198808,True,False
2020-04-12 20:00:00,15.960000038146973,16.020000457763672,14.770000457763672,15.329999923706056,43697500,15.548000113169353,52533150.0,38.05465782526969,45.15130562581193,True,True
2020-04-13 20:00:00,15.399999618530272,15.81999969482422,14.640000343322754,14.899999618530272,40661000,14.946333408355713,53314393.333333336,35.95202288143757,43.77354316327195,True,True
2020-04-14 20:00:00,13.899999618530272,13.899999618530272,13.0,13.609999656677246,47465200,14.300333340962728,54230180.0,33.54708449312629,39.845395591574444,True,True
2020-04-15 20:00:00,13.630000114440918,13.65999984741211,12.15999984741211,12.199999809265137,40453900,13.609333324432374,55111756.666666664,31.680040319612164,36.03861189914958,True,True
2020-04-16 20:00:00,12.329999923706056,13.649999618530272,12.25,13.630000114440918,51691000,13.014333343505859,56194190.0,29.946356444206184,42.08218745662203,False,True
2020-04-19 20:00:00,12.039999961853027,13.220000267028809,11.899999618530272,12.59000015258789,74975500,12.538666661580404,57394403.333333336,28.50000165999843,39.182506809029434,False,False
2020-04-20 20:00:00,12.0,12.390000343322754,11.5,12.34000015258789,62591200,12.532999992370605,55983100.0,27.347412526435363,38.49582294799823,True,False
2020-04-21 20:00:00,13.079999923706056,13.369999885559082,12.75,13.020000457763672,44530500,12.489000002543131,53783273.333333336,25.697071669512713,41.49900498623701,False,True
2020-04-22 20:00:00,13.420000076293944,14.399999618530272,13.359999656677246,13.869999885559082,55054600,12.557999992370606,53270560.0,24.12157891806579,45.10717378385141,False,False
2020-04-23 20:00:00,14.18000030517578,14.5,13.479999542236328,13.8100004196167,40991300,12.621999994913738,52198876.666666664,22.712613785035504,44.896674220299005,False,True
2020-04-26 20:00:00,13.350000381469728,14.289999961853027,12.75,14.149999618530272,39972500,12.618333307902018,51367613.333333336,21.209428331108267,46.42249409655265,False,True
2020-04-27 20:00:00,14.460000038146973,15.260000228881836,14.300000190734863,15.170000076293944,46179400,12.723333295186361,51663270.0,20.132631510956458,50.82199600566996,False,True
2020-04-28 20:00:00,15.9399995803833,16.8799991607666,15.81999969482422,16.780000686645508,59582800,12.904666646321614,52491646.666666664,19.945937948394214,56.84560055002517,False,False
2020-04-29 20:00:00,16.889999389648438,17.239999771118164,15.850000381469728,16.600000381469727,44491700,13.107000001271565,52599463.333333336,19.938762323571854,56.01945546877188,False,True
2020-04-30 20:00:00,16.020000457763672,16.420000076293945,15.09000015258789,15.239999771118164,36902400,13.253999996185303,52559793.333333336,19.416212969309647,50.09553734822888,False,True
2020-05-03 20:00:00,14.369999885559082,15.56999969482422,14.15999984741211,15.520000457763672,37197400,13.430333360036213,52105263.333333336,18.339121177808344,51.23880825512013,False,True
2020-05-04 20:00:00,16.459999084472656,16.809999465942383,15.0,15.31999969482422,49502200,13.618000030517578,52529203.333333336,17.991867906200714,50.35149016476576,False,True
2020-05-05 20:00:00,15.510000228881836,15.960000038146973,13.390000343322754,13.399999618530272,57659000,13.707333342234294,53050483.333333336,16.714113769316718,42.70572892576224,True,False
2020-05-06 20:00:00,13.859999656677246,14.520000457763672,13.699999809265137,13.880000114440918,35565400,13.770000012715657,52389010.0,15.527627785067295,44.9560431873327,False,True
2020-05-07 20:00:00,14.3100004196167,15.050000190734863,14.100000381469728,15.020000457763672,31255200,13.843000030517578,51089060.0,14.73313757475393,49.980817318613106,False,True
2020-05-10 20:00:00,14.890000343322754,15.25,14.640000343322754,15.029999732971191,22899400,13.95700003306071,50696520.0,14.112826184030965,50.02391137593145,False,True
2020-05-11 20:00:00,15.260000228881836,15.380000114440918,14.5600004196167,14.579999923706056,27103700,14.076000022888184,50109390.0,13.616648925499717,48.01887938551862,False,True
2020-05-12 20:00:00,14.649999618530272,14.649999618530272,13.279999732971191,13.4399995803833,35258100,14.138000011444092,50099046.666666664,12.989509985166446,43.285577425413365,True,True
2020-05-13 20:00:00,13.149999618530272,14.149999618530272,12.75,13.760000228881836,32064000,14.238666693369547,49839940.0,12.730506044868111,44.92663699916732,True,True
2020-05-14 20:00:00,13.6899995803833,14.279999732971191,13.510000228881836,13.81999969482422,27756400,14.273666667938233,48127100.0,12.393065049087793,45.24654387877041,True,True
2020-05-17 20:00:00,14.800000190734863,15.229999542236328,14.65999984741211,15.06999969482422,39883800,14.342666657765706,46387816.666666664,11.622346146226054,51.55956611181674,False,True
2020-05-18 20:00:00,15.1899995803833,15.1899995803833,14.359999656677246,14.369999885559082,28708600,14.373666667938233,45609166.666666664,10.890815903413941,48.20749705869346,True,True
2020-05-19 20:00:00,14.739999771118164,15.149999618530272,14.5600004196167,14.989999771118164,29203100,14.411999988555909,44758316.666666664,10.211537820802693,51.231757432783766,False,True
2020-05-20 20:00:00,15.0,15.15999984741211,14.1899995803833,14.25,35671400,14.368333307902018,44314410.0,9.864763362349636,47.65503121998462,True,True
2020-05-21 20:00:00,14.15999984741211,14.239999771118164,13.670000076293944,14.130000114440918,26334300,14.327333323160808,41510083.333333336,9.931521876425965,47.0810123544439,True,True
2020-05-25 20:00:00,14.699999809265137,14.770000457763672,14.210000038146973,14.399999618530272,28033000,14.296333312988281,40987933.333333336,9.523609369223502,48.58173905537482,False,True
2020-05-26 20:00:00,14.699999809265137,14.699999809265137,13.8100004196167,14.420000076293944,31403000,14.280333328247071,40679333.333333336,9.459783528652114,48.6978004328164,False,True
2020-05-27 20:00:00,14.390000343322754,14.43000030517578,13.5600004196167,13.640000343322754,39856900,14.281333351135254,40425723.333333336,9.596665657872055,44.480990841025104,True,True
2020-05-28 20:00:00,13.539999961853027,13.539999961853027,12.720000267028809,12.949999809265137,61295900,14.306333351135255,41120456.666666664,10.344672726874334,41.09127048799298,True,False
2020-05-31 20:00:00,12.899999618530272,13.899999618530272,12.670000076293944,13.8100004196167,36714900,14.31233336130778,40621253.333333336,10.66781676752503,46.55775506660706,True,True
2020-06-01 20:00:00,14.020000457763672,14.75,13.90999984741211,14.75,40165900,14.384333356221516,39460933.333333336,10.15395572878217,51.82041283699026,False,False
2020-06-02 20:00:00,15.34000015258789,15.609999656677246,15.039999961853027,15.449999809265137,41191600,14.488000011444091,38747613.333333336,9.901492153695605,55.346784772176896,False,False
2020-06-03 20:00:00,15.079999923706056,15.699999809265137,14.59000015258789,15.550000190734863,39027900,14.572333335876465,38564193.333333336,9.270264721889063,55.84399860097137,False,False
2020-06-04 20:00:00,17.899999618530273,20.850000381469727,17.809999465942383,20.790000915527344,119073400,14.803000036875407,40698153.333333336,11.447567661458136,72.88305637517387,False,False
2020-06-07 20:00:00,23.530000686645508,24.5,22.0,24.399999618530277,131285800,15.156000010172527,43707970.0,14.458530269281068,78.91859216225984,False,False
2020-06-08 20:00:00,22.75,23.459999084472656,20.479999542236328,23.18000030517578,71936800,15.45700003306071,44773446.666666664,16.229109352692145,73.00482931160239,False,False
2020-06-09 20:00:00,22.020000457763672,22.350000381469727,20.75,20.76000022888184,50740500,15.643333371480306,44925483.333333336,17.873218501573856,62.93109802995824,False,False
2020-06-10 20:00:00,17.84000015258789,19.18000030517578,17.260000228881836,17.40999984741211,61262900,15.66433334350586,44981486.666666664,17.417964365302257,52.1942748640539,False,False
2020-06-11 20:00:00,18.8799991607666,19.600000381469727,17.649999618530273,18.5,44937900,15.727666664123536,44996360.0,17.154369809066406,54.89101987974577,False,True
2020-06-14 20:00:00,17.34000015258789,19.459999084472656,17.100000381469727,19.049999237060547,46134000,15.854666646321615,45304080.0,16.631087257588984,56.23264292163701,False,False
2020-06-15 20:00:00,20.46999931335449,20.950000762939453,19.1299991607666,20.290000915527344,57505000,16.013666661580405,45981000.0,16.730861097063492,59.180333047853516,False,False
2020-06-16 20:00:00,19.90999984741211,20.049999237060547,19.040000915527344,19.040000915527344,38371600,16.137666702270508,45609980.0,16.773935204058382,55.1481964034562,False,True
2020-06-17 20:00:00,18.81999969482422,20.31999969482422,18.649999618530277,19.670000076293945,36051700,16.346666717529295,44889736.666666664,16.590089413157703,56.74768743953338,False,True
2020-06-18 20:00:00,20.700000762939453,20.959999084472656,19.670000076293945,19.709999084472656,70262400,16.541000016530354,46046303.333333336,16.695608439661193,56.85289513172778,False,False
2020-06-21 20:00:00,19.850000381469727,20.11000061035156,19.38999938964844,19.90999984741211,30116700,16.703999996185303,46008353.333333336,16.61821991749421,57.41072976374907,False,True
2020-06-22 20:00:00,20.26000022888184,20.520000457763672,19.6299991607666,19.790000915527344,33856800,16.86266670227051,46373600.0,16.73774199271514,56.93510511761114,False,True
2020-06-23 20:00:00,19.239999771118164,19.31999969482422,17.670000076293945,18.0,32322000,16.97666670481364,46547543.333333336,15.66163933721189,50.247830541085946,False,True
2020-06-24 20:00:00,17.799999237060547,18.899999618530277,17.549999237060547,18.540000915527344,23327600,17.14666674931844,46149860.0,14.595744994266258,52.07653354990639,False,True
2020-06-25 20:00:00,18.200000762939453,18.350000381469727,17.350000381469727,17.690000534057617,31831900,17.277666759490966,46142123.333333336,13.617016115592206,49.02208878178646,False,True
2020-06-28 20:00:00,17.850000381469727,18.010000228881836,17.34000015258789,17.860000610351562,24504500,17.41233345667521,46033726.666666664,12.714368921180496,49.65805620220718,False,True
2020-06-29 20:00:00,17.770000457763672,18.350000381469727,17.270000457763672,18.299999237060547,26525200,17.52000010808309,45588440.0,11.959353604160597,51.3497614390449,False,True
2020-06-30 20:00:00,18.31999969482422,18.82999992370605,17.40999984741211,17.40999984741211,32856700,17.621333440144856,45726710.0,11.572271332841325,47.84728604035783,True,True
2020-07-01 20:00:00,17.920000076293945,18.6299991607666,17.610000610351562,17.780000686645508,28133200,17.714333470662435,45691046.666666664,11.212837795187713,49.392709266028355,False,True
2020-07-05 20:00:00,18.209999084472656,18.540000915527344,17.780000686645508,18.18000030517578,23933200,17.84533348083496,45299773.333333336,10.879078081652219,51.08040790388525,False,True
2020-07-06 20:00:00,17.899999618530273,17.940000534057617,17.139999389648438,17.149999618530273,20117700,17.946000130971274,45092553.333333336,10.164534994703219,46.75640894399305,True,True
2020-07-07 20:00:00,17.270000457763672,17.469999313354492,16.709999084472656,17.280000686645508,20482300,18.042000166575114,44840863.333333336,9.840518065136107,47.362062371059274,True,True
2020-07-08 20:00:00,17.200000762939453,17.260000228881836,16.260000228881836,16.280000686645508,22124600,18.104000186920167,44531583.333333336,9.885230625937897,43.283415323190106,True,True
2020-07-09 20:00:00,16.059999465942383,16.75,15.949999809265137,16.709999084472656,17584200,18.20633347829183,43789160.0,10.161076795964188,45.45844195941699,True,True
2020-07-12 20:00:00,16.760000228881836,16.809999465942383,16.0,16.15999984741211,21665700,18.313333479563394,42468153.333333336,10.355639163166192,43.177611239569266,True,True
2020-07-13 20:00:00,15.949999809265137,16.760000228881836,15.75,16.68000030517578,19740500,18.409000142415366,41902340.0,10.74097163290015,45.93937115878269,True,True
2020-07-14 20:00:00,17.290000915527344,17.729999542236328,16.899999618530273,17.18000030517578,22801400,18.49000015258789,41323523.333333336,10.099777222424917,48.529809007843205,True,True
2020-07-15 20:00:00,16.899999618530273,17.399999618530273,16.56999969482422,17.010000228881836,15463000,18.542000166575114,40465903.333333336,9.801842716353319,47.69302996754958,True,True
2020-07-16 20:00:00,17.040000915527344,17.350000381469727,16.15999984741211,16.280000686645508,21065900,18.566333516438803,39867170.0,9.88585999756937,44.170965819562,True,True
2020-07-19 20:00:00,16.25,16.450000762939453,15.68000030517578,15.6899995803833,21260200,18.396333471934,36606730.0,10.366921212677042,41.503251090546506,True,True
2020-07-20 20:00:00,16.1200008392334,18.030000686645508,16.06999969482422,17.40999984741211,44440800,18.163333479563395,33711896.666666664,9.96752666705683,50.82698192790778,True,False
2020-07-21 20:00:00,17.1200008392334,17.139999389648438,16.649999618530273,16.950000762939453,16994300,17.95566682815552,31880480.0,9.596660303266635,48.59611981311703,True,True
2020-07-22 20:00:00,16.709999084472656,17.079999923706055,16.56999969482422,16.81999969482422,14044100,17.824333477020264,30657266.666666668,9.17251460005176,47.955512955708556,True,True
2020-07-23 20:00:00,16.81999969482422,17.280000686645508,16.6299991607666,16.739999771118164,12779100,17.8020001411438,29041140.0,8.970634138658353,47.54019729810663,True,True
2020-07-26 20:00:00,16.729999542236328,16.899999618530273,16.40999984741211,16.700000762939453,13963300,17.742000166575114,28008653.333333332,8.540179977173636,47.31953680631573,True,True
2020-07-27 20:00:00,16.479999542236328,16.780000686645508,16.309999465942383,16.350000381469727,12859500,17.652000204722086,26899503.333333332,8.027104039436402,45.33656651833041,True,True
2020-07-28 20:00:00,16.530000686645508,17.040000915527344,16.450000762939453,17.030000686645508,16384000,17.543333530426025,25528803.333333332,7.842256511145533,49.743096432507315,True,True
2020-07-29 20:00:00,16.549999237060547,16.6299991607666,15.75,15.770000457763672,29336400,17.434333515167236,25227630.0,7.700425671618284,42.85023943303833,True,False
2020-07-30 20:00:00,16.549999237060547,16.549999237060547,15.40999984741211,15.739999771118164,15439000,17.30333350499471,24540540.0,7.925558305302692,42.698525807170704,True,True
2020-08-02 20:00:00,15.75,15.760000228881836,15.100000381469728,15.25,22888000,17.15466686884562,22961393.333333332,8.449960181052075,40.19532198886994,True,True
2020-08-03 20:00:00,15.149999618530272,16.0,15.130000114440918,15.739999771118164,21703200,17.01566686630249,22680943.333333332,8.610428721438053,43.74684705571976,True,True
2020-08-04 20:00:00,16.420000076293945,16.489999771118164,15.859999656677246,15.9399995803833,24570500,16.887333488464357,22371400.0,8.125352720565335,45.17789383900651,True,False
2020-08-05 20:00:00,15.90999984741211,16.010000228881836,15.390000343322754,15.449999809265137,18745100,16.802333482106526,21918836.666666668,8.21141356788368,42.336245803346365,True,True
2020-08-06 20:00:00,15.460000038146973,15.5600004196167,14.960000038146973,15.449999809265137,20961300,16.69933344523112,21839960.0,8.745262708131396,42.336245803346365,True,True
2020-08-09 20:00:00,15.670000076293944,16.479999542236328,15.619999885559082,16.479999542236328,26718500,16.659000078837078,21669513.333333332,8.149156591438217,50.00280581143555,True,False
2020-08-10 20:00:00,16.440000534057617,16.739999771118164,15.100000381469728,15.15999984741211,41894000,16.569000053405762,22249163.333333332,8.098104261359339,42.250198575995846,True,False
2020-08-11 20:00:00,15.5,15.550000190734863,14.850000381469728,14.920000076293944,31774800,16.45633341471354,22424150.0,8.30744516326295,41.00535254827051,True,False
2020-08-12 20:00:00,14.949999809265137,15.25,14.539999961853027,14.600000381469728,28459100,16.362666765848797,22277563.333333332,8.815129560796988,39.340961860527315,True,False
2020-08-13 20:00:00,14.5,14.720000267028809,14.359999656677246,14.640000343322754,21267200,16.258000087738036,22048696.666666668,9.467230531039787,39.67060073628059,True,True
2020-08-16 20:00:00,14.470000267028809,14.510000228881836,13.729999542236328,13.90999984741211,31108800,16.115666739145915,22287883.333333332,10.666484732075633,35.84245140060756,True,False
2020-08-17 20:00:00,13.93000030517578,14.1899995803833,13.829999923706056,13.949999809265137,16758400,16.009000078837076,22175906.666666668,11.780077918751774,36.205715908172444,True,True
2020-08-18 20:00:00,13.93000030517578,14.119999885559082,13.75,13.81999969482422,18143400,15.893666712443034,22097943.333333332,12.891555661269807,35.50215966747164,True,True
2020-08-19 20:00:00,13.520000457763672,13.729999542236328,13.25,13.399999618530272,21869700,15.797666676839192,22089446.666666668,14.390895798638573,33.25386064893473,True,True
2020-08-20 20:00:00,13.390000343322754,13.420000076293944,12.93000030517578,13.15999984741211,22666000,15.679333368937174,22258840.0,16.05906967673848,32.00652325950808,True,False
2020-08-23 20:00:00,13.130000114440918,13.729999542236328,13.029999732971191,13.619999885559082,18722900,15.594666703542073,22160746.666666668,17.04281726390872,36.89253312661402,True,True
2020-08-24 20:00:00,13.8100004196167,14.029999732971191,13.3100004196167,13.510000228881836,16296300,15.489000034332275,22045940.0,17.432394972200804,36.22221609612039,True,True
2020-08-25 20:00:00,13.420000076293944,13.470000267028809,12.949999809265137,12.960000038146973,19787700,15.348333358764648,21945483.333333332,18.170808653145265,32.99420079626591,True,True
2020-08-26 20:00:00,13.020000457763672,13.140000343322754,12.720000267028809,13.039999961853027,20130100,15.216000016530355,22101053.333333332,19.087200757516573,33.916695193564614,True,True
2020-08-27 20:00:00,12.960000038146973,13.229999542236328,12.890000343322754,13.130000114440918,14105800,15.110999997456869,21869050.0,19.765061618924598,35.00086492841047,True,True
2020-08-30 20:00:00,13.15999984741211,13.170000076293944,12.729999542236328,12.739999771118164,17913800,15.012666670481364,21757503.333333332,20.568986609537824,32.511710869736774,True,True
2020-08-31 20:00:00,12.59000015258789,12.619999885559082,12.329999923706056,12.479999542236328,22914400,14.848333326975505,21039956.666666668,21.730926824446687,30.932357036312712,True,False
2020-09-01 20:00:00,12.31999969482422,12.65999984741211,12.279999732971191,12.399999618530272,19131800,14.696666622161866,21111206.666666668,22.860505900354983,30.442332234094355,True,True
2020-09-02 20:00:00,12.350000381469728,12.899999618530272,12.350000381469728,12.59000015258789,26076900,14.555666637420654,21512300.0,23.370689340776718,33.15096496730425,True,False
2020-09-03 20:00:00,12.720000267028809,12.84000015258789,12.119999885559082,12.25,22767800,14.405999978383383,21845256.666666668,24.11221610551691,30.83685415747318,True,False
2020-09-07 20:00:00,11.869999885559082,11.979999542236328,11.020000457763672,11.0600004196167,36644800,14.21799996693929,22601306.666666668,25.82389548094427,24.413400069410095,True,False
2020-09-08 20:00:00,11.210000038146973,11.210000038146973,10.899999618530272,11.06999969482422,22103500,14.041999944051106,22909440.0,27.505189026628603,24.55561064751208,True,True
2020-09-09 20:00:00,11.050000190734863,11.079999923706056,10.18000030517578,10.1899995803833,43466300,13.8139999071757,23812183.333333332,29.565461826893788,20.83961153679691,True,False
2020-09-10 20:00:00,10.1899995803833,10.359999656677246,9.829999923706056,10.220000267028809,35175700,13.62899990081787,24006826.666666668,31.688617344281283,21.276992312736198,True,False
2020-09-13 20:00:00,10.220000267028809,10.380000114440918,9.93000030517578,10.170000076293944,25198900,13.44333324432373,24332156.666666668,33.613144064296726,21.068061972866133,True,False
2020-09-14 20:00:00,10.229999542236328,10.890000343322754,10.199999809265137,10.710000038146973,34684800,13.291999912261963,24725383.333333332,34.246374732477435,29.15872970163137,True,False
2020-09-15 20:00:00,10.869999885559082,12.029999732971191,10.65999984741211,11.640000343322754,53161800,13.155333264668782,25774003.333333332,32.830807572855676,40.475038019316344,True,False
2020-09-16 20:00:00,11.199999809265137,12.029999732971191,11.170000076293944,11.859999656677246,27860600,13.019333267211914,25883673.333333332,31.5163523532069,42.80268436613096,True,False
2020-09-17 20:00:00,11.789999961853027,12.09000015258789,11.470000267028809,11.649999618530272,40722900,12.89266659418742,26616266.666666668,30.198731314905995,41.14860729387581,True,False
2020-09-20 20:00:00,11.09000015258789,11.31999969482422,10.899999618530272,11.289999961853027,23028100,12.753999932607014,26685160.0,29.647846503632536,38.408429862490365,True,True
2020-09-21 20:00:00,11.329999923706056,11.59000015258789,11.029999732971191,11.079999923706056,17454800,12.573999945322672,26376370.0,28.678167410895462,36.866183702629755,True,True
2020-09-22 20:00:00,11.130000114440918,11.270000457763672,10.390000343322754,10.40999984741211,24502800,12.415666611989339,25796663.333333332,28.48460703866113,32.39660303159233,True,True
2020-09-23 20:00:00,10.34000015258789,10.869999885559082,10.15999984741211,10.640000343322754,22870400,12.272999954223632,25499850.0,28.535652111996747,35.296643200403196,True,True
2020-09-24 20:00:00,10.460000038146973,10.579999923706056,10.109999656677246,10.220000267028809,30812500,12.126999950408935,25578296.666666668,28.634199352677083,32.5506442717561,True,False
2020-09-27 20:00:00,10.420000076293944,10.649999618530272,10.3100004196167,10.34000015258789,22622600,11.983666610717773,25623476.666666668,28.58633089004038,34.12748330073826,True,True
2020-09-28 20:00:00,10.34000015258789,10.350000381469728,9.869999885559082,9.989999771118164,29525300,11.852999941507976,25570693.333333332,29.016744814200347,31.79288651050053,True,False
2020-09-29 20:00:00,10.020000457763672,10.270000457763672,9.9399995803833,10.010000228881836,23364000,11.721666622161866,25790880.0,29.416414886634605,32.078822570502005,True,True
2020-09-30 20:00:00,9.970000267028809,9.979999542236328,9.56999969482422,9.68000030517578,32990300,11.583666642506918,26285776.666666668,30.173198165400976,29.854929531574427,True,False
2020-10-01 20:00:00,9.25,9.899999618530272,9.229999542236328,9.869999885559082,28572300,11.465999984741211,26509196.666666668,31.19961381305159,32.74586216359192,True,False
2020-10-04 20:00:00,10.100000381469728,10.520000457763672,10.010000228881836,10.510000228881836,24671000,11.377666664123534,26576030.0,30.818949100879024,41.49291105606191,True,True
2020-10-05 20:00:00,10.670000076293944,10.779999732971191,10.039999961853027,10.130000114440918,29493800,11.261333338419597,26935060.0,29.969859826046548,38.30716766519419,True,False
2020-10-06 20:00:00,10.229999542236328,10.31999969482422,10.119999885559082,10.279999732971191,17454800,11.153666655222574,26973676.666666668,29.18141978513068,40.25707719598379,True,True
2020-10-07 20:00:00,10.40999984741211,11.199999809265137,10.329999923706056,11.18000030517578,27490300,11.094333330790201,27230430.0,27.25598687563533,50.38906152932251,False,False
2020-10-08 20:00:00,11.199999809265137,11.34000015258789,10.739999771118164,10.81999969482422,26633400,11.020333321889241,27447206.666666668,25.674645788460946,46.95848394212606,True,True
2020-10-11 20:00:00,10.640000343322754,10.850000381469728,10.399999618530272,10.8100004196167,18540200,10.942999998728434,27595020.0,24.01433053046991,46.8630481073173,True,True
2020-10-12 20:00:00,10.760000228881836,10.960000038146973,10.4399995803833,10.520000457763672,15524300,10.869000021616618,27515370.0,22.303996538538012,44.065907908814324,True,True
2020-10-13 20:00:00,10.520000457763672,10.949999809265137,10.4399995803833,10.449999809265137,20091000,10.801333363850912,27421256.666666668,20.715829260315534,43.39263898228699,True,True
2020-10-14 20:00:00,10.229999542236328,10.609999656677246,10.0,10.609999656677246,18906900,10.741666698455811,27413760.0,19.958120888375614,45.444402727707256,True,True
2020-10-15 20:00:00,10.510000228881836,10.529999732971191,10.06999969482422,10.09000015258789,19244700,10.658333365122477,27186020.0,19.25453454300283,40.32837165269717,True,True
2020-10-18 20:00:00,10.1899995803833,10.210000038146973,9.8100004196167,9.81999969482422,22074700,10.577333354949952,27162916.666666668,19.019576126485436,37.9400287304869,True,True
2020-10-19 20:00:00,9.920000076293944,10.199999809265137,9.829999923706056,10.06999969482422,17400100,10.544333330790202,26521426.666666668,18.801400454005,41.4005364978831,True,True
2020-10-20 20:00:00,9.859999656677246,9.960000038146973,9.65999984741211,9.65999984741211,22783400,10.497333335876466,26544090.0,18.881427933023705,37.688863794733294,True,True
2020-10-21 20:00:00,9.699999809265137,10.199999809265137,9.65999984741211,10.170000076293944,25219200,10.496666685740154,25935853.333333332,18.383522831595464,44.36991481330711,True,True
2020-10-22 20:00:00,10.25,10.359999656677246,9.899999618530272,10.020000457763672,19872400,10.490000025431316,25425743.333333332,17.555349690409553,42.91255120901569,True,True
2020-10-25 20:00:00,9.789999961853027,9.84000015258789,9.34000015258789,9.460000038146973,26754800,10.466333357493083,25477606.666666668,17.765859913822293,37.90669748351281,True,False
2020-10-26 20:00:00,9.399999618530272,9.5,9.270000457763672,9.270000457763672,20727700,10.418333371480307,25012370.0,18.071609403808502,36.35705508131764,True,True
2020-10-27 20:00:00,8.979999542236328,9.15999984741211,8.779999732971191,8.880000114440918,30986800,10.326333363850912,24273203.333333332,19.06658915886081,33.34385238445246,True,False
2020-10-28 20:00:00,8.699999809265137,9.18000030517578,8.520000457763672,9.130000114440918,28731900,10.2353333791097,24302246.666666668,20.32082835778454,36.95110715677115,True,False
2020-10-29 20:00:00,9.0,9.1899995803833,8.850000381469727,9.130000114440918,23078900,10.151333395640055,23714113.333333332,21.45806712333706,36.95110715677115,True,True
2020-11-02 20:00:00,9.260000228881836,9.800000190734863,9.029999732971191,9.649999618530272,28544100,10.096666717529297,23897980.0,20.99801568668996,44.23154512948507,True,False
2020-11-03 20:00:00,9.890000343322754,10.010000228881836,9.59000015258789,9.6899995803833,19259100,10.050333372751872,23958123.333333332,20.122228815776538,44.759960392949715,True,True
2020-11-04 20:00:00,9.65999984741211,9.989999771118164,9.31999969482422,9.8100004196167,22377000,10.030333391825359,23887263.333333332,19.767207620901953,46.40075713982785,True,True
2020-11-05 20:00:00,9.770000457763672,10.619999885559082,9.770000457763672,10.470000267028809,35111200,10.02466672261556,24295290.0,18.50768602776276,54.419780089425515,False,False
2020-11-06 20:00:00,10.34000015258789,10.470000267028809,9.9399995803833,10.010000228881836,21645300,10.017666721343994,23989716.666666668,17.33813026270494,48.92565929003262,True,True
2020-11-09 20:00:00,11.550000190734863,12.699999809265137,11.4399995803833,12.229999542236328,60444800,10.080666700998941,25250456.666666668,18.91743814973179,66.50230506704747,False,False
2020-11-10 20:00:00,12.079999923706056,12.449999809265137,11.649999618530272,12.380000114440918,31413900,10.1603333791097,25313410.0,20.383938330542435,67.3206408127649,False,False
2020-11-11 20:00:00,12.6899995803833,12.699999809265137,11.739999771118164,11.899999618530272,28596700,10.223333358764648,25487833.333333332,21.949972700515968,62.09314481930828,False,False
2020-11-12 20:00:00,11.579999923706056,11.960000038146973,11.1899995803833,11.3100004196167,19566200,10.277666695912679,25040363.333333332,22.381136410353957,56.30563492218792,False,True
2020-11-13 20:00:00,11.399999618530272,11.93000030517578,11.369999885559082,11.800000190734863,16880400,10.342000039418538,24650633.333333332,22.781502712346377,59.66787223539187,False,True
2020-11-16 20:00:00,12.5,12.710000038146973,12.25,12.699999809265137,24354800,10.415000025431315,24640093.333333332,23.883808574794067,64.99575624538286,False,True
2020-11-17 20:00:00,12.359999656677246,12.989999771118164,12.260000228881836,12.989999771118164,18665700,10.510333347320557,24279156.666666668,25.13707435529755,66.53001781600153,False,True
2020-11-18 20:00:00,13.079999923706056,13.720000267028809,12.859999656677246,12.869999885559082,29659900,10.596666685740153,24685993.333333332,26.83422591121019,65.2554496453705,False,False
2020-11-19 20:00:00,12.670000076293944,13.420000076293944,12.5600004196167,13.359999656677246,20162700,10.669333330790202,24441740.0,27.842075847595655,67.95508026781572,False,True
2020-11-20 20:00:00,13.6899995803833,13.710000038146973,13.300000190734863,13.489999771118164,20175000,10.758333333333333,24226460.0,29.000136788846966,68.6510230946584,False,True
2020-11-23 20:00:00,13.850000381469728,15.8100004196167,13.829999923706056,15.760000228881836,44957100,10.923333326975504,25107023.333333332,31.239037804355103,77.74135872910539,False,False
2020-11-24 20:00:00,16.969999313354492,17.270000457763672,16.309999465942383,16.780000686645508,54355000,11.132000001271566,26401380.0,33.82500235934479,80.48033357386319,False,False
2020-11-25 20:00:00,16.649999618530273,17.100000381469727,15.9399995803833,16.719999313354492,29706200,11.340999984741211,26721886.666666668,35.66922245085323,79.85781498587366,False,False
2020-11-27 20:00:00,16.719999313354492,16.950000762939453,16.34000015258789,16.559999465942383,13272500,11.539333311716716,26534073.333333332,37.38171253582535,78.122486581853,False,True
2020-11-30 20:00:00,16.239999771118164,16.549999237060547,15.720000267028809,15.760000228881836,31056400,11.728333314259848,26927796.666666668,38.02543342515538,69.93900027482425,False,False
2020-12-01 20:00:00,15.899999618530272,16.139999389648438,14.970000267028809,15.130000114440918,31278000,11.905333328247071,27234573.333333332,37.602863666663765,64.23270485739539,False,False
2020-12-02 20:00:00,14.920000076293944,16.510000228881836,14.770000457763672,15.890000343322754,33045500,12.099333349863688,27756086.666666668,37.44947612959055,67.66057886847626,False,False
2020-12-03 20:00:00,16.030000686645508,16.739999771118164,15.65999984741211,16.389999389648438,26614800,12.323666667938232,27883800.0,37.45429554795647,69.71684804288878,False,True
2020-12-04 20:00:00,16.90999984741211,18.61000061035156,16.899999618530273,18.59000015258789,52874500,12.60433333714803,28805643.333333332,38.43413306363201,76.72837703412887,False,False
2020-12-07 20:00:00,17.829999923706055,18.68000030517578,17.549999237060547,18.190000534057617,32247800,12.876666673024495,29218156.666666668,39.37444024229023,73.4007577623816,False,False
2020-12-08 20:00:00,17.860000610351562,19.299999237060547,17.81999969482422,19.1299991607666,32923800,13.198999977111816,29423790.0,40.513424812657874,76.03145907474769,False,False
2020-12-09 20:00:00,19.649999618530277,20.399999618530277,18.81999969482422,19.38999938964844,44634800,13.536333274841308,30220693.333333332,41.979870541600306,76.71736660575387,False,False
2020-12-10 20:00:00,19.399999618530277,21.61000061035156,19.299999237060547,21.309999465942383,52292600,13.950666586558023,30930886.666666668,43.70819024248988,81.03373081777315,False,False
2020-12-11 20:00:00,21.209999084472656,21.350000381469727,20.350000381469727,20.88999938964844,30941000,14.342666562398275,31004523.333333332,45.31305853617305,77.64279214975038,False,True
2020-12-14 20:00:00,21.43000030517578,21.649999618530277,19.07999992370605,19.170000076293945,36149200,14.677333227793376,31440200.0,45.16272560258692,65.54614900784607,False,False
2020-12-15 20:00:00,19.559999465942383,20.18000030517578,18.81999969482422,19.84000015258789,26858600,15.016999912261962,31384016.666666668,44.72064033162422,67.65982014428107,False,True
2020-12-16 20:00:00,19.770000457763672,19.8799991607666,19.239999771118164,19.450000762939453,17050800,15.342333285013835,31310406.666666668,44.310132580015996,65.15419672770633,False,True
2020-12-17 20:00:00,19.71999931335449,19.770000457763672,19.100000381469727,19.18000030517578,17630800,15.65466661453247,31152200.0,43.74895610039908,63.40360775988864,False,True
2020-12-18 20:00:00,19.06999969482422,19.479999542236328,18.450000762939453,18.520000457763672,38206600,15.922999954223632,31255380.0,42.417676627224594,59.21528957139726,False,False
2020-12-21 20:00:00,17.010000228881836,18.030000686645508,16.940000534057617,17.469999313354492,29666900,16.17166659037272,31522766.666666668,39.64300693409206,53.194878581985584,False,True
2020-12-22 20:00:00,17.5,17.56999969482422,16.8799991607666,16.920000076293945,21507600,16.327999941507976,30224860.0,37.01242492582458,50.30952213122575,False,True
2020-12-23 20:00:00,17.1299991607666,18.38999938964844,17.049999237060547,17.889999389648438,24012800,16.511666584014893,29978156.666666668,35.244299462282044,54.95054022110521,False,True
2020-12-24 20:00:00,18.170000076293945,18.170000076293945,17.399999618530273,17.670000076293945,9203900,16.703999932607015,29331730.0,33.60246867470683,53.724935093559665,False,True
2020-12-28 20:00:00,17.719999313354492,18.11000061035156,17.350000381469727,17.399999618530273,14617500,16.906999905904133,29166773.333333332,32.02318672424222,52.18655005039178,False,True
2020-12-29 20:00:00,17.59000015258789,17.790000915527344,17.09000015258789,17.239999771118164,18074000,17.088333225250246,29206560.0,30.263543191267676,51.250017410329185,False,True
2020-12-30 20:00:00,17.209999084472656,18.13999938964844,17.139999389648438,17.90999984741211,16517200,17.261999893188477,28945306.666666668,28.964734219818208,54.8999226116166,False,True
2020-12-31 20:00:00,17.809999465942383,17.920000076293945,17.299999237060547,17.309999465942383,15193600,17.40599988301595,28829570.0,27.75869731775799,51.20281322336704,True,True
2021-01-04 20:00:00,17.75,17.979999542236328,17.31999969482422,17.450000762939453,18497800,17.55866657892863,28457500.0,26.701431500156563,52.01482599150871,True,True
2021-01-05 20:00:00,17.799999237060547,19.950000762939453,17.649999618530273,19.209999084472656,37293800,17.753666559855144,29028536.666666668,27.340485949247306,60.83755183311853,False,False
2021-01-06 20:00:00,19.520000457763672,20.280000686645508,18.96999931335449,20.0,37156400,17.97066656748454,29594583.333333332,28.140350979556988,64.03413659578305,False,False
2021-01-07 20:00:00,20.209999084472656,21.149999618530277,20.030000686645508,20.56999969482422,24299300,18.13099988301595,28905990.0,29.37960233100727,66.17916212976992,False,True
2021-01-08 20:00:00,20.8799991607666,21.030000686645508,19.8700008392334,20.07999992370605,18277900,18.240999857584637,27703420.0,30.302652349863866,62.71635182744413,False,True
2021-01-11 20:00:00,19.25,20.18000030517578,19.0,20.07999992370605,15120400,18.352999877929687,27217226.666666668,30.00399752028281,62.71635182744413,False,True
2021-01-12 20:00:00,20.59000015258789,22.790000915527344,20.270000457763672,22.6200008392334,37326600,18.554999923706056,28019030.0,31.144428905537847,71.63810250198692,False,False
2021-01-13 20:00:00,22.690000534057617,22.780000686645508,22.1299991607666,22.32999992370605,19527000,18.77399991353353,27634716.666666668,32.20340090613181,69.59056336012473,False,True
2021-01-14 20:00:00,22.84000015258789,24.600000381469727,22.6200008392334,24.239999771118164,29879100,19.077666568756104,27588086.666666668,33.87558814138333,74.71621291825876,False,False
2021-01-15 20:00:00,23.450000762939453,23.709999084472656,22.36000061035156,22.38999938964844,24701700,19.294333203633627,27309960.0,35.13125952251523,63.544020784698375,False,True
2021-01-19 20:00:00,23.049999237060547,23.75,22.8700008392334,23.06999969482422,21931400,19.51699988047282,27153846.666666668,36.312527095372815,65.5812531711842,False,True
2021-01-20 20:00:00,23.270000457763672,23.530000686645508,22.75,23.020000457763672,14737000,19.66466655731201,25882596.666666668,37.25728255484189,65.292336258426,False,True
2021-01-21 20:00:00,22.90999984741211,22.989999771118164,21.440000534057617,21.540000915527344,19306300,19.776333236694335,25451213.333333332,36.6209954595629,57.252120259647235,False,True
2021-01-22 20:00:00,20.670000076293945,21.600000381469727,20.26000022888184,21.489999771118164,17640700,19.854999923706053,24941776.666666668,34.92226208537513,56.99675683210575,False,True
2021-01-25 20:00:00,21.0,21.6200008392334,20.670000076293945,21.51000022888184,15398900,19.92566661834717,23967246.666666668,33.358569772407364,57.07922367475854,False,True
2021-01-26 20:00:00,21.899999618530277,22.420000076293945,20.350000381469727,20.3799991607666,19138100,19.894666608174642,22862096.666666668,32.44453374171696,51.11504670999084,False,True
2021-01-27 20:00:00,19.989999771118164,21.65999984741211,19.459999084472656,20.57999992370605,25688400,19.88433329264323,22687010.0,30.786296667296238,52.06964486776599,False,False
2021-01-28 20:00:00,20.799999237060547,21.489999771118164,20.229999542236328,20.950000762939453,16438200,19.943666648864745,22029976.666666668,29.24650509819128,53.86452767941516,False,True
2021-01-29 20:00:00,20.65999984741211,21.3799991607666,19.729999542236328,20.059999465942383,19971500,19.950999959309897,21800406.666666668,27.366429735970605,49.101402825347854,False,True
2021-02-01 20:00:00,20.6299991607666,20.75,19.799999237060547,20.38999938964844,13688000,19.98233324686686,21688313.333333332,25.620645471051407,50.837333676864404,False,True
2021-02-02 20:00:00,21.489999771118164,21.770000457763672,20.6200008392334,20.729999542236328,15513800,20.033999888102212,21617746.666666668,24.832576216971756,52.62992240321993,False,True
2021-02-03 20:00:00,20.979999542236328,22.15999984741211,20.8700008392334,22.020000457763672,18308300,20.15066655476888,20954470.0,24.388370295537317,58.77221898567129,False,True
2021-02-04 20:00:00,22.32999992370605,22.59000015258789,21.65999984741211,22.299999237060547,13247100,20.31166655222575,20407143.333333332,24.284011261383853,59.98504857355243,False,True
2021-02-05 20:00:00,22.82999992370605,23.13999938964844,22.200000762939453,22.559999465942383,13227600,20.499666531880695,20131143.333333332,24.561683241408723,61.12856567652008,False,True
2021-02-08 20:00:00,23.020000457763672,25.5,23.0,25.450000762939453,31510500,20.751666577657065,20381066.666666668,26.04679125671523,71.03645382572797,False,False
2021-02-09 20:00:00,24.600000381469727,25.149999618530277,24.100000381469727,24.649999618530277,20757100,20.98433322906494,20766173.333333332,27.425820128071276,66.01993039326788,False,True
2021-02-10 20:00:00,24.82999992370605,25.790000915527344,24.799999237060547,25.600000381469727,22400500,21.25766658782959,21025606.666666668,28.979460331264075,68.83451014339506,False,False
2021-02-11 20:00:00,25.399999618530277,25.40999984741211,24.07999992370605,24.979999542236328,15232200,21.515666580200197,20930880.0,29.58944704424363,65.04769411194941,False,True
2021-02-12 20:00:00,24.690000534057617,25.75,24.559999465942383,25.38999938964844,12382000,21.76499989827474,20793040.0,30.326443698073973,66.36543463632324,False,True
2021-02-16 20:00:00,26.65999984741211,26.950000762939453,25.8799991607666,26.459999084472656,19260400,22.06999988555908,20928600.0,31.555275923601506,69.58787895596048,False,True
2021-02-17 20:00:00,26.84000015258789,27.18000030517578,25.850000381469727,26.729999542236328,15082100,22.379333178202312,20814743.333333332,32.79196023055225,70.3595806882758,False,True
2021-02-18 20:00:00,26.450000762939453,26.729999542236328,25.209999084472656,25.280000686645508,15311700,22.581666564941408,20082006.666666668,33.18502717244056,61.355414509243644,False,True
2021-02-19 20:00:00,25.31999969482422,25.899999618530277,25.030000686645508,25.420000076293945,14936100,22.762333234151203,19341330.0,33.3419810186873,61.86288554016963,False,True
2021-02-22 20:00:00,25.989999771118164,27.459999084472656,25.81999969482422,26.46999931335449,22820600,22.958999888102213,19292040.0,34.245934572495266,65.51999109911723,False,False
2021-02-23 20:00:00,26.290000915527344,26.649999618530277,24.420000076293945,26.059999465942383,22587700,23.158333206176756,19435700.0,33.65650303682725,62.980339972721055,False,False
2021-02-24 20:00:00,26.5,28.68000030517578,25.959999084472656,28.15999984741211,27789000,23.42766653696696,19857986.666666668,34.04082062401257,69.50118104347503,False,False
2021-02-25 20:00:00,28.170000076293945,28.540000915527344,26.450000762939453,26.75,21142500,23.56533317565918,19318516.666666668,34.39768695497036,61.64913957660596,False,False
2021-02-26 20:00:00,26.26000022888184,27.01000022888184,25.209999084472656,26.61000061035156,21626700,23.70799986521403,19388506.666666668,33.62672994367387,60.91328134072796,False,False
2021-03-01 20:00:00,27.3700008392334,28.280000686645508,27.01000022888184,27.63999938964844,16185700,23.821333185831705,18932060.0,33.50603692133596,64.2904074701668,False,True
2021-03-02 20:00:00,27.59000015258789,28.51000022888184,27.31999969482422,27.81999969482422,16557000,24.002333196004233,18660570.0,33.49523175817883,64.86177959074192,False,True
2021-03-03 20:00:00,28.0,29.450000762939453,28.0,28.65999984741211,20382100,24.188666534423827,18608926.666666668,33.88497431219917,67.47704046600636,False,False
2021-03-04 20:00:00,29.18000030517578,30.6299991607666,28.540000915527344,29.899999618530277,39491600,24.417999839782716,19434080.0,34.691465764046114,70.91804876004379,False,False
2021-03-05 20:00:00,31.59000015258789,32.52000045776367,30.0,31.229999542236328,42026500,24.74099979400635,20191420.0,36.02603485255303,74.08513120794326,False,False
2021-03-08 20:00:00,31.68000030517578,31.899999618530277,29.6299991607666,29.770000457763672,22684800,25.016999816894533,20359556.666666668,36.9303968127291,65.63511178064398,False,False
2021-03-09 20:00:00,29.21999931335449,29.71999931335449,28.209999084472656,28.649999618530277,23868200,25.25499979654948,20641866.666666668,36.57889358547918,59.98306491919703,False,False
2021-03-10 20:00:00,28.850000381469727,29.6299991607666,28.540000915527344,29.36000061035156,24101800,25.55433317820231,20807323.333333332,36.25249773160426,62.204989365820815,False,False
2021-03-11 20:00:00,29.940000534057617,31.82999992370605,29.770000457763672,30.979999542236328,21984300,25.90099983215332,20683853.333333332,36.764025966646294,66.742480368195,False,False
2021-03-12 20:00:00,30.700000762939453,31.270000457763672,30.459999084472656,30.6299991607666,16114000,26.223666445414224,20673046.666666668,37.2390164706139,64.92881461674321,False,True
2021-03-14 20:00:00,30.040000915527344,30.309999465942383,28.770000457763672,29.299999237060547,19532800,26.531666437784832,20658423.333333332,36.348278788971335,58.431017589937404,False,True
2021-03-15 20:00:00,28.600000381469727,29.239999771118164,27.790000915527344,28.170000076293945,16895200,26.790999794006346,20765330.0,34.85193452274375,53.5294743950334,False,True
2021-03-16 20:00:00,28.040000915527344,29.1299991607666,27.940000534057617,29.040000915527344,16242400,27.067999839782715,20789616.666666668,33.46247198981813,56.55144968597005,False,True
2021-03-17 20:00:00,28.489999771118164,28.670000076293945,26.51000022888184,26.6200008392334,24421000,27.221333185831707,20993373.333333332,31.242865012045247,47.3312257770058,True,False
2021-03-18 20:00:00,27.0,28.559999465942383,26.700000762939453,28.100000381469727,29558100,27.41466655731201,21537073.333333332,29.18180138982757,52.43844664990414,False,False
2021-03-21 20:00:00,27.81999969482422,28.229999542236328,27.270000457763672,27.459999084472656,14200400,27.577999877929688,21569500.0,27.267956597768297,50.172742368851765,True,True
2021-03-22 20:00:00,26.3799991607666,27.280000686645508,26.09000015258789,26.59000015258789,20609400,27.615999857584637,21206130.0,25.91105369264398,47.18799563171951,True,True
2021-03-23 20:00:00,27.5,27.96999931335449,26.959999084472656,27.059999465942383,15596400,27.696333185831705,21034106.666666668,24.175257412151346,48.95467920677797,True,True
2021-03-24 20:00:00,26.299999237060547,26.780000686645508,25.350000381469727,26.700000762939453,18172000,27.73299986521403,20893156.666666668,23.504481690407538,47.64009875480015,True,True
2021-03-25 20:00:00,27.739999771118164,27.899999618530277,26.86000061035156,27.76000022888184,16268500,27.82566655476888,20927700.0,22.134141844883466,51.74867715813885,True,True
2021-03-28 20:00:00,27.309999465942383,27.34000015258789,26.36000061035156,27.0,13907100,27.8793332417806,20978536.666666668,21.14865847852271,48.7924477953739,True,True
2021-03-29 20:00:00,26.690000534057617,27.71999931335449,26.540000915527344,27.32999992370605,9799200,27.908333269755044,20663163.333333332,19.976454676535806,50.12476796549541,True,True
2021-03-30 20:00:00,27.32999992370605,27.40999984741211,26.61000061035156,26.6200008392334,15989700,27.904666646321616,20693416.666666668,18.88797971754797,47.27484369083357,True,True
2021-03-31 20:00:00,26.81999969482422,27.81999969482422,26.40999984741211,27.3799991607666,27311000,27.974666595458984,21093393.333333332,17.578627293591587,50.5179988600628,True,False
2021-04-04 20:00:00,27.0,27.149999618530277,25.06999969482422,25.309999465942383,32081300,27.970999908447265,21664900.0,17.23780508225459,42.7965176984232,True,False
2021-04-05 20:00:00,25.6200008392334,26.190000534057617,25.26000022888184,25.350000381469727,20232400,27.933666610717772,21578626.666666668,16.92132731458452,42.97789463358397,True,True
2021-04-06 20:00:00,25.489999771118164,25.670000076293945,25.01000022888184,25.299999237060547,14354600,27.908333269755044,21304190.0,16.789150562238685,42.79523201755712,True,True
2021-04-07 20:00:00,24.920000076293945,24.950000762939453,24.239999771118164,24.729999542236328,14911100,27.793999926249185,20874926.666666668,17.147401923375984,40.67301280509079,True,True
2021-04-08 20:00:00,24.75,25.030000686645508,24.3700008392334,24.59000015258789,10378800,27.72199993133545,20516136.666666668,17.403559232874407,40.146416455122136,True,True
2021-04-11 20:00:00,24.780000686645508,25.15999984741211,23.940000534057617,24.229999542236328,15386300,27.642666562398276,20308123.333333332,17.91565004707112,38.75684249443915,True,True
2021-04-12 20:00:00,24.170000076293945,24.530000686645508,23.920000076293945,24.290000915527344,11106500,27.53099994659424,20138816.666666668,18.40420235379414,39.13497613437622,True,True
2021-04-13 20:00:00,25.0,26.049999237060547,24.920000076293945,25.549999237060547,26392800,27.455333264668784,20466676.666666668,17.384560191941322,46.59233122256647,True,False
2021-04-14 20:00:00,25.34000015258789,25.350000381469727,24.68000030517578,24.86000061035156,13541200,27.32866662343343,20238646.666666668,16.625002676933,43.452577984115706,True,True
2021-04-15 20:00:00,25.0,25.18000030517578,24.25,24.3799991607666,11494800,27.144666608174642,19305420.0,16.253510373365753,41.36431166472335,True,True
2021-04-18 20:00:00,24.479999542236328,25.11000061035156,24.239999771118164,24.540000915527344,11162600,26.92166665395101,18276623.333333332,15.916484674573201,42.358733678223345,True,True
2021-04-19 20:00:00,24.5,24.51000022888184,22.96999931335449,23.200000762939453,18736200,26.702666664123534,18145003.333333332,16.52836095499236,36.73916740409449,True,False
2021-04-20 20:00:00,22.450000762939453,24.46999931335449,22.399999618530277,24.450000762939453,19500100,26.56266670227051,17999400.0,17.45290702770497,44.17876005596536,True,False
2021-04-21 20:00:00,24.56999969482422,24.709999084472656,23.920000076293945,24.100000381469727,16448500,26.38733336130778,17744290.0,18.042422509621378,42.66576678505838,True,True
2021-04-22 20:00:00,24.25,24.809999465942383,23.770000457763672,24.649999618530277,10825300,26.17633336385091,17372323.333333332,18.69172633250049,45.806622219127334,True,True
2021-04-25 20:00:00,24.43000030517578,25.13999938964844,24.40999984741211,24.899999618530277,12515600,25.9853333791097,17252376.666666668,18.89951119243931,47.221927315631916,True,True
2021-04-26 20:00:00,25.11000061035156,25.399999618530277,24.649999618530277,25.09000015258789,13876000,25.845000076293946,17063816.666666668,18.783190387160833,48.326442543289616,True,True
2021-04-27 20:00:00,25.350000381469727,26.239999771118164,25.309999465942383,26.100000381469727,20741000,25.77600008646647,17192010.0,17.75185652558803,53.85479921750373,False,False
2021-04-28 20:00:00,26.559999465942383,26.979999542236328,25.65999984741211,25.940000534057617,18230000,25.67266674041748,17258263.333333332,16.87916878174342,52.889460751430384,False,False
2021-04-29 20:00:00,25.549999237060547,26.309999465942383,25.290000915527344,25.36000061035156,14842900,25.630666732788086,16938993.333333332,15.703172909023706,49.43051770441825,True,True
2021-05-02 20:00:00,25.649999618530277,26.280000686645508,25.3799991607666,26.13999938964844,13380900,25.565333366394043,16399753.333333334,14.611176741498259,53.80585809995294,False,True
2021-05-03 20:00:00,26.51000022888184,26.56999969482422,25.1200008392334,25.86000061035156,15044700,25.51200008392334,16427896.666666666,13.89756898671901,52.06440746854278,False,True
2021-05-04 20:00:00,26.299999237060547,27.34000015258789,25.90999984741211,27.049999237060547,19853100,25.527333386739095,16402686.666666666,13.968963811959094,58.24915381528215,False,False
2021-05-05 20:00:00,27.100000381469727,27.200000762939453,26.01000022888184,26.649999618530277,14458200,25.513666725158693,16364746.666666666,14.035259006824885,55.65002984462153,False,True
2021-05-06 20:00:00,26.020000457763672,27.540000915527344,25.850000381469727,27.38999938964844,17631400,25.536666679382325,16346726.666666666,14.414679728959578,59.27079225422085,False,False
2021-05-09 20:00:00,27.709999084472656,28.1299991607666,26.559999465942383,26.6299991607666,19188300,25.498999977111815,16444053.333333334,15.27983406493559,54.36205918857644,False,False
2021-05-10 20:00:00,25.399999618530277,25.61000061035156,24.299999237060547,24.530000686645508,30525000,25.416666666666668,16997983.333333332,14.721058625220508,43.613712234700195,True,False
2021-05-11 20:00:00,24.63999938964844,26.46999931335449,24.57999992370605,25.1200008392334,26921900,25.34300003051758,17568740.0,13.897975563426815,46.79647323496645,True,False
2021-05-12 20:00:00,24.690000534057617,25.239999771118164,23.31999969482422,23.709999084472656,20686400,25.245999972025555,17725296.666666668,13.674054437275174,40.860565882208164,True,False
2021-05-13 20:00:00,24.1200008392334,25.399999618530277,24.1200008392334,25.100000381469727,19639600,25.170000012715658,17469583.333333332,13.32241853988498,47.87938082158363,True,False
2021-05-16 20:00:00,25.239999771118164,26.40999984741211,24.940000534057617,26.38999938964844,17232100,25.206000010172527,16974610.0,12.599510379065325,53.40618130474256,False,False
2021-05-17 20:00:00,26.34000015258789,26.82999992370605,25.799999237060547,25.8700008392334,15992400,25.22333335876465,16833276.666666668,12.252595392433586,51.05596337184891,False,True
2021-05-18 20:00:00,24.959999084472656,25.61000061035156,24.649999618530277,25.06999969482422,18157200,25.21566670735677,16960030.0,11.759567672849826,47.58641641734786,True,False
2021-05-19 20:00:00,25.13999938964844,25.21999931335449,24.489999771118164,24.950000762939453,14554200,25.22300008138021,16948133.333333332,11.422651700753645,47.06971539374222,True,True
2021-05-20 20:00:00,25.3799991607666,25.65999984741211,25.030000686645508,25.1200008392334,13212200,25.240666770935057,17042580.0,10.72524953415883,47.93225981296767,True,True
2021-05-23 20:00:00,25.3799991607666,25.549999237060547,24.899999618530277,25.440000534057617,13100500,25.2810001373291,16966386.666666668,10.188302608719718,49.597268280603735,False,True
2021-05-24 20:00:00,25.399999618530277,25.600000381469727,24.59000015258789,24.6200008392334,13774200,25.29200013478597,17055310.0,9.958489810611567,45.575407034158104,True,True
2021-05-25 20:00:00,24.670000076293945,25.440000534057617,24.549999237060547,25.290000915527344,14084100,25.283333524068198,16645020.0,9.780797390265134,49.20015300171497,False,True
2021-05-26 20:00:00,25.790000915527344,26.190000534057617,25.59000015258789,26.06999969482422,19886300,25.32366682688395,16856523.333333332,9.299894661060309,53.11504381807427,False,False
2021-05-27 20:00:00,26.11000061035156,26.25,25.780000686645508,25.959999084472656,10132100,25.376333491007486,16811100.0,8.911249539289305,52.50056476806068,False,True
2021-05-31 20:00:00,26.670000076293945,28.489999771118164,26.65999984741211,28.46999931335449,27701900,25.507333437601726,17362410.0,10.278201683834535,63.01485972990692,False,False
2021-06-01 20:00:00,28.68000030517578,29.8799991607666,28.020000457763672,29.229999542236328,28273100,25.70833339691162,17680306.666666668,12.287271292929418,65.50472564067735,False,False
2021-06-02 20:00:00,29.209999084472656,30.049999237060547,28.739999771118164,29.280000686645508,19504400,25.86933339436849,17680450.0,14.234693094559569,65.66847990824,False,False
2021-06-03 20:00:00,29.440000534057617,29.90999984741211,28.61000061035156,29.13999938964844,16134500,26.03733336130778,17669983.333333332,15.8925889402947,64.74174773501518,False,True
2021-06-06 20:00:00,29.31999969482422,29.790000915527344,28.979999542236328,29.15999984741211,10040800,26.18766670227051,17643833.333333332,17.43206365419161,64.81813284735397,False,True
2021-06-07 20:00:00,29.09000015258789,29.489999771118164,28.479999542236328,29.190000534057617,12127700,26.330666732788085,17630903.333333332,18.24239051001991,64.94082747443046,False,True
2021-06-08 20:00:00,29.489999771118164,29.690000534057617,28.34000015258789,28.350000381469727,15365900,26.439333407084145,17680566.666666668,19.129397536903962,58.76161360137255,False,True
2021-06-09 20:00:00,29.049999237060547,29.290000915527344,27.920000076293945,28.32999992370605,14212500,26.513666725158693,17462950.0,19.42628864473293,58.61859383658856,False,True
2021-06-10 20:00:00,28.520000457763672,28.959999084472656,28.209999084472656,28.32999992370605,10863600,26.593333371480306,17217403.333333332,19.701973244859833,58.61859383658857,False,True
2021-06-13 20:00:00,28.65999984741211,29.3799991607666,27.979999542236328,28.280000686645508,13827300,26.690666707356772,17183550.0,20.29461356046291,58.20784468655603,False,True
2021-06-14 20:00:00,28.520000457763672,29.280000686645508,28.350000381469727,29.200000762939453,13087700,26.792666753133137,17173776.666666668,20.84492242495148,63.30324293335687,False,True
2021-06-15 20:00:00,28.920000076293945,30.700000762939453,28.489999771118164,30.540000915527344,42712700,26.948666763305663,18096043.333333332,22.354337305175022,69.19456058518307,False,False
2021-06-16 20:00:00,30.21999931335449,30.71999931335449,27.81999969482422,28.21999931335449,39315200,26.987666765848797,18744780.0,22.845388509603318,53.25395714302231,False,False
2021-06-17 20:00:00,28.170000076293945,28.84000015258789,27.850000381469727,27.989999771118164,24074300,27.032333437601725,19065316.666666668,23.30136462800102,51.97558999844114,False,False
2021-06-20 20:00:00,28.15999984741211,29.59000015258789,28.15999984741211,29.5,18633600,27.10266679128011,19098723.333333332,24.252501825074592,58.943744589973015,False,True
2021-06-21 20:00:00,29.440000534057617,30.06999969482422,29.0,30.01000022888184,15195900,27.21533349355062,18965643.333333332,25.439590870534488,61.001895786078784,False,True
2021-06-22 20:00:00,30.65999984741211,31.850000381469727,30.559999465942383,30.959999084472656,24067600,27.42966677347819,18750396.666666668,27.43470781043077,64.56529258083013,False,False
2021-06-23 20:00:00,30.65999984741211,31.780000686645508,30.40999984741211,31.739999771118164,15182200,27.650333404541016,18359073.333333332,29.08110408567418,67.21417901413636,False,True
2021-06-24 20:00:00,31.899999618530277,33.0099983215332,31.549999237060547,32.90999984741211,25211900,27.957000096638996,18509923.333333332,31.114016411226164,70.74670138390204,False,False
2021-06-27 20:00:00,32.61000061035156,32.650001525878906,31.040000915527344,31.239999771118164,17426100,28.161666742960612,18436140.0,32.32837909854282,60.69445434348913,False,True
2021-06-28 20:00:00,31.5,32.369998931884766,31.100000381469727,31.299999237060547,15619000,28.325333404541016,18382370.0,33.45600159390828,60.90935875443398,False,True
2021-06-29 20:00:00,31.670000076293945,31.899999618530277,30.989999771118164,31.270000457763672,12823900,28.505333391825356,18276753.333333332,34.347058957002325,60.730570188875774,False,True
2021-06-30 20:00:00,32.849998474121094,33.5,32.20000076293945,32.86000061035156,23100200,28.765000089009604,18441520.0,35.89921021333095,66.36583833867653,False,False
2021-07-01 20:00:00,32.41999816894531,32.86000061035156,32.029998779296875,32.58000183105469,10646500,29.01933345794678,18311263.333333332,37.10614392810091,64.60756252180543,False,True
2021-07-05 20:00:00,32.5099983215332,32.56999969482422,30.350000381469727,30.51000022888184,21467000,29.199000104268393,18586423.333333332,36.231617877891395,53.3536019458232,False,False
2021-07-06 20:00:00,30.799999237060547,31.190000534057617,29.01000022888184,29.479999542236328,20238500,29.33366673787435,18824356.666666668,34.20909314569915,48.79867343635318,False,False
2021-07-07 20:00:00,28.5,29.920000076293945,28.5,29.65999984741211,16379100,29.50166670481364,18911186.666666668,31.92482952062298,49.60832292057509,False,True
2021-07-08 20:00:00,30.21999931335449,30.399999618530277,29.56999969482422,30.239999771118164,13108800,29.666666666666668,18878676.666666668,30.157825429575627,52.22960661760384,False,True
2021-07-11 20:00:00,29.6299991607666,30.309999465942383,29.309999465942383,29.989999771118164,11171500,29.797333335876466,18588183.333333332,28.297090568937097,50.99818523136661,False,True
2021-07-12 20:00:00,29.82999992370605,30.270000457763672,29.5,30.07999992370605,11039500,29.934666697184245,18618430.0,26.56926534120132,51.4420373670844,False,True
2021-07-13 20:00:00,30.209999084472656,30.6299991607666,27.63999938964844,27.82999992370605,22822500,29.913333384195962,18455783.333333332,25.809336572331638,41.35659633794836,True,False
2021-07-14 20:00:00,27.690000534057617,28.26000022888184,26.93000030517578,27.229999542236328,18361000,29.846666717529295,18125380.0,25.54397795941304,39.15221482320099,True,False
2021-07-15 20:00:00,27.5,27.59000015258789,25.8700008392334,25.940000534057617,18512300,29.7353333791097,18092310.0,25.88439116007626,34.85110036741298,True,False
2021-07-18 20:00:00,24.38999938964844,25.11000061035156,23.899999618530277,24.81999969482422,28376800,29.591333389282227,18500386.666666668,27.068021195514884,31.604781933438346,True,False
2021-07-19 20:00:00,24.799999237060547,25.799999237060547,24.520000457763672,25.3700008392334,17071000,29.465000089009603,18734726.666666668,27.539469400941744,34.81582918850305,True,True
2021-07-20 20:00:00,25.8700008392334,27.549999237060547,25.8700008392334,27.18000030517578,19629300,29.398000081380207,18984780.0,26.600623036897918,44.114477290587324,True,False
2021-07-21 20:00:00,27.13999938964844,27.350000381469727,26.440000534057617,27.01000022888184,12459600,29.35333340962728,18887903.333333332,25.728837127428648,43.48700789619615,True,True
2021-07-22 20:00:00,27.040000915527344,27.06999969482422,26.25,26.57999992370605,9502500,29.295000076293945,18730903.333333332,25.028353577999184,41.86495012208903,True,True
2021-07-25 20:00:00,26.690000534057617,27.600000381469727,26.690000534057617,27.1200008392334,11080800,29.25466677347819,18738143.333333332,23.956917973720717,44.656735205912234,True,True
2021-07-26 20:00:00,26.75,26.84000015258789,25.88999938964844,26.26000022888184,12870400,29.187333424886067,18706246.666666668,23.452605103600575,41.25855147512929,True,True
2021-07-27 20:00:00,26.549999237060547,27.21999931335449,26.059999465942383,26.899999618530277,11767700,29.110666720072427,18662246.666666668,22.670512381901624,44.635003971149075,True,True
2021-07-28 20:00:00,27.299999237060547,27.420000076293945,26.68000030517578,26.780000686645508,11718200,28.9853333791097,17629096.666666668,21.77667369503006,44.12289486947778,True,True
2021-07-29 20:00:00,26.51000022888184,26.809999465942383,25.920000076293945,26.100000381469727,15114100,28.914666748046876,16822393.333333332,21.451358491464894,41.23569626304743,True,True
2021-08-01 20:00:00,26.100000381469727,27.059999465942383,25.71999931335449,25.790000915527344,13880000,28.841333452860514,16482583.333333334,20.922337315453102,39.95221353525277,True,True
2021-08-02 20:00:00,25.489999771118164,26.5,25.21999931335449,26.43000030517578,15215300,28.739000129699708,16368640.0,20.769753290493806,43.83869988879967,True,True
2021-08-03 20:00:00,25.979999542236328,26.88999938964844,25.440000534057617,25.690000534057617,20780200,28.595000139872234,16554783.333333334,20.252356318117567,40.56911660423593,True,False
2021-08-04 20:00:00,25.940000534057617,26.82999992370605,25.8799991607666,26.190000534057617,12976200,28.43600018819173,16185070.0,19.77191627233963,43.62838992962489,True,True
2021-08-05 20:00:00,26.68000030517578,27.07999992370605,26.229999542236328,26.38999938964844,12854400,28.25766684214274,16107476.666666666,19.067350977424244,44.85126981353844,True,True
2021-08-08 20:00:00,25.6200008392334,26.13999938964844,25.34000015258789,25.61000061035156,12029100,28.014333534240723,15668050.0,19.113796236500175,41.10602714691684,True,True
2021-08-09 20:00:00,25.709999084472656,26.420000076293945,25.649999618530277,26.26000022888184,13269600,27.84833354949951,15529500.0,18.852684718629074,45.211810508561676,True,True
2021-08-10 20:00:00,26.32999992370605,26.84000015258789,26.0,26.84000015258789,15265600,27.699666913350423,15517720.0,18.162007271002597,48.65174658711679,True,True
2021-08-11 20:00:00,26.770000457763672,26.979999542236328,26.280000686645508,26.8700008392334,9245400,27.553000259399415,15398436.666666666,17.371422619175185,48.83070856390336,True,True
2021-08-12 20:00:00,26.76000022888184,26.8700008392334,25.75,25.790000915527344,11967400,27.317333602905272,15027343.333333334,17.117579645847602,43.01818898334916,True,True
2021-08-15 20:00:00,25.200000762939453,25.26000022888184,24.420000076293945,24.790000915527344,16354900,27.057666905721028,15217623.333333334,17.888894769369085,38.45390356712039,True,False
2021-08-16 20:00:00,24.59000015258789,24.88999938964844,23.920000076293945,24.07999992370605,15987800,26.843333562215168,15034983.333333334,18.924941820355063,35.56835683542333,True,False
2021-08-17 20:00:00,24.290000915527344,24.57999992370605,23.43000030517578,23.450000762939453,15233200,26.642333602905275,14868140.0,20.1840816378069,33.18855025988475,True,False
2021-08-18 20:00:00,22.8799991607666,23.209999084472656,21.82999992370605,22.09000015258789,26408100,26.390000279744466,15202440.0,22.159353286885363,28.721073144459485,True,False
2021-08-19 20:00:00,21.790000915527344,22.11000061035156,21.6200008392334,21.950000762939453,18508400,26.11366697947184,15382426.666666666,24.084906508525723,28.29878051861419,True,False
2021-08-22 20:00:00,22.8799991607666,23.549999237060547,22.799999237060547,23.46999931335449,17577600,25.89633363087972,15595963.333333334,24.239754786861454,38.81706383251004,True,False
2021-08-23 20:00:00,23.81999969482422,24.739999771118164,23.739999771118164,24.3799991607666,15360000,25.706333605448403,15739980.0,23.30071347128279,44.103753268737286,True,True
2021-08-24 20:00:00,24.299999237060547,24.8700008392334,23.90999984741211,24.6299991607666,10024500,25.599666913350422,15313380.0,22.318211827946904,45.49709144149733,True,True
2021-08-25 20:00:00,24.299999237060547,24.71999931335449,23.90999984741211,24.0,11491000,25.492000261942547,15084380.0,21.405888873420725,42.614295842355915,True,True
2021-08-26 20:00:00,24.450000762939453,25.790000915527344,24.450000762939453,25.65999984741211,17284500,25.48266690572103,15043453.333333334,20.11338574765291,51.35968869118652,False,False
2021-08-29 20:00:00,25.82999992370605,26.190000534057617,25.21999931335449,25.25,10804400,25.49700024922689,14457706.666666666,19.224797818617283,49.35889917268312,True,True
2021-08-30 20:00:00,25.51000022888184,26.13999938964844,25.149999618530277,25.690000534057617,17367700,25.507666905721027,14467596.666666666,18.334837577288862,51.54067715157399,False,False
2021-08-31 20:00:00,25.600000381469727,25.86000061035156,24.86000061035156,25.07999992370605,14779500,25.43766689300537,14305936.666666666,17.231985001276023,48.42576599197934,True,False
2021-09-01 20:00:00,25.559999465942383,26.93000030517578,25.5,26.57999992370605,21133400,25.42333354949951,14595063.333333334,17.08122783557839,55.541165519476856,False,False
2021-09-02 20:00:00,26.399999618530277,26.8700008392334,25.780000686645508,25.920000076293945,13454900,25.401333554585776,14726810.0,16.94123903885916,52.13303091943745,False,True
2021-09-06 20:00:00,25.649999618530277,26.3799991607666,25.520000457763672,25.65999984741211,11330500,25.3526668548584,14735133.333333334,16.529473437186734,50.81031014774945,False,True
2021-09-07 20:00:00,25.959999084472656,26.209999084472656,24.81999969482422,24.90999984741211,12672600,25.30766684214274,14728540.0,15.429436145920068,47.098113871511806,True,True
2021-09-08 20:00:00,24.790000915527344,25.6200008392334,24.38999938964844,25.06999969482422,12905300,25.246666844685873,14766460.0,14.654198263972663,47.97141513195028,True,True
2021-09-09 20:00:00,25.489999771118164,25.780000686645508,24.940000534057617,24.979999542236328,10683100,25.1866668065389,14731956.666666666,13.769208250563594,47.49644922748849,True,True
2021-09-12 20:00:00,25.399999618530277,26.780000686645508,25.38999938964844,26.649999618530277,22818800,25.205000114440917,14988780.0,13.570043897532381,56.1685392536198,False,False
2021-09-13 20:00:00,27.170000076293945,27.459999084472656,26.020000457763672,26.280000686645508,16350300,25.221333440144857,15071123.333333334,13.935950873914432,54.03888008175577,False,False
2021-09-14 20:00:00,27.100000381469727,28.07999992370605,27.049999237060547,27.8799991607666,25212400,25.269666735331217,15404360.0,14.731013297642196,60.93640078221956,False,False
2021-09-15 20:00:00,27.709999084472656,27.71999931335449,27.09000015258789,27.32999992370605,13235200,25.32433338165283,15152860.0,15.46928554824655,57.72920698185716,False,True
2021-09-16 20:00:00,27.11000061035156,27.68000030517578,26.739999771118164,26.940000534057617,25230600,25.349333381652833,15561340.0,15.718699179931846,55.498630124664096,False,False
2021-09-19 20:00:00,25.739999771118164,25.920000076293945,24.959999084472656,25.479999542236328,20470000,25.319000053405762,15815193.333333334,15.034250115516468,48.01857535085377,False,False
2021-09-20 20:00:00,25.81999969482422,26.07999992370605,25.06999969482422,25.43000030517578,12866200,25.313000043233234,15843096.666666666,14.24696224880097,47.781070055986355,False,True
2021-09-21 20:00:00,26.21999931335449,27.26000022888184,26.21999931335449,26.75,21793400,25.329333368937174,16127223.333333334,13.96171593018814,54.21897647846319,False,False
2021-09-22 20:00:00,26.96999931335449,28.200000762939453,26.57999992370605,27.959999084472656,17428000,25.366666666666667,16199303.333333334,14.371712456448718,59.18626030749829,False,False
2021-09-23 20:00:00,27.6200008392334,28.450000762939453,27.549999237060547,28.100000381469727,13473800,25.407666651407876,16340250.0,14.920305066202284,59.730686987126546,False,True
2021-09-26 20:00:00,29.020000457763672,30.350000381469727,29.0,30.190000534057617,26376700,25.554333305358888,16820560.0,16.505757373967064,66.84160204653534,False,False
2021-09-27 20:00:00,30.59000015258789,30.899999618530277,29.57999992370605,29.899999618530277,29296300,25.724666595458984,17251940.0,18.233201937993606,65.12320016895544,False,False
2021-09-28 20:00:00,30.170000076293945,30.46999931335449,29.459999084472656,30.030000686645508,16325000,25.922999954223634,17263180.0,19.704847615703198,65.5507530681317,False,True
2021-09-29 20:00:00,29.82999992370605,30.1299991607666,29.26000022888184,29.57999992370605,19148300,26.12733325958252,17393683.333333332,20.84226932864343,62.68607818813271,False,False
2021-09-30 20:00:00,29.81999969482422,31.170000076293945,29.76000022888184,31.149999618530277,19625100,26.4293332417806,17167583.333333332,22.425165312749407,67.94882639803986,False,False
2021-10-03 20:00:00,31.63999938964844,32.459999084472656,31.43000030517578,31.809999465942383,25391800,26.75799986521403,17397030.0,24.435307021452225,69.87250980665767,False,False
2021-10-04 20:00:00,32.349998474121094,33.47999954223633,32.060001373291016,32.77000045776367,27604500,27.067999903361002,17731260.0,26.660377788667255,72.46156576172375,False,False
2021-10-05 20:00:00,31.809999465942383,32.54999923706055,31.26000022888184,32.0,22400600,27.321999931335448,17965946.666666668,27.848709161999466,67.45439160119639,False,False
2021-10-06 20:00:00,32.0,32.7599983215332,31.280000686645508,32.47999954223633,21848900,27.583666610717774,18360093.333333332,29.04062113030749,68.89723280501899,False,False
2021-10-07 20:00:00,33.189998626708984,33.97999954223633,32.97999954223633,33.630001068115234,20238400,27.904666646321616,18651673.333333332,30.623679165483022,72.08974274336988,False,False
2021-10-10 20:00:00,34.220001220703125,34.56999969482422,33.22999954223633,33.38999938964844,21394900,28.162333297729493,18788686.666666668,32.299033404163865,70.46418570986268,False,False
2021-10-11 20:00:00,33.2400016784668,33.95000076293945,32.63999938964844,33.0099983215332,15502200,28.420999908447264,18945280.0,33.19803070647524,67.85522665653862,False,True
2021-10-12 20:00:00,32.40999984741211,32.83000183105469,32.02000045776367,32.279998779296875,14943900,28.64066651662191,18864486.666666668,33.37819920570987,63.02741029442138,False,True
2021-10-13 20:00:00,32.900001525878906,33.189998626708984,31.770000457763672,31.989999771118164,17846800,28.87099984486898,18966730.0,33.7201938171142,61.165608911793534,False,True
2021-10-14 20:00:00,32.65999984741211,32.84000015258789,31.559999465942383,31.65999984741211,14773700,29.04033317565918,18754740.0,33.80737305321273,59.02878022790398,False,True
2021-10-17 20:00:00,32.91999816894531,33.93000030517578,32.59000015258789,32.93000030517578,25900800,29.273999849955242,19169603.333333332,34.424726205391615,64.21069626856043,False,False
2021-10-18 20:00:00,32.959999084472656,33.4900016784668,32.5099983215332,32.939998626708984,13006200,29.516666475931803,19225460.0,34.90598916501552,64.24903230285798,False,True
2021-10-19 20:00:00,32.45000076293945,33.45000076293945,32.209999084472656,33.36000061035156,15636600,29.798333168029785,19324260.0,34.997700009650785,65.90137355881382,False,True
2021-10-20 20:00:00,33.11000061035156,33.540000915527344,32.36000061035156,32.79999923706055,14869300,30.055999819437663,19389726.666666668,35.13414706170436,61.8000573283561,False,True
2021-10-21 20:00:00,32.939998626708984,33.970001220703125,32.77000045776367,33.93000030517578,15001000,30.35433317820231,19533656.666666668,35.507485550845544,66.35076031560885,False,True
2021-10-24 20:00:00,34.560001373291016,35.70000076293945,34.5,35.220001220703125,19253700,30.63999989827474,19414820.0,36.670673212669314,70.6493790026658,False,True
2021-10-25 20:00:00,35.5,35.75,35.0099983215332,35.36000061035156,15398100,30.942666562398276,19383080.0,37.77119674079357,71.08115198425537,False,True
2021-10-26 20:00:00,34.849998474121094,34.95000076293945,33.279998779296875,33.29999923706055,20124800,31.123333231608072,19213493.333333332,36.82713376127667,57.643721502430125,False,False
2021-10-27 20:00:00,33.349998474121094,33.84000015258789,33.16999816894531,33.83000183105469,12039200,31.339999961853028,19173626.666666668,35.841596888578486,59.75187668513118,False,True
2021-10-28 20:00:00,33.849998474121094,34.09000015258789,33.11000061035156,33.529998779296875,13342200,31.55966657002767,18777346.666666668,35.08638530308924,57.99238148811885,False,True
2021-10-31 20:00:00,34.31999969482422,34.900001525878906,33.709999084472656,34.810001373291016,14134100,31.870666631062825,18566150.0,34.87699240709192,62.9987497740723,False,True
2021-11-01 20:00:00,34.4900016784668,35.349998474121094,34.209999084472656,34.36000061035156,11558000,32.16833330790202,18522543.333333332,34.9357615255312,60.278886707142796,False,True
2021-11-02 20:00:00,33.810001373291016,34.540000915527344,33.52000045776367,33.849998474121094,13784000,32.40499992370606,18255563.333333332,34.2204665111151,57.261564117660924,False,True
2021-11-03 20:00:00,34.790000915527344,35.04999923706055,33.16999816894531,33.75,20375400,32.59799995422363,18353810.0,33.875147648469756,56.662656940372756,False,False
2021-11-04 20:00:00,34.13999938964844,34.13999938964844,32.72999954223633,33.41999816894531,18818100,32.77533321380615,18531953.333333332,33.07063673551018,54.63193458190007,False,False
2021-11-08 20:00:00,33.91999816894531,35.08000183105469,33.869998931884766,34.290000915527344,14267500,32.91199989318848,18128313.333333332,32.917845231561806,58.82188632529646,False,True
2021-11-09 20:00:00,34.209999084472656,34.59000015258789,32.95000076293945,33.7400016784668,13200100,33.03999996185303,17591773.333333332,31.824115297520525,55.34219072452065,False,True
2021-11-10 20:00:00,33.54999923706055,33.650001525878906,31.600000381469727,31.81999969482422,17561000,33.099666595458984,17632973.333333332,29.64461399515623,45.27354458088418,True,True
2021-11-11 20:00:00,32.04999923706055,32.599998474121094,31.790000915527344,32.119998931884766,10685000,33.18433322906494,17350863.333333332,27.62079135724653,46.89916533492699,True,True
2021-11-12 20:00:00,31.559999465942383,32.279998779296875,31.43000030517578,32.08000183105469,10227500,33.21533330281576,17037610.0,25.85157211752171,46.69999173880876,True,True
2021-11-15 20:00:00,31.6200008392334,32.349998474121094,31.170000076293945,31.979999542236328,10287600,33.22099997202555,16534136.666666666,24.423622779971275,46.17201884553237,True,True
2021-11-16 20:00:00,32.08000183105469,32.29999923706055,31.57999992370605,31.84000015258789,10348500,33.189999961853026,15958936.666666666,23.097669823674444,45.398208690762466,True,True
2021-11-17 20:00:00,31.59000015258789,31.8700008392334,30.540000915527344,30.76000022888184,14406100,33.14866663614909,15692453.333333334,22.711118934093168,39.849850137802385,True,True
2021-11-18 20:00:00,30.81999969482422,31.26000022888184,30.01000022888184,30.63999938964844,12785500,33.087333297729494,15390340.0,22.731383069145846,39.27547909685316,True,True
2021-11-19 20:00:00,29.540000915527344,29.93000030517578,28.809999465942383,29.1200008392334,19305800,32.93699995676676,15359253.333333334,23.497642997712894,32.8222415274357,True,False
2021-11-22 20:00:00,29.09000015258789,30.649999618530277,28.979999542236328,30.01000022888184,16567300,32.824333318074544,15198333.333333334,23.439702715196685,39.128889701879515,True,False
2021-11-23 20:00:00,30.65999984741211,32.279998779296875,30.6200008392334,31.920000076293945,21482800,32.78800004323323,15397686.666666666,21.94491488436404,49.98145600884908,True,False
2021-11-24 20:00:00,31.43000030517578,32.47999954223633,31.38999938964844,32.0099983215332,11491000,32.77900002797445,15282590.0,20.401181228411694,50.42991862795826,True,True
2021-11-26 20:00:00,29.34000015258789,29.8799991607666,27.850000381469727,29.700000762939453,22787800,32.702666727701825,15447290.0,21.021136472008177,40.414029284883505,True,False
2021-11-29 20:00:00,30.799999237060547,31.270000457763672,29.61000061035156,30.059999465942383,15448100,32.64933338165283,15469770.0,20.59449943453193,42.336142825641794,True,True
2021-11-30 20:00:00,29.100000381469727,29.96999931335449,29.020000457763672,29.649999618530277,20779600,32.54000002543132,15299063.333333334,20.485595139374418,40.72489467630432,True,False
2021-12-01 20:00:00,30.690000534057617,30.96999931335449,28.90999984741211,28.950000762939453,19000400,32.407000096638996,15498870.0,19.708010781858974,38.06150094782982,True,False
2021-12-02 20:00:00,28.530000686645508,29.709999084472656,27.81999969482422,29.649999618530277,18877800,32.28333339691162,15606910.0,19.53735632017749,42.13682674217677,True,False
2021-12-03 20:00:00,30.170000076293945,30.440000534057617,28.71999931335449,29.15999984741211,15135200,32.16200008392334,15615773.333333334,18.892730786876196,40.145590722582845,True,True
2021-12-06 20:00:00,29.75,30.26000022888184,29.0,29.84000015258789,11188800,32.02566674550374,15488700.0,18.294149934524995,44.093958250167226,True,True
2021-12-07 20:00:00,30.309999465942383,31.489999771118164,30.209999084472656,31.1200008392334,13643800,31.88900006612142,15301703.333333334,17.040302195688312,50.68810882038969,True,True
2021-12-08 20:00:00,31.299999237060547,31.459999084472656,30.739999771118164,30.770000457763672,11473700,31.736000061035156,15170890.0,15.876015009625677,48.98665222711857,True,True
2021-12-09 20:00:00,30.59000015258789,30.86000061035156,30.1200008392334,30.239999771118164,9111700,31.634000078837076,14803786.666666666,15.093405964951796,46.44427731904689,True,True
2021-12-10 20:00:00,30.68000030517578,30.899999618530277,29.71999931335449,30.770000457763672,9667900,31.532000033060708,14724743.333333334,14.62184101824406,49.27914678964628,True,True
2021-12-13 20:00:00,30.200000762939453,30.38999938964844,29.049999237060547,29.229999542236328,12525700,31.388666725158693,14697526.666666666,14.598794601159643,42.276593823285644,True,True
2021-12-14 20:00:00,28.979999542236328,29.63999938964844,28.61000061035156,28.739999771118164,14116400,31.186333338419598,14696936.666666666,14.84035560671514,40.31366269654555,True,True
2021-12-15 20:00:00,28.65999984741211,28.790000915527344,27.229999542236328,28.520000457763672,19091700,30.991666666666667,14948060.0,15.806988881497617,39.428495303427916,True,False
2021-12-16 20:00:00,29.01000022888184,29.700000762939453,28.309999465942383,28.3799991607666,13027200,30.80933335622152,14922833.333333334,15.947603565748492,38.843984769968266,True,True
2021-12-17 20:00:00,28.01000022888184,28.479999542236328,27.440000534057617,28.040000915527344,23302200,30.619000053405763,15020393.333333334,16.538262460469422,37.39416094816733,True,False
2021-12-20 20:00:00,26.899999618530277,27.21999931335449,26.049999237060547,26.979999542236328,21316200,30.40433343251546,15103663.333333334,17.729685127230685,33.22992564807032,True,False
2021-12-21 20:00:00,27.57999992370605,28.63999938964844,27.530000686645508,28.600000381469727,13116200,30.214666748046874,15065286.666666666,17.736265129597136,43.57224080479457,True,True
2021-12-22 20:00:00,28.440000534057617,29.270000457763672,28.239999771118164,28.920000076293945,8381000,30.054000027974446,14904650.0,17.30197504188479,45.372223940845274,True,True
2021-12-23 20:00:00,29.190000534057617,29.3700008392334,28.81999969482422,28.850000381469727,8401600,29.95500005086263,14599336.666666666,16.827995482352314,45.033812054488784,True,True
2021-12-27 20:00:00,28.61000061035156,29.700000762939453,28.200000762939453,29.63999938964844,8380000,29.872333399454753,14522503.333333334,16.74449663027237,49.60238543921066,True,True
2021-12-28 20:00:00,29.729999542236328,30.3799991607666,29.350000381469727,29.479999542236328,9544200,29.78566665649414,14499726.666666666,16.15538013220127,48.71917814703644,True,True
2021-12-29 20:00:00,29.270000457763672,29.68000030517578,29.01000022888184,29.26000022888184,11311000,29.695000012715656,14533840.0,15.819246280653129,47.467639797576545,True,True
2021-12-30 20:00:00,29.309999465942383,29.6299991607666,28.920000076293945,28.96999931335449,9509500,29.599333318074546,14505873.333333334,15.564773372085783,45.797515280326934,True,True
2021-12-31 20:00:00,28.82999992370605,29.229999542236328,28.75,28.989999771118164,8669200,29.540333302815757,14314643.333333334,15.442566430242474,45.93878927686331,True,True
2022-01-03 20:00:00,29.209999084472656,31.11000061035156,29.149999618530277,31.059999465942383,15094100,29.554333305358888,14391596.666666666,14.798916083012989,58.10858079347309,False,False
2022-01-04 20:00:00,31.61000061035156,33.720001220703125,31.40999984741211,33.380001068115234,26692400,29.69633331298828,14637816.666666666,15.60709205373133,67.05889401094376,False,False
2022-01-05 20:00:00,33.189998626708984,33.81999969482422,31.770000457763672,31.809999465942383,21157300,29.756333287556966,14790816.666666666,16.402952033221634,58.024103387046054,False,False
2022-01-06 20:00:00,33.22999954223633,33.47999954223633,31.920000076293945,32.7599983215332,18528200,29.78433322906494,14692330.0,17.141964871319775,61.4119390238607,False,False
2022-01-07 20:00:00,33.029998779296875,33.41999816894531,32.689998626708984,33.209999084472656,14869400,29.824333254496256,14804943.333333334,17.828191078125194,62.93784532392159,False,False
2022-01-10 20:00:00,33.09000015258789,33.31999969482422,31.93000030517578,32.380001068115234,17609700,29.913666598002116,14632340.0,17.78178073847704,58.35435155600584,False,False
2022-01-11 20:00:00,33.02000045776367,34.86000061035156,32.66999816894531,34.70000076293945,20876100,30.06833330790202,14813273.333333334,18.575567775734037,65.8423863412683,False,False
2022-01-12 20:00:00,34.91999816894531,35.41999816894531,34.119998931884766,34.75,15501800,30.238333320617677,14637346.666666666,19.57925302335166,65.98433696277449,False,False
2022-01-13 20:00:00,34.7400016784668,35.2400016784668,34.02000045776367,34.150001525878906,13529500,30.411666679382325,14454983.333333334,20.416575492523343,62.62121426091927,False,True
2022-01-14 20:00:00,34.27000045776367,35.619998931884766,34.13999938964844,35.5099983215332,19545400,30.606999969482423,14477236.666666666,21.386883534241814,66.75713937614567,False,False
2022-01-18 20:00:00,36.09000015258789,36.93000030517578,34.959999084472656,36.02999877929688,24397200,30.83599993387858,14785970.0,22.88799140035174,68.20573379660321,False,False
2022-01-19 20:00:00,36.66999816894531,37.0,35.54999923706055,35.83000183105469,18393300,31.03566665649414,15026120.0,24.31179542675147,66.99651481270836,False,False
2022-01-20 20:00:00,35.099998474121094,36.41999816894531,34.84000015258789,34.95000076293945,16099300,31.163333320617674,15107970.0,24.88318692840563,61.80435928080927,False,False
2022-01-21 20:00:00,34.68000030517578,34.68000030517578,33.099998474121094,33.75,18434100,31.26266663869222,15339983.333333334,23.87677431634209,55.48916549134457,False,False
2022-01-24 20:00:00,32.599998474121094,34.189998626708984,31.3700008392334,34.0099983215332,23734700,31.38833325703939,15827416.666666666,22.574016603847358,56.52567694906172,False,False
2022-01-25 20:00:00,33.75,37.11000061035156,33.220001220703125,36.77000045776367,28095600,31.588333257039388,16441673.333333334,22.161074165623003,65.66591332077857,False,False
2022-01-26 20:00:00,37.34999847412109,38.27999877929688,36.369998931884766,37.060001373291016,25911600,31.849333318074546,16887870.0,22.27648170947186,66.46374952082161,False,False
2022-01-27 20:00:00,38.040000915527344,38.93000030517578,36.38999938964844,37.2599983215332,21095800,32.13333326975505,17120516.666666668,22.643982134103002,67.03270751352235,False,False
2022-01-28 20:00:00,37.650001525878906,38.43000030517578,36.619998931884766,37.56999969482422,16658200,32.4349999109904,17039400.0,22.985232528403348,67.9406235793285,False,True
2022-01-31 20:00:00,37.68999862670898,38.130001068115234,36.5099983215332,37.66999816894531,16469300,32.744666544596356,17154136.666666668,23.217485874480086,68.24442987750547,False,True
2022-02-01 20:00:00,37.25,39.54999923706055,37.18000030517578,39.290000915527344,20514800,33.119666544596356,17061223.333333332,24.036217410052775,72.7496930207902,False,False
2022-02-02 20:00:00,39.09000015258789,39.77999877929688,38.61000061035156,39.619998931884766,14752700,33.54099985758464,16842440.0,24.88779794678289,73.57220354425928,False,True
2022-02-03 20:00:00,39.290000915527344,40.4900016784668,38.970001220703125,40.0,22557500,33.92099984486898,17157150.0,25.958040515980798,74.52572415033205,False,False
2022-02-04 20:00:00,40.47999954223633,42.310001373291016,40.380001068115234,40.79999923706055,23748500,34.31699981689453,17669400.0,27.57169305305934,76.45197587460689,False,False
2022-02-07 20:00:00,40.470001220703125,41.5,39.709999084472656,41.0,15544000,34.72199980417887,17907480.0,28.49583116768173,76.92180485041253,False,True
2022-02-08 20:00:00,40.84000015258789,40.84000015258789,38.970001220703125,39.34999847412109,20307500,35.04566644032796,18305063.333333332,28.74696470061465,65.3394203143161,False,False
2022-02-09 20:00:00,39.709999084472656,41.060001373291016,39.619998931884766,40.29999923706055,16412000,35.4063330968221,18533990.0,29.072409448408468,68.29909804187751,False,True
2022-02-10 20:00:00,40.06999969482422,41.880001068115234,40.02000045776367,40.68000030517578,17756300,35.786999766031904,18748833.333333332,29.712124530404253,69.42380052031349,False,True
2022-02-11 20:00:00,41.0,43.15999984741211,40.77000045776367,42.97999954223633,24447800,36.2539997736613,19246776.666666668,30.7772265266617,75.16666575639162,False,False
2022-02-14 20:00:00,42.59999847412109,42.77000045776367,40.83000183105469,41.22999954223633,21485900,36.661999766031904,19674000.0,31.766249808900756,65.14137286905758,False,False
2022-02-15 20:00:00,39.7599983215332,40.470001220703125,38.810001373291016,39.84999847412109,23618200,36.95499973297119,19958136.666666668,31.000537408475065,58.51377763078257,False,False
2022-02-16 20:00:00,40.41999816894531,41.150001525878906,39.2599983215332,39.650001525878906,18292100,37.16399974822998,19678126.666666668,30.60422402229026,57.59915112570365,False,True
2022-02-17 20:00:00,39.75,40.58000183105469,39.27000045776367,39.86000061035156,15162800,37.432333119710286,19478310.0,30.23621873511866,58.33557815710654,False,True
2022-02-18 20:00:00,39.18000030517578,40.150001525878906,39.02999877929688,39.560001373291016,14452800,37.658999888102215,19342463.333333332,29.694386450423565,56.817395846601556,False,True
